ref_id,doi,doi_url,authors,n_authors,year,title,journal,journal_normalized,journal_abbrev,volume,issue,pages,publisher,issn,publication_type,crossref_citation_count,si_ref_number,si_first_author,si_year,citation_verbatim,match_confidence,match_title_score,match_author_score,manual_review,review_note,flag_year_mismatch,flag_author_list_incomplete,flag_no_doi
butcher2000,10.1007/s001220051521,https://doi.org/10.1007/s001220051521,"Butcher, P. A.; Moran, G. F.",2.0,2000,Genetic linkage mapping in Acacia mangium. 2. Development of an integrated map from two outbred pedigrees using RFLP and microsatellite loci,Theoretical and Applied Genetics,Theoretical and Applied Genetics,Theor Appl Genet,101,4,594-605,Springer Science and Business Media LLC,0040-5752,journal-article,16.0,1.0,Butcher,2000.0,"Butcher, P. A., and G. F. Moran. 2000. Genetic linkage mapping in Acacia mangium. 2. Development of an integrated map from two outbred pedigrees using RFLP and microsatellite loci. Theoretical and Applied Genetics 101:594-",high,100.0,100.0,,,False,False,False
sirvio2006,10.1111/j.1420-9101.2006.01131.x,https://doi.org/10.1111/j.1420-9101.2006.01131.x,"Sirviö, A.; Gadau, J.; Rueppell, O.; Lamatsch, D.; Boomsma, J. J.; Pamilo, P.; Page, R. E.",7.0,2006,High recombination frequency creates genotypic diversity in colonies of the leaf-cutting ant Acromyrmex echinatior,Journal of Evolutionary Biology,Journal of Evolutionary Biology,,19,5,1475-1485,Oxford University Press (OUP),1010-061X,journal-article,39.0,2.0,Sirvio,2011.0,"Sirvio, A., J. Gadau, O. Rueppell, D. Lamatsch, J. J. Boomsma, P. Pamilo, and R. E. Page. 2006. High recombination frequency creates genotypic diversity in colonies of the leaf-cutting ant Acromyrmex echinatior. Journal of",high_manual,100.0,90.9090909090909,accept,"Title, authors and journal match exactly; SI year 2011 is a typo — citation text itself says 2006.",True,False,False
wang2009a,10.1186/gb-2009-10-11-r126,https://doi.org/10.1186/gb-2009-10-11-r126,"Wang, Shi; Zhang, Lingling; Meyer, Eli; Matz, Mikhail V",4.0,2009,Construction of a high-resolution genetic linkage map and comparative genome analysis for the reef-building coral Acropora millepora,Genome Biology,Genome Biology,Genome Biol,10,11,,Springer Science and Business Media LLC,1474-760X,journal-article,54.0,3.0,Wang,2009.0,"Wang, S., L. L. Zhang, E. Meyer, and M. V. Matz. 2009. Construction of a high-resolution genetic linkage map and comparative genome analysis for the reef-building coral Acropora millepora. Genome Biology 10.",high,100.0,100.0,,,False,False,False
scaglione2015,10.1007/s11295-015-0941-3,https://doi.org/10.1007/s11295-015-0941-3,"Scaglione, Davide; Fornasiero, Alice; Pinto, Catalina; Cattonaro, Federica; Spadotto, Alessandro; Infante, Rodrigo; Meneses, Claudio; Messina, Rachele; Lain, Orietta; Cipriani, Guido; Testolin, Raffaele",11.0,2015,A RAD-based linkage map of kiwifruit (Actinidia chinensis Pl.) as a tool to improve the genome assembly and to scan the genomic region of the gender determinant for the marker-assisted breeding,Tree Genetics & Genomes,Tree Genetics & Genomes,Tree Genetics & Genomes,11,6,,Springer Science and Business Media LLC,1614-2942,journal-article,34.0,4.0,Scaglione,2015.0,"Scaglione, D., A. Fornasiero, C. Pinto, F. Cattonaro, A. Spadotto, R. Infante, C. Meneses, R. Messina, O. Lain, G. Cipriani, and R. Testolin. 2015. A RAD-based linkage map of kiwifruit (Actinidia chinensis Pl.) as a tool to improve the genome assembly and to scan the genomic region of the gender determinant for the marker-assisted breeding. Tree Genetics & Genomes 11.",high,100.0,100.0,,,False,False,False
hawthorne2001a,10.1038/35091062,https://doi.org/10.1038/35091062,"Hawthorne, David J.; Via, Sara",2.0,2001,Genetic linkage of ecological specialization and reproductive isolation in pea aphids,Nature,Nature,Nature,412,6850,904-907,Springer Science and Business Media LLC,0028-0836,journal-article,458.0,5.0,Hawthorne,2001.0,"Hawthorne, D. J., and S. Via. 2001. Genetic linkage of ecological specialization and reproductive isolation in pea aphids. Nature 412:904-907.",high,100.0,100.0,,,False,False,False
juneja2014,10.1371/journal.pntd.0002652,https://doi.org/10.1371/journal.pntd.0002652,"Juneja, Punita; Osei-Poku, Jewelna; Ho, Yung S.; Ariani, Cristina V.; Palmer, William J.; Pain, Arnab; Jiggins, Francis M.",7.0,2014,Assembly of the Genome of the Disease Vector Aedes aegypti onto a Genetic Linkage Map Allows Mapping of Genes Affecting Disease Transmission,PLoS Neglected Tropical Diseases,PLoS Neglected Tropical Diseases,PLoS Negl Trop Dis,8,1,e2652,Public Library of Science (PLoS),1935-2735,journal-article,50.0,6.0,Juneja,2014.0,"Juneja, P., J. Osei-Poku, Y. S. Ho, C. V. Ariani, W. J. Palmer, A. Pain, and F. M. Jiggins. 2014. Assembly of the Genome of the Disease Vector Aedes aegypti onto a Genetic Linkage Map Allows Mapping of Genes Affecting",high,100.0,100.0,,,False,False,False
sutherland2010,10.1093/jhered/esq105,https://doi.org/10.1093/jhered/esq105,"Sutherland, I. W.; Mori, A.; Montgomery, J.; Fleming, K. L.; Anderson, J. M.; Valenzuela, J. G.; Severson, D. W.; Black IV, W. C.",8.0,2010,A Linkage Map of the Asian Tiger Mosquito (Aedes albopictus) Based on cDNA Markers,Journal of Heredity,Journal of Heredity,Journal of Heredity,102,1,102-112,Oxford University Press (OUP),0022-1503,journal-article,4.0,7.0,Sutherland,2011.0,"Sutherland, I. W., A. Mori, J. Montgomery, K. L. Fleming, J. M. Anderson, J. G. Valenzuela, D. W. Severson, and W. C. Black. 2011. A Linkage Map of the Asian Tiger Mosquito (Aedes albopictus) Based on cDNA Markers. Journal of",high,100.0,100.0,,,True,False,False
olivera2013,10.1139/gen-2013-0065,https://doi.org/10.1139/gen-2013-0065,"Olivera, P.D.; Kilian, A.; Wenzl, P.; Steffenson, B.J.",4.0,2013,Development of a genetic linkage map for Sharon goatgrass (Aegilops sharonensis) and mapping of a leaf rust resistance gene,Genome,Genome,Genome,56,7,367-376,Canadian Science Publishing,0831-2796,journal-article,13.0,8.0,Olivera,2013.0,"Olivera, P. D., A. Kilian, P. Wenzl, and B. J. Steffenson. 2013. Development of a genetic linkage map for Sharon goatgrass (Aegilops sharonensis) and mapping of a leaf rust resistance gene. Genome 56:367-376.",high,100.0,100.0,,,False,False,False
luo2013,10.1073/pnas.1219082110,https://doi.org/10.1073/pnas.1219082110,"Luo, Ming-Cheng; Gu, Yong Q.; You, Frank M.; Deal, Karin R.; Ma, Yaqin; Hu, Yuqin; Huo, Naxin; Wang, Yi; Wang, Jirui; Chen, Shiyong; Jorgensen, Chad M.; Zhang, Yong; McGuire, Patrick E.; Pasternak, Shiran; Stein, Joshua C.; Ware, Doreen; Kramer, Melissa; McCombie, W. Richard; Kianian, Shahryar F.; Martis, Mihaela M.; Mayer, Klaus F. X.; Sehgal, Sunish K.; Li, Wanlong; Gill, Bikram S.; Bevan, Michael W.; Šimková, Hana; Doležel, Jaroslav; Weining, Song; Lazo, Gerard R.; Anderson, Olin D.; Dvorak, Jan",31.0,2013,"A 4-gigabase physical map unlocks the structure and evolution of the complex genome of Aegilops tauschii, the wheat D-genome progenitor",Proceedings of the National Academy of Sciences,Proceedings of the National Academy of Sciences,Proc. Natl. Acad. Sci. U.S.A.,110,19,7940-7945,National Academy of Sciences,0027-8424,journal-article,198.0,9.0,Luo,2013.0,"Luo, M. C., Y. Q. Gu, F. M. You, K. R. Deal, Y. Q. Ma, Y. Q. Hu, N. X. Huo, Y. Wang, J. R. Wang, S. Y. Chen, C. M. Jorgensen, Y. Zhang, P. E. McGuire, S. Pasternak, J. C. Stein, D. Ware, M. Kramer, W. R. McCombie, S. F. Kianian, M. M. Martis, K. F. X. Mayer, S. K. Sehgal, W. L. Li, B. S. Gill, M. W. Bevan, H. Simkova, J. Dolezel, W. N. Song, G. R. Lazo, O. D. Anderson, and J. Dvorak. 2013. A 4-gigabase physical map unlocks the structure and evolution of the complex genome of Aegilops tauschii, the wheat D-genome progenitor.",high,100.0,100.0,,,False,False,False
edae2017,10.1534/g3.117.039966,https://doi.org/10.1534/g3.117.039966,"Edae, Erena A; Olivera, Pablo D; Jin, Yue; Rouse, Matthew N",4.0,2017,"Genotyping-by-Sequencing Facilitates a High-Density Consensus Linkage Map forAegilops umbellulata, a Wild Relative of Cultivated Wheat",G3 Genes|Genomes|Genetics,G3: Genes|Genomes|Genetics,,7,5,1551-1561,Oxford University Press (OUP),2160-1836,journal-article,25.0,10.0,Edae,2017.0,"Edae, E. A., P. D. Olivera, Y. Jin, and M. N. Rouse. 2017. Genotyping-by-Sequencing Facilitates a High-Density Consensus Linkage Map for <em>Aegilops umbellulata</em>, a Wild Relative of Cultivated Wheat. G3:",high,99.24812030075188,100.0,,,False,False,False
foulongneoriol2010,10.1016/j.fgb.2009.12.003,https://doi.org/10.1016/j.fgb.2009.12.003,"Foulongne-Oriol, Marie; Spataro, Cathy; Cathalot, Vincent; Monllor, Sarah; Savoie, Jean-Michel",5.0,2010,"An expanded genetic linkage map of an intervarietal Agaricus bisporus var. bisporus×A. bisporus var. burnettii hybrid based on AFLP, SSR and CAPS markers sheds light on the recombination behaviour of the species",Fungal Genetics and Biology,Fungal Genetics and Biology,Fungal Genetics and Biology,47,3,226-236,Elsevier BV,1087-1845,journal-article,52.0,11.0,Foulogne-Oriol,2010.0,"Foulongne-Oriol, M., C. Spataro, V. Cathalot, S. Monllor, and J. M. Savoie. 2010. An expanded genetic linkage map of an intervarietal Agaricus bisporus var. bisporus x A. bisporus var. burnettii hybrid based on AFLP, SSR and CAPS markers sheds light on the recombination behaviour of the species.",high,98.63013698630137,96.55172413793105,,,False,False,False
rotter2009,10.2135/cropsci2008.12.0714,https://doi.org/10.2135/cropsci2008.12.0714,"Rotter, David; Amundsen, Keenan; Bonos, Stacy A.; Meyer, William A.; Warnke, Scott E.; Belanger, Faith C.",6.0,2009,Molecular Genetic Linkage Map for Allotetraploid Colonial Bentgrass,Crop Science,Crop Science,Crop Science,49,5,1609-1619,Wiley,0011-183X,journal-article,14.0,12.0,Rotter,2009.0,"Rotter, D., K. Amundsen, S. A. Bonos, W. A. Meyer, S. E. Warnke, and F. C. Belanger. 2009. Molecular Genetic Linkage Map for Allotetraploid Colonial Bentgrass. Crop Science 49:1609-1619.",high,100.0,100.0,,,False,False,False
honig2014,10.1007/s11032-014-0029-z,https://doi.org/10.1007/s11032-014-0029-z,"Honig, Josh A.; Kubik, Christine; Majewski, Martin; Poulsen, Christine; Weibel, Eric; Amundsen, Keenan; Warnke, Scott E.; Meyer, William A.; Bonos, Stacy A.",9.0,2014,A PCR-based linkage map of Agrostis stolonifera and identification of QTL markers for dollar spot resistance,Molecular Breeding,Molecular Breeding,Mol Breeding,34,1,185-203,Springer Science and Business Media LLC,1380-3743,journal-article,10.0,13.0,Honig,2014.0,"Honig, J. A., C. Kubik, M. Majewski, C. Poulsen, E. Weibel, K. Amundsen, S. E. Warnke, W. A. Meyer, and S. A. Bonos. 2014. A PCR-based linkage map of Agrostis stolonifera and identification of QTL markers for dollar spot",high,100.0,100.0,,,False,False,False
baldwin2012,10.1186/1471-2164-13-637,https://doi.org/10.1186/1471-2164-13-637,"Baldwin, Samantha; Revanna, Roopashree; Thomson, Susan; Pither-Joyce, Meeghan; Wright, Kathryn; Crowhurst, Ross; Fiers, Mark; Chen, Leshi; Macknight, Richard; McCallum, John A",10.0,2012,A Toolkit for bulk PCR-based marker design from next-generation sequence data: application for development of a framework linkage map in bulb onion (Allium cepa L.),BMC Genomics,BMC Genomics,BMC Genomics,13,1,,Springer Science and Business Media LLC,1471-2164,journal-article,44.0,14.0,Baldwin,2012.0,"Baldwin, S., R. Revanna, S. Thomson, M. Pither-Joyce, K. Wright, R. Crowhurst, M. Fiers, L. S. Chen, R. Macknight, and J. A. McCallum. 2012. A Toolkit for bulk PCR-based marker design from next-generation sequence data: application for development of a framework linkage map in bulb onion",high,100.0,100.0,,,False,False,False
maughan2011,10.3835/plantgenome2010.12.0027,https://doi.org/10.3835/plantgenome2010.12.0027,"Maughan, P.J.; Smith, S.M.; Fairbanks, D.J.; Jellen, E.N.",4.0,2011,"Development, Characterization, and Linkage Mapping of Single Nucleotide Polymorphisms in the Grain Amaranths ( Amaranthus sp.)",The Plant Genome,The Plant Genome,The Plant Genome,4,1,,Wiley,1940-3372,journal-article,83.0,15.0,Maughan,2011.0,"Maughan, P. J., S. M. Smith, D. J. Fairbanks, and E. N. Jellen. 2011. Development, Characterization, and Linkage Mapping of Single Nucleotide Polymorphisms in the Grain Amaranths (Amaranthus sp.). Plant Genome 4:92-",high,100.0,100.0,,,False,False,False
smith2005,10.1534/genetics.105.046433,https://doi.org/10.1534/genetics.105.046433,"Smith, J J; Kump, D K; Walker, J A; Parichy, D M; Voss, S R",5.0,2005,A Comprehensive Expressed Sequence Tag Linkage Map for Tiger Salamander and Mexican Axolotl: Enabling Gene Mapping and Comparative Genomics in Ambystoma,Genetics,Genetics,,171,3,1161-1171,Oxford University Press (OUP),1943-2631,journal-article,49.0,16.0,Smith,2005.0,"Smith, J. J., D. K. Kump, J. A. Walker, D. M. Parichy, and S. R. Voss. 2005. A comprehensive expressed sequence tag linkage map for tiger salamander and Mexican axolotl: enabling gene mapping and comparative genomics in",high,100.0,100.0,,,False,False,False
desousa2013,10.1016/j.scienta.2013.04.018,https://doi.org/10.1016/j.scienta.2013.04.018,"de Sousa, Nelson; Carlier, Jorge; Santo, Tatiana; Leitão, José",4.0,2013,An integrated genetic map of pineapple (Ananas comosus (L.) Merr.),Scientia Horticulturae,Scientia Horticulturae,Scientia Horticulturae,157,,113-118,Elsevier BV,0304-4238,journal-article,18.0,17.0,deSousa,2013.0,"de Sousa, N., J. Carlier, T. Santo, and J. Leitao. 2013. An integrated genetic map of pineapple (Ananas comosus (L.) Merr.). Scientia Horticulturae",high_manual,,,accept,Recovered on author+title query; title matched exactly.,False,False,False
huang2009,10.1186/1297-9686-41-28,https://doi.org/10.1186/1297-9686-41-28,"Huang, Chang-Wen; Cheng, Yu-Shin; Rouvier, Roger; Yang, Kuo-Tai; Wu, Chean-Ping; Huang, Hsiu-Lin; Huang, Mu-Chiou",7.0,2009,Duck (Anas platyrhynchos) linkage mapping by AFLP fingerprinting,Genetics Selection Evolution,Genetics Selection Evolution,Genet Sel Evol,41,1,,Springer Science and Business Media LLC,1297-9686,journal-article,11.0,18.0,Huang,2009.0,"Huang, C. W., Y. S. Cheng, R. Rouvier, K. T. Yang, C. P. Wu, H. L. Huang, and M. C. Huang. 2009. Duck (Anas platyrhynchos) linkage mapping by AFLP fingerprinting. Genetics Selection Evolution 41.",high,100.0,100.0,,,False,False,False
kai2014,10.1186/1471-2164-15-233,https://doi.org/10.1186/1471-2164-15-233,"Kai, Wataru; Nomura, Kazuharu; Fujiwara, Atushi; Nakamura, Yoji; Yasuike, Motoshige; Ojima, Nobuhiko; Masaoka, Tetsuji; Ozaki, Akiyuki; Kazeto, Yukinori; Gen, Koichiro; Nagao, Jiro; Tanaka, Hideki; Kobayashi, Takanori; Ototake, Mitsuru",14.0,2014,A ddRAD-based genetic map and its integration with the genome assembly of Japanese eel (Anguilla japonica) provides insights into genome evolution after the teleost-specific genome duplication,BMC Genomics,BMC Genomics,BMC Genomics,15,1,,Springer Science and Business Media LLC,1471-2164,journal-article,66.0,19.0,Kai,2014.0,"Kai, W., K. Nomura, A. Fujiwara, Y. Nakamura, M. Yasuike, N. Ojima, T. Masaoka, A. Ozaki, Y. Kazeto, K. Gen, J. Nagao, H. Tanaka, T. Kobayashi, and M. Ototake. 2014. A ddRAD-based genetic map and its integration with the genome assembly of Japanese eel (Anguilla japonica) provides insights into genome evolution after the teleost-specific genome duplication. Bmc",high,100.0,100.0,,,False,False,False
wondji2007,10.1186/1471-2164-8-34,https://doi.org/10.1186/1471-2164-8-34,"Wondji, Charles S; Morgan, John; Coetzee, Maureen; Hunt, Richard H; Steen, Keith; Black, William C; Hemingway, Janet; Ranson, Hilary",8.0,2007,Mapping a Quantitative Trait Locus (QTL) conferring pyrethroid resistance in the African malaria vector Anopheles funestus,BMC Genomics,BMC Genomics,BMC Genomics,8,1,,Springer Science and Business Media LLC,1471-2164,journal-article,46.0,20.0,Wondji,2007.0,"Wondji, C. S., J. Morgan, M. Coetzee, R. H. Hunt, K. Steen, W. C. Black, J. Hemingway, and H. Ranson. 2007. Mapping a quantitative trait locus (QTL) conferring pyrethroid resistance in the African malaria vector Anopheles",high,100.0,100.0,,,False,False,False
rondeau2013,10.1186/1471-2164-14-452,https://doi.org/10.1186/1471-2164-14-452,"Rondeau, Eric B; Messmer, Amber M; Sanderson, Dan S; Jantzen, Stuart G; von Schalburg, Kristian R; Minkley, David R; Leong, Jong S; Macdonald, Graham M; Davidsen, Amanda E; Parker, William A; Mazzola, Rosetta SA; Campbell, Briony; Koop, Ben F",13.0,2013,"Genomics of sablefish (Anoplopoma fimbria): expressed genes, mitochondrial phylogeny, linkage map and identification of a putative sex gene",BMC Genomics,BMC Genomics,BMC Genomics,14,1,,Springer Science and Business Media LLC,1471-2164,journal-article,104.0,21.0,Rondeau,2013.0,"Rondeau, E. B., A. M. Messmer, D. S. Sanderson, S. G. Jantzen, K. R. von Schalburg, D. R. Minkley, J. S. Leong, G. M. Macdonald, A. E. Davidsen, W. A. Parker, R. S. A. Mazzola, B. Campbell, and B. F. Koop. 2013. Genomics of sablefish (Anoplopoma fimbria): expressed genes, mitochondrial phylogeny, linkage map and identification of a putative sex gene. Bmc Genomics 14.",high,100.0,100.0,,,False,False,False
venkat2014,10.1016/j.scienta.2014.08.017,https://doi.org/10.1016/j.scienta.2014.08.017,"Venkat, Sudarshini K.; Bommisetty, Padmakar; Patil, Manjunath S.; Reddy, Lakshman; Chennareddy, Aswath",5.0,2014,"The genetic linkage maps of Anthurium species based on RAPD, ISSR and SRAP markers",Scientia Horticulturae,Scientia Horticulturae,Scientia Horticulturae,178,,132-137,Elsevier BV,0304-4238,journal-article,22.0,22.0,Venkat,2014.0,"Venkat, S. K., P. Bommisetty, M. S. Patil, L. Reddy, and A. Chennareddy. 2014. The genetic linkage maps of Anthurium species based on RAPID, ISSR and SRAP markers. Scientia Horticulturae 178:132-137.",high,99.38650306748468,100.0,,,False,False,False
shi2013,10.1371/journal.pone.0076459,https://doi.org/10.1371/journal.pone.0076459,"Shi, Yuan Yuan; Sun, Liang Xian; Huang, Zachary Y.; Wu, Xiao Bo; Zhu, Yong Qiang; Zheng, Hua Jun; Zeng, Zhi Jiang",7.0,2013,A SNP Based High-Density Linkage Map of Apis cerana Reveals a High Recombination Rate Similar to Apis mellifera,PLoS ONE,PLOS ONE,PLoS ONE,8,10,e76459,Public Library of Science (PLoS),1932-6203,journal-article,19.0,23.0,Shi,2013.0,"Shi, Y. Y., L. X. Sun, Z. Y. Huang, X. B. Wu, Y. Q. Zhu, H. J. Zheng, and Z. J. Zeng. 2013. A SNP Based High-Density Linkage Map of Apis cerana Reveals a High Recombination Rate Similar to Apis mellifera. Plos One 8.",high,100.0,100.0,,,False,False,False
solignac2007,10.1186/gb-2007-8-4-r66,https://doi.org/10.1186/gb-2007-8-4-r66,"Solignac, Michel; Mougel, Florence; Vautrin, Dominique; Monnerot, Monique; Cornuet, Jean-Marie",5.0,2007,"A third-generation microsatellite-based linkage map of the honey bee, Apis mellifera, and its comparison with the sequence-based physical map",Genome Biology,Genome Biology,Genome Biol,8,4,,Springer Science and Business Media LLC,1474-760X,journal-article,96.0,24.0,Wilfert,2007.0,"Solignac, M., F. Mougel, D. Vautrin, M. Monnerot, and J. M. Cornuet. 2007. A third-generation microsatellite-based linkage map of the honey bee, Apis mellifera, and its comparison with the sequence-based physical map.",high,100.0,13.33333333333333,,,False,False,False
tian2015,10.1038/srep14852,https://doi.org/10.1038/srep14852,"Tian, Meilin; Li, Yangping; Jing, Jing; Mu, Chuang; Du, Huixia; Dou, Jinzhuang; Mao, Junxia; Li, Xue; Jiao, Wenqian; Wang, Yangfan; Hu, Xiaoli; Wang, Shi; Wang, Ruijia; Bao, Zhenmin",14.0,2015,Construction of a High-Density Genetic Map and Quantitative Trait Locus Mapping in the Sea Cucumber Apostichopus japonicus,Scientific Reports,Scientific Reports,Sci Rep,5,1,,Springer Science and Business Media LLC,2045-2322,journal-article,54.0,25.0,Tian,2015.0,"Tian, M. L., Y. P. Li, J. Jing, C. Mu, H. X. Du, J. Z. Dou, J. X. Mao, X. Li, W. Q. Jiao, Y. F. Wang, X. L. Hu, S. Wang, R. J. Wang, and Z. M. Bao. 2015. Construction of a High-Density Genetic Map and Quantitative Trait Locus Mapping in the Sea Cucumber Apostichopus japonicus. Scientific Reports 5.",high,100.0,100.0,,,False,False,False
willems2007,10.1534/genetics.106.064485,https://doi.org/10.1534/genetics.106.064485,"Willems, Glenda; Dräger, Dörthe B; Courbot, Mikael; Godé, Cécile; Verbruggen, Nathalie; Saumitou-Laprade, Pierre",6.0,2007,The Genetic Basis of Zinc Tolerance in the Metallophyte Arabidopsis halleri ssp. halleri (Brassicaceae): An Analysis of Quantitative Trait Loci,Genetics,Genetics,,176,1,659-674,Oxford University Press (OUP),1943-2631,journal-article,158.0,26.0,Willems,2007.0,"Willems, G., D. B. Drager, M. Courbot, C. Gode, N. Verbruggen, and P. Saumitou-Laprade. 2007. The genetic basis of zinc tolerance in the metallophyte Arabidopsis halleri ssp halleri (Brassicaceae): An analysis of",high,100.0,100.0,,,False,False,False
singer2006,10.1371/journal.pgen.0020144,https://doi.org/10.1371/journal.pgen.0020144,"Singer, Tatjana; Fan, Yiping; Chang, Hur-Song; Zhu, Tong; Hazen, Samuel P; Briggs, Steven P",6.0,2006,A High-Resolution Map of Arabidopsis Recombinant Inbred Lines by Whole-Genome Exon Array Hybridization,PLoS Genetics,PLOS Genetics,PLoS Genet,2,9,e144,Public Library of Science (PLoS),1553-7404,journal-article,96.0,27.0,Singer,2015.0,"Singer, T., Y. P. Fan, H. S. Chang, T. Zhu, S. P. Hazen, and S. P. Briggs. 2006. A high-resolution map of Arabidopsis recombinant inbred lines by whole-genome exon array hybridization. Plos Genetics 2:1352-1361.",high_manual,,,accept,Recovered on author+title query; title matched exactly.,True,False,False
nagy2010,10.1007/s11032-010-9430-4,https://doi.org/10.1007/s11032-010-9430-4,"Nagy, Ervin D.; Chu, Ye; Guo, Yufang; Khanal, Sameer; Tang, Shunxue; Li, Yan; Dong, Weibo B.; Timper, Patricia; Taylor, Christopher; Ozias-Akins, Peggy; Corley Holbrook, C.; Beilinson, Vadim; Nielsen, Niels C.; Thomas Stalker, H.; Knapp, Steven J.",15.0,2010,"Recombination is suppressed in an alien introgression in peanut harboring Rma, a dominant root-knot nematode resistance gene",Molecular Breeding,Molecular Breeding,Mol Breeding,26,2,357-370,Springer Science and Business Media LLC,1380-3743,journal-article,102.0,28.0,Nagy,2010.0,"Nagy, E. D., Y. Chu, Y. F. Guo, S. Khanal, S. X. Tang, Y. Li, W. B. B. Dong, P. Timper, C. Taylor, P. Ozias-Akins, C. C. Holbrook, V. Beilinson, N. C. Nielsen, H. T. Stalker, and S. J. Knapp. 2010. Recombination is suppressed in an alien introgression in peanut harboring Rma, a dominant root-knot",high_manual,,,accept,"Supplied by J. Stapley; verified against Crossref — authors (Nagy, Chu, Guo), title and year 2010 all match the citation exactly.",False,False,False
zhou2014,10.1186/1471-2164-15-351,https://doi.org/10.1186/1471-2164-15-351,"Zhou, Xiaojing; Xia, Youlin; Ren, Xiaoping; Chen, Yulin; Huang, Li; Huang, Shunmou; Liao, Boshou; Lei, Yong; Yan, Liyin; Jiang, Huifang",10.0,2014,Construction of a SNP-based genetic linkage map in cultivated peanut based on large scale marker development using next-generation double-digest restriction-site-associated DNA sequencing (ddRADseq),BMC Genomics,BMC Genomics,BMC Genomics,15,1,,Springer Science and Business Media LLC,1471-2164,journal-article,123.0,29.0,Zhou,2014.0,"Zhou, X. J., Y. L. Xia, X. P. Ren, Y. L. Chen, L. Huang, S. M. Huang, B. S. Liao, Y. Lei, L. Y. Yan, and H. F. Jiang. 2014. Construction of a SNP-based genetic linkage map in cultivated peanut based on large scale marker development using next-generation double-digest restriction-site-associated",high,100.0,100.0,,,False,False,False
li2012,10.1371/journal.pone.0046926,https://doi.org/10.1371/journal.pone.0046926,"Li, Hongjun; Liu, Xiao; Zhang, Guofan",3.0,2012,A Consensus Microsatellite-Based Linkage Map for the Hermaphroditic Bay Scallop (Argopecten irradians) and Its Application in Size-Related QTL Analysis,PLoS ONE,PLOS ONE,PLoS ONE,7,10,e46926,Public Library of Science (PLoS),1932-6203,journal-article,33.0,30.0,Li,2012.0,"Li, H. J., X. Liu, and G. F. Zhang. 2012. Consensus Microsatellite-Based Linkage Map for the Hermaphroditic Bay Scallop (Argopecten irradians) and Its Application in Size-Related QTL Analysis. Plos One 7.",high,100.0,100.0,,,False,False,False
zhu2014,10.1111/age.12194,https://doi.org/10.1111/age.12194,"Zhu, C.; Tong, J.; Yu, X.; Guo, W.; Wang, X.; Liu, H.; Feng, X.; Sun, Y.; Liu, L.; Fu, B.",10.0,2014,A second‐generation genetic linkage map for bighead carp (Aristichthys nobilis) based on microsatellite markers,Animal Genetics,Animal Genetics,Animal Genetics,45,5,699-708,Wiley,0268-9146,journal-article,24.0,31.0,Zhu,2014.0,"Zhu, C., J. Tong, X. Yu, W. Guo, X. Wang, H. Liu, X. Feng, Y. Sun, L. Liu, and B. Fu. 2014. A second-generation genetic linkage map for bighead carp (Aristichthys nobilis) based on microsatellite markers. Animal Genetics 45:699-",high,96.8609865470852,100.0,,,False,False,False
devos2013,10.1371/journal.pone.0057585,https://doi.org/10.1371/journal.pone.0057585,"De Vos, Stephanie; Bossier, Peter; Van Stappen, Gilbert; Vercauteren, Ilse; Sorgeloos, Patrick; Vuylsteke, Marnik",6.0,2013,A first AFLP-Based Genetic Linkage Map for Brine Shrimp Artemia franciscana and Its Application in Mapping the Sex Locus,PLoS ONE,PLOS ONE,PLoS ONE,8,3,e57585,Public Library of Science (PLoS),1932-6203,journal-article,32.0,32.0,DeVos,2013.0,"De Vos, S., P. Bossier, G. Van Stappen, I. Vercauteren, P. Sorgeloos, and M. Vuylsteke. 2013. A first AFLP-Based Genetic Linkage Map for Brine Shrimp Artemia franciscana and Its Application in Mapping the Sex Locus. Plos One",high,100.0,90.9090909090909,,,False,False,False
phan2003,10.1046/j.1364-3703.2003.00185.x,https://doi.org/10.1046/j.1364-3703.2003.00185.x,"Phan, H. T. T.; Ford, R.; Taylor, P. W. J.",3.0,2003,"Mapping the mating type locus of Ascochyta rabiei , the causal agent of ascochyta blight of chickpea",Molecular Plant Pathology,Molecular Plant Pathology,Molecular Plant Pathology,4,5,373-381,Wiley,1464-6722,journal-article,19.0,33.0,Phan,2003.0,"Phan, H. T. T., R. Ford, and P. W. J. Taylor. 2003. Mapping the mating type locus of Ascochyta rabiei, the causal agent of ascochyta blight of chickpea.",high,100.0,100.0,,,False,False,False
christians2011,10.1371/journal.pone.0019325,https://doi.org/10.1371/journal.pone.0019325,"Christians, Julian K.; Cheema, Manjinder S.; Vergara, Ismael A.; Watt, Cortney A.; Pinto, Linda J.; Chen, Nansheng; Moore, Margo M.",7.0,2011,Quantitative Trait Locus (QTL) Mapping Reveals a Role for Unstudied Genes in Aspergillus Virulence,PLoS ONE,PLOS ONE,PLoS ONE,6,4,e19325,Public Library of Science (PLoS),1932-6203,journal-article,19.0,34.0,Christians,2011.0,"Christians, J. K., M. S. Cheema, I. A. Vergara, C. A. Watt, L. J. Pinto, N. S. Chen, and M. M. Moore. 2011. Quantitative Trait Locus (QTL) Mapping Reveals a Role for Unstudied Genes in Aspergillus Virulence. Plos One 6.",high,100.0,100.0,,,False,False,False
sanetra2009,10.1534/genetics.108.089367,https://doi.org/10.1534/genetics.108.089367,"Sanetra, Matthias; Henning, Frederico; Fukamachi, Shoji; Meyer, Axel",4.0,2009,"A Microsatellite-Based Genetic Linkage Map of the Cichlid Fish,Astatotilapia burtoni(Teleostei): A Comparison of Genomic Architectures Among Rapidly Speciating Cichlids",Genetics,Genetics,,182,1,387-397,Oxford University Press (OUP),1943-2631,journal-article,59.0,35.0,Sanetra,2009.0,"Sanetra, M., F. Henning, S. Fukamachi, and A. Meyer. 2009. A Microsatellite-Based Genetic Linkage Map of the Cichlid Fish, Astatotilapia burtoni (Teleostei): A Comparison of Genomic Architectures Among Rapidly",high,100.0,100.0,,,False,False,False
carlson2015,10.1534/g3.114.015438,https://doi.org/10.1534/g3.114.015438,"Carlson, Brian M; Onusko, Samuel W; Gross, Joshua B",3.0,2015,A High-Density Linkage Map for Astyanax mexicanus Using Genotyping-by-Sequencing Technology,G3 Genes|Genomes|Genetics,G3: Genes|Genomes|Genetics,,5,2,241-251,Oxford University Press (OUP),2160-1836,journal-article,33.0,36.0,Carlson,2015.0,"Carlson, B. M., S. W. Onusko, and J. B. Gross. 2015. A High-Density Linkage Map for Astyanax mexicanus Using Genotyping-by-Sequencing Technology. G3-Genes Genomes Genetics 5:241-251.",high,100.0,100.0,,,False,False,False
chaffin2016,10.3835/plantgenome2015.10.0102,https://doi.org/10.3835/plantgenome2015.10.0102,"Chaffin, Ashley S.; Huang, Yung‐Fen; Smith, Scott; Bekele, Wubishet A.; Babiker, Ebrahiem; Gnanesh, Belaghihalli N.; Foresman, Bradley J.; Blanchard, Steven G.; Jay, Jeremy J.; Reid, Robert W.; Wight, Charlene P.; Chao, Shiaoman; Oliver, Rebekah; Islamovic, Emir; Kolb, Frederic L.; McCartney, Curt; Mitchell Fetch, Jennifer W.; Beattie, Aaron D.; Bjørnstad, Åsmund; Bonman, J. Michael; Langdon, Tim; Howarth, Catherine J.; Brouwer, Cory R.; Jellen, Eric N.; Klos, Kathy Esvelt; Poland, Jesse A.; Hsieh, Tzung‐Fu; Brown, Ryan; Jackson, Eric; Schlueter, Jessica A.; Tinker, Nicholas A.",31.0,2016,A Consensus Map in Cultivated Hexaploid Oat Reveals Conserved Grass Synteny with Substantial Subgenome Rearrangement,The Plant Genome,The Plant Genome,The Plant Genome,9,2,,Wiley,1940-3372,journal-article,100.0,37.0,Chafffin,2016.0,"Chaffin, A. S., Y.-F. Huang, S. Smith, W. A. Bekele, E. Babiker, B. N. Gnanesh, B. J. Foresman, S. G. Blanchard, J. J. Jay, R. W. Reid, C. P. Wight, S. Chao, R. Oliver, E. Islamovic, F. L. Kolb, C. McCartney, J. W. M. Fetch, A. D. Beattie, A. Bjornstad, J. M. Bonman, T. Langdon, C. J. Howarth, C. R. Brouwer, E. N. Jellen, K. E. Klos, J. A. Poland, T.-F. Hsieh, R. Brown, E. Jackson, J. A. Schlueter, and N. A. Tinker. 2016. A Consensus Map in Cultivated Hexaploid Oat Reveals Conserved Grass Synteny with Substantial",high,100.0,93.33333333333331,,,False,False,False
sim2017,10.1534/g3.117.040170,https://doi.org/10.1534/g3.117.040170,"Sim, Sheina B; Geib, Scott M",2.0,2017,A Chromosome-Scale Assembly of theBactrocera cucurbitaeGenome Provides Insight to the Genetic Basis ofwhite pupae,G3 Genes|Genomes|Genetics,G3: Genes|Genomes|Genetics,,7,6,1927-1940,Oxford University Press (OUP),2160-1836,journal-article,40.0,38.0,Sim,2017.0,"Sim, S. B., and S. M. Geib. 2017. A Chromosome-Scale Assembly of the Bactrocera cucurbitae Genome Provides Insight to the Genetic Basis of",high,100.0,100.0,,,False,False,False
kuzina2011,10.1016/j.phytochem.2010.11.007,https://doi.org/10.1016/j.phytochem.2010.11.007,"Kuzina, Vera; Nielsen, Jens Kvist; Augustin, Jörg Manfred; Torp, Anna Maria; Bak, Søren; Andersen, Sven Bode",6.0,2011,"Barbarea vulgaris linkage map and quantitative trait loci for saponins, glucosinolates, hairiness and resistance to the herbivore Phyllotreta nemorum",Phytochemistry,Phytochemistry,Phytochemistry,72,2-3,188-198,Elsevier BV,0031-9422,journal-article,63.0,39.0,Kuzina,2011.0,"Kuzina, V., J. K. Nielsen, J. M. Augustin, A. M. Torp, S. Bak, and S. B. Andersen. 2011. Barbarea vulgaris linkage map and quantitative trait loci for saponins, glucosinolates, hairiness and resistance to the herbivore Phyllotreta",high,100.0,100.0,,,False,False,False
brennan2012,10.1007/s12042-012-9109-6,https://doi.org/10.1007/s12042-012-9109-6,"Brennan, Adrian Christopher; Bridgett, Stephen; Shaukat Ali, Mobina; Harrison, Nicola; Matthews, Andrew; Pellicer, Jaume; Twyford, Alex David; Kidner, Catherine Anne",8.0,2012,"Genomic Resources for Evolutionary Studies in the Large, Diverse, Tropical Genus, Begonia",Tropical Plant Biology,Tropical Plant Biology,Tropical Plant Biol.,5,4,261-276,Springer Science and Business Media LLC,1935-9756,journal-article,17.0,40.0,Brennan,2012.0,"Brennan, A. C., S. Bridgett, M. S. Ali, N. Harrison, A. Matthews, J. Pellicer, A. D. Twyford, and C. A. Kidner. 2012. Genomic Resources for Evolutionary Studies in the Large, Diverse, Tropical Genus, Begonia. Tropical Plant",high,100.0,100.0,,,False,False,False
laurent2007,10.1007/s00122-007-0609-y,https://doi.org/10.1007/s00122-007-0609-y,"Laurent, V.; Devaux, P.; Thiel, T.; Viard, F.; Mielordt, S.; Touzet, P.; Quillet, M. C.",7.0,2007,Comparative effectiveness of sugar beet microsatellite markers isolated from genomic libraries and GenBank ESTs to map the sugar beet genome,Theoretical and Applied Genetics,Theoretical and Applied Genetics,Theor Appl Genet,115,6,793-805,Springer Science and Business Media LLC,0040-5752,journal-article,48.0,41.0,Laurent,2007.0,"Laurent, V., P. Devaux, T. Thiel, F. Viard, S. Mielordt, P. Touzet, and M. C. Quillet. 2007. Comparative effectiveness of sugar beet microsatellite markers isolated from genomic libraries and GenBank ESTs to map the sugar beet genome. Theoretical and Applied Genetics 115:793-805.",high_manual,,,accept,Recovered on author+title query; title matched exactly.,False,False,False
jiang2010,10.1007/s11032-010-9436-y,https://doi.org/10.1007/s11032-010-9436-y,"Jiang, Tingbo; Zhou, Boru; Gao, Fuling; Guo, Baozhu",4.0,2010,Genetic linkage maps of white birches (Betula platyphylla Suk. and B. pendula Roth) based on RAPD and AFLP markers,Molecular Breeding,Molecular Breeding,Mol Breeding,27,3,347-356,Springer Science and Business Media LLC,1380-3743,journal-article,15.0,42.0,Jiang,2011.0,"Jiang, T. B., B. R. Zhou, F. L. Gao, and B. Z. Guo. 2011. Genetic linkage maps of white birches (Betula platyphylla Suk. and B. pendula Roth) based on RAPD and AFLP markers. Molecular Breeding 27:347-356.",high,100.0,100.0,,,True,False,False
beldade2009,10.1371/journal.pgen.1000366,https://doi.org/10.1371/journal.pgen.1000366,"Beldade, Patrícia; Saenko, Suzanne V.; Pul, Nicolien; Long, Anthony D.",4.0,2009,A Gene-Based Linkage Map for Bicyclus anynana Butterflies Allows for a Comprehensive Analysis of Synteny with the Lepidopteran Reference Genome,PLoS Genetics,PLOS Genetics,PLoS Genet,5,2,e1000366,Public Library of Science (PLoS),1553-7404,journal-article,96.0,43.0,Beldade,2009.0,"Beldade, P., S. V. Saenko, N. Pul, and A. D. Long. 2009. A Gene-Based Linkage Map for Bicyclus anynana Butterflies Allows for a Comprehensive Analysis of Synteny with the Lepidopteran Reference Genome. Plos Genetics",high,100.0,100.0,,,False,False,False
schnabel2003,10.1159/000075726,https://doi.org/10.1159/000075726,"Schnabel, R.D.; Taylor, J.F.; Derr, J.N.",3.0,2003,Development of a linkage map and QTL scan for growth traits in North American bison,Cytogenetic and Genome Research,Cytogenetic and Genome Research,Cytogenet Genome Res,102,1-4,59-64,S. Karger AG,1424-8581,journal-article,8.0,44.0,Schnabel,2003.0,"Schnabel, R. D., J. F. Taylor, and J. N. Derr. 2003. Development of a linkage map and QTL scan for growth traits in North American bison. Cytogenetic and",high,100.0,100.0,,,False,False,False
vanthof2012,10.1038/hdy.2012.84,https://doi.org/10.1038/hdy.2012.84,"Van't Hof, A E; Nguyen, P; Dalíková, M; Edmonds, N; Marec, F; Saccheri, I J",6.0,2012,"Linkage map of the peppered moth, Biston betularia (Lepidoptera, Geometridae): a model of industrial melanism",Heredity,Heredity,Heredity,110,3,283-295,Springer Science and Business Media LLC,0018-067X,journal-article,71.0,45.0,VantHof,2013.0,"Van't Hof, A. E., P. Nguyen, M. Dalikova, N. Edmonds, F. Marec, and I. J. Saccheri. 2013. Linkage map of the peppered moth, Biston betularia (Lepidoptera, Geometridae): a model of industrial melanism. Heredity 110:283-",high,100.0,87.5,,,True,False,False
liu2014,10.1007/s11032-014-0082-7,https://doi.org/10.1007/s11032-014-0082-7,"Liu, Touming; Tang, Shouwei; Zhu, Siyuan; Tang, Qingming",4.0,2014,QTL mapping for fiber yield-related traits by constructing the first genetic linkage map in ramie (Boehmeria nivea L. Gaud),Molecular Breeding,Molecular Breeding,Mol Breeding,34,3,883-892,Springer Science and Business Media LLC,1380-3743,journal-article,27.0,46.0,Liu,2014.0,"Liu, T. M., S. W. Tang, S. Y. Zhu, and Q. M. Tang. 2014. QTL mapping for fiber yield-related traits by constructing the first genetic linkage map in ramie (Boehmeria nivea L. Gaud). Molecular Breeding 34:883-892.",high,100.0,100.0,,,False,False,False
stolle2011,10.1186/1471-2164-12-48,https://doi.org/10.1186/1471-2164-12-48,"Stolle, Eckart; Wilfert, Lena; Schmid-Hempel, Regula; Schmid-Hempel, Paul; Kube, Michael; Reinhardt, Richard; Moritz, Robin FA",7.0,2011,"A second generation genetic map of the bumblebee Bombus terrestris (Linnaeus, 1758) reveals slow genome and chromosome evolution in the Apidae",BMC Genomics,BMC Genomics,BMC Genomics,12,1,,Springer Science and Business Media LLC,1471-2164,journal-article,56.0,47.0,Stolle,2011.0,"Stolle, E., L. Wilfert, R. Schmid-Hempel, P. Schmid-Hempel, M. Kube, R. Reinhardt, and R. F. A. Moritz. 2011. A second generation genetic map of the bumblebee Bombus terrestris (Linnaeus, 1758) reveals slow genome and chromosome evolution in the Apidae. Bmc Genomics 12.",high,100.0,100.0,,,False,False,False
zhan2009a,10.1186/1471-2164-10-389,https://doi.org/10.1186/1471-2164-10-389,"Zhan, Shuai; Huang, Jianhua; Guo, Qiuhong; Zhao, Yunpo; Li, Weihua; Miao, Xuexia; Goldsmith, Marian R; Li, Muwang; Huang, Yongping",9.0,2009,An integrated genetic linkage map for silkworms with three parental combinations and its application to the mapping of single genes and QTL,BMC Genomics,BMC Genomics,BMC Genomics,10,1,,Springer Science and Business Media LLC,1471-2164,journal-article,39.0,48.0,Zhan,2009.0,"Zhan, S. A., J. H. Huang, Q. H. Guo, Y. P. Zhao, W. H. Li, X. X. Miao, M. R. Goldsmith, M. W. Li, and Y. P. Huang. 2009. An integrated genetic linkage map for silkworms with three parental combinations and its application to the",high,100.0,100.0,,,False,False,False
ihara2004,10.1101/gr.2741704,https://doi.org/10.1101/gr.2741704,"Ihara, Naoya; Takasuga, Akiko; Mizoshita, Kazunori; Takeda, Haruko; Sugimoto, Mayumi; Mizoguchi, Yasushi; Hirano, Takashi; Itoh, Tomohito; Watanabe, Toshio; Reed, Kent M.; Snelling, Warren M.; Kappes, Steven M.; Beattie, Craig W.; Bennett, Gary L.; Sugimoto, Yoshikazu",15.0,2004,A Comprehensive Genetic Map of the Cattle Genome Based on 3802 Microsatellites,Genome Research,Genome Research,Genome Res.,14,10a,1987-1998,Cold Spring Harbor Laboratory,1088-9051,journal-article,202.0,49.0,Ihara,2004.0,"Ihara, N., A. Takasuga, K. Mizoshita, H. Takeda, M. Sugimoto, Y. Mizoguchi, T. Hirano, T. Itoh, T. Watanabe, K. M. Reed, W. M. Snelling, S. M. Kappes, C. W. Beattie, G. L. Bennett, and Y. Sugimoto. 2004. A comprehensive genetic map of the cattle genome based on 3802 microsatellites. Genome Research",high,100.0,100.0,,,False,False,False
holloway2000,10.1093/genetics/154.1.205,https://doi.org/10.1093/genetics/154.1.205,"Holloway, Alisha K; Strand, Michael R; Black, William C; Antolin, Michael F",4.0,2000,Linkage Analysis of Sex Determination in Bracon sp. Near hebetor (Hymenoptera: Braconidae),Genetics,Genetics,,154,1,205-212,Oxford University Press (OUP),1943-2631,journal-article,23.0,50.0,Holloway,2001.0,"Holloway, A. K., M. R. Strand, W. C. Black, and M. F. Antolin. 2000. Linkage analysis of sex determination in Bracon sp near hebetor (Hymenoptera :",high,100.0,100.0,,,True,False,False
cheng2009,10.1016/s1673-8527(08)60140-x,https://doi.org/10.1016/s1673-8527(08)60140-x,"Cheng, Yan; Geng, Jianfeng; Zhang, Jingyi; Wang, Qian; Ban, Qingyu; Hou, Xilin",6.0,2009,The construction of a genetic linkage map of non-heading Chinesecabbage (Brassica campestris ssp. chinensis Makino),Journal of Genetics and Genomics,Journal of Genetics and Genomics,Journal of Genetics and Genomics,36,8,501-508,Elsevier BV,1673-8527,journal-article,11.0,51.0,Cheng,2009.0,"Cheng, Y., J. F. Geng, J. Y. Zhang, Q. Wang, Q. Y. Ban, and X. L. Hou. 2009. The construction of a genetic linkage map of non-heading Chinese cabbage (Brassica campestris ssp chinensis Makino). Journal of Genetics and",high,93.15068493150685,100.0,,,False,False,False
zou2014,10.1007/s00122-014-2321-z,https://doi.org/10.1007/s00122-014-2321-z,"Zou, Jun; Raman, Harsh; Guo, Shaomin; Hu, Dandan; Wei, Zili; Luo, Ziliang; Long, Yan; Shi, Wenxia; Fu, Zhong; Du, Dezhi; Meng, Jinling",11.0,2014,Constructing a dense genetic linkage map and mapping QTL for the traits of flower development in Brassica carinata,Theoretical and Applied Genetics,Theoretical and Applied Genetics,Theor Appl Genet,127,7,1593-1605,Springer Science and Business Media LLC,0040-5752,journal-article,30.0,52.0,Zou,2014.0,"Zou, J., H. Raman, S. M. Guo, D. D. Hu, Z. L. Wei, Z. L. Luo, Y. Long, W. X. Shi, Z. Fu, D. Z. Du, and J. L. Meng. 2014. Constructing a dense genetic linkage map and mapping QTL for the traits of flower development in Brassica carinata. Theoretical and Applied Genetics 127:1593-1605.",high,100.0,100.0,,,False,False,False
zou2016,10.1186/s12864-015-2343-1,https://doi.org/10.1186/s12864-015-2343-1,"Zou, Jun; Hu, Dandan; Liu, Peifa; Raman, Harsh; Liu, Zhongsong; Liu, Xianjun; Parkin, Isobel A. P.; Chalhoub, Boulos; Meng, Jinling",9.0,2016,Co-linearity and divergence of the A subgenome of Brassica juncea compared with other Brassica species carrying different A subgenomes,BMC Genomics,BMC Genomics,BMC Genomics,17,1,,Springer Science and Business Media LLC,1471-2164,journal-article,20.0,53.0,Zou,2016.0,"Zou, J., D. D. Hu, P. F. Liu, H. Raman, Z. S. Liu, X. J. Liu, I. A. P. Parkin, B. Chalhoub, and J. L. Meng. 2016. Co-linearity and divergence of the A subgenome of Brassica juncea compared with other Brassica species",high,100.0,100.0,,,False,False,False
zhang2016a,10.1038/srep33113,https://doi.org/10.1038/srep33113,"Zhang, Ying; Thomas, Catherine L.; Xiang, Jinxia; Long, Yan; Wang, Xiaohua; Zou, Jun; Luo, Ziliang; Ding, Guangda; Cai, Hongmei; Graham, Neil S.; Hammond, John P.; King, Graham J.; White, Philip J.; Xu, Fangsen; Broadley, Martin R.; Shi, Lei; Meng, Jinling",17.0,2016,QTL meta-analysis of root traits in Brassica napus under contrasting phosphorus supply in two growth systems,Scientific Reports,Scientific Reports,Sci Rep,6,1,,Springer Science and Business Media LLC,2045-2322,journal-article,62.0,54.0,Zhang,2016.0,"Zhang, Y., C. L. Thomas, J. X. Xiang, Y. Long, X. H. Wang, J. Zou, Z. L. Luo, G. D. Ding, H. M. Cai, N. S. Graham, J. P. Hammond, G. J. King, P. J. White, F. S. Xu, M. R. Broadley, L. Shi, and J. L. Meng. 2016. QTL meta-analysis of root traits in Brassica napus under contrasting phosphorus supply in two",high,100.0,100.0,,,False,False,False
zhao2016a,10.3389/fpls.2016.00334,https://doi.org/10.3389/fpls.2016.00334,"Zhao, Zhenqing; Gu, Honghui; Sheng, Xiaoguang; Yu, Huifang; Wang, Jiansheng; Huang, Long; Wang, Dan",7.0,2016,Genome-Wide Single-Nucleotide Polymorphisms Discovery and High-Density Genetic Map Construction in Cauliflower Using Specific-Locus Amplified Fragment Sequencing,Frontiers in Plant Science,Frontiers in Plant Science,Front. Plant Sci.,7,,,Frontiers Media SA,1664-462X,journal-article,8.0,55.0,Zhao,2016.0,"Zhao, Z. D., H. H. Gu, X. G. Sheng, H. F. Yu, J. S. Wang, L. Huang, and D. Wang. 2016. Genome-Wide Single-Nucleotide Polymorphisms Discovery and High-Density Genetic Map Construction in Cauliflower Using Specific-Locus Amplified Fragment Sequencing. Frontiers in Plant Science 7.",high,100.0,100.0,,,False,False,False
yu2016,10.1007/s11032-016-0467-x,https://doi.org/10.1007/s11032-016-0467-x,"Yu, Shuancang; Su, Tongbing; Zhi, Shenghua; Zhang, Fenglan; Wang, Weihong; Zhang, Deshuang; Zhao, Xiuyun; Yu, Yangjun",8.0,2016,Construction of a sequence-based bin map and mapping of QTLs for downy mildew resistance at four developmental stages in Chinese cabbage (Brassica rapa L. ssp. pekinensis),Molecular Breeding,Molecular Breeding,Mol Breeding,36,4,,Springer Science and Business Media LLC,1380-3743,journal-article,30.0,56.0,Yu,2016.0,"Yu, S. C., T. B. Su, S. H. Zhi, F. L. Zhang, W. H. Wang, D. S. Zhang, X. Y. Zhao, and Y. J. Yu. 2016. Construction of a sequence-based bin map and mapping of QTLs for downy mildew resistance at four developmental stages in Chinese cabbage (Brassica rapa L. ssp pekinensis). Molecular Breeding",high,100.0,100.0,,,False,False,False
bohra2012,10.1007/s00122-012-1916-5,https://doi.org/10.1007/s00122-012-1916-5,"Bohra, Abhishek; Saxena, Rachit K.; Gnanesh, B. N.; Saxena, Kulbhushan; Byregowda, M.; Rathore, Abhishek; KaviKishor, P. B.; Cook, Douglas R.; Varshney, Rajeev K.",9.0,2012,An intra-specific consensus genetic map of pigeonpea [Cajanus cajan (L.) Millspaugh] derived from six mapping populations,Theoretical and Applied Genetics,Theoretical and Applied Genetics,Theor Appl Genet,125,6,1325-1338,Springer Science and Business Media LLC,0040-5752,journal-article,93.0,57.0,Bohra,2012.0,"Bohra, A., R. K. Saxena, B. N. Gnanesh, K. Saxena, M. Byregowda, A. Rathore, P. B. KaviKishor, D. R. Cook, and R. K. Varshney. 2012. An intra-specific consensus genetic map of pigeonpea Cajanus cajan (L.) Millspaugh derived from six mapping populations. Theoretical and Applied Genetics",high,100.0,100.0,,,False,False,False
gehringer2006,10.1139/g06-117,https://doi.org/10.1139/g06-117,"Gehringer, A.; Friedt, W.; Lühs, W.; Snowdon, R.J.",4.0,2006,Genetic mapping of agronomic traits in false flax (Camelina sativa subsp.sativa),Genome,Genome,Genome,49,12,1555-1563,Canadian Science Publishing,0831-2796,journal-article,89.0,58.0,Gehringer,2006.0,"Gehringer, A., W. Friedt, W. Luhs, and R. J. Snowdon. 2006. Genetic mapping of agronomic traits in false flax (Camelina sativa subsp sativa).",high,100.0,100.0,,,False,False,False
taniguchi2012,10.1270/jsbbs.62.263,https://doi.org/10.1270/jsbbs.62.263,"Taniguchi, Fumiya; Furukawa, Kazumi; Ota-Metoku, Sakura; Yamaguchi, Nobuo; Ujihara, Tomomi; Kono, Izumi; Fukuoka, Hiroyuki; Tanaka, Junichi",8.0,2012,Construction of a high-density reference linkage map of tea (Camellia sinensis),Breeding Science,Breeding Science,Breed. Sci.,62,3,263-273,Japanese Society of Breeding,1344-7610,journal-article,38.0,59.0,Taniguchi,2012.0,"Taniguchi, F., K. Furukawa, S. Ota-Metoku, N. Yamaguchi, T. Ujihara, I. Kono, H. Fukuoka, and J. Tanaka. 2012. Construction of a high-density reference linkage map of tea (Camellia sinensis). Breeding Science 62:263-",high,100.0,100.0,,,False,False,False
wong2010,10.1534/genetics.109.106831,https://doi.org/10.1534/genetics.109.106831,"Wong, Aaron K; Ruhe, Alison L; Dumont, Beth L; Robertson, Kathryn R; Guerrero, Giovanna; Shull, Sheila M; Ziegle, Janet S; Millon, Lee V; Broman, Karl W; Payseur, Bret A; Neff, Mark W",11.0,2010,A Comprehensive Linkage Map of the Dog Genome,Genetics,Genetics,,184,2,595-605,Oxford University Press (OUP),1943-2631,journal-article,91.0,60.0,Wong,2010.0,"Wong, A. K., A. L. Ruhe, B. L. Dumont, K. R. Robertson, G. Guerrero, S. M. Shull, J. S. Ziegle, L. V. Millon, K. W. Broman, B. A. Payseur, and M. W. Neff. 2010. A Comprehensive Linkage Map of the Dog Genome. Genetics 184:595-",high,100.0,100.0,,,False,False,False
schibler1998,10.1101/gr.8.9.901,https://doi.org/10.1101/gr.8.9.901,"Schibler, Laurent; Vaiman, Daniel; Oustry, Anne; Giraud-Delville, Corinne; Cribiu, Edmond P.",5.0,1998,Comparative Gene Mapping: A Fine-Scale Survey of Chromosome Rearrangements between Ruminants and Humans,Genome Research,Genome Research,Genome Res.,8,9,901-915,Cold Spring Harbor Laboratory,1088-9051,journal-article,102.0,61.0,Schibler,1998.0,"Schibler, L., D. Vaiman, A. Oustry, C. Giraud-Delville, and E. P. Cribiu. 1998. Comparative gene mapping: A fine-scale survey of chromosome rearrangements between ruminants and humans. Genome Research 8:901-",high,100.0,100.0,,,False,False,False
linde2001,10.1006/anbo.2000.1308,https://doi.org/10.1006/anbo.2000.1308,"Linde, M",1.0,2001,Flowering Ecotypes of Capsella bursa-pastoris(L.) Medik. (Brassicaceae) Analysed by a Cosegregation of Phenotypic Characters (QTL) and Molecular Markers,Annals of Botany,Annals of Botany,,87,1,91-99,Oxford University Press (OUP),0305-7364,journal-article,41.0,62.0,Linde,2001.0,"Linde, M., S. Diel, and B. Neuffer. 2001. Flowering ecotypes of Capsella bursa-pastoris (L.) Medik. (Brassicaceae) analysed by a cosegregation of phenotypic characters (QTL) and molecular markers. Annals of Botany 87:91-",high,100.0,100.0,,,False,False,False
han2016,10.1093/dnares/dsv038,https://doi.org/10.1093/dnares/dsv038,"Han, Koeun; Jeong, Hee-Jin; Yang, Hee-Bum; Kang, Sung-Min; Kwon, Jin-Kyung; Kim, Seungill; Choi, Doil; Kang, Byoung-Cheorl",8.0,2016,An ultra-high-density bin map facilitates high-throughput QTL mapping of horticultural traits in pepper (Capsicum annuum),DNA Research,DNA Research,DNA Res,23,2,81-91,Oxford University Press (OUP),1340-2838,journal-article,122.0,63.0,Han,2016.0,"Han, K., H. J. Jeong, H. B. Yang, S. M. Kang, J. K. Kwon, S. Kim, D. Choi, and B. C. Kang. 2016. An ultra-high-density bin map facilitates high-throughput QTL mapping of horticultural traits in pepper (Capsicum annuum).",high,100.0,100.0,,,False,False,False
lee2016,10.1007/s11032-016-0485-8,https://doi.org/10.1007/s11032-016-0485-8,"Lee, Ye Rin; Yoon, Jae Bok; Lee, Jundae",3.0,2016,A SNP-based genetic linkage map of Capsicum baccatum and its comparison to the Capsicum annuum reference physical map,Molecular Breeding,Molecular Breeding,Mol Breeding,36,5,,Springer Science and Business Media LLC,1380-3743,journal-article,19.0,64.0,Lee,2016.0,"Lee, Y. R., J. B. Yoon, and J. Lee. 2016. A SNP-based genetic linkage map of Capsicum baccatum and its comparison to the Capsicum annuum reference physical map. Molecular Breeding 36.",high,100.0,100.0,,,False,False,False
kuang2016,10.1038/srep34849,https://doi.org/10.1038/srep34849,"Kuang, You-Yi; Zheng, Xian-Hu; Li, Chun-Yan; Li, Xiao-Min; Cao, Ding-Chen; Tong, Guang-Xiang; Lv, Wei-Hua; Xu, Wei; Zhou, Yi; Zhang, Xiao-Feng; Sun, Zhi-Peng; Mahboob, Shahid; Al-Ghanim, Khalid A.; Li, Jiong-Tang; Sun, Xiao-Wen",15.0,2016,The genetic map of goldfish (Carassius auratus) provided insights to the divergent genome evolutions in the Cyprinidae family,Scientific Reports,Scientific Reports,Sci Rep,6,1,,Springer Science and Business Media LLC,2045-2322,journal-article,27.0,65.0,Kuang,2016.0,"Kuang, Y. Y., X. H. Zheng, C. Y. Li, X. M. Li, D. C. Cao, G. X. Tong, W. H. Lv, W. Xu, Y. Zhou, X. F. Zhang, Z. P. Sun, S. Mahboob, K. A. Al-Ghanim, J. T. Li, and X. W. Sun. 2016. The genetic map of goldfish (Carassius auratus) provided insights to the divergent genome evolutions in the Cyprinidae family.",high,100.0,100.0,,,False,False,False
chen2007,10.1534/genetics.107.081463,https://doi.org/10.1534/genetics.107.081463,"Chen, Cuixia; Yu, Qingyi; Hou, Shaobin; Li, Yingjun; Eustice, Moriah; Skelton, Rachel L; Veatch, Olivia; Herdes, Rachel E; Diebold, Lauren; Saw, Jimmy; Feng, Yun; Qian, Wubin; Bynum, Lee; Wang, Lei; Moore, Paul H; Paull, Robert E; Alam, Maqsudul; Ming, Ray",18.0,2007,Construction of a Sequence-Tagged High-Density Genetic Map of Papaya for Comparative Structural and Evolutionary Genomics in Brassicales,Genetics,Genetics,,177,4,2481-2491,Oxford University Press (OUP),1943-2631,journal-article,74.0,66.0,Chen,2007.0,"Chen, C. X., Q. Y. Yu, S. B. Hou, Y. J. Li, M. Eustice, R. L. Skelton, O. Veatch, R. E. Herdes, L. Diebold, J. Saw, Y. Feng, W. B. Qian, L. Bynum, L. Wang, P. H. Moore, R. E. Paull, M. Alam, and R. Ming. 2007. Construction of a sequence-tagged high-density genetic map of papaya for comparative",high,100.0,100.0,,,False,False,False
bowers2016,10.1534/g3.115.026690,https://doi.org/10.1534/g3.115.026690,"Bowers, John E; Pearl, Stephanie A; Burke, John M",3.0,2016,Genetic Mapping of Millions of SNPs in Safflower (Carthamus tinctorius L.) via Whole-Genome Resequencing,G3 Genes|Genomes|Genetics,G3: Genes|Genomes|Genetics,,6,7,2203-2211,Oxford University Press (OUP),2160-1836,journal-article,42.0,67.0,Bowers,2016.0,"Bowers, J. E., S. A. Pearl, and J. M. Burke. 2016. Genetic Mapping of Millions of SNPs in Safflower (Carthamus tinctorius L.) via Whole-Genome Resequencing. G3-Genes Genomes Genetics 6:2203-2211.",high,100.0,100.0,,,False,False,False
kubisiak2012,10.1007/s11295-012-0579-3,https://doi.org/10.1007/s11295-012-0579-3,"Kubisiak, T. L.; Nelson, C. D.; Staton, M. E.; Zhebentyayeva, T.; Smith, C.; Olukolu, B. A.; Fang, G.-C.; Hebard, F. V.; Anagnostakis, S.; Wheeler, N.; Sisco, P. H.; Abbott, A. G.; Sederoff, R. R.",13.0,2012,A transcriptome-based genetic map of Chinese chestnut (Castanea mollissima) and identification of regions of segmental homology with peach (Prunus persica),Tree Genetics & Genomes,Tree Genetics & Genomes,Tree Genetics & Genomes,9,2,557-571,Springer Science and Business Media LLC,1614-2942,journal-article,82.0,68.0,Kubisiak,2013.0,"Kubisiak, T. L., C. D. Nelson, M. E. Staton, T. Zhebentyayeva, C. Smith, B. A. Olukolu, G. C. Fang, F. V. Hebard, S. Anagnostakis, N. Wheeler, P. H. Sisco, A. G. Abbott, and R. R. Sederoff. 2013. A transcriptome-based genetic map of Chinese chestnut (Castanea mollissima) and identification of regions of segmental homology with peach (Prunus persica). Tree Genetics & Genomes",high,100.0,100.0,,,True,False,False
sharma2012,10.1007/s12041-012-0150-x,https://doi.org/10.1007/s12041-012-0150-x,"SHARMA, VISHAKHA; CHAUDHARY, SWATI; SRIVASTAVA, SUCHI; PANDEY, RICHA; KUMAR, SUSHIL",5.0,2012,Characterization of variation and quantitative trait loci related to terpenoid indole alkaloid yield in a recombinant inbred line mapping population of Catharanthus roseus,Journal of Genetics,Journal of Genetics,J Genet,91,1,49-69,Springer Science and Business Media LLC,0022-1333,journal-article,20.0,69.0,Sharma,2011.0,"Sharma, V., S. Chaudhary, S. Srivastava, R. Pandey, and S. Kumar. 2012. Characterization of variation and quantitative trait loci related to terpenoid indole alkaloid yield in a recombinant inbred line mapping population of",high,100.0,100.0,,,True,False,False
nakazato2006,10.1534/genetics.106.055624,https://doi.org/10.1534/genetics.106.055624,"Nakazato, Takuya; Jung, Min-Kyung; Housworth, Elizabeth A; Rieseberg, Loren H; Gastony, Gerald J",5.0,2006,Genetic Map-Based Analysis of Genome Structure in the Homosporous Fern Ceratopteris richardii,Genetics,Genetics,,173,3,1585-1597,Oxford University Press (OUP),1943-2631,journal-article,59.0,70.0,Nakazato,2006.0,"Nakazato, T., M. K. Jung, E. A. Housworth, L. H. Rieseberg, and G. J. Gastony. 2006. Genetic map-based analysis of genome structure in the homosporous fern Ceratopteris richardii. Genetics 173:1585-1597.",high,100.0,100.0,,,False,False,False
maughan2012,10.3835/plantgenome2012.06.0011,https://doi.org/10.3835/plantgenome2012.06.0011,"Maughan, P. J.; Smith, S. M.; Rojas‐Beltrán, J. A.; Elzinga, D.; Raney, J. A.; Jellen, E. N.; Bonifacio, A.; Udall, J. A.; Fairbanks, D. J.",9.0,2012,"Single Nucleotide Polymorphism Identification, Characterization, and Linkage Mapping in Quinoa",The Plant Genome,The Plant Genome,The Plant Genome,5,3,,Wiley,1940-3372,journal-article,47.0,71.0,Maughan,2012.0,"Maughan, P. J., S. M. Smith, J. A. Rojas-Beltran, D. Elzinga, J. A. Raney, E. N. Jellen, A. Bonifacio, J. A. Udall, and D. J. Fairbanks. 2012. Single Nucleotide Polymorphism Identification, Characterization, and Linkage",high,100.0,100.0,,,False,False,False
chen2010a,10.1016/j.scienta.2009.12.008,https://doi.org/10.1016/j.scienta.2009.12.008,"Chen, Dan-Wei; Chen, Long-Qing",2.0,2010,The first intraspecific genetic linkage maps of wintersweet [Chimonanthus praecox (L.) Link] based on AFLP and ISSR markers,Scientia Horticulturae,Scientia Horticulturae,Scientia Horticulturae,124,1,88-94,Elsevier BV,0304-4238,journal-article,17.0,72.0,Chen,2010.0,"Chen, D. W., and L. Q. Chen. 2010. The first intraspecific genetic linkage maps of wintersweet Chimonanthus praecox (L.) Link based on AFLP and ISSR markers. Scientia Horticulturae 124:88-94.",high,100.0,100.0,,,False,False,False
kathir2003,10.1128/ec.2.2.362-379.2003,https://doi.org/10.1128/ec.2.2.362-379.2003,"Kathir, Pushpa; LaVoie, Matthew; Brazelton, William J.; Haas, Nancy A.; Lefebvre, Paul A.; Silflow, Carolyn D.",6.0,2003,Molecular Map of theChlamydomonas reinhardtiiNuclear Genome,Eukaryotic Cell,Eukaryotic Cell,Eukaryot Cell,2,2,362-379,American Society for Microbiology,1535-9778,journal-article,111.0,73.0,Kathir,2003.0,"Kathir, P., M. LaVoie, W. J. Brazelton, N. A. Haas, P. A. Lefebvre, and C. D. Silflow. 2003. Molecular map of the Chlamydomonas reinhardtii nuclear",high,100.0,100.0,,,False,False,False
zhan2009b,10.1111/j.1365-2052.2009.01920.x,https://doi.org/10.1111/j.1365-2052.2009.01920.x,"Zhan, A.; Hu, J.; Hu, X.; Hui, M.; Wang, M.; Peng, W.; Huang, X.; Wang, S.; Lu, W.; Sun, C.; Bao, Z.",11.0,2009,Construction of microsatellite‐based linkage maps and identification of size‐related quantitative trait loci for Zhikong scallop (Chlamys farreri),Animal Genetics,Animal Genetics,Animal Genetics,40,6,821-831,Wiley,0268-9146,journal-article,68.0,74.0,Zhan,2009.0,"Zhan, A., J. Hu, X. Hu, M. Hui, M. Wang, W. Peng, X. Huang, S. Wang, W. Lu, C. Sun, and Z. Bao. 2009. Construction of microsatellite-based linkage maps and identification of size-related quantitative trait loci for Zhikong",high,100.0,100.0,,,False,False,False
gaur2015,10.1038/srep13387,https://doi.org/10.1038/srep13387,"Gaur, Rashmi; Jeena, Ganga; Shah, Niraj; Gupta, Shefali; Pradhan, Seema; Tyagi, Akhilesh K; Jain, Mukesh; Chattopadhyay, Debasis; Bhatia, Sabhyata",9.0,2015,High density linkage mapping of genomic and transcriptomic SNPs for synteny analysis and anchoring the genome sequence of chickpea,Scientific Reports,Scientific Reports,Sci Rep,5,1,,Springer Science and Business Media LLC,2045-2322,journal-article,48.0,75.0,Gaur,2015.0,"Gaur, R., G. Jeena, N. Shah, S. Gupta, S. Pradhan, A. K. Tyagi, M. Jain, D. Chattopadhyay, and S. Bhatia. 2015. High density linkage mapping of genomic and transcriptomic SNPs for synteny analysis and anchoring the",high,100.0,100.0,,,False,False,False
kano2006,10.2108/zsj.23.31,https://doi.org/10.2108/zsj.23.31,"Kano, Shungo; Satoh, Nori; Sordino, Paolo",3.0,2006,"Primary Genetic Linkage Maps of the Ascidian, Ciona intestinalis",Zoological Science,Zoological Science,Zoological Science,23,1,31-39,Zoological Society of Japan,0289-0003,journal-article,17.0,76.0,Kano,2007.0,"Kano, S., N. Satoh, and P. Sordino. 2006. Primary Genetic Linkage Maps of the Ascidian, Ciona intestinalis. Zoological Science 23:31-39.",high,100.0,100.0,,,True,False,False
hill2008,10.1101/gr.078576.108,https://doi.org/10.1101/gr.078576.108,"Hill, Matthew M.; Broman, Karl W.; Stupka, Elia; Smith, William C.; Jiang, Di; Sidow, Arend",6.0,2008,TheC. savignyigenetic map and its integration with the reference sequence facilitates insights into chordate genome evolution,Genome Research,Genome Research,Genome Res.,18,8,1369-1379,Cold Spring Harbor Laboratory,1088-9051,journal-article,29.0,77.0,Hill,2008.0,"Hill, M. M., K. W. Broman, E. Stupka, W. C. Smith, D. Jiang, and A. Sidow. 2008. The C. savignyi genetic map and its integration with the reference sequence facilitates insights into chordate genome evolution. Genome",high,100.0,100.0,,,False,False,False
reddy2014,10.1534/g3.114.012815,https://doi.org/10.1534/g3.114.012815,"Reddy, Umesh K; Nimmakayala, Padma; Levi, Amnon; Abburi, Venkata Lakshmi; Saminathan, Thangasamy; Tomason, Yan R; Vajja, Gopinath; Reddy, Rishi; Abburi, Lavanya; Wehner, Todd C; Ronin, Yefim; Karol, Abraham",12.0,2014,High-Resolution Genetic Map for Understanding the Effect of Genome-Wide Recombination Rate on Nucleotide Diversity in Watermelon,G3 Genes|Genomes|Genetics,G3: Genes|Genomes|Genetics,,4,11,2219-2230,Oxford University Press (OUP),2160-1836,journal-article,37.0,78.0,Reddy,2014.0,"Reddy, U. K., P. Nimmakayala, A. Levi, V. L. Abburi, T. Saminathan, Y. R. Tomason, G. Vajja, R. Reddy, L. Abburi, T. C. Wehner, Y. Ronin, and A. Karol. 2014. High-Resolution Genetic Map for Understanding the Effect of Genome-Wide Recombination Rate on Nucleotide Diversity in Watermelon.",high,100.0,100.0,,,False,False,False
ollitrault2012,10.1186/1471-2164-13-593,https://doi.org/10.1186/1471-2164-13-593,"Ollitrault, Patrick; Terol, Javier; Chen, Chunxian; Federici, Claire T; Lotfy, Samia; Hippolyte, Isabelle; Ollitrault, Frédérique; Bérard, Aurélie; Chauveau, Aurélie; Cuenca, Jose; Costantino, Gilles; Kacar, Yildiz; Mu, Lisa; Garcia-Lor, Andres; Froelicher, Yann; Aleza, Pablo; Boland, Anne; Billot, Claire; Navarro, Luis; Luro, François; Roose, Mikeal L; Gmitter, Frederick G; Talon, Manuel; Brunel, Dominique",24.0,2012,A reference genetic map of C. clementina hort. ex Tan.; citrus evolution inferences from comparative mapping,BMC Genomics,BMC Genomics,BMC Genomics,13,1,593,Springer Science and Business Media LLC,1471-2164,journal-article,125.0,79.0,Ollitrault,2012.0,"Ollitrault, P., J. Terol, C. X. Chen, C. T. Federici, S. Lotfy, I. Hippolyte, F. Ollitrault, A. Berard, A. Chauveau, J. Cuenca, G. Costantino, Y. Kacar, L. Mu, A. Garcia-Lor, Y. Froelicher, P. Aleza, A. Boland, C. Billot, L. Navarro, F. Luro, M. L. Roose, F. G. Gmitter, M. Talon, and D. Brunel. 2012. A reference genetic map of C. clementina hort. ex Tan.; citrus evolution inferences from",high,100.0,100.0,,,False,False,False
guo2015a,10.1007/s11295-014-0831-0,https://doi.org/10.1007/s11295-014-0831-0,"Guo, Fei; Yu, Huiwen; Tang, Zheng; Jiang, Xiaolin; Wang, Lun; Wang, Xia; Xu, Qiang; Deng, Xiuxin",8.0,2015,Construction of a SNP-based high-density genetic map for pummelo using RAD sequencing,Tree Genetics & Genomes,Tree Genetics & Genomes,Tree Genetics & Genomes,11,1,,Springer Science and Business Media LLC,1614-2942,journal-article,40.0,80.0,Guo,2015.0,"Guo, F., H. W. Yu, Z. Tang, X. L. Jiang, L. Wang, X. Wang, Q. Xu, and X. X. Deng. 2015. Construction of a SNP-based high-density genetic map for pummelo using RAD sequencing. Tree Genetics & Genomes 11.",high,100.0,100.0,,,False,False,False
kaiser2012,10.1371/journal.pone.0032092,https://doi.org/10.1371/journal.pone.0032092,"Kaiser, Tobias S.; Heckel, David G.",2.0,2012,"Genetic Architecture of Local Adaptation in Lunar and Diurnal Emergence Times of the Marine Midge Clunio marinus (Chironomidae, Diptera)",PLoS ONE,PLOS ONE,PLoS ONE,7,2,e32092,Public Library of Science (PLoS),1932-6203,journal-article,31.0,81.0,Kaiser,2012.0,"Kaiser, T. S., and D. G. Heckel. 2012. Genetic Architecture of Local Adaptation in Lunar and Diurnal Emergence Times of the Marine Midge Clunio marinus (Chironomidae, Diptera). Plos One 7.",high,100.0,100.0,,,False,False,False
riedel2008,10.1007/s11295-008-0168-7,https://doi.org/10.1007/s11295-008-0168-7,"Riedel, M.; Riederer, M.; Becker, D.; Herran, A.; Kullaya, A.; Arana-López, G.; Peña-Rodríguez, L.; Billotte, N.; Sniady, V.; Rohde, W.; Ritter, E.",11.0,2008,Cuticular wax composition in Cocos nucifera L.: physicochemical analysis of wax components and mapping of their QTLs onto the coconut molecular linkage map,Tree Genetics & Genomes,Tree Genetics & Genomes,Tree Genetics & Genomes,5,1,,Springer Science and Business Media LLC,1614-2942,journal-article,32.0,82.0,Riedel,2009.0,"Riedel, M., M. Riederer, D. Becker, A. Herran, A. Kullaya, G. Arana-Lopez, L. Pena-Rodriguez, N. Billotte, V. Sniady, W. Rohde, and E. Ritter. 2009. Cuticular wax composition in Cocos nucifera L.: physicochemical analysis of wax components and mapping of their QTLs onto the coconut molecular",high,100.0,100.0,,,True,False,False
moncada2015,10.1007/s11295-015-0927-1,https://doi.org/10.1007/s11295-015-0927-1,"Moncada, Maria Del Pilar; Tovar, Eduardo; Montoya, Juan Carlos; González, Alexandra; Spindel, Jennifer; McCouch, Susan",6.0,2015,"A genetic linkage map of coffee (Coffea arabica L.) and QTL for yield, plant height, and bean size",Tree Genetics & Genomes,Tree Genetics & Genomes,Tree Genetics & Genomes,12,1,,Springer Science and Business Media LLC,1614-2942,journal-article,35.0,83.0,Moncada,2016.0,"Moncada, M. D., E. Tovar, J. C. Montoya, A. Gonzalez, J. Spindel, and S. McCouch. 2016. A genetic linkage map of coffee (Coffea arabica L.) and QTL for yield, plant height, and bean size. Tree Genetics & Genomes 12.",high,100.0,100.0,,,True,False,False
muraguchi2003,10.1016/s1087-1845(03)00087-2,https://doi.org/10.1016/s1087-1845(03)00087-2,"Muraguchi, Hajime; Ito, Yasuhiro; Kamada, Takashi; Yanagi, Sonoe O",4.0,2003,A linkage map of the basidiomycete Coprinus cinereus based on random amplified polymorphic DNAs and restriction fragment length polymorphisms,Fungal Genetics and Biology,Fungal Genetics and Biology,Fungal Genetics and Biology,40,2,93-102,Elsevier BV,1087-1845,journal-article,57.0,84.0,Muraguchi,2003.0,"Muraguchi, H., Y. Ito, T. Kamada, and S. O. Yanagi. 2003. A linkage map of the basidiomycete Coprinus cinereus based on random amplified polymorphic DNAs and restriction fragment length polymorphisms. Fungal Genetics and",high,100.0,100.0,,,False,False,False
biswas2015,10.1007/s11032-015-0311-8,https://doi.org/10.1007/s11032-015-0311-8,"Biswas, Chinmay; Dey, Piyali; Karmakar, P. G.; Satpathy, Subrata",4.0,2015,Discovery of large-scale SNP markers and construction of linkage map in a RIL population of jute (Corchorus capsularis),Molecular Breeding,Molecular Breeding,Mol Breeding,35,5,,Springer Science and Business Media LLC,1380-3743,journal-article,22.0,85.0,Biswass,2015.0,"Biswas, C., P. Dey, P. G. Karmakar, and S. Satpathy. 2015. Discovery of large-scale SNP markers and construction of linkage map in a RIL population of jute (Corchorus capsularis). Molecular Breeding 35.",high,100.0,92.3076923076923,,,False,False,False
kundu2015,10.1007/s11032-015-0249-x,https://doi.org/10.1007/s11032-015-0249-x,"Kundu, Avijit; Chakraborty, Avrajit; Mandal, Nur Alam; Das, Debajeet; Karmakar, Pran Gobinda; Singh, Nagendra Kumar; Sarkar, Debabrata",7.0,2015,"A restriction-site-associated DNA (RAD) linkage map, comparative genomics and identification of QTL for histological fibre content coincident with those for retted bast fibre yield and its major components in jute (Corchorus olitorius L., Malvaceae s. l.)",Molecular Breeding,Molecular Breeding,Mol Breeding,35,1,,Springer Science and Business Media LLC,1380-3743,journal-article,43.0,86.0,Kundu,2015.0,"Kundu, A., A. Chakraborty, N. A. Mandal, D. Das, P. G. Karmakar, N. K. Singh, and D. Sarkar. 2015. A restriction-site-associated DNA (RAD) linkage map, comparative genomics and identification of QTL for histological fibre content coincident with those for retted bast fibre yield and its major components in jute (Corchorus olitorius L., Malvaceae s. l.). Molecular",high,100.0,100.0,,,False,False,False
gagnaire2012,10.1111/mec.12127,https://doi.org/10.1111/mec.12127,"Gagnaire, Pierre‐Alexandre; Normandeau, Eric; Pavey, Scott A.; Bernatchez, Louis",4.0,2012,"Mapping phenotypic, expression and transmission ratio distortion QTL using RAD markers in the Lake Whitefish (Coregonus clupeaformis)",Molecular Ecology,Molecular Ecology,Molecular Ecology,22,11,3036-3048,Wiley,0962-1083,journal-article,92.0,87.0,Gagnaire,2013.0,"Gagnaire, P. A., E. Normandeau, S. A. Pavey, and L. Bernatchez. 2013. Mapping phenotypic, expression and transmission ratio distortion QTL using RAD markers in the Lake Whitefish (Coregonus clupeaformis). Molecular",high,100.0,100.0,,,True,False,False
wang2008a,10.1007/s10681-008-9802-6,https://doi.org/10.1007/s10681-008-9802-6,"Wang, Xinwang; Wadl, Phillip A.; Rinehart, Timothy A.; Scheffler, Brian E.; Windham, Mark T.; Spiers, James M.; Johnson, Denita H.; Trigiano, Robert N.",8.0,2008,A linkage map for flowering dogwood (Cornus florida L.) based on microsatellite markers,Euphytica,Euphytica,Euphytica,165,1,165-175,Springer Science and Business Media LLC,0014-2336,journal-article,18.0,88.0,Wang,2009.0,"Wang, X. W., P. A. Wadl, T. A. Rinehart, B. E. Scheffler, M. T. Windham, J. M. Spiers, D. H. Johnson, and R. N. Trigiano. 2009. A linkage map for flowering dogwood (Cornus florida L.) based on microsatellite markers.",high,100.0,100.0,,,True,False,False
kikuchi2005,10.1111/j.1365-2052.2005.01295.x,https://doi.org/10.1111/j.1365-2052.2005.01295.x,"Kikuchi, S.; Fujima, D.; Sasazaki, S.; Tsuji, S.; Mizutani, M.; Fujiwara, A.; Mannen, H.",7.0,2005,Construction of a genetic linkage map of Japanese quail (Coturnix japonica) based on AFLP and microsatellite markers,Animal Genetics,Animal Genetics,Animal Genetics,36,3,227-231,Wiley,0268-9146,journal-article,20.0,89.0,Kikuchi,2005.0,"Kikuchi, S., D. Fujima, S. Sasazaki, S. Tsuji, M. Mizutani, A. Fujiwara, and H. Mannen. 2005. Construction of a genetic linkage map of Japanese quail (Coturnix japonica) based on AFLP and microsatellite markers. Animal",high,100.0,100.0,,,False,False,False
hedgecock2015,10.1534/g3.115.019570,https://doi.org/10.1534/g3.115.019570,"Hedgecock, Dennis; Shin, Grace; Gracey, Andrew Y; Den Berg, David Van; Samanta, Manoj P",5.0,2015,Second-Generation Linkage Maps for the Pacific OysterCrassostrea gigasReveal Errors in Assembly of Genome Scaffolds,G3 Genes|Genomes|Genetics,G3: Genes|Genomes|Genetics,,5,10,2007-2019,Oxford University Press (OUP),2160-1836,journal-article,64.0,90.0,Hedgecock,2015.0,"Hedgecock, D., G. Shin, A. Y. Gracey, D. Van Den Berg, and M. P. Samanta. 2015. Second-Generation Linkage Maps for the Pacific Oyster Crassostrea gigas Reveal Errors in Assembly of Genome Scaffolds. G3-Genes Genomes",high,100.0,100.0,,,False,False,False
yu2003,10.2307/1543603,https://doi.org/10.2307/1543603,"Yu, Ziniu; Guo, Ximing",2.0,2003,Genetic Linkage Map of the Eastern OysterCrassostrea virginicaGmelin,The Biological Bulletin,The Biological Bulletin,The Biological Bulletin,204,3,327-338,University of Chicago Press,0006-3185,journal-article,108.0,91.0,Yu,2003.0,"Yu, Z. N., and X. M. Guo. 2003. Genetic linkage map of the eastern oyster Crassostrea virginica Gmelin. Biological Bulletin 204:327-338.",high,100.0,100.0,,,False,False,False
miles2009,10.1186/1471-2164-10-339,https://doi.org/10.1186/1471-2164-10-339,"Miles, Lee G; Isberg, Sally R; Glenn, Travis C; Lance, Stacey L; Dalzell, Pauline; Thomson, Peter C; Moran, Chris",7.0,2009,A genetic linkage map for the saltwater crocodile (Crocodylus porosus),BMC Genomics,BMC Genomics,BMC Genomics,10,1,339,Springer Science and Business Media LLC,1471-2164,journal-article,28.0,92.0,Miles,2009.0,"Miles, L. G., S. R. Isberg, T. C. Glenn, S. L. Lance, P. Dalzell, P. C. Thomson, and C. Moran. 2009. A genetic linkage map for the saltwater crocodile (Crocodylus porosus). Bmc Genomics 10.",high,100.0,100.0,,,False,False,False
marra2004,10.1534/genetics.103.023408,https://doi.org/10.1534/genetics.103.023408,"Marra, Robert E; Huang, Johnny C; Fung, Eula; Nielsen, Kirsten; Heitman, Joseph; Vilgalys, Rytas; Mitchell, Thomas G",7.0,2004,A Genetic Linkage Map of Cryptococcus neoformans variety neoformans Serotype D (Filobasidiella neoformans),Genetics,Genetics,,167,2,619-631,Oxford University Press (OUP),1943-2631,journal-article,65.0,93.0,Marra,2004.0,"Marra, R. E., J. C. Huang, E. Fung, K. Nielsen, J. Heitman, R. Vilgalys, and T. G. Mitchell. 2004. A genetic linkage map of Cryptococcus neoformans variety neoformans serotype D (Filobasidiella neoformans). Genetics 167:619-631.",high,100.0,100.0,,,False,False,False
moriguchi2016,10.1007/s11295-016-1011-1,https://doi.org/10.1007/s11295-016-1011-1,"Moriguchi, Yoshinari; Uchiyama, Kentaro; Ueno, Saneyoshi; Ujino-Ihara, Tokuko; Matsumoto, Asako; Iwai, Junji; Miyajima, Daisuke; Saito, Maki; Sato, Masaya; Tsumura, Yoshihiko",10.0,2016,A high-density linkage map with 2560 markers and its application for the localization of the male-sterile genes ms3 and ms4 in Cryptomeria japonica D. Don,Tree Genetics & Genomes,Tree Genetics & Genomes,Tree Genetics & Genomes,12,3,,Springer Science and Business Media LLC,1614-2942,journal-article,40.0,94.0,Moriguchi,2016.0,"Moriguchi, Y., K. Uchiyama, S. Ueno, T. Ujino-Ihara, A. Matsumoto, J. Iwai, D. Miyajima, M. Saito, M. Sato, and Y. Tsumura. 2016. A high-density linkage map with 2560 markers and its application for the localization of the male-sterile genes ms3 and ms4 in Cryptomeria japonica D. Don. Tree Genetics &",high,100.0,100.0,,,False,False,False
xia2010,10.1186/1471-2164-11-135,https://doi.org/10.1186/1471-2164-11-135,"Xia, Jun Hong; Liu, Feng; Zhu, Ze Yuan; Fu, Jianjun; Feng, Jianbin; Li, Jiale; Yue, Gen Hua",7.0,2010,A consensus linkage map of the grass carp (Ctenopharyngodon idella) based on microsatellites and SNPs,BMC Genomics,BMC Genomics,BMC Genomics,11,1,,Springer Science and Business Media LLC,1471-2164,journal-article,82.0,95.0,Xia,2010.0,"Xia, J. H., F. Liu, Z. Y. Zhu, J. J. Fu, J. B. Feng, J. L. Li, and G. H. Yue. 2010. A consensus linkage map of the grass carp (Ctenopharyngodon idella) based on microsatellites and SNPs. Bmc Genomics 11.",high,100.0,100.0,,,False,False,False
diaz2011,10.1186/1471-2229-11-111,https://doi.org/10.1186/1471-2229-11-111,"Diaz, Aurora; Fergany, Mohamed; Formisano, Gelsomina; Ziarsolo, Peio; Blanca, José; Fei, Zhanjun; Staub, Jack E; Zalapa, Juan E; Cuevas, Hugo E; Dace, Gayle; Oliver, Marc; Boissot, Nathalie; Dogimont, Catherine; Pitrat, Michel; Hofstede, René; van Koert, Paul; Harel-Beja, Rotem; Tzuri, Galil; Portnoy, Vitaly; Cohen, Shahar; Schaffer, Arthur; Katzir, Nurit; Xu, Yong; Zhang, Haiying; Fukino, Nobuko; Matsumoto, Satoru; Garcia-Mas, Jordi; Monforte, Antonio J",28.0,2011,A consensus linkage map for molecular markers and Quantitative Trait Loci associated with economically important traits in melon (Cucumis meloL.),BMC Plant Biology,BMC Plant Biology,BMC Plant Biol,11,1,,Springer Science and Business Media LLC,1471-2229,journal-article,158.0,96.0,Diaz,2011.0,"Diaz, A., M. Fergany, G. Formisano, P. Ziarsolo, J. Blanca, Z. J. Fei, J. E. Staub, J. E. Zalapa, H. E. Cuevas, G. Dace, M. Oliver, N. Boissot, C. Dogimont, M. Pitrat, R. Hofstede, P. van Koert, R. Harel-Beja, G. Tzuri, V. Portnoy, S. Cohen, A. Schaffer, N. Katzir, Y. Xu, H. Y. Zhang, N. Fukino, S. Matsumoto, J. Garcia-Mas, and A. J. Monforte. 2011. A consensus linkage map for molecular markers and Quantitative Trait Loci associated with",high,100.0,100.0,,,False,False,False
zhu2016,10.3389/fpls.2016.00437,https://doi.org/10.3389/fpls.2016.00437,"Zhu, Wen-Ying; Huang, Long; Chen, Long; Yang, Jian-Tao; Wu, Jia-Ni; Qu, Mei-Ling; Yao, Dan-Qing; Guo, Chun-Li; Lian, Hong-Li; He, Huan-Le; Pan, Jun-Song; Cai, Run",12.0,2016,A High-Density Genetic Linkage Map for Cucumber (Cucumis sativus L.): Based on Specific Length Amplified Fragment (SLAF) Sequencing and QTL Analysis of Fruit Traits in Cucumber,Frontiers in Plant Science,Frontiers in Plant Science,Front. Plant Sci.,7,,,Frontiers Media SA,1664-462X,journal-article,54.0,97.0,Zhu,2016.0,"Zhu, W. Y., L. Huang, L. Chen, J. T. Yang, J. N. Wu, M. L. Qu, D. Q. Yao, C. L. Guo, H. L. Lian, H. L. He, J. S. Pan, and R. Cai. 2016. A High-Density Genetic Linkage Map for Cucumber (Cucumis sativus L.): Based on Specific Length Amplified Fragment (SLAF) Sequencing and QTL Analysis of Fruit",high,100.0,100.0,,,False,False,False
zhang2015a,10.1186/s12864-015-2312-8,https://doi.org/10.1186/s12864-015-2312-8,"Zhang, Guoyu; Ren, Yi; Sun, Honghe; Guo, Shaogui; Zhang, Fan; Zhang, Jie; Zhang, Haiying; Jia, Zhangcai; Fei, Zhangjun; Xu, Yong; Li, Haizhen",11.0,2015,A high-density genetic map for anchoring genome sequences and identifying QTLs associated with dwarf vine in pumpkin (Cucurbita maxima Duch.),BMC Genomics,BMC Genomics,BMC Genomics,16,1,,Springer Science and Business Media LLC,1471-2164,journal-article,66.0,98.0,Zhang,2015.0,"Zhang, G. Y., Y. Ren, H. H. Sun, S. G. Guo, F. Zhang, J. Zhang, H. Y. Zhang, Z. C. Jia, Z. J. Fei, Y. Xu, and H. Z. Li. 2015. A high-density genetic map for anchoring genome sequences and identifying QTLs associated with dwarf vine in pumpkin (Cucurbita maxima Duch.). Bmc Genomics 16.",high,100.0,100.0,,,False,False,False
gong2008,10.1139/g08-072,https://doi.org/10.1139/g08-072,"Gong, L.; Pachner, M.; Kalai, K.; Lelley, T.",4.0,2008,SSR-based genetic linkage map ofCucurbita moschataand its synteny withCucurbita pepo,Genome,Genome,Genome,51,11,878-887,Canadian Science Publishing,0831-2796,journal-article,39.0,99.0,Gong,2008.0,"Gong, L., M. Pachner, K. Kalai, and T. Lelley. 2008. SSR-based genetic linkage map of Cucurbita moschata and its synteny with Cucurbita pepo.",high,100.0,100.0,,,False,False,False
monteropau2017,10.1186/s12864-016-3439-y,https://doi.org/10.1186/s12864-016-3439-y,"Montero-Pau, Javier; Blanca, José; Esteras, Cristina; Martínez-Pérez, Eva Ma.; Gómez, Pedro; Monforte, Antonio J.; Cañizares, Joaquín; Picó, Belén",8.0,2017,An SNP-based saturated genetic map and QTL analysis of fruit-related traits in Zucchini using Genotyping-by-sequencing,BMC Genomics,BMC Genomics,BMC Genomics,18,1,,Springer Science and Business Media LLC,1471-2164,journal-article,78.0,100.0,Montero-Pau,2017.0,"Montero-Pau, J., J. Blanca, C. Esteras, E. M. Martínez-Pérez, P. Gómez, A. J. Monforte, J. Cañizares, and B. Picó. 2017. An SNP-based saturated genetic map and QTL analysis of fruit-related traits in Zucchini using",high,100.0,100.0,,,False,False,False
hickner2013,10.1093/jhered/est040,https://doi.org/10.1093/jhered/est040,"Hickner, Paul V.; Mori, Akio; Chadee, Dave D.; Severson, David W.",4.0,2013,Composite Linkage Map and Enhanced Genome Map for Culex pipiens Complex Mosquitoes,Journal of Heredity,Journal of Heredity,,104,5,649-655,Oxford University Press (OUP),1465-7333,journal-article,15.0,101.0,Hickner,2013.0,"Hickner, P. V., A. Mori, D. D. Chadee, and D. W. Severson. 2013. Composite Linkage Map and Enhanced Genome Map for Culex pipiens Complex Mosquitoes. Journal of Heredity 104:649-655.",high,100.0,100.0,,,False,False,False
hansson2009,10.1038/hdy.2009.107,https://doi.org/10.1038/hdy.2009.107,"Hansson, B; Ljungqvist, M; Dawson, D A; Mueller, J C; Olano-Marin, J; Ellegren, H; Nilsson, J-Å",7.0,2009,Avian genome evolution: insights from a linkage map of the blue tit (Cyanistes caeruleus),Heredity,Heredity,Heredity,104,1,67-78,Springer Science and Business Media LLC,0018-067X,journal-article,28.0,102.0,Hansson,2010.0,"Hansson, B., M. Ljungqvist, D. A. Dawson, J. C. Mueller, J. Olano-Marin, H. Ellegren, and J. A. Nilsson. 2010. Avian genome evolution: insights from a linkage map of the blue tit (Cyanistes caeruleus). Heredity 104:67-78.",high,100.0,100.0,,,True,False,False
portis2009,10.1007/s00122-009-1159-2,https://doi.org/10.1007/s00122-009-1159-2,"Portis, E.; Mauromicale, G.; Mauro, R.; Acquadro, A.; Scaglione, D.; Lanteri, S.",6.0,2009,Construction of a reference molecular linkage map of globe artichoke (Cynara cardunculus var. scolymus),Theoretical and Applied Genetics,Theoretical and Applied Genetics,Theor Appl Genet,120,1,59-70,Springer Science and Business Media LLC,0040-5752,journal-article,40.0,103.0,Portis,2009.0,"Portis, E., G. Mauromicale, R. Mauro, A. Acquadro, D. Scaglione, and S. Lanteri. 2009. Construction of a reference molecular linkage map of globe artichoke (Cynara cardunculus var. scolymus). Theoretical and Applied",high,100.0,100.0,,,False,False,False
harrisshultz2010,10.21273/jashs.135.6.511,https://doi.org/10.21273/jashs.135.6.511,"Harris-Shultz, Karen R.; Schwartz, Brian M.; Hanna, Wayne W.; Brady, Jeff A.",4.0,2010,"Development, Linkage Mapping, and Use of Microsatellites in Bermudagrass",Journal of the American Society for Horticultural Science,Journal of the American Society for Horticultural Science,J. Amer. Soc. Hort. Sci.,135,6,511-520,American Society for Horticultural Science,0003-1062,journal-article,27.0,104.0,Harris-Shultz,2010.0,"Harris-Shultz, K. R., B. M. Schwartz, W. W. Hanna, and J. A. Brady. 2010. Development, Linkage Mapping, and Use of Microsatellites in Bermudagrass. Journal of the American Society for Horticultural Science 135:511-520.",high,100.0,100.0,,,False,False,False
song2012,10.1371/journal.pone.0052097,https://doi.org/10.1371/journal.pone.0052097,"Song, Wentao; Li, Yangzhen; Zhao, Yongwei; Liu, Yang; Niu, Yuze; Pang, Renyi; Miao, Guidong; Liao, Xiaolin; Shao, Changwei; Gao, Fengtao; Chen, Songlin",11.0,2012,Construction of a High-Density Microsatellite Genetic Linkage Map and Mapping of Sexual and Growth-Related Traits in Half-Smooth Tongue Sole (Cynoglossus semilaevis),PLoS ONE,PLOS ONE,PLoS ONE,7,12,e52097,Public Library of Science (PLoS),1932-6203,journal-article,74.0,105.0,Song,2012.0,"Song, W. T., Y. Z. Li, Y. W. Zhao, Y. Liu, Y. Z. Niu, R. Y. Pang, G. D. Miao, X. L. Liao, C. W. Shao, F. T. Gao, and S. L. Chen. 2012. Construction of a High-Density Microsatellite Genetic Linkage Map and Mapping of Sexual and Growth-Related Traits in Half-Smooth Tongue Sole (Cynoglossus semilaevis).",high,100.0,100.0,,,False,False,False
zhao2013a,10.1371/journal.pone.0063928,https://doi.org/10.1371/journal.pone.0063928,"Zhao, Lan; Zhang, Yan; Ji, Peifeng; Zhang, Xiaofeng; Zhao, Zixia; Hou, Guangyuan; Huo, Linhe; Liu, Guiming; Li, Chao; Xu, Peng; Sun, Xiaowen",11.0,2013,A Dense Genetic Linkage Map for Common Carp and Its Integration with a BAC-Based Physical Map,PLoS ONE,PLOS ONE,PLoS ONE,8,5,e63928,Public Library of Science (PLoS),1932-6203,journal-article,34.0,106.0,Zhao,2013.0,"Zhao, L., Y. Zhang, P. F. Ji, X. F. Zhang, Z. X. Zhao, G. Y. Hou, L. H. Huo, G. M. Liu, C. Li, P. Xu, and X. W. Sun. 2013. A Dense Genetic Linkage Map for Common Carp and Its Integration with a BAC-Based Physical Map. Plos One",high,100.0,100.0,,,False,False,False
zhao2016b,10.1038/srep29345,https://doi.org/10.1038/srep29345,"Zhao, Xinxin; Huang, Linkai; Zhang, Xinquan; Wang, Jianping; Yan, Defei; Li, Ji; Tang, Lu; Li, Xiaolong; Shi, Tongwei",9.0,2016,Construction of high-density genetic linkage map and identification of flowering-time QTLs in orchardgrass using SSRs and SLAF-seq,Scientific Reports,Scientific Reports,Sci Rep,6,1,,Springer Science and Business Media LLC,2045-2322,journal-article,35.0,107.0,Zhao,2016.0,"Zhao, X., L. Huang, X. Zhang, J. Wang, D. Yan, J. Li, L. Tang, X. Li, and T. Shi. 2016. Construction of high-density genetic linkage map and identification of flowering-time QTLs in orchardgrass using SSRs and SLAF-seq. Scientific",high,100.0,100.0,,,False,False,False
bradley2011,10.1534/g3.111.000190,https://doi.org/10.1534/g3.111.000190,"Bradley, Kevin M.; Breyer, Joan P.; Melville, David B.; Broman, Karl W.; Knapik, Ela W.; Smith, Jeffrey R.",6.0,2011,An SNP-Based Linkage Map for Zebrafish Reveals Sex Determination Loci,G3: Genes|Genomes|Genetics,G3: Genes|Genomes|Genetics,G3,1,1,3-9,Oxford University Press (OUP),2160-1836,journal-article,137.0,108.0,Bradley,2011.0,"Bradley, K. M., J. P. Breyer, D. B. Melville, K. W. Broman, E. W. Knapik, and J. R. Smith. 2011. An SNP-Based Linkage Map for Zebrafish Reveals Sex Determination Loci. G3-Genes Genomes Genetics 1:3-9.",high,100.0,100.0,,,False,False,False
dukic2016,10.1186/s12863-016-0445-7,https://doi.org/10.1186/s12863-016-0445-7,"Dukić, Marinela; Berner, Daniel; Roesti, Marius; Haag, Christoph R.; Ebert, Dieter",5.0,2016,A high-density genetic map reveals variation in recombination rate across the genome of Daphnia magna,BMC Genetics,BMC Genetics,BMC Genet,17,1,,Springer Science and Business Media LLC,1471-2156,journal-article,43.0,109.0,Dukic,2016.0,"Dukic, M., D. Berner, M. Roesti, C. R. Haag, and D. Ebert. 2016. A high-density genetic map reveals variation in recombination rate across the",high,100.0,88.88888888888889,,,False,False,False
cristescu2006,10.1016/j.ygeno.2006.03.007,https://doi.org/10.1016/j.ygeno.2006.03.007,"Cristescu, Melania E.A.; Colbourne, John K.; Radivojac, Jelena; Lynch, Michael",4.0,2006,"A microsatellite-based genetic linkage map of the waterflea, Daphnia pulex: On the prospect of crustacean genomics",Genomics,Genomics,Genomics,88,4,415-430,Elsevier BV,0888-7543,journal-article,66.0,110.0,Cristescu,2006.0,"Cristescu, M. E. A., J. K. Colbourne, J. Radivojc, and M. Lynch. 2006. A micro satellite-based genetic linkage map of the waterflea, Daphnia pulex: On the prospect of crustacean genomics. Genomics 88:415-430.",high,99.5260663507109,100.0,,,False,False,False
cavagnaro2014,10.1186/1471-2164-15-1118,https://doi.org/10.1186/1471-2164-15-1118,"Cavagnaro, Pablo F; Iorizzo, Massimo; Yildiz, Mehtap; Senalik, Douglas; Parsons, Joshua; Ellison, Shelby; Simon, Philipp W",7.0,2014,A gene-derived SNP-based high resolution linkage map of carrot including the location of QTL conditioning root and leaf anthocyanin pigmentation,BMC Genomics,BMC Genomics,BMC Genomics,15,1,,Springer Science and Business Media LLC,1471-2164,journal-article,64.0,111.0,Cavagnaro,2014.0,"Cavagnaro, P. F., M. Iorizzo, M. Yildiz, D. Senalik, J. Parsons, S. Ellison, and P. W. Simon. 2014. A gene-derived SNP-based high resolution linkage map of carrot including the location of QTL conditioning root and leaf anthocyanin",high,100.0,100.0,,,False,False,False
yagi2013,10.1186/1471-2164-14-734,https://doi.org/10.1186/1471-2164-14-734,"Yagi, Masafumi; Yamamoto, Toshiya; Isobe, Sachiko; Hirakawa, Hideki; Tabata, Satoshi; Tanase, Koji; Yamaguchi, Hiroyasu; Onozaki, Takashi",8.0,2013,Construction of a reference genetic linkage map for carnation (Dianthus caryophyllus L.),BMC Genomics,BMC Genomics,BMC Genomics,14,1,734,Springer Science and Business Media LLC,1471-2164,journal-article,37.0,112.0,Yagi,2013.0,"Yagi, M., T. Yamamoto, S. Isobe, H. Hirakawa, S. Tabata, K. Tanase, H. Yamaguchi, and T. Onozaki. 2013. Construction of a reference genetic linkage map for carnation (Dianthus caryophyllus L.). Bmc Genomics 14.",high,100.0,100.0,,,False,False,False
chistiakov2008,10.1111/j.1365-2052.2008.01786.x,https://doi.org/10.1111/j.1365-2052.2008.01786.x,"Chistiakov, D. A.; Tsigenopoulos, C. S.; Lagnel, J.; Guo, Y.‐M.; Hellemans, B.; Haley, C. S.; Volckaert, F. A. M.; Kotoulas, G.",8.0,2008,A combined AFLP and microsatellite linkage map and pilot comparative genomic analysis of European sea bass Dicentrarchus labrax L.,Animal Genetics,Animal Genetics,Animal Genetics,39,6,623-634,Wiley,0268-9146,journal-article,55.0,113.0,Chistiakov,2008.0,"Chistiakov, D. A., C. S. Tsigenopoulos, J. Lagnel, Y. M. Guo, B. Hellemans, C. S. Haley, F. A. M. Volckaert, and G. Kotoulas. 2008. A combined AFLP and microsatellite linkage map and pilot comparative genomic analysis of European sea bass Dicentrarchus labrax L. Animal Genetics 39:623-634.",high,99.2063492063492,100.0,,,False,False,False
stocker2012,10.1534/g3.111.001354,https://doi.org/10.1534/g3.111.001354,"Stocker, Ann J; Rusuwa, Bosco B; Blacket, Mark J; Frentiu, Francesca D; Sullivan, Mitchell; Foley, Bradley R; Beatson, Scott; Hoffmann, Ary A; Chenoweth, Stephen F",9.0,2012,"Physical and Linkage Maps forDrosophila serrata, a Model Species for Studies of Clinal Adaptation and Sexual Selection",G3 Genes|Genomes|Genetics,G3: Genes|Genomes|Genetics,,2,2,287-297,Oxford University Press (OUP),2160-1836,journal-article,17.0,114.0,Stocker,2012.0,"Stocker, A. J., B. B. Rusuwa, M. J. Blacket, F. D. Frentiu, M. Sullivan, B. R. Foley, S. Beatson, A. A. Hoffmann, and S. F. Chenoweth. 2012. Physical and Linkage Maps for Drosophila serrata, a Model Species for Studies of Clinal Adaptation and Sexual Selection. G3-Genes Genomes Genetics 2:287-297.",high,100.0,100.0,,,False,False,False
heesch2010,10.1111/j.1469-8137.2010.03273.x,https://doi.org/10.1111/j.1469-8137.2010.03273.x,"Heesch, Svenja; Cho, Ga Youn; Peters, Akira F.; Le Corguillé, Gildas; Falentin, Cyril; Boutet, Gilles; Coëdel, Solène; Jubin, Claire; Samson, Gaelle; Corre, Erwan; Coelho, Susana M.; Mark Cock, J.",12.0,2010,A sequence‐tagged genetic map for the brown alga Ectocarpus siliculosus provides large‐scale assembly of the genome sequence,New Phytologist,New Phytologist,New Phytologist,188,1,42-51,Wiley,0028-646X,journal-article,58.0,115.0,Heesch,2010.0,"Heesch, S., G. Y. Cho, A. F. Peters, G. Le Corguille, C. Falentin, G. Boutet, S. Coedel, C. Jubin, G. Samson, E. Corre, S. M. Coelho, and J. M. Cock. 2010. A sequence-tagged genetic map for the brown alga Ectocarpus siliculosus provides large-scale assembly of the genome sequence. New",high,100.0,100.0,,,False,False,False
blake2011,10.1016/j.ijpara.2010.09.004,https://doi.org/10.1016/j.ijpara.2010.09.004,"Blake, Damer P.; Oakes, Richard; Smith, Adrian L.",3.0,2011,A genetic linkage map for the apicomplexan protozoan parasite Eimeria maxima and comparison with Eimeria tenella,International Journal for Parasitology,International Journal for Parasitology,International Journal for Parasitology,41,2,263-270,Elsevier BV,0020-7519,journal-article,11.0,116.0,Blake,2011.0,"Blake, D. P., R. Oakes, and A. L. Smith. 2011. A genetic linkage map for the apicomplexan protozoan parasite Eimeria maxima and comparison with Eimeria tenella. International Journal for Parasitology 41:263-270.",high,100.0,100.0,,,False,False,False
shirley2000,10.1101/gr.149200,https://doi.org/10.1101/gr.149200,"Shirley, Martin W.; Harvey, Dora A.",2.0,2000,A Genetic Linkage Map of the Apicomplexan Protozoan Parasite Eimeria tenella,Genome Research,Genome Research,Genome Res.,10,10,1587-1593,Cold Spring Harbor Laboratory,1088-9051,journal-article,55.0,117.0,Shirley,2000.0,"Shirley, M. W., and D. A. Harvey. 2000. A genetic linkage map of the apicomplexan protozoan parasite Eimeria tenella. Genome Research 10:1587-",high,100.0,100.0,,,False,False,False
ting2016,10.1186/s12864-016-2607-4,https://doi.org/10.1186/s12864-016-2607-4,"Ting, Ngoot-Chin; Yaakub, Zulkifli; Kamaruddin, Katialisa; Mayes, Sean; Massawe, Festo; Sambanthamurthi, Ravigadevi; Jansen, Johannes; Low, Leslie Eng Ti; Ithnin, Maizura; Kushairi, Ahmad; Arulandoo, Xaviar; Rosli, Rozana; Chan, Kuang-Lim; Amiruddin, Nadzirah; Sritharan, Kandha; Lim, Chin Ching; Nookiah, Rajanaidu; Amiruddin, Mohd Din; Singh, Rajinder",19.0,2016,Fine-mapping and cross-validation of QTLs linked to fatty acid composition in multiple independent interspecific crosses of oil palm,BMC Genomics,BMC Genomics,BMC Genomics,17,1,,Springer Science and Business Media LLC,1471-2164,journal-article,38.0,118.0,Ting,2016.0,"Ting, N. C., Z. Yaakub, K. Kamaruddin, S. Mayes, F. Massawe, R. Sambanthamurthi, J. Jansen, L. E. T. Low, M. Ithnin, A. Kushairi, X. Arulandoo, R. Rosli, K. L. Chan, N. Amiruddin, K. Sritharan, C. C. Lim, R. Nookiah, M. D. Amiruddin, and R. Singh. 2016. Fine-mapping and cross-validation of QTLs linked to fatty acid composition in multiple independent",high,100.0,100.0,,,False,False,False
montoya2013,10.1007/s11295-013-0629-5,https://doi.org/10.1007/s11295-013-0629-5,"Montoya, Carmenza; Lopes, Ricardo; Flori, Albert; Cros, David; Cuellar, Teresa; Summo, Maryline; Espeout, Sandra; Rivallan, Ronan; Risterucci, Ange-Marie; Bittencourt, Daniela; Zambrano, Jorge R.; Alarcón G, Wilmar H.; Villeneuve, Pierre; Pina, Michel; Nouy, Bruno; Amblard, Philippe; Ritter, Enrique; Leroy, Thierry; Billotte, Norbert",19.0,2013,Quantitative trait loci (QTLs) analysis of palm oil fatty acid composition in an interspecific pseudo-backcross from Elaeis oleifera (H.B.K.) Cortés and oil palm (Elaeis guineensis Jacq.),Tree Genetics & Genomes,Tree Genetics & Genomes,Tree Genetics & Genomes,9,5,1207-1225,Springer Science and Business Media LLC,1614-2942,journal-article,70.0,119.0,Montoya,2013.0,"Montoya, C., R. Lopes, A. Flori, D. Cros, T. Cuellar, M. Summo, S. Espeout, R. Rivallan, A. M. Risterucci, D. Bittencourt, J. R. Zambrano, W. H. Alarcon, P. Villeneuve, M. Pina, B. Nouy, P. Amblard, E. Ritter, T. Leroy, and N. Billotte. 2013. Quantitative trait loci (QTLs) analysis of palm oil fatty acid composition in an interspecific pseudo-backcross from Elaeis oleifera (HBK)",high,98.48484848484848,100.0,,,False,False,False
mott2011,10.1139/g11-045,https://doi.org/10.1139/g11-045,"Mott, Ivan W.; Larson, Steven R.; Jones, Thomas A.; Robins, Joseph G.; Jensen, Kevin B.; Peel, Michael D.",6.0,2011,A molecular genetic linkage map identifying the St and H subgenomes ofElymus(Poaceae: Triticeae) wheatgrass,Genome,Genome,Genome,54,10,819-828,Canadian Science Publishing,0831-2796,journal-article,10.0,120.0,Mott,2011.0,"Mott, I. W., S. R. Larson, T. A. Jones, J. G. Robins, K. B. Jensen, and M. D. Peel. 2011. A molecular genetic linkage map identifying the St and H subgenomes of Elymus (Poaceae: Triticeae) wheatgrass. Genome 54:819-",high,100.0,100.0,,,False,False,False
dor2014,10.1534/g3.114.011387,https://doi.org/10.1534/g3.114.011387,"Dor, Lior; Shirak, Andrey; Gorshkov, Sergei; Band, Mark R; Korol, Abraham; Ronin, Yefim; Curzon, Arie; Hulata, Gideon; Seroussi, Eyal; Ron, Micha",10.0,2014,Construction of a Microsatellites-Based Linkage Map for the White Grouper (Epinephelus aeneus),G3 Genes|Genomes|Genetics,G3: Genes|Genomes|Genetics,,4,8,1455-1464,Oxford University Press (OUP),2160-1836,journal-article,16.0,121.0,Dor,2014.0,"Dor, L., A. Shirak, S. Gorshkov, M. R. Band, A. Korol, Y. Ronin, A. Curzon, G. Hulata, E. Seroussi, and M. Ron. 2014. Construction of a Microsatellites-Based Linkage Map for the White Grouper (Epinephelus aeneus). G3-Genes",high,100.0,100.0,,,False,False,False
swinburne2006,10.1016/j.ygeno.2005.09.001,https://doi.org/10.1016/j.ygeno.2005.09.001,"Swinburne, June E.; Boursnell, Mike; Hill, Gemma; Pettitt, Louise; Allen, Twink; Chowdhary, Bhanu; Hasegawa, Telhisa; Kurosawa, Masahiko; Leeb, Tosso; Mashima, Suguru; Mickelson, James R.; Raudsepp, Terje; Tozaki, Teruaki; Binns, Matthew",14.0,2006,"Single linkage group per chromosome genetic linkage map for the horse, based on two three-generation, full-sibling, crossbred horse reference families",Genomics,Genomics,Genomics,87,1,1-29,Elsevier BV,0888-7543,journal-article,52.0,122.0,Swinburne,2006.0,"Swinburne, J. E., M. Boursnell, G. Hill, L. Pettitt, T. Allen, B. Chowdhary, T. Hasegawa, M. Kurosawa, T. Leeb, S. Mashima, J. R. Mickelson, T. Raudsepp, T. Tozaki, and M. Binns. 2006. Single linkage group per chromosome genetic linkage map for the horse, based on two three-",high_manual,,,accept,"Supplied by J. Stapley as ""ref 222""; verified against Crossref — the record is Swinburne et al. 2006 Genomics, which is reference 122 (Equus caballus), not 222.",False,False,False
zheng2013,10.1016/j.scienta.2013.03.030,https://doi.org/10.1016/j.scienta.2013.03.030,"Zheng, Yiqi; Guo, Hailin; Zang, Guozhang; Liu, Jianxiu",4.0,2013,Genetic linkage maps of centipedegrass [Eremochloa ophiuroides (Munro) Hack] based on sequence-related amplified polymorphism and expressed sequence tag-simple sequence repeat markers,Scientia Horticulturae,Scientia Horticulturae,Scientia Horticulturae,156,,86-92,Elsevier BV,0304-4238,journal-article,13.0,123.0,Zheng,2013.0,"Zheng, Y. Q., H. L. Guo, G. Z. Zang, and J. X. Liu. 2013. Genetic linkage maps of centipedegrass Eremochloa ophiuroides (Munro) Hack based on sequence-related amplified polymorphism and expressed sequence tag-simple sequence repeat markers. Scientia Horticulturae 156:86-92.",high,100.0,100.0,,,False,False,False
fukuda2016,10.1007/s11295-016-1040-9,https://doi.org/10.1007/s11295-016-1040-9,"Fukuda, Shinji; Ishimoto, Keiichiro; Sato, Shusei; Terakami, Shingo; Hiehata, Naofumi; Yamamoto, Toshiya",6.0,2016,A high-density genetic linkage map of bronze loquat based on SSR and RAPD markers,Tree Genetics & Genomes,Tree Genetics & Genomes,Tree Genetics & Genomes,12,4,,Springer Science and Business Media LLC,1614-2942,journal-article,6.0,124.0,Fukuda,2016.0,"Fukuda, S., K. Ishimoto, S. Sato, S. Terakami, N. Hiehata, and T. Yamamoto. 2016. A high-density genetic linkage map of bronze loquat based on SSR and RAPD markers. Tree Genetics & Genomes 12.",high,100.0,100.0,,,False,False,False
cui2015,10.1038/hdy.2015.26,https://doi.org/10.1038/hdy.2015.26,"Cui, Z; Hui, M; Liu, Y; Song, C; Li, X; Li, Y; Liu, L; Shi, G; Wang, S; Li, F; Zhang, X; Liu, C; Xiang, J; Chu, K H",14.0,2015,High-density linkage mapping aided by transcriptomics documents ZW sex determination system in the Chinese mitten crab Eriocheir sinensis,Heredity,Heredity,Heredity,115,3,206-215,Springer Science and Business Media LLC,0018-067X,journal-article,96.0,125.0,Cui,2015.0,"Cui, Z., M. Hui, Y. Liu, C. Song, X. Li, Y. Li, L. Liu, G. Shi, S. Wang, F. Li, X. Zhang, C. Liu, J. Xiang, and K. H. Chu. 2015. High-density linkage mapping aided by transcriptomics documents ZW sex determination system in the Chinese mitten crab Eriocheir sinensis. Heredity 115:206-215.",high,100.0,100.0,,,False,False,False
rondeau2014,10.1371/journal.pone.0102089,https://doi.org/10.1371/journal.pone.0102089,"Rondeau, Eric B.; Minkley, David R.; Leong, Jong S.; Messmer, Amber M.; Jantzen, Johanna R.; von Schalburg, Kristian R.; Lemon, Craig; Bird, Nathan H.; Koop, Ben F.",9.0,2014,The Genome and Linkage Map of the Northern Pike (Esox lucius): Conserved Synteny Revealed between the Salmonid Sister Group and the Neoteleostei,PLoS ONE,PLOS ONE,PLoS ONE,9,7,e102089,Public Library of Science (PLoS),1932-6203,journal-article,131.0,126.0,RONDEAU,2014.0,"Rondeau, E. B., D. R. Minkley, J. S. Leong, A. M. Messmer, J. R. Jantzen, K. R. von Schalburg, C. Lemon, N. H. Bird, and B. F. Koop. 2014. The Genome and Linkage Map of the Northern Pike (Esox lucius): Conserved Synteny Revealed between the Salmonid Sister Group and the Neoteleostei. Plos One",high,100.0,100.0,,,False,False,False
agrama2002,,,"Agrama, H. A., T. L. George, and S. F. Salah",,2002,Construction of genome map for Eucalyptus camaldulensis DEHN. Silvae Genetica 51:201-206,Silvae Genetica,Silvae Genetica,,51,,201-206,,,journal-article,,127.0,Agrama,2002.0,"Agrama, H. A., T. L. George, and S. F. Salah. 2002. Construction of genome map for Eucalyptus camaldulensis DEHN. Silvae Genetica 51:201-206.",unresolved,,,reject,Crossref returned an unrelated allelopathy thesis. Agrama 2002 Silvae Genetica likely has no DOI.,False,False,True
hudson2012,10.1186/1471-2164-13-240,https://doi.org/10.1186/1471-2164-13-240,"Hudson, Corey J; Freeman, Jules S; Kullan, Anand RK; Petroli, César D; Sansaloni, Carolina P; Kilian, Andrzej; Detering, Frank; Grattapaglia, Dario; Potts, Brad M; Myburg, Alexander A; Vaillancourt, René E",11.0,2012,A reference linkage map for Eucalyptus,BMC Genomics,BMC Genomics,BMC Genomics,13,1,240,Springer Science and Business Media LLC,1471-2164,journal-article,32.0,128.0,Hudson,2012.0,"Hudson, C. J., J. S. Freeman, A. R. K. Kullan, C. D. Petroli, C. P. Sansaloni, A. Kilian, F. Detering, D. Grattapaglia, B. M. Potts, A. A. Myburg, and R. E. Vaillancourt. 2012. A reference linkage map for Eucalyptus. Bmc Genomics",high,100.0,100.0,,,False,False,False
li2015a,10.1371/journal.pone.0145144,https://doi.org/10.1371/journal.pone.0145144,"Li, Fagen; Zhou, Changpin; Weng, Qijie; Li, Mei; Yu, Xiaoli; Guo, Yong; Wang, Yu; Zhang, Xiaohong; Gan, Siming",9.0,2015,Comparative Genomics Analyses Reveal Extensive Chromosome Colinearity and Novel Quantitative Trait Loci in Eucalyptus,PLOS ONE,PLOS ONE,PLoS ONE,10,12,e0145144,Public Library of Science (PLoS),1932-6203,journal-article,17.0,129.0,Li,2015.0,"Li, F. G., C. P. Zhou, Q. J. Weng, M. Li, X. L. Yu, Y. Guo, Y. Wang, X. H. Zhang, and S. M. Gan. 2015. Comparative Genomics Analyses Reveal Extensive Chromosome Colinearity and Novel Quantitative Trait Loci in",high,100.0,100.0,,,False,False,False
li2015b,10.1371/journal.pone.0145144,https://doi.org/10.1371/journal.pone.0145144,"Li, Fagen; Zhou, Changpin; Weng, Qijie; Li, Mei; Yu, Xiaoli; Guo, Yong; Wang, Yu; Zhang, Xiaohong; Gan, Siming",9.0,2015,Comparative Genomics Analyses Reveal Extensive Chromosome Colinearity and Novel Quantitative Trait Loci in Eucalyptus,PLOS ONE,PLOS ONE,PLoS ONE,10,12,e0145144,Public Library of Science (PLoS),1932-6203,journal-article,17.0,130.0,Li,2015.0,"Li, F. G., C. P. Zhou, Q. J. Weng, M. Li, X. L. Yu, Y. Guo, Y. Wang, X. H. Zhang, and S. M. Gan. 2015. Comparative Genomics Analyses Reveal Extensive Chromosome Colinearity and Novel Quantitative Trait Loci in",high,100.0,100.0,,,False,False,False
li2014a,10.3390/ijms15022053,https://doi.org/10.3390/ijms15022053,"Li, Yu; Wang, Dawei; Li, Zhouqi; Wei, Junkun; Jin, Cangfu; Liu, Minhao",6.0,2014,A Molecular Genetic Linkage Map of Eucommia ulmoides and Quantitative Trait Loci (QTL) Analysis for Growth Traits,International Journal of Molecular Sciences,International Journal of Molecular Sciences,IJMS,15,2,2053-2074,MDPI AG,1422-0067,journal-article,14.0,131.0,Li,2014.0,"Li, Y., D. W. Wang, Z. Q. Li, J. K. Wei, C. F. Jin, and M. H. Liu. 2014. A Molecular Genetic Linkage Map of Eucommia ulmoides and Quantitative Trait Loci ( QTL) Analysis for Growth Traits. International Journal of Molecular",high,100.0,100.0,,,False,False,False
yabe2014,10.1270/jsbbs.64.291,https://doi.org/10.1270/jsbbs.64.291,"Yabe, Shiori; Hara, Takashi; Ueno, Mariko; Enoki, Hiroyuki; Kimura, Tatsuro; Nishimura, Satoru; Yasui, Yasuo; Ohsawa, Ryo; Iwata, Hiroyoshi",9.0,2014,Rapid genotyping with DNA micro-arrays for high-density linkage mapping and QTL mapping in common buckwheat (Fagopyrum esculentum Moench),Breeding Science,Breeding Science,Breed. Sci.,64,4,291-299,Japanese Society of Breeding,1344-7610,journal-article,41.0,132.0,Yabe,2014.0,"Yabe, S., T. Hara, M. Ueno, H. Enoki, T. Kimura, S. Nishimura, Y. Yasui, R. Ohsawa, and H. Iwata. 2014. Rapid genotyping with DNA micro-arrays for high-density linkage mapping and QTL mapping in common buckwheat (Fagopyrum esculentum Moench). Breeding Science 64:291-299.",high,100.0,100.0,,,False,False,False
li2016,10.1534/g3.116.028746,https://doi.org/10.1534/g3.116.028746,"Li, Gang; Hillier, LaDeana W; Grahn, Robert A; Zimin, Aleksey V; David, Victor A; Menotti-Raymond, Marilyn; Middleton, Rondo; Hannah, Steven; Hendrickson, Sher; Makunin, Alex; O’Brien, Stephen J; Minx, Pat; Wilson, Richard K; Lyons, Leslie A; Warren, Wesley C; Murphy, William J",16.0,2016,A High-Resolution SNP Array-Based Linkage Map Anchors a New Domestic Cat Draft Genome Assembly and Provides Detailed Patterns of Recombination,G3 Genes|Genomes|Genetics,G3: Genes|Genomes|Genetics,,6,6,1607-1616,Oxford University Press (OUP),2160-1836,journal-article,51.0,133.0,Li,2016.0,"Li, G., L. W. Hillier, R. A. Grahn, A. V. Zimin, V. A. David, M. Menotti-Raymond, R. Middleton, S. Hannah, S. Hendrickson, A. Makunin, S. J. O'Brien, P. Minx, R. K. Wilson, L. A. Lyons, W. C. Warren, and W. J. Murphy. 2016. A High-Resolution SNP Array-Based Linkage Map Anchors a New Domestic Cat Draft Genome Assembly and Provides Detailed Patterns of",high,100.0,100.0,,,False,False,False
wang2012,10.1134/s102279541204014x,https://doi.org/10.1134/s102279541204014x,"Wang, W.; Tian, Y.; Kong, J.; Li, X.; Liu, X.; Yang, C.",6.0,2012,Integration genetic linkage map construction and several potential QTLs mapping of Chinese shrimp (Fenneropenaeus chinensis) based on three types of molecular markers,Russian Journal of Genetics,Russian Journal of Genetics,Russ J Genet,48,4,422-434,Pleiades Publishing Ltd,1022-7954,journal-article,10.0,134.0,Wang,2012.0,"Wang, W., Y. Tian, J. Kong, X. Li, X. Liu, and C. Yang. 2012. Integration genetic linkage map construction and several potential QTLs mapping of Chinese shrimp (Fenneropenaeus chinensis) based on three types of",high,100.0,100.0,,,False,False,False
dierking2015,10.3835/plantgenome2014.07.0032,https://doi.org/10.3835/plantgenome2014.07.0032,"Dierking, Ryan; Azhaguvel, Perumal; Kallenbach, Robert; Saha, Malay; Bouton, Joseph; Chekhovskiy, Konstantin; Kopecký, David; Hopkins, Andrew",8.0,2015,Linkage Maps of a Mediterranean × Continental Tall Fescue Population and their Comparative Analysis with Other Poaceae Species,The Plant Genome,The Plant Genome,The Plant Genome,8,1,,Wiley,1940-3372,journal-article,7.0,135.0,Dierking,2015.0,"Dierking, R., P. Azhaguvel, R. Kallenbach, M. Saha, J. Bouton, K. Chekhovskiy, D. Kopecky, and A. Hopkins. 2015. Linkage Maps of a Mediterranean x Continental Tall Fescue Population and their Comparative",high,98.87640449438204,100.0,,,False,False,False
backstrom2008,10.1534/genetics.108.088195,https://doi.org/10.1534/genetics.108.088195,"Backström, Niclas; Karaiskou, Nikoletta; Leder, Erica H; Gustafsson, Lars; Primmer, Craig R; Qvarnström, Anna; Ellegren, Hans",7.0,2008,A Gene-Based Genetic Linkage Map of the Collared Flycatcher (Ficedula albicollis) Reveals Extensive Synteny and Gene-Order Conservation During 100 Million Years of Avian Evolution,Genetics,Genetics,,179,3,1479-1495,Oxford University Press (OUP),1943-2631,journal-article,84.0,136.0,Backstrom,2008.0,"Backstrom, N., N. Karaiskou, E. H. Leder, L. Gustafsson, C. R. Primmer, A. Qvarnstrom, and H. Ellegren. 2008. A gene-based genetic linkage map of the collared flycatcher (Ficedula albicollis) reveals extensive synteny and gene-order conservation during 100 million years of avian evolution. Genetics",high,100.0,94.73684210526316,,,False,False,False
mahoney2016,10.3835/plantgenome2015.08.0071,https://doi.org/10.3835/plantgenome2015.08.0071,"Mahoney, Lise L.; Sargent, Daniel J.; Abebe‐Akele, F.; Wood, Dave J.; Ward, Judson A.; Bassil, Nahla V.; Hancock, James F.; Folta, Kevin M.; Davis, Thomas M.",9.0,2016,"A High‐Density Linkage Map of the Ancestral Diploid Strawberry, Fragaria iinumae , Constructed with Single Nucleotide Polymorphism Markers from the IStraw90 Array and Genotyping by Sequencing",The Plant Genome,The Plant Genome,The Plant Genome,9,2,,Wiley,1940-3372,journal-article,23.0,137.0,Mahoney,2016.0,"Mahoney, L. L., D. J. Sargent, F. Abebe-Akele, D. J. Wood, J. A. Ward, N. V. Bassil, J. F. Hancock, K. M. Folta, and T. M. Davis. 2016. A High-Density Linkage Map of the Ancestral Diploid Strawberry, Fragaria iinumae, Constructed with Single Nucleotide Polymorphism Markers from the IStraw90",high,100.0,100.0,,,False,False,False
davik2015,10.1371/journal.pone.0137746,https://doi.org/10.1371/journal.pone.0137746,"Davik, Jahn; Sargent, Daniel James; Brurberg, May Bente; Lien, Sigbjørn; Kent, Matthew; Alsheikh, Muath",6.0,2015,"A ddRAD Based Linkage Map of the Cultivated Strawberry, Fragaria xananassa",PLOS ONE,PLOS ONE,PLoS ONE,10,9,e0137746,Public Library of Science (PLoS),1932-6203,journal-article,47.0,138.0,Davik,2015.0,"Davik, J., D. J. Sargent, M. B. Brurberg, S. Lien, M. Kent, and M. Alsheikh. 2015. A ddRAD Based Linkage Map of the Cultivated Strawberry, Fragaria",high,100.0,100.0,,,False,False,False
sargent2016,10.1016/j.plantsci.2015.07.004,https://doi.org/10.1016/j.plantsci.2015.07.004,"Sargent, D.J.; Yang, Y.; Šurbanovski, N.; Bianco, L.; Buti, M.; Velasco, R.; Giongo, L.; Davis, T.M.",8.0,2016,"HaploSNP affinities and linkage map positions illuminate subgenome composition in the octoploid, cultivated strawberry ( Fragaria×ananassa )",Plant Science,Plant Science,Plant Science,242,,140-150,Elsevier BV,0168-9452,journal-article,64.0,139.0,Sargent,2016.0,"Sargent, D. J., Y. Yang, N. Surbanovski, L. Bianco, M. Buti, R. Velasco, L. Giongo, and T. M. Davis. 2016. HaploSNP affinities and linkage map positions illuminate subgenome composition in the octoploid, cultivated",high,100.0,100.0,,,False,False,False
devos2007,10.1016/j.fgb.2007.02.007,https://doi.org/10.1016/j.fgb.2007.02.007,"De Vos, L.; Myburg, A.A.; Wingfield, M.J.; Desjardins, A.E.; Gordon, T.R.; Wingfield, B.D.",6.0,2007,Complete genetic linkage maps from an interspecific cross between Fusarium circinatum and Fusarium subglutinans,Fungal Genetics and Biology,Fungal Genetics and Biology,Fungal Genetics and Biology,44,8,701-714,Elsevier BV,1087-1845,journal-article,32.0,140.0,DeVos,2007.0,"De Vos, L., A. A. Myburg, M. J. Wingfield, A. E. Desjardins, T. R. Gordon, and B. D. Wingfield. 2007. Complete genetic linkage maps from an interspecific cross between Fusarium circinatum and Fusarium subglutinans. Fungal",high,100.0,90.9090909090909,,,False,False,False
lee2008,10.1128/aem.01866-07,https://doi.org/10.1128/aem.01866-07,"Lee, Jungkwan; Jurgenson, James E.; Leslie, John F.; Bowden, Robert L.",4.0,2008,Alignment of Genetic and Physical Maps of Gibberella zeae,Applied and Environmental Microbiology,Applied and Environmental Microbiology,Appl Environ Microbiol,74,8,2349-2359,American Society for Microbiology,0099-2240,journal-article,29.0,141.0,Lee,2008.0,"Lee, J., J. E. Jurgenson, J. F. Leslie, and R. L. Bowden. 2008. Alignment of genetic and physical maps of Gibberella zeae. Applied and Environmental",high,100.0,100.0,,,False,False,False
teunissen2003,10.1007/s00438-003-0825-3,https://doi.org/10.1007/s00438-003-0825-3,"Teunissen, H. A. S.; Rep, M.; Houterman, P. M.; Cornelissen, B. J. C.; Haring, M. A.",5.0,2003,Construction of a mitotic linkage map of Fusarium oxysporum based on Foxy -AFLPs,Molecular Genetics and Genomics,Molecular Genetics and Genomics,Mol Gen Genomics,269,2,215-226,Springer Science and Business Media LLC,1617-4615,journal-article,22.0,142.0,Teunissen,2003.0,"Teunissen, H. A. S., M. Rep, P. M. Houterman, B. J. C. Cornelissen, and M. A. Haring. 2003. Construction of a mitotic linkage map of Fusarium oxysporum based on Foxy-AFLPs. Molecular Genetics and Genomics",high,100.0,100.0,,,False,False,False
jurgenson2002,10.1128/aem.68.4.1972-1979.2002,https://doi.org/10.1128/aem.68.4.1972-1979.2002,"Jurgenson, James E.; Zeller, Kurt A.; Leslie, John F.",3.0,2002,Expanded Genetic Map of Gibberella moniliformis ( Fusarium verticillioides ),Applied and Environmental Microbiology,Applied and Environmental Microbiology,Appl Environ Microbiol,68,4,1972-1979,American Society for Microbiology,0099-2240,journal-article,50.0,143.0,Jurgenson,2002.0,"Jurgenson, J. E., K. A. Zeller, and J. F. Leslie. 2002. Expanded genetic map of Gibberella moniliformis (Fusarium verticillioides). Applied and",high,100.0,100.0,,,False,False,False
hubert2010,10.1186/1471-2164-11-191,https://doi.org/10.1186/1471-2164-11-191,"Hubert, Sophie; Higgins, Brent; Borza, Tudor; Bowman, Sharen",4.0,2010,Development of a SNP resource and a genetic linkage map for Atlantic cod (Gadus morhua),BMC Genomics,BMC Genomics,BMC Genomics,11,1,,Springer Science and Business Media LLC,1471-2164,journal-article,116.0,144.0,Hubert,2010.0,"Hubert, S., B. Higgins, T. Borza, and S. Bowman. 2010. Development of a SNP resource and a genetic linkage map for Atlantic cod (Gadus morhua).",high,100.0,100.0,,,False,False,False
pengelly2016,10.1038/hdy.2016.47,https://doi.org/10.1038/hdy.2016.47,"Pengelly, R J; Gheyas, A A; Kuo, R; Mossotto, E; Seaby, E G; Burt, D W; Ennis, S; Collins, A",8.0,2016,Commercial chicken breeds exhibit highly divergent patterns of linkage disequilibrium,Heredity,Heredity,Heredity,117,5,375-382,Springer Science and Business Media LLC,0018-067X,journal-article,14.0,145.0,Pengelly,2016.0,"Pengelly, R. J., A. A. Gheyas, R. Kuo, E. Mossotto, E. G. Seaby, D. W. Burt, S. Ennis, and A. Collins. 2016. Commercial chicken breeds exhibit highly divergent patterns of linkage disequilibrium. Heredity 117:375-382.",high,100.0,100.0,,,False,False,False
rastas2015,10.1093/gbe/evv250,https://doi.org/10.1093/gbe/evv250,"Rastas, Pasi; Calboli, Federico C. F.; Guo, Baocheng; Shikano, Takahito; Merilä, Juha",5.0,2015,Construction of Ultradense Linkage Maps with Lep-MAP2: Stickleback F2Recombinant Crosses as an Example,Genome Biology and Evolution,Genome Biology and Evolution,Genome Biol Evol,8,1,78-93,Oxford University Press (OUP),1759-6653,journal-article,108.0,146.0,Rastas,2016.0,"Rastas, P., F. C. F. Calboli, B. C. Guo, T. Shikano, and J. Merila. 2016. Construction of Ultradense Linkage Maps with Lep-MAP2: Stickleback F-2 Recombinant Crosses as an Example. Genome Biology and Evolution 8:78-",high,100.0,100.0,,,True,False,False
nakatsuka2012,10.1186/1471-2164-13-672,https://doi.org/10.1186/1471-2164-13-672,"Nakatsuka, Takashi; Yamada, Eri; Saito, Misa; Hikage, Takashi; Ushiku, Yuka; Nishihara, Masahiro",6.0,2012,Construction of the first genetic linkage map of Japanese gentian (Gentianaceae),BMC Genomics,BMC Genomics,BMC Genomics,13,1,,Springer Science and Business Media LLC,1471-2164,journal-article,14.0,147.0,Nakatsuka,2012.0,"Nakatsuka, T., E. Yamada, M. Saito, T. Hikage, Y. Ushiku, and M. Nishihara. 2012. Construction of the first genetic linkage map of Japanese gentian (Gentianaceae). Bmc Genomics 13.",high,100.0,100.0,,,False,False,False
vandervoort1999,10.1007/s004380051051,https://doi.org/10.1007/s004380051051,"van der Voort, J. N. A. M. Rouppe; van Eck, H. J.; van Zandvoort, P. M.; Overmars, H.; Helder, J.; Bakker, J.",6.0,1999,Linkage analysis by genotyping of sibling populations: a genetic map for the potato cyst nematode constructed using a “pseudo-F2” mapping strategy,Molecular and General Genetics MGG,Molecular and General Genetics MGG,Mol Gen Genet,261,6,1021-1031,Springer Science and Business Media LLC,0026-8925,journal-article,17.0,148.0,vanderVoort,1999.0,"van der Voort, J., H. J. van Eck, P. M. van Zandvoort, H. Overmars, J. Helder, and J. Bakker. 1999. Linkage analysis by genotyping of sibling populations: a genetic map for the potato cyst nematode constructed using a ""pseudo-F2"" mapping strategy. Molecular and General Genetics 261:1021-1031.",high,100.0,91.66666666666666,,,False,False,False
song2016,10.1186/s12864-015-2344-0,https://doi.org/10.1186/s12864-015-2344-0,"Song, Qijian; Jenkins, Jerry; Jia, Gaofeng; Hyten, David L.; Pantalone, Vince; Jackson, Scott A.; Schmutz, Jeremy; Cregan, Perry B.",8.0,2016,Construction of high resolution genetic linkage maps to improve the soybean genome sequence assembly Glyma1.01,BMC Genomics,BMC Genomics,BMC Genomics,17,1,,Springer Science and Business Media LLC,1471-2164,journal-article,122.0,149.0,Song,2016.0,"Song, Q. J., J. Jenkins, G. F. Jia, D. L. Hyten, V. Pantalone, S. A. Jackson, J. Schmutz, and P. B. Cregan. 2016. Construction of high resolution genetic linkage maps to improve the soybean genome sequence assembly",high,100.0,100.0,,,False,False,False
shi2014,10.1111/jipb.12288,https://doi.org/10.1111/jipb.12288,"Shi, Yuzhen; Li, Wentan; Li, Aiguo; Ge, Ruihua; Zhang, Baocai; Li, Junzhi; Liu, Guangping; Li, Junwen; Liu, Aiying; Shang, Haihong; Gong, Juwu; Gong, Wankui; Yang, Zemao; Tang, Feiyü; Liu, Zhi; Zhu, Weiping; Jiang, Jianxiong; Yu, Xiaonan; Wang, Tao; Wang, Wei; Chen, Tingting; Wang, Kunbo; Zhang, Zhengsheng; Yuan, Youlu",24.0,2014,Constructing a high‐density linkage map for Gossypium hirsutum × Gossypium barbadense and identifying QTLs for lint percentage,Journal of Integrative Plant Biology,Journal of Integrative Plant Biology,JIPB,57,5,450-467,Wiley,1672-9072,journal-article,67.0,150.0,Shi,2016.0,"Shi, Y. Z., W. T. Li, A. G. Li, R. H. Ge, B. C. Zhang, J. Z. Li, G. P. Liu, J. W. Li, A. Y. Liu, H. H. Shang, J. W. Gong, W. K. Gong, Z. M. Yang, F. Y. Tang, Z. Liu, W. P. Zhu, J. X. Jiang, X. N. Yu, T. Wang, W. Wang, T. T. Chen, K. B. Wang, Z. S. Zhang, and Y. L. Yuan. 2015. Constructing a high-density linkage map for Gossypium hirsutum x Gossypium barbadense and identifying QTLs",high_manual,98.94736842105264,100.0,accept,Exact title/author match; SI year 2016 vs actual 2014.,True,False,False
jia2016,10.1186/s12864-016-3269-y,https://doi.org/10.1186/s12864-016-3269-y,"Jia, Xiaoyun; Pang, Chaoyou; Wei, Hengling; Wang, Hantao; Ma, Qifeng; Yang, Jilong; Cheng, Shuaishuai; Su, Junji; Fan, Shuli; Song, Meizhen; Wusiman, Nusireti; Yu, Shuxun",12.0,2016,High-density linkage map construction and QTL analysis for earliness-related traits in Gossypium hirsutum L,BMC Genomics,BMC Genomics,BMC Genomics,17,1,,Springer Science and Business Media LLC,1471-2164,journal-article,57.0,151.0,Jia,2016.0,"Jia, X. Y., C. Y. Pang, H. L. Wei, H. T. Wang, Q. F. Ma, J. L. Yang, S. S. Cheng, J. J. Su, S. L. Fan, M. Z. Song, N. Wusiman, and S. X. Yu. 2016. High-density linkage map construction and QTL analysis for earliness-related traits",high,100.0,100.0,,,False,False,False
wang2013,10.1534/g3.113.006890,https://doi.org/10.1534/g3.113.006890,"Wang, Zining; Zhang, Dong; Wang, Xiyin; Tan, Xu; Guo, Hui; Paterson, Andrew H",6.0,2013,A Whole-Genome DNA Marker Map for Cotton Based on the D-Genome Sequence of Gossypium raimondii L.,G3 Genes|Genomes|Genetics,G3: Genes|Genomes|Genetics,,3,10,1759-1767,Oxford University Press (OUP),2160-1836,journal-article,32.0,152.0,Wang,2013.0,"Wang, Z. N., D. Zhang, X. Y. Wang, X. Tan, H. Guo, and A. H. Paterson. 2013. A Whole-Genome DNA Marker Map for Cotton Based on the D-Genome Sequence of Gossypium raimondii L. G3-Genes Genomes Genetics",high,98.88888888888889,100.0,,,False,False,False
hou2013,10.1007/s12041-013-0286-3,https://doi.org/10.1007/s12041-013-0286-3,"HOU, MEIYING; CAI, CAIPING; ZHANG, SHUWEN; GUO, WANGZHEN; ZHANG, TIANZHEN; ZHOU, BAOLIANG",6.0,2013,Construction of microsatellite-based linkage map and mapping of nectarilessness and hairiness genes in Gossypium tomentosum,Journal of Genetics,Journal of Genetics,J Genet,92,3,445-459,Springer Science and Business Media LLC,0022-1333,journal-article,13.0,153.0,Hou,2013.0,"Hou, M. Y., C. P. Cai, S. W. Zhang, W. Z. Guo, T. Z. Zhang, and B. L. Zhou. 2013. Construction of microsatellite-based linkage map and mapping of nectarilessness and hairiness genes in Gossypium tomentosum. Journal of",high,100.0,100.0,,,False,False,False
ren2016,10.1016/j.aquaculture.2015.12.026,https://doi.org/10.1016/j.aquaculture.2015.12.026,"Ren, Peng; Peng, Wenzhu; You, Weiwei; Huang, Zekun; Guo, Qing; Chen, Nan; He, Peiru; Ke, Jinwei; Gwo, Jin-Chywan; Ke, Caihuan",10.0,2016,Genetic mapping and quantitative trait loci analysis of growth-related traits in the small abalone Haliotis diversicolor using restriction-site-associated DNA sequencing,Aquaculture,Aquaculture,Aquaculture,454,,163-170,Elsevier BV,0044-8486,journal-article,37.0,154.0,Ren,2016.0,"Ren, P., W. Z. Peng, W. W. You, Z. K. Huang, Q. Guo, N. Chen, P. R. He, J. W. Ke, J. C. Gwo, and C. H. Ke. 2016. Genetic mapping and quantitative trait loci analysis of growth-related traits in the small abalone Haliotis diversicolor using restriction-site-associated DNA sequencing. Aquaculture 454:163-170.",high,100.0,100.0,,,False,False,False
vervalle2013,10.2983/035.032.0115,https://doi.org/10.2983/035.032.0115,"Vervalle, Jessica; Hepple, Juli-Ann; Jansen, Suzaan; Plessis, Jana Du; Wang, Peizheng; Rhode, Clint; Roodt-Wilding, Rouvay",7.0,2013,Integrated Linkage Map ofHaliotis midaeLinnaeus Based on Microsatellite and SNP Markers,Journal of Shellfish Research,Journal of Shellfish Research,Journal of Shellfish Research,32,1,89-103,National Shellfisheries Association,0730-8000,journal-article,12.0,155.0,Vervalle,2013.0,"Vervalle, J., J. A. Hepple, S. Jansen, J. Du Plessis, P. Z. Wang, C. Rhode, and R. Roodt-Wilding. 2013. INTEGRATED LINKAGE MAP OF HALIOTIS MIDAE LINNAEUS BASED ON MICROSATELLITE AND SNP MARKERS.",high,100.0,100.0,,,False,False,False
henning2014,10.1111/mec.12860,https://doi.org/10.1111/mec.12860,"Henning, Frederico; Lee, Hyuk Je; Franchini, Paolo; Meyer, Axel",4.0,2014,Genetic mapping of horizontal stripes in Lake Victoria cichlid fishes: benefits and pitfalls of using RAD markers for dense linkage mapping,Molecular Ecology,Molecular Ecology,Molecular Ecology,23,21,5224-5240,Wiley,0962-1083,journal-article,58.0,156.0,Henning,2017.0,"Henning, F., H. J. Lee, P. Franchini, and A. Meyer. 2014. Genetic mapping of horizontal stripes in Lake Victoria cichlid fishes: benefits and pitfalls of using RAD markers for dense linkage mapping. Molecular Ecology 23:5224-5240.",high_manual,100.0,100.0,accept,Exact title/author match; SI year 2017 vs actual 2014 (SI 156/157 years are swapped).,True,False,False
henning2017,10.1111/evo.13206,https://doi.org/10.1111/evo.13206,"Henning, Frederico; Machado-Schiaffino, Gonzalo; Baumgarten, Lukas; Meyer, Axel",4.0,2017,Genetic dissection of adaptive form and function in rapidly speciating cichlid fishes,Evolution,Evolution,Evolution,71,5,1297-1312,Oxford University Press (OUP),0014-3820,journal-article,35.0,157.0,Henning,2014.0,"Henning, F., G. Machado-Schiaffino, L. Baumgarten, and A. Meyer. 2017. Genetic dissection of adaptive form and function in rapidly-speciating cichlid",high_manual,100.0,100.0,accept,Exact title/author match; SI year 2014 vs actual 2017 (swapped with 156).,True,False,False
celik2016,10.1007/s11032-016-0558-8,https://doi.org/10.1007/s11032-016-0558-8,"Celik, Ibrahim; Bodur, Sabahattin; Frary, Anne; Doganlar, Sami",4.0,2016,Genome-wide SNP discovery and genetic linkage map construction in sunflower (Helianthus annuus L.) using a genotyping by sequencing (GBS) approach,Molecular Breeding,Molecular Breeding,Mol Breeding,36,9,,Springer Science and Business Media LLC,1380-3743,journal-article,25.0,158.0,Celik,2016.0,"Celik, I., S. Bodur, A. Frary, and S. Doganlar. 2016. Genome-wide SNP discovery and genetic linkage map construction in sunflower (Helianthus annuus L.) using a genotyping by sequencing (GBS) approach. Molecular",high,100.0,100.0,,,False,False,False
davey2016,10.1534/g3.115.023655,https://doi.org/10.1534/g3.115.023655,"Davey, John W; Chouteau, Mathieu; Barker, Sarah L; Maroja, Luana; Baxter, Simon W; Simpson, Fraser; Merrill, Richard M; Joron, Mathieu; Mallet, James; Dasmahapatra, Kanchon K; Jiggins, Chris D",11.0,2016,Major Improvements to the Heliconius melpomene Genome Assembly Used to Confirm 10 Chromosome Fusion Events in 6 Million Years of Butterfly Evolution,G3 Genes|Genomes|Genetics,G3: Genes|Genomes|Genetics,,6,3,695-708,Oxford University Press (OUP),2160-1836,journal-article,152.0,159.0,Davey,2016.0,"Davey, J. W., M. Chouteau, S. L. Barker, L. Maroja, S. W. Baxter, F. Simpson, M. Joron, J. Mallet, K. K. Dasmahapatra, and C. D. Jiggins. 2016. Major Improvements to the Heliconius melpomene Genome Assembly Used to Confirm 10 Chromosome Fusion Events in 6 Million Years of Butterfly",high,100.0,100.0,,,False,False,False
atibalentja2005,10.1007/s00438-005-1125-x,https://doi.org/10.1007/s00438-005-1125-x,"Atibalentja, N.; Bekal, S.; Domier, L. L.; Niblack, T. L.; Noel, G. R.; Lambert, K. N.",6.0,2005,A genetic linkage map of the soybean cyst nematode Heterodera glycines,Molecular Genetics and Genomics,Molecular Genetics and Genomics,Mol Genet Genomics,273,3,273-281,Springer Science and Business Media LLC,1617-4615,journal-article,18.0,160.0,Atibalentja,2005.0,"Atibalentja, N., S. Bekal, L. L. Domier, T. L. Niblack, G. R. Noel, and K. N. Lambert. 2005. A genetic linkage map of the soybean cyst nematode Heterodera glycines. Molecular Genetics and Genomics 273:273-281.",high,100.0,100.0,,,False,False,False
shearman2015,10.1371/journal.pone.0121961,https://doi.org/10.1371/journal.pone.0121961,"Shearman, Jeremy R.; Sangsrakru, Duangjai; Jomchai, Nukoon; Ruang-areerate, Panthita; Sonthirod, Chutima; Naktang, Chaiwat; Theerawattanasuk, Kanikar; Tragoonrung, Somvong; Tangphatsornruang, Sithichoke",9.0,2015,SNP Identification from RNA Sequencing and Linkage Map Construction of Rubber Tree for Anchoring the Draft Genome,PLOS ONE,PLOS ONE,PLoS ONE,10,4,e0121961,Public Library of Science (PLoS),1932-6203,journal-article,37.0,161.0,Shearman,2015.0,"Shearman, J. R., D. Sangsrakru, N. Jomchai, P. Ruang-Areerate, C. Sonthirod, C. Naktang, K. Theerawattanasuk, S. Tragoonrung, and S. Tangphatsornruang. 2015. SNP Identification from RNA Sequencing and Linkage Map Construction of Rubber Tree for Anchoring the Draft Genome.",high,100.0,100.0,,,False,False,False
chen2011,10.1111/j.1439-0523.2011.01879.x,https://doi.org/10.1111/j.1439-0523.2011.01879.x,"Chen, Mei‐xia; Wei, Cheng‐lin; Qi, Jian‐min; Chen, Xing‐bo; Su, Jian‐guang; Li, Ai‐Qing; Tao, Ai‐fen; Wu, Wei‐ren",8.0,2011,"Genetic linkage map construction for kenaf using SRAP, ISSR and RAPD markers",Plant Breeding,Plant Breeding,Plant Breeding,130,6,679-687,Wiley,0179-9541,journal-article,20.0,162.0,Chen,2011.0,"Chen, M. X., C. L. Wei, J. M. Qi, X. B. Chen, J. G. Su, A. Q. Li, A. F. Tao, and W. R. Wu. 2011. Genetic linkage map construction for kenaf using SRAP, ISSR and RAPD markers. Plant Breeding 130:679-687.",high,100.0,100.0,,,False,False,False
shirasawa2014,10.1093/aob/mcu249,https://doi.org/10.1093/aob/mcu249,"Shirasawa, Kenta; Hand, Melanie L.; Henderson, Steven T.; Okada, Takashi; Johnson, Susan D.; Taylor, Jennifer M.; Spriggs, Andrew; Siddons, Hayley; Hirakawa, Hideki; Isobe, Sachiko; Tabata, Satoshi; Koltunow, Anna M. G.",12.0,2014,A reference genetic linkage map of apomictic Hieracium species based on expressed markers derived from developing ovule transcripts,Annals of Botany,Annals of Botany,,115,4,567-580,Oxford University Press (OUP),1095-8290,journal-article,12.0,163.0,Shirasawa,2015.0,"Shirasawa, K., M. L. Hand, S. T. Henderson, T. Okada, S. D. Johnson, J. M. Taylor, A. Spriggs, H. Siddons, H. Hirakawa, S. Isobe, S. Tabata, and A. M. G. Koltunow. 2015. A reference genetic linkage map of apomictic Hieracium species based on expressed markers derived from developing ovule",high,100.0,100.0,,,True,False,False
palaiokostas2013,10.1186/1471-2164-14-566,https://doi.org/10.1186/1471-2164-14-566,"Palaiokostas, Christos; Bekaert, Michaël; Davie, Andrew; Cowan, Mairi E; Oral, Münevver; Taggart, John B; Gharbi, Karim; McAndrew, Brendan J; Penman, David J; Migaud, Hervé",10.0,2013,Mapping the sex determination locus in the Atlantic halibut (Hippoglossus hippoglossus) using RAD sequencing,BMC Genomics,BMC Genomics,BMC Genomics,14,1,,Springer Science and Business Media LLC,1471-2164,journal-article,133.0,164.0,Palaiokostas,2013.0,"Palaiokostas, C., M. Bekaert, A. Davie, M. E. Cowan, M. Oral, J. B. Taggart, K. Gharbi, B. J. McAndrew, D. J. Penman, and H. Migaud. 2013. Mapping the sex determination locus in the Atlantic halibut (Hippoglossus hippoglossus)",high,100.0,100.0,,,False,False,False
zhou2016a,10.1186/s12863-016-0438-6,https://doi.org/10.1186/s12863-016-0438-6,"Zhou, Hong; Liu, Shihang; Liu, Yujiao; Liu, Yaxi; You, Jing; Deng, Mei; Ma, Jian; Chen, Guangdeng; Wei, Yuming; Liu, Chunji; Zheng, Youliang",11.0,2016,Mapping and validation of major quantitative trait loci for kernel length in wild barley (Hordeum vulgare ssp. spontaneum),BMC Genetics,BMC Genetics,BMC Genet,17,1,,Springer Science and Business Media LLC,1471-2156,journal-article,27.0,165.0,Zhou,2016.0,"Zhou, H., S. H. Liu, Y. J. Liu, Y. X. Liu, J. You, M. Deng, J. Ma, G. D. Chen, Y. M. Wei, C. J. Liu, and Y. L. Zheng. 2016. Mapping and validation of major quantitative trait loci for kernel length in wild barley (Hordeum vulgare ssp",high,100.0,100.0,,,False,False,False
henning2015,10.1007/s10681-015-1356-9,https://doi.org/10.1007/s10681-015-1356-9,"Henning, J. A.; Gent, D. H.; Twomey, M. C.; Townsend, M. S.; Pitra, N. J.; Matthews, P. D.",6.0,2015,Precision QTL mapping of downy mildew resistance in hop (Humulus lupulus L.),Euphytica,Euphytica,Euphytica,202,3,487-498,Springer Science and Business Media LLC,0014-2336,journal-article,35.0,166.0,Henning,2015.0,"Henning, J. A., D. H. Gent, M. C. Twomey, M. S. Townsend, N. J. Pitra, and P. D. Matthews. 2015. Precision QTL mapping of downy mildew resistance in hop (Humulus lupulus L.). Euphytica 202:487-498.",high,100.0,100.0,,,False,False,False
brelsford2015,10.1038/hdy.2015.83,https://doi.org/10.1038/hdy.2015.83,"Brelsford, A; Dufresnes, C; Perrin, N",3.0,2015,High-density sex-specific linkage maps of a European tree frog (Hyla arborea) identify the sex chromosome without information on offspring sex,Heredity,Heredity,Heredity,116,2,177-181,Springer Science and Business Media LLC,0018-067X,journal-article,139.0,167.0,Brelsford,2016.0,"Brelsford, A., C. Dufresnes, and N. Perrin. 2016. High-density sex-specific linkage maps of a European tree frog (Hyla arborea) identify the sex chromosome without information on offspring sex. Heredity 116:177-181.",high,100.0,100.0,,,True,False,False
guo2013,10.1016/j.aquaculture.2013.06.027,https://doi.org/10.1016/j.aquaculture.2013.06.027,"Guo, Wenjie; Tong, Jingou; Yu, Xiaomu; Zhu, Chuankun; Feng, Xiu; Fu, Beide; He, Shunping; Zeng, Fanzhen; Wang, Xinhua; Liu, Haiyang; Liu, Lusha",11.0,2013,A second generation genetic linkage map for silver carp (Hypophthalmichehys molitrix) using microsatellite markers,Aquaculture,Aquaculture,Aquaculture,412-413,,97-106,Elsevier BV,0044-8486,journal-article,27.0,168.0,Guo,2013.0,"Guo, W. J., J. G. Tong, X. M. Yu, C. K. Zhu, X. Feng, B. D. Fu, S. P. He, F. Z. Zeng, X. H. Wang, H. Y. Liu, and L. S. Liu. 2013. A second generation genetic linkage map for silver carp (Hypophthalmichehys molitrix) using microsatellite",high,100.0,100.0,,,False,False,False
bai2016,10.1038/srep32608,https://doi.org/10.1038/srep32608,"Bai, Zhi-Yi; Han, Xue-Kai; Liu, Xiao-Jun; Li, Qing-Qing; Li, Jia-Le",5.0,2016,Construction of a high-density genetic map and QTL mapping for pearl quality-related traits in Hyriopsis cumingii,Scientific Reports,Scientific Reports,Sci Rep,6,1,,Springer Science and Business Media LLC,2045-2322,journal-article,31.0,169.0,Bai,2016.0,"Bai, Z. Y., X. K. Han, X. J. Liu, Q. Q. Li, and J. L. Li. 2016. Construction of a high-density genetic map and QTL mapping for pearl quality-related traits in Hyriopsis cumingii. Scientific Reports 6.",high,100.0,100.0,,,False,False,False
liu2015a,10.1111/age.12372,https://doi.org/10.1111/age.12372,"Liu, S.; Li, Y.; Qin, Z.; Geng, X.; Bao, L.; Kaltenboeck, L.; Kucuktas, H.; Dunham, R.; Liu, Z.",9.0,2015,High‐density interspecific genetic linkage mapping provides insights into genomic incompatibility between channel catfish and blue catfish,Animal Genetics,Animal Genetics,Animal Genetics,47,1,81-90,Wiley,0268-9146,journal-article,36.0,170.0,Liu,2016.0,"Liu, S., Y. Li, Z. Qin, X. Geng, L. Bao, L. Kaltenboeck, H. Kucuktas, R. Dunham, and Z. Liu. 2016. High-density interspecific genetic linkage mapping provides insights into genomic incompatibility between channel catfish and",high,100.0,100.0,,,True,False,False
zhao2013b,10.1007/s11032-013-9908-y,https://doi.org/10.1007/s11032-013-9908-y,"Zhao, Ning; Yu, Xiaoxia; Jie, Qin; Li, Hui; Li, Hua; Hu, Jun; Zhai, Hong; He, Shaozhen; Liu, Qingchang",9.0,2013,A genetic linkage map based on AFLP and SSR markers and mapping of QTL for dry-matter content in sweetpotato,Molecular Breeding,Molecular Breeding,Mol Breeding,32,4,807-820,Springer Science and Business Media LLC,1380-3743,journal-article,71.0,171.0,Zhao,2013.0,"Zhao, N., X. X. Yu, Q. Jie, H. Li, H. Li, J. Hu, H. Zhai, S. Z. He, and Q. C. Liu. 2013. A genetic linkage map based on AFLP and SSR markers and mapping of QTL for dry-matter content in sweetpotato. Molecular Breeding 32:807-820.",high,100.0,100.0,,,False,False,False
ullmann2003,10.1046/j.1365-2583.2003.00402.x,https://doi.org/10.1046/j.1365-2583.2003.00402.x,"Ullmann, A. J.; Piesman, J.; Dolan, M. C.; IV, W. C. Black",4.0,2003,"A preliminary linkage map of the hard tick, Ixodes scapularis",Insect Molecular Biology,Insect Molecular Biology,Insect Molecular Biology,12,2,201-210,Wiley,0962-1075,journal-article,14.0,172.0,Ullmann,2003.0,"Ullmann, A. J., J. Piesman, M. C. Dolan, and W. C. Black. 2003. A preliminary linkage map of the hard tick, Ixodes scapularis. Insect Molecular Biology",high,100.0,100.0,,,False,False,False
wu2015,10.1111/tpj.12761,https://doi.org/10.1111/tpj.12761,"Wu, Pingzhi; Zhou, Changpin; Cheng, Shifeng; Wu, Zhenying; Lu, Wenjia; Han, Jinli; Chen, Yanbo; Chen, Yan; Ni, Peixiang; Wang, Ying; Xu, Xun; Huang, Ying; Song, Chi; Wang, Zhiwen; Shi, Nan; Zhang, Xudong; Fang, Xiaohua; Yang, Qing; Jiang, Huawu; Chen, Yaping; Li, Meiru; Wang, Ying; Chen, Fan; Wang, Jun; Wu, Guojiang",25.0,2015,"Integrated genome sequence and linkage map of physic nut (Jatropha curcasL.), a biodiesel plant",The Plant Journal,The Plant Journal,The Plant Journal,81,5,810-821,Wiley,0960-7412,journal-article,126.0,173.0,Wu,2015.0,"Wu, P. Z., C. P. Zhou, S. F. Cheng, Z. Y. Wu, W. J. Lu, J. L. Han, Y. B. Chen, Y. Chen, P. X. Ni, Y. Wang, X. Xu, Y. Huang, C. Song, Z. W. Wang, N. Shi, X. D. Zhang, X. H. Fang, Q. Yang, H. W. Jiang, Y. P. Chen, M. R. Li, Y. Wang, F. Chen, J. Wang, and G. J. Wu. 2015. Integrated genome sequence and linkage map of physic nut (Jatropha curcas L.), a biodiesel plant. Plant",high,100.0,100.0,,,False,False,False
zhu2015,10.1186/s12864-015-1822-8,https://doi.org/10.1186/s12864-015-1822-8,"Zhu, Yufeng; Yin, Yanfei; Yang, Keqiang; Li, Jihong; Sang, Yalin; Huang, Long; Fan, Shu",7.0,2015,Construction of a high-density genetic map using specific length amplified fragment markers and identification of a quantitative trait locus for anthracnose resistance in walnut (Juglans regia L.),BMC Genomics,BMC Genomics,BMC Genomics,16,1,,Springer Science and Business Media LLC,1471-2164,journal-article,74.0,174.0,Zhu,2015.0,"Zhu, Y. F., Y. F. Yin, K. Q. Yang, J. H. Li, Y. L. Sang, L. Huang, and S. Fan. 2015. Construction of a high-density genetic map using specific length amplified fragment markers and identification of a quantitative trait locus for anthracnose resistance in walnut (Juglans regia L.). Bmc Genomics 16.",high,100.0,100.0,,,False,False,False
kanamori2016,10.1534/g3.115.022699,https://doi.org/10.1534/g3.115.022699,"Kanamori, Akira; Sugita, Yosuke; Yuasa, Yasufumi; Suzuki, Takamasa; Kawamura, Kouichi; Uno, Yoshinobu; Kamimura, Katsuyasu; Matsuda, Yoichi; Wilson, Catherine A; Amores, Angel; Postlethwait, John H; Suga, Koushirou; Sakakura, Yoshitaka",13.0,2016,A Genetic Map for the Only Self-Fertilizing Vertebrate,G3 Genes|Genomes|Genetics,G3: Genes|Genomes|Genetics,,6,4,1095-1106,Oxford University Press (OUP),2160-1836,journal-article,26.0,175.0,Kanomori,2016.0,"Kanamori, A., Y. Sugita, Y. Yuasa, T. Suzuki, K. Kawamura, Y. Uno, K. Kamimura, Y. Matsuda, C. A. Wilson, A. Amores, J. H. Postlethwait, K. Suga, and Y. Sakakura. 2016. A Genetic Map for the Only Self-Fertilizing",high,100.0,87.5,,,False,False,False
robinson2014,,,"Robinson, N., M. Baranski, K. Das Mahapatra, J. N. Saha, S. Das, J. Mishra, P. Das, M. Kent, M. Arnyasi, and P. K. Sahoo",,2014,A linkage map of transcribed single nucleotide polymorphisms in rohu (Labeo rohita) and QTL associated with resistance to Aeromonas hydrophila,BMC Genomics,BMC Genomics,,15,,,,,journal-article,,176.0,Robinson,2014.0,"Robinson, N., M. Baranski, K. Das Mahapatra, J. N. Saha, S. Das, J. Mishra, P. Das, M. Kent, M. Arnyasi, and P. K. Sahoo. 2014. A linkage map of transcribed single nucleotide polymorphisms in rohu (Labeo rohita) and QTL associated with resistance to Aeromonas hydrophila. Bmc Genomics 15.",unresolved,,,,,False,False,True
truco2013,10.1534/g3.112.004929,https://doi.org/10.1534/g3.112.004929,"Truco, Maria José; Ashrafi, Hamid; Kozik, Alexander; van Leeuwen, Hans; Bowers, John; Wo, Sebastian Reyes Chin; Stoffel, Kevin; Xu, Huaqin; Hill, Theresa; Van Deynze, Allen; Michelmore, Richard W",11.0,2013,"An Ultra-High-Density, Transcript-Based, Genetic Map of Lettuce",G3 Genes|Genomes|Genetics,G3: Genes|Genomes|Genetics,,3,4,617-631,Oxford University Press (OUP),2160-1836,journal-article,85.0,177.0,Truco,2013.0,"Truco, M. J., H. Ashrafi, A. Kozik, H. van Leeuwen, J. Bowers, S. R. C. Wo, K. Stoffel, H. Q. Xu, T. Hill, A. Van Deynze, and R. W. Michelmore. 2013. An Ultra-High-Density, Transcript-Based, Genetic Map of Lettuce. G3-Genes",high,100.0,100.0,,,False,False,False
ao2015,10.3390/ijms161125951,https://doi.org/10.3390/ijms161125951,"Ao, Jingqun; Li, Jia; You, Xinxin; Mu, Yinnan; Ding, Yang; Mao, Kaiqiong; Bian, Chao; Mu, Pengfei; Shi, Qiong; Chen, Xinhua",10.0,2015,Construction of the High-Density Genetic Linkage Map and Chromosome Map of Large Yellow Croaker (Larimichthys crocea),International Journal of Molecular Sciences,International Journal of Molecular Sciences,IJMS,16,11,26237-26248,MDPI AG,1422-0067,journal-article,36.0,178.0,Ao,2015.0,"Ao, J. Q., J. Li, X. X. You, Y. N. Mu, Y. Ding, K. Q. Mao, C. Bian, P. F. Mu, Q. Shi, and X. H. Chen. 2015. Construction of the High-Density Genetic Linkage Map and Chromosome Map of Large Yellow Croaker (Larimichthys crocea). International Journal of Molecular Sciences 16:26237-26248.",high,100.0,100.0,,,False,False,False
guan2011,10.5504/bbeq.2011.0007,https://doi.org/10.5504/bbeq.2011.0007,"Guan, Chunyu; Zhang, Hanguo; Zhang, Lei; Li, Xuefeng; Deng, Jifeng; Jiang, Tingbo",6.0,2011,Construction of Genetic Linkage Maps of Larch (Larix Kaempferi×Larix Gmelini) by Rapd Markers and Mapping of QTLS for Larch,Biotechnology & Biotechnological Equipment,Biotechnology & Biotechnological Equipment,Biotechnology & Biotechnological Equipment,25,1,2197-2202,Informa UK Limited,1310-2818,journal-article,6.0,179.0,Guan,2011.0,"Guan, C. Y., H. G. Zhang, L. Zhang, X. F. Li, J. F. Deng, and T. B. Jiang. 2011. CONSTRUCTION OF GENETIC LINKAGE MAPS OF LARCH (LARIX KAEMPFERI x LARIX GMELINI) BY RAPD MARKERS AND MAPPING OF QTLS FOR LARCH. Biotechnology & Biotechnological Equipment 25:2197-",high,99.03846153846152,100.0,,,False,False,False
wang2017a,10.1186/s12864-016-3462-z,https://doi.org/10.1186/s12864-016-3462-z,"Wang, Le; Bai, Bin; Liu, Peng; Huang, Shu Qing; Wan, Zi Yi; Chua, Elaine; Ye, Baoqing; Yue, Gen Hua",8.0,2017,Construction of high-resolution recombination maps in Asian seabass,BMC Genomics,BMC Genomics,BMC Genomics,18,1,,Springer Science and Business Media LLC,1471-2164,journal-article,29.0,180.0,Wang,2017.0,"Wang, L., B. Bai, P. Liu, S. Q. Huang, Z. Y. Wan, E. Chua, B. Ye, and G. H. Yue. 2017. Construction of high-resolution recombination maps in Asian",high,100.0,100.0,,,False,False,False
sudheesh2016,10.3389/fpls.2016.01604,https://doi.org/10.3389/fpls.2016.01604,"Sudheesh, Shimna; Rodda, Matthew S.; Davidson, Jenny; Javid, Muhammad; Stephens, Amber; Slater, Anthony T.; Cogan, Noel O. I.; Forster, John W.; Kaur, Sukhjiwan",9.0,2016,SNP-Based Linkage Mapping for Validation of QTLs for Resistance to Ascochyta Blight in Lentil,Frontiers in Plant Science,Frontiers in Plant Science,Front. Plant Sci.,7,,,Frontiers Media SA,1664-462X,journal-article,57.0,181.0,Sudheesh,2016.0,"Sudheesh, S., M. S. Rodda, J. Davidson, M. Javid, A. Stephens, A. T. Slater, N. O. I. Cogan, J. W. Forster, and S. Kaur. 2016. SNP-Based Linkage Mapping for Validation of QTLs for Resistance to Ascochyta Blight in Lentil.",high,100.0,100.0,,,False,False,False
wang2009b,10.1007/s10499-009-9303-1,https://doi.org/10.1007/s10499-009-9303-1,"Wang, Wei-Ji; Wang, Han-Ping; Yao, Hong; Wallat, Geoff K.; Tiu, Laura G.; Wang, Qing-Yin",6.0,2009,A first genetic linkage map of bluegill sunfish (Lepomis macrochirus) using AFLP markers,Aquaculture International,Aquaculture International,Aquacult Int,18,5,825-835,Springer Science and Business Media LLC,0967-6120,journal-article,5.0,182.0,Wang,2010.0,"Wang, W. J., H. P. Wang, H. Yao, G. K. Wallat, L. G. Tiu, and Q. Y. Wang. 2010. A first genetic linkage map of bluegill sunfish (Lepomis macrochirus) using AFLP markers. Aquaculture International 18:825-835.",high,100.0,100.0,,,True,False,False
hawthorne2001b,10.1093/genetics/158.2.695,https://doi.org/10.1093/genetics/158.2.695,"Hawthorne, David J",1.0,2001,AFLP-Based Genetic Linkage Map of the Colorado Potato BeetleLeptinotarsa decemlineata: Sex Chromosomes and a Pyrethroid-Resistance Candidate Gene,Genetics,Genetics,,158,2,695-700,Oxford University Press (OUP),1943-2631,journal-article,69.0,183.0,Hawthorne,2001.0,"Hawthorne, D. J. 2001. AFLP-based genetic linkage map of the Colorado potato beetle Leptinotarsa decemlineata: Sex chromosomes and a pyrethroid-resistance candidate gene. Genetics 158:695-700.",high,100.0,100.0,,,False,False,False
cloutier2012,10.1007/s00122-012-1953-0,https://doi.org/10.1007/s00122-012-1953-0,"Cloutier, Sylvie; Ragupathy, Raja; Miranda, Evelyn; Radovanovic, Natasa; Reimer, Elsa; Walichnowski, Andrzej; Ward, Kerry; Rowland, Gordon; Duguid, Scott; Banik, Mitali",10.0,2012,Integrated consensus genetic and physical maps of flax (Linum usitatissimum L.),Theoretical and Applied Genetics,Theoretical and Applied Genetics,Theor Appl Genet,125,8,1783-1795,Springer Science and Business Media LLC,0040-5752,journal-article,80.0,184.0,Cloutier,2012.0,"Cloutier, S., R. Ragupathy, E. Miranda, N. Radovanovic, E. Reimer, A. Walichnowski, K. Ward, G. Rowland, S. Duguid, and M. Banik. 2012. Integrated consensus genetic and physical maps of flax (Linum usitatissimum",high,100.0,100.0,,,False,False,False
yu2015,10.1038/srep15612,https://doi.org/10.1038/srep15612,"Yu, Yang; Zhang, Xiaojun; Yuan, Jianbo; Li, Fuhua; Chen, Xiaohan; Zhao, Yongzhen; Huang, Long; Zheng, Hongkun; Xiang, Jianhai",9.0,2015,Genome survey and high-density genetic map construction provide genomic and genetic resources for the Pacific White Shrimp Litopenaeus vannamei,Scientific Reports,Scientific Reports,Sci Rep,5,1,,Springer Science and Business Media LLC,2045-2322,journal-article,108.0,185.0,Yu,2015.0,"Yu, Y., X. J. Zhang, J. B. Yuan, F. H. Li, X. H. Chen, Y. Z. Zhao, L. Huang, H. K. Zheng, and J. H. Xiang. 2015. Genome survey and high-density genetic map construction provide genomic and genetic resources for the Pacific White",high,100.0,100.0,,,False,False,False
guan2014,10.1111/grs.12055,https://doi.org/10.1111/grs.12055,"Guan, Xuanli; Hirata, Mariko; Ding, Chenglong; Xu, Nengxiang; Yuyama, Nana; Tan, Lubin; Fu, Yongcai; Wang, Jianping; Cai, Hongwei",9.0,2014,"Genetic linkage map of Lolium multiflorum Lam. constructed from a BC1 population derived from an interspecific hybridization, L. multiflorum × Lolium temulentum L. × L. temulentum",Grassland Science,Grassland Science,Grassland Science,60,3,142-149,Wiley,1744-6961,journal-article,2.0,186.0,Guan,2014.0,"Guan, X. L., M. Hirata, C. L. Ding, N. X. Xu, N. Yuyama, L. B. Tan, Y. C. Fu, J. P. Wang, and H. W. Cai. 2014. Genetic linkage map of Lolium multiflorum Lam. constructed from a BC1 population derived from an interspecific hybridization, L. multiflorum x Lolium temulentum L. x L. temulentum.",high,100.0,100.0,,,False,False,False
velmurugan2016,10.1093/aob/mcw081,https://doi.org/10.1093/aob/mcw081,"Velmurugan, Janaki; Mollison, Ewan; Barth, Susanne; Marshall, David; Milne, Linda; Creevey, Christopher J.; Lynch, Bridget; Meally, Helena; McCabe, Matthew; Milbourne, Dan",10.0,2016,An ultra-high density genetic linkage map of perennial ryegrass (Lolium perenne) using genotyping by sequencing (GBS) based on a reference shotgun genome assembly,Annals of Botany,Annals of Botany,Ann Bot,118,1,71-87,Oxford University Press (OUP),0305-7364,journal-article,29.0,187.0,Velmurugan,2016.0,"Velmurugan, J., E. Mollison, S. Barth, D. Marshall, L. Milne, C. J. Creevey, B. Lynch, H. Meally, M. McCabe, and D. Milbourne. 2016. An ultra-high density genetic linkage map of perennial ryegrass (Lolium perenne) using genotyping by sequencing (GBS) based on a reference shotgun genome assembly.",high,100.0,100.0,,,False,False,False
wang2008b,10.1093/dnares/dsn022,https://doi.org/10.1093/dnares/dsn022,"Wang, X.; Sato, S.; Tabata, S.; Kawasaki, S.",4.0,2008,A High-density Linkage Map of Lotus japonicus Based on AFLP and SSR Markers,DNA Research,DNA Research,DNA Research,15,5,323-332,Oxford University Press (OUP),1340-2838,journal-article,15.0,188.0,Wang,2008.0,"Wang, X. W., S. Sato, S. Tabata, and S. Kawasaki. 2008. A High-density Linkage Map of Lotus japonicus Based on AFLP and SSR Markers. DNA",high,100.0,100.0,,,False,False,False
berdan2014a,10.1534/g3.114.012096,https://doi.org/10.1534/g3.114.012096,"Berdan, Emma L; Kozak, Genevieve M; Ming, Ray; Rayburn, A Lane; Kiehart, Ryan; Fuller, Rebecca C",6.0,2014,Insight Into Genomic Changes Accompanying Divergence: Genetic Linkage Maps and Synteny ofLucania goodeiandL. parvaReveal a Robertsonian Fusion,G3 Genes|Genomes|Genetics,G3: Genes|Genomes|Genetics,,4,8,1363-1372,Oxford University Press (OUP),2160-1836,journal-article,9.0,189.0,Berdan,2014.0,"Berdan, E. L., G. M. Kozak, R. Ming, A. L. Rayburn, R. Kiehart, and R. C. Fuller. 2014. Insight Into Genomic Changes Accompanying Divergence: Genetic Linkage Maps and Synteny of Lucania goodei and L. parva Reveal a Robertsonian Fusion. G3-Genes Genomes Genetics 4:1363-1372.",high,100.0,100.0,,,False,False,False
berdan2014b,10.1534/g3.114.012096,https://doi.org/10.1534/g3.114.012096,"Berdan, Emma L; Kozak, Genevieve M; Ming, Ray; Rayburn, A Lane; Kiehart, Ryan; Fuller, Rebecca C",6.0,2014,Insight Into Genomic Changes Accompanying Divergence: Genetic Linkage Maps and Synteny ofLucania goodeiandL. parvaReveal a Robertsonian Fusion,G3 Genes|Genomes|Genetics,G3: Genes|Genomes|Genetics,,4,8,1363-1372,Oxford University Press (OUP),2160-1836,journal-article,9.0,190.0,Berdan,2014.0,"Berdan, E. L., G. M. Kozak, R. Ming, A. L. Rayburn, R. Kiehart, and R. C. Fuller. 2014. Insight Into Genomic Changes Accompanying Divergence: Genetic Linkage Maps and Synteny of Lucania goodei and L. parva Reveal a Robertsonian Fusion. G3-Genes Genomes Genetics 4:1363-1372.",high,100.0,100.0,,,False,False,False
wu2016,10.3389/fpls.2016.00980,https://doi.org/10.3389/fpls.2016.00980,"Wu, Haibin; He, Xiaoli; Gong, Hao; Luo, Shaobo; Li, Mingzhu; Chen, Junqiu; Zhang, Changyuan; Yu, Ting; Huang, Wangping; Luo, Jianning",10.0,2016,Genetic Linkage Map Construction and QTL Analysis of Two Interspecific Reproductive Isolation Traits in Sponge Gourd,Frontiers in Plant Science,Frontiers in Plant Science,Front. Plant Sci.,7,,,Frontiers Media SA,1664-462X,journal-article,24.0,191.0,Wu,2016.0,"Wu, H., X. He, H. Gong, S. Luo, M. Li, J. Chen, C. Zhang, T. Yu, W. Huang, and J. Luo. 2016. Genetic Linkage Map Construction and QTL Analysis of Two Interspecific Reproductive Isolation Traits in Sponge Gourd. Frontiers in",high,100.0,100.0,,,False,False,False
vipin2013,10.1270/jsbbs.63.292,https://doi.org/10.1270/jsbbs.63.292,"Vipin, Cina Ann; Luckett, David J.; Harper, John D.I.; Ash, Gavin J.; Kilian, Andrzej; Ellwood, Simon R.; Phan, Huyen T.T.; Raman, Harsh",8.0,2013,Construction of integrated linkage map of a recombinant inbred line population of white lupin (Lupinus albus L.),Breeding Science,Breeding Science,Breed. Sci.,63,3,292-300,Japanese Society of Breeding,1344-7610,journal-article,22.0,192.0,Vipin,2013.0,"Vipin, C. A., D. J. Luckett, J. D. I. Harper, G. J. Ash, A. Kilian, S. R. Ellwood, H. T. T. Phan, and H. Raman. 2013. Construction of integrated linkage map of a recombinant inbred line population of white lupin (Lupinus albus L.).",high,100.0,100.0,,,False,False,False
yang2012,10.1007/s00122-012-1997-1,https://doi.org/10.1007/s00122-012-1997-1,"Yang, Huaan; Tao, Ye; Zheng, Zequn; Shao, Di; Li, Zhenzhong; Sweetingham, Mark W.; Buirchell, Bevan J.; Li, Chengdao",8.0,2012,Rapid development of molecular markers by next-generation sequencing linked to a gene conferring phomopsis stem blight disease resistance for marker-assisted selection in lupin (Lupinus angustifolius L.) breeding,Theoretical and Applied Genetics,Theoretical and Applied Genetics,Theor Appl Genet,126,2,511-522,Springer Science and Business Media LLC,0040-5752,journal-article,42.0,193.0,Yang,2013.0,"Yang, H. A., Y. Tao, Z. Q. Zheng, D. Shao, Z. Z. Li, M. W. Sweetingham, B. J. Buirchell, and C. D. Li. 2013. Rapid development of molecular markers by next-generation sequencing linked to a gene conferring phomopsis stem blight disease resistance for marker-assisted selection in lupin (Lupinus",high,100.0,100.0,,,True,False,False
rogers2006,10.1016/j.ygeno.2005.10.004,https://doi.org/10.1016/j.ygeno.2005.10.004,"Rogers, Jeffrey; Garcia, Roy; Shelledy, Wendy; Kaplan, Jordan; Arya, Ann; Johnson, Zach; Bergstrom, Mackenzie; Novakowski, Leilah; Nair, Prakash; Vinson, Amanda; Newman, Deborah; Heckman, Gary; Cameron, Judy",13.0,2006,An initial genetic linkage map of the rhesus macaque (Macaca mulatta) genome using human microsatellite loci,Genomics,Genomics,Genomics,87,1,30-38,Elsevier BV,0888-7543,journal-article,112.0,194.0,Rogers,2006.0,"Rogers, J., R. Garcia, W. Shelledy, J. Kaplan, A. Arya, Z. Johnson, M. Bergstrom, L. Novakowski, P. Nair, A. Vinson, D. Newman, G. Heckman, and J. Cameron. 2006. An initial genetic linkage map of the rhesus macaque (Macaca mulatta) genome using human microsatellite loci. Genomics 87:30-",high,100.0,100.0,,,False,False,False
wang2011,10.1186/1471-2156-12-72,https://doi.org/10.1186/1471-2156-12-72,"Wang, Chenwei; Webley, Lee; Wei, Ke-jun; Wakefield, Matthew J; Patel, Hardip R; Deakin, Janine E; Alsop, Amber; Marshall Graves, Jennifer A; Cooper, Desmond W; Nicholas, Frank W; Zenger, Kyall R",11.0,2011,A second-generation anchored genetic linkage map of the tammar wallaby (Macropus eugenii),BMC Genetics,BMC Genetics,BMC Genet,12,1,72,Springer Science and Business Media LLC,1471-2156,journal-article,16.0,195.0,Wang,2011.0,"Wang, C. W., L. Webley, K. J. Wei, M. J. Wakefield, H. R. Patel, J. E. Deakin, A. Alsop, J. A. M. Graves, D. W. Cooper, F. W. Nicholas, and K. R. Zenger. 2011. A second-generation anchored genetic linkage map of the tammar",high,100.0,100.0,,,False,False,False
zheng2008,10.1016/j.fgb.2008.07.012,https://doi.org/10.1016/j.fgb.2008.07.012,"Zheng, Yan; Zhang, Geng; Lin, Fucheng; Wang, Zonghua; Jin, Gulei; Yang, Long; Wang, Ying; Chen, Xi; Xu, Zhaohua; Zhao, Xiangqian; Wang, Hongkai; Lu, Jianping; Lu, Guodong; Wu, Weiren",14.0,2008,Development of microsatellite markers and construction of genetic map in rice blast pathogen Magnaporthe grisea,Fungal Genetics and Biology,Fungal Genetics and Biology,Fungal Genetics and Biology,45,10,1340-1347,Elsevier BV,1087-1845,journal-article,44.0,196.0,Zheng,2008.0,"Zheng, Y., G. Zhang, F. C. Lin, Z. H. Wang, G. L. Jin, L. Yang, Y. Wang, X. Chen, Z. H. Xu, X. Q. Zhao, H. K. Wang, J. P. Lu, G. D. Lu, and W. R. Wu. 2008. Development of microsatellite markers and construction of genetic map in rice blast pathogen Magnaporthe grisea. Fungal Genetics and Biology",high,100.0,100.0,,,False,False,False
dipierro2016,10.1038/hortres.2016.57,https://doi.org/10.1038/hortres.2016.57,"Di Pierro, Erica A; Gianfranceschi, Luca; Di Guardo, Mario; Koehorst-van Putten, Herma JJ; Kruisselbrink, Johannes W; Longhi, Sara; Troggio, Michela; Bianco, Luca; Muranty, Hélène; Pagliarani, Giulia; Tartarini, Stefano; Letschka, Thomas; Lozano Luis, Lidia; Garkava-Gustavsson, Larisa; Micheletti, Diego; Bink, Marco CAM; Voorrips, Roeland E; Aziz, Ebrahimi; Velasco, Riccardo; Laurens, François; van de Weg, W Eric",21.0,2016,"A high-density, multi-parental SNP genetic map on apple validates a new mapping approach for outcrossing species",Horticulture Research,Horticulture Research,Hortic Res,3,1,,Oxford University Press (OUP),2052-7276,journal-article,86.0,197.0,DiPierro,2016.0,"Di Pierro, E. A., L. Gianfranceschi, M. Di Guardo, H. J. J. Koehorst-van Putten, J. W. Kruisselbrink, S. Longhi, M. Troggio, L. Bianco, H. Muranty, G. Pagliarani, S. Tartarini, T. Letschka, L. L. Luis, L. Garkava-Gustavsson, D. Micheletti, M. Bink, R. E. Voorrips, E. Aziz, R. Velasco, F. Laurens, and W. E. van de Weg. 2016. A high-density, multi-parental SNP genetic map on apple validates a new mapping approach for outcrossing species. Horticulture",high,100.0,94.11764705882352,,,False,False,False
liu2016a,,,"Liu, Z. C., D. E. Bao, D. L. Liu, and X. S. Chen",,2016,Construction of a genetic linkage map and identification of QTL associated with growth traits in Malus sieversii,Journal of Environmental Biology,Journal of Environmental Biology,,37,,1043-1047,,,journal-article,,198.0,Liu,2016.0,"Liu, Z. C., D. E. Bao, D. L. Liu, and X. S. Chen. 2016. Construction of a genetic linkage map and identification of QTL associated with growth traits in Malus sieversii. Journal of Environmental Biology 37:1043-1047.",unresolved,,,reject,Different first author (Zeng vs Liu) and different title; not the cited paper.,False,False,True
clark2014,10.1007/s11295-014-0709-1,https://doi.org/10.1007/s11295-014-0709-1,"Clark, Matthew D.; Schmitz, Cari A.; Rosyara, Umesh R.; Luby, James J.; Bradeen, James M.",5.0,2014,A consensus ‘Honeycrisp’ apple (Malus × domestica) genetic linkage map from three full-sib progeny populations,Tree Genetics & Genomes,Tree Genetics & Genomes,Tree Genetics & Genomes,10,3,627-639,Springer Science and Business Media LLC,1614-2942,journal-article,28.0,199.0,Clark,2014.0,"Clark, M. D., C. A. Schmitz, U. R. Rosyara, J. J. Luby, and J. M. Bradeen. 2014. A consensus 'Honeycrisp' apple (Malus x domestica) genetic linkage map from three full-sib progeny populations. Tree Genetics & Genomes",high,100.0,100.0,,,False,False,False
luo2016a,10.3389/fpls.2016.01310,https://doi.org/10.3389/fpls.2016.01310,"Luo, Chun; Shu, Bo; Yao, Quangsheng; Wu, Hongxia; Xu, Wentian; Wang, Songbiao",6.0,2016,Construction of a High-Density Genetic Map Based on Large-Scale Marker Development in Mango Using Specific-Locus Amplified Fragment Sequencing (SLAF-seq),Frontiers in Plant Science,Frontiers in Plant Science,Front. Plant Sci.,7,,,Frontiers Media SA,1664-462X,journal-article,52.0,200.0,Luo,2016.0,"Luo, C., B. Shu, Q. S. Yao, H. X. Wu, W. T. Xu, and S. B. Wang. 2016. Construction of a High-Density Genetic Map Based on Large-Scale Marker Development in Mango Using Specific-Locus Amplified Fragment Sequencing",high,100.0,100.0,,,False,False,False
alaba2015,,,"Alaba, O. A., J. V. Bredeson, C. N. Egesi, W. Esuma, L. Ezenwaka, M. E. Ferguson, C. M. Ha, M. Hall, L. Herselman, A. Ikpan, E. Kafiriti, E. Kanju, F. Kapinga, A. Karugu, R. Kawuki, B. Kimata, P. Kimurto, P. Kulakow, H. Kulembeka, P. Kusolwa, J. B. Lyons, E. Masumba, A. van de Merwe, G. Mkamilo, A. A. Myburg, A. Nwaogu, I. Nzuki, B. Olasanmi, E. Okogbenin, O. Onyegbule, J. Owuoche, A. Pariyo, S. E. Prochnik, I. Y. Rabbi, D. S. Rokhsar, S. Rounsley, K. Salum, K. S. Shuaibu, C. Sichalwe, M. Stephen, and Icgmc",,2015,High-Resolution Linkage Map and Chromosome-Scale Genome,,,,,,,,,journal-article,,201.0,Alaba,2015.0,"Alaba, O. A., J. V. Bredeson, C. N. Egesi, W. Esuma, L. Ezenwaka, M. E. Ferguson, C. M. Ha, M. Hall, L. Herselman, A. Ikpan, E. Kafiriti, E. Kanju, F. Kapinga, A. Karugu, R. Kawuki, B. Kimata, P. Kimurto, P. Kulakow, H. Kulembeka, P. Kusolwa, J. B. Lyons, E. Masumba, A. van de Merwe, G. Mkamilo, A. A. Myburg, A. Nwaogu, I. Nzuki, B. Olasanmi, E. Okogbenin, O. Onyegbule, J. Owuoche, A. Pariyo, S. E. Prochnik, I. Y. Rabbi, D. S. Rokhsar, S. Rounsley, K. Salum, K. S. Shuaibu, C. Sichalwe, M. Stephen, and Icgmc. 2015. High-Resolution Linkage Map and Chromosome-Scale Genome",unresolved,,,reject,Unrelated paper; SI title is truncated so the query had too little to match on. Citation truncated in the supplementary PDF; journal not recoverable from the text.,False,False,True
lu2016,10.1007/s00438-016-1192-1,https://doi.org/10.1007/s00438-016-1192-1,"Lu, Xia; Luan, Sheng; Hu, Long Yang; Mao, Yong; Tao, Ye; Zhong, Sheng Ping; Kong, Jie",7.0,2016,"High-resolution genetic linkage mapping, high-temperature tolerance and growth-related quantitative trait locus (QTL) identification in Marsupenaeus japonicus",Molecular Genetics and Genomics,Molecular Genetics and Genomics,Mol Genet Genomics,291,3,1391-1405,Springer Science and Business Media LLC,1617-4615,journal-article,25.0,202.0,Lu,2016.0,"Lu, X., S. Luan, L. Y. Hu, Y. Mao, Y. Tao, S. P. Zhong, and J. Kong. 2016. High-resolution genetic linkage mapping, high-temperature tolerance and growth-related quantitative trait locus (QTL) identification in Marsupenaeus japonicus. Molecular Genetics and Genomics 291:1391-1405.",high,100.0,100.0,,,False,False,False
li2014b,10.1534/g3.114.012245,https://doi.org/10.1534/g3.114.012245,"Li, Xuehui; Wei, Yanling; Acharya, Ananta; Jiang, Qingzhen; Kang, Junmei; Brummer, E Charles",6.0,2014,A Saturated Genetic Linkage Map of Autotetraploid Alfalfa (Medicago sativa L.) Developed Using Genotyping-by-Sequencing Is Highly Syntenous with the Medicago truncatula Genome,G3 Genes|Genomes|Genetics,G3: Genes|Genomes|Genetics,,4,10,1971-1979,Oxford University Press (OUP),2160-1836,journal-article,93.0,203.0,Li,2014.0,"Li, X. H., Y. L. Wei, A. Acharya, Q. Z. Jiang, J. M. Kang, and E. C. Brummer. 2014. A Saturated Genetic Linkage Map of Autotetraploid Alfalfa (Medicago sativa L.) Developed Using Genotyping-by-Sequencing Is Highly Syntenous with the Medicago truncatula Genome. G3-Genes Genomes Genetics 4:1971-",high,100.0,100.0,,,False,False,False
gorton2012,10.1534/g3.112.003269,https://doi.org/10.1534/g3.112.003269,"Gorton, Amanda J; Heath, Katy D; Pilet-Nayel, Marie-Laure; Baranger, Alain; Stinchcombe, John R",5.0,2012,Mapping the Genetic Basis of Symbiotic Variation in Legume-Rhizobium Interactions inMedicago truncatula,G3 Genes|Genomes|Genetics,G3: Genes|Genomes|Genetics,,2,11,1291-1303,Oxford University Press (OUP),2160-1836,journal-article,24.0,204.0,Gorton,2012.0,"Gorton, A. J., K. D. Heath, M.-L. Pilet-Nayel, A. Baranger, and J. R. Stinchcombe. 2012. Mapping the Genetic Basis of Symbiotic Variation in Legume-Rhizobium Interactions in <em>Medicago truncatula</em>. G3:",high,99.01960784313724,100.0,,,False,False,False
anderson2016,10.1186/s12864-016-3011-9,https://doi.org/10.1186/s12864-016-3011-9,"Anderson, Claire; Khan, Muhammad Adil; Catanzariti, Ann-Maree; Jack, Cameron A.; Nemri, Adnane; Lawrence, Gregory J.; Upadhyaya, Narayana M.; Hardham, Adrienne R.; Ellis, Jeffrey G.; Dodds, Peter N.; Jones, David A.",11.0,2016,"Genome analysis and avirulence gene cloning using a high-density RADseq linkage map of the flax rust fungus, Melampsora lini",BMC Genomics,BMC Genomics,BMC Genomics,17,1,,Springer Science and Business Media LLC,1471-2164,journal-article,64.0,205.0,Anderson,2016.0,"Anderson, C., M. A. Khan, A. M. Catanzariti, C. A. Jack, A. Nemri, G. J. Lawrence, N. M. Upadhyaya, A. R. Hardham, J. G. Ellis, P. N. Dodds, and D. A. Jones. 2016. Genome analysis and avirulence gene cloning using a high-density RADseq linkage map of the flax rust fungus, Melampsora lini. Bmc",high,100.0,100.0,,,False,False,False
aslam2010,10.1186/1471-2164-11-647,https://doi.org/10.1186/1471-2164-11-647,"Aslam, Muhammad L; Bastiaansen, John WM; Crooijmans, Richard PMA; Vereijken, Addie; Megens, Hendrik-Jan; Groenen, Martien AM",6.0,2010,A SNP based linkage map of the turkey genome reveals multiple intrachromosomal rearrangements between the Turkey and Chicken genomes,BMC Genomics,BMC Genomics,BMC Genomics,11,1,647,Springer Science and Business Media LLC,1471-2164,journal-article,35.0,206.0,Aslam,2010.0,"Aslam, M. L., J. W. M. Bastiaansen, R. Crooijmans, A. Vereijken, H. J. Megens, and M. A. M. Groenen. 2010. A SNP based linkage map of the turkey genome reveals multiple intrachromosomal rearrangements between the Turkey and Chicken genomes. Bmc Genomics 11.",high,100.0,100.0,,,False,False,False
thomas2012,10.1534/g3.112.002261,https://doi.org/10.1534/g3.112.002261,"Thomas, Varghese P; Fudali, Sylwia L; Schaff, Jennifer E; Liu, Qingli; Scholl, Elizabeth H; Opperman, Charles H; Bird, David McK; Williamson, Valerie M",8.0,2012,A Sequence-Anchored Linkage Map of the Plant–Parasitic Nematode Meloidogyne hapla Reveals Exceptionally High Genome-Wide Recombination,G3 Genes|Genomes|Genetics,G3: Genes|Genomes|Genetics,,2,7,815-824,Oxford University Press (OUP),2160-1836,journal-article,14.0,207.0,Thomas,2012.0,"Thomas, V. P., S. L. Fudali, J. E. Schaff, Q. L. Liu, E. H. Scholl, C. H. Opperman, D. M. Bird, and V. M. Williamson. 2012. A Sequence-Anchored Linkage Map of the Plant-Parasitic Nematode Meloidogyne hapla Reveals Exceptionally High Genome-Wide Recombination. G3-Genes Genomes",high,100.0,100.0,,,False,False,False
nietlisbach2015,10.1111/1755-0998.12414,https://doi.org/10.1111/1755-0998.12414,"Nietlisbach, Pirmin; Camenisch, Glauco; Bucher, Thomas; Slate, Jon; Keller, Lukas F.; Postma, Erik",6.0,2015,A microsatellite‐based linkage map for song sparrows (Melospiza melodia),Molecular Ecology Resources,Molecular Ecology Resources,Molecular Ecology Resources,15,6,1486-1496,Wiley,1755-098X,journal-article,28.0,208.0,Nietlisbach,2015.0,"Nietlisbach, P., G. Camenisch, T. Bucher, J. Slate, L. F. Keller, and E. Postma. 2015. A microsatellite-based linkage map for song sparrows (Melospiza melodia). Molecular Ecology Resources 15:1486-1496.",high,93.87755102040816,100.0,,,False,False,False
oquin2013,10.1186/1471-2164-14-287,https://doi.org/10.1186/1471-2164-14-287,"O’Quin, Claire T; Drilea, Alexi C; Conte, Matthew A; Kocher, Thomas D",4.0,2013,"Mapping of pigmentation QTL on an anchored genome assembly of the cichlid fish, Metriaclima zebra",BMC Genomics,BMC Genomics,BMC Genomics,14,1,,Springer Science and Business Media LLC,1471-2164,journal-article,42.0,209.0,O'Quin,2013.0,"O'Quin, C. T., A. C. Drilea, M. A. Conte, and T. D. Kocher. 2013. Mapping of pigmentation QTL on an anchored genome assembly of the cichlid fish,",high,100.0,100.0,,,False,False,False
mcgraw2011,10.1186/1471-2156-12-60,https://doi.org/10.1186/1471-2156-12-60,"McGraw, Lisa A; Davis, Jamie K; Young, Larry J; Thomas, James W",4.0,2011,A genetic linkage map and comparative mapping of the prairie vole (Microtus ochrogaster) genome,BMC Genetics,BMC Genetics,BMC Genet,12,1,,Springer Science and Business Media LLC,1471-2156,journal-article,15.0,210.0,McGraw,2011.0,"McGraw, L. A., J. K. Davis, L. J. Young, and J. W. Thomas. 2011. A genetic linkage map and comparative mapping of the prairie vole (Microtus",high_manual,,,accept,Recovered on author+title query; title matched exactly.,False,False,False
holeski2014,10.1534/g3.113.010124,https://doi.org/10.1534/g3.113.010124,"Holeski, Liza M; Monnahan, Patrick; Koseva, Boryana; McCool, Nick; Lindroth, Richard L; Kelly, John K",6.0,2014,A High-Resolution Genetic Map of Yellow Monkeyflower Identifies Chemical Defense QTLs and Recombination Rate Variation,G3 Genes|Genomes|Genetics,G3: Genes|Genomes|Genetics,,4,5,813-821,Oxford University Press (OUP),2160-1836,journal-article,35.0,211.0,Holeski,2014.0,"Holeski, L. M., P. Monnahan, B. Koseva, N. McCool, R. L. Lindroth, and J. K. Kelly. 2014. A High-Resolution Genetic Map of Yellow Monkeyflower Identifies Chemical Defense QTLs and Recombination Rate Variation. G3-",high,100.0,100.0,,,False,False,False
liu2015b,10.1111/gcbb.12275,https://doi.org/10.1111/gcbb.12275,"Liu, Siyao; Clark, Lindsay V.; Swaminathan, Kankshita; Gifford, Justin M.; Juvik, John A.; Sacks, Erik J.",6.0,2015,High‐density genetic map of Miscanthus sinensis reveals inheritance of zebra stripe,GCB Bioenergy,GCB Bioenergy,GCB Bioenergy,8,3,616-630,Wiley,1757-1693,journal-article,19.0,212.0,Liu,2016.0,"Liu, S. Y., L. V. Clark, K. Swaminathan, J. M. Gifford, J. A. Juvik, and E. J. Sacks. 2016. High-density genetic map of Miscanthussinensis reveals inheritance of zebra stripe. Global Change Biology Bioenergy 8:616-630.",high,98.13664596273291,100.0,,,True,False,False
morishima2007,10.1007/s10709-007-9165-2,https://doi.org/10.1007/s10709-007-9165-2,"Morishima, Kagayaki; Nakayama, Ichiro; Arai, Katsutoshi",3.0,2007,Genetic linkage map of the loach Misgurnus anguillicaudatus (Teleostei: Cobitidae),Genetica,Genetica,Genetica,132,3,227-241,Springer Science and Business Media LLC,0016-6707,journal-article,36.0,213.0,Morishima,2008.0,"Morishima, K., I. Nakayama, and K. Arai. 2008. Genetic linkage map of the loach Misgurnus anguillicaudatus (Teleostei : Cobitidae). Genetica 132:227-",high,100.0,100.0,,,True,False,False
samollow2007,10.1007/s10577-007-1123-4,https://doi.org/10.1007/s10577-007-1123-4,"Samollow, Paul B.; Gouin, Nicolas; Miethke, Pat; Mahaney, Susan M.; Kenney, Margaret; VandeBerg, John L.; Graves, Jennifer A. Marshall; Kammerer, Candace M.",8.0,2007,"A microsatellite-based, physically anchored linkage map for the gray, short-tailed Opossum (Monodelphis domestica)",Chromosome Research,Chromosome Research,Chromosome Res,,,,Springer Science and Business Media LLC,0967-3849,journal-article,7.0,214.0,Samollow,2007.0,"Samollow, P. B., N. Gouin, P. Miethke, S. M. Mahaney, M. Kenney, J. L. VandeBerg, J. A. M. Graves, and C. M. Kammerer. 2007. A microsatellite-based, physically anchored linkage map for the gray, short-tailed Opossum (Monodelphis domestica). Chromosome Research 15:269-281.",high,100.0,100.0,,,False,False,False
hippolyte2010,10.1186/1471-2229-10-65,https://doi.org/10.1186/1471-2229-10-65,"Hippolyte, Isabelle; Bakry, Frederic; Seguin, Marc; Gardes, Laetitia; Rivallan, Ronan; Risterucci, Ange-Marie; Jenny, Christophe; Perrier, Xavier; Carreel, Françoise; Argout, Xavier; Piffanelli, Pietro; Khan, Imtiaz A; Miller, Robert NG; Pappas, Georgios J; Mbéguié-A-Mbéguié, Didier; Matsumoto, Takashi; De Bernardinis, Veronique; Huttner, Eric; Kilian, Andrzej; Baurens, Franc-Christophe; D'Hont, Angélique; Cote, François; Courtois, Brigitte; Glaszmann, Jean-Christophe",24.0,2010,A saturated SSR/DArT linkage map of Musa acuminata addressing genome rearrangements among bananas,BMC Plant Biology,BMC Plant Biology,BMC Plant Biol,10,1,65,Springer Science and Business Media LLC,1471-2229,journal-article,73.0,215.0,Hipplyte,2010.0,"Hippolyte, I., F. Bakry, M. Seguin, L. Gardes, R. Rivallan, A. M. Risterucci, C. Jenny, X. Perrier, F. Carreel, X. Argout, P. Piffanelli, I. A. Khan, R. N. G. Miller, G. J. Pappas, D. Mbeguie-A-Mbeguie, T. Matsumoto, V. De Bernardinis, E. Huttner, A. Kilian, F. C. Baurens, A. D'Hont, F. Cote, B. Courtois, and J. C. Glaszmann. 2010. A saturated SSR/DArT linkage map of",high,100.0,94.11764705882352,,,False,False,False
kema2002,10.1093/genetics/161.4.1497,https://doi.org/10.1093/genetics/161.4.1497,"Kema, Gert H J; Goodwin, Stephen B; Hamza, Sonia; Verstappen, Els C P; Cavaletto, Jessica R; Van der Lee, Theo A J; de Weerdt, Marjanne; Bonants, Peter J M; Waalwijk, Cees",9.0,2002,"A Combined Amplified Fragment Length Polymorphism and Randomly Amplified Polymorphism DNA Genetic Linkage Map of Mycosphaerella graminicola, the Septoria Tritici Leaf Blotch Pathogen of Wheat",Genetics,Genetics,,161,4,1497-1505,Oxford University Press (OUP),1943-2631,journal-article,52.0,216.0,Kema,2002.0,"Kema, G. H. J., S. B. Goodwin, S. Hamza, E. C. P. Verstappen, J. R. Cavaletto, T. A. J. Van der Lee, M. de Weerdt, P. J. M. Bonants, and C. Waalwijk. 2002. A combined amplified fragment length polymorphism and randomly amplified polymorphism DNA genetic linkage map of Mycosphaerella graminicola, the septoria tritici leaf blotch pathogen of wheat.",high,100.0,100.0,,,False,False,False
diao2016,10.1534/g3.116.029074,https://doi.org/10.1534/g3.116.029074,"Diao, Wenwen; Mousset, Mathilde; Horsburgh, Gavin J; Vermeulen, Cornelis J; Johannes, Frank; van de Zande, Louis; Ritchie, Michael G; Schmitt, Thomas; Beukeboom, Leo W",9.0,2016,Quantitative Trait Locus Analysis of Mating Behavior and Male Sex Pheromones inNasoniaWasps,G3 Genes|Genomes|Genetics,G3: Genes|Genomes|Genetics,,6,6,1549-1562,Oxford University Press (OUP),2160-1836,journal-article,12.0,217.0,Diao,2016.0,"Diao, W., M. Mousset, G. J. Horsburgh, C. J. Vermeulen, F. Johannes, L. van de Zande, M. G. Ritchie, T. Schmitt, and L. W. Beukeboom. 2016. Quantitative Trait Locus Analysis of Mating Behavior and Male Sex Pheromones in Nasonia Wasps. G3-Genes Genomes Genetics 6:1549-1562.",high,100.0,100.0,,,False,False,False
zhang2014,10.1186/1471-2164-15-372,https://doi.org/10.1186/1471-2164-15-372,"Zhang, Qiong; Li, Leiting; VanBuren, Robert; Liu, Yanling; Yang, Mei; Xu, Liming; Bowers, John E; Zhong, Caihong; Han, Yuepeng; Li, Shaohua; Ming, Ray",11.0,2014,Optimization of linkage mapping strategy and construction of a high-density American lotus linkage map,BMC Genomics,BMC Genomics,BMC Genomics,15,1,,Springer Science and Business Media LLC,1471-2164,journal-article,18.0,218.0,Zhang,2014.0,"Zhang, Q., L. T. Li, R. VanBuren, Y. L. Liu, M. Yang, L. M. Xu, J. E. Bowers, C. H. Zhong, Y. P. Han, S. H. Li, and R. Ming. 2014. Optimization of linkage mapping strategy and construction of a high-density American lotus linkage",high,100.0,100.0,,,False,False,False
liu2016b,10.1186/s12864-016-2781-4,https://doi.org/10.1186/s12864-016-2781-4,"Liu, Zhengwei; Zhu, Honglian; Liu, Yuping; Kuang, Jing; Zhou, Kai; Liang, Fan; Liu, Zhenhua; Wang, Depeng; Ke, Weidong",9.0,2016,"Construction of a high-density, high-quality genetic map of cultivated lotus (Nelumbo nucifera) using next-generation sequencing",BMC Genomics,BMC Genomics,BMC Genomics,17,1,,Springer Science and Business Media LLC,1471-2164,journal-article,25.0,219.0,Liu,2016.0,"Liu, Z., H. Zhu, Y. Liu, J. Kuang, K. Zhou, F. Liang, Z. Liu, D. Wang, and W. Ke. 2016. Construction of a high-density, high-quality genetic map of cultivated lotus (Nelumbo nucifera) using next-generation sequencing. Bmc",high,100.0,100.0,,,False,False,False
zhang2012,10.3389/fpls.2012.00185,https://doi.org/10.3389/fpls.2012.00185,"Zhang, Shouan; Gao, Muqiang; Zaitlin, David",3.0,2012,"Molecular Linkage Mapping and Marker-Trait Associations with NlRPT, a Downy Mildew Resistance Gene in Nicotiana langsdorffii",Frontiers in Plant Science,Frontiers in Plant Science,Front. Plant Sci.,3,,,Frontiers Media SA,1664-462X,journal-article,8.0,220.0,Zhang,2012.0,"Zhang, S. A., M. Q. Gao, and D. Zaitlin. 2012. Molecular linkage mapping and marker-trait associations with NIRPT, a downy mildew resistance gene in Nicotiana langsdorffii. Frontiers in Plant Science 3.",high,99.1869918699187,100.0,,,False,False,False
gong2016,10.1007/s11032-016-0514-7,https://doi.org/10.1007/s11032-016-0514-7,"Gong, Daping; Huang, Long; Xu, Xiuhong; Wang, Chuanyi; Ren, Min; Wang, Chunkai; Chen, Mingli",7.0,2016,Construction of a high-density SNP genetic map in flue-cured tobacco based on SLAF-seq,Molecular Breeding,Molecular Breeding,Mol Breeding,36,7,,Springer Science and Business Media LLC,1380-3743,journal-article,31.0,221.0,Gong,2016.0,"Gong, D., L. Huang, X. Xu, C. Wang, M. Ren, C. Wang, and M. Chen. 2016. Construction of a high-density SNP genetic map in fluecured tobacco based on SLAF-seq. Molecular Breeding 36.",high,94.73684210526316,100.0,,,False,False,False
jairin2012,10.1093/dnares/dss030,https://doi.org/10.1093/dnares/dss030,"Jairin, J.; Kobayashi, T.; Yamagata, Y.; Sanada-Morimura, S.; Mori, K.; Tashiro, K.; Kuhara, S.; Kuwazaki, S.; Urio, M.; Suetsugu, Y.; Yamamoto, K.; Matsumura, M.; Yasui, H.",13.0,2012,"A Simple Sequence Repeat- and Single-Nucleotide Polymorphism-Based Genetic Linkage Map of the Brown Planthopper, Nilaparvata lugens",DNA Research,DNA Research,DNA Research,20,1,17-30,Oxford University Press (OUP),1340-2838,journal-article,19.0,222.0,Jairin,2013.0,"Jairin, J., T. Kobayashi, Y. Yamagata, S. Sanada-Morimura, K. Mori, K. Tashiro, S. Kuhara, S. Kuwazaki, M. Urio, Y. Suetsugu, K. Yamamoto, M. Matsumura, and H. Yasui. 2013. A Simple Sequence Repeat- and Single-Nucleotide Polymorphism-Based Genetic Linkage Map of the Brown",high,100.0,100.0,,,True,False,False
kirschner2012,10.1111/j.1474-9726.2011.00780.x,https://doi.org/10.1111/j.1474-9726.2011.00780.x,"Kirschner, Jeanette; Weber, David; Neuschl, Christina; Franke, Andre; Böttger, Marco; Zielke, Lea; Powalsky, Eileen; Groth, Marco; Shagin, Dmitry; Petzold, Andreas; Hartmann, Nils; Englert, Christoph; Brockmann, Gudrun A.; Platzer, Matthias; Cellerino, Alessandro; Reichwald, Kathrin",16.0,2012,Mapping of quantitative trait loci controlling lifespan in the short‐lived fish Nothobranchius furzeri– a new vertebrate model for age research,Aging Cell,Aging Cell,Aging Cell,11,2,252-261,Wiley,1474-9718,journal-article,77.0,223.0,Kirschner,2012.0,"Kirschner, J., D. Weber, C. Neuschl, A. Franke, M. Bottger, L. Zielke, E. Powalsky, M. Groth, D. Shagin, A. Petzold, N. Hartmann, C. Englert, G. A. Brockmann, M. Platzer, A. Cellerino, and K. Reichwald. 2012. Mapping of quantitative trait loci controlling lifespan in the short-lived fish Nothobranchius",high,100.0,100.0,,,False,False,False
ipek2016,10.1007/s10528-016-9721-5,https://doi.org/10.1007/s10528-016-9721-5,"İpek, Ahmet; Yılmaz, Kübra; Sıkıcı, Pelin; Tangu, Nesrin Aktepe; Öz, Ayşe Tülin; Bayraktar, Murat; İpek, Meryem; Gülen, Hatice",8.0,2016,SNP Discovery by GBS in Olive and the Construction of a High-Density Genetic Linkage Map,Biochemical Genetics,Biochemical Genetics,Biochem Genet,54,3,313-325,Springer Science and Business Media LLC,0006-2928,journal-article,59.0,224.0,Ipek,2016.0,"Ipek, A., K. Yilmaz, P. Sikici, N. A. Tangu, A. T. Oz, M. Bayraktar, M. Ipek, and H. Gulen. 2016. SNP Discovery by GBS in Olive and the Construction of a High-Density Genetic Linkage Map. Biochemical Genetics 54:313-325.",high,100.0,88.88888888888889,,,False,False,False
mcclelland2008,10.1111/j.1365-2052.2008.01699.x,https://doi.org/10.1111/j.1365-2052.2008.01699.x,"McClelland, E. K.; Naish, K. A.",2.0,2008,A genetic linkage map for coho salmon (Oncorhynchus kisutch),Animal Genetics,Animal Genetics,Animal Genetics,39,2,169-179,Wiley,0268-9146,journal-article,34.0,225.0,McClelland,2008.0,"McClelland, E. K., and K. A. Naish. 2008. A genetic linkage map for coho salmon (Oncorhynchus kisutch). Animal Genetics 39:169-179.",high,100.0,100.0,,,False,False,False
guyomard2012,10.1186/1471-2156-13-15,https://doi.org/10.1186/1471-2156-13-15,"Guyomard, René; Boussaha, Mekki; Krieg, Francine; Hervet, Caroline; Quillet, Edwige",5.0,2012,A synthetic rainbow trout linkage map provides new insights into the salmonid whole genome duplication and the conservation of synteny among teleosts,BMC Genetics,BMC Genetics,BMC Genet,13,1,15,Springer Science and Business Media LLC,1471-2156,journal-article,73.0,226.0,Guyomard,2012.0,"Guyomard, R., M. Boussaha, F. Krieg, C. Hervet, and E. Quillet. 2012. A synthetic rainbow trout linkage map provides new insights into the salmonid whole genome duplication and the conservation of synteny among teleosts.",high,100.0,100.0,,,False,False,False
larson2015,10.1093/jhered/esv099,https://doi.org/10.1093/jhered/esv099,"Larson, Wesley A.; McKinney, Garrett J.; Limborg, Morten T.; Everett, Meredith V.; Seeb, Lisa W.; Seeb, James E.",6.0,2015,Identification of Multiple QTL Hotspots in Sockeye Salmon (Oncorhynchus nerka) Using Genotyping-by-Sequencing and a Dense Linkage Map,Journal of Heredity,Journal of Heredity,JHERED,107,2,122-133,Oxford University Press (OUP),0022-1503,journal-article,43.0,227.0,Larson,2016.0,"Larson, W. A., G. J. McKinney, M. T. Limborg, M. V. Everett, L. W. Seeb, and J. E. Seeb. 2016. Identification of Multiple QTL Hotspots in Sockeye Salmon (Oncorhynchus nerka) Using Genotyping-by-Sequencing and a Dense",high,100.0,100.0,,,True,False,False
mckinney2015,10.1111/1755-0998.12479,https://doi.org/10.1111/1755-0998.12479,"McKinney, G. J.; Seeb, L. W.; Larson, W. A.; Gomez‐Uchida, D.; Limborg, M. T.; Brieuc, M. S. O.; Everett, M. V.; Naish, K. A.; Waples, R. K.; Seeb, J. E.",10.0,2015,An integrated linkage map reveals candidate genes underlying adaptive variation in Chinook salmon (Oncorhynchus tshawytscha),Molecular Ecology Resources,Molecular Ecology Resources,Molecular Ecology Resources,16,3,769-783,Wiley,1755-098X,journal-article,46.0,228.0,McKinney,2016.0,"McKinney, G. J., L. W. Seeb, W. A. Larson, D. Gomez-Uchida, M. T. Limborg, M. S. O. Brieuc, M. V. Everett, K. A. Naish, R. K. Waples, and J. E. Seeb. 2016. An integrated linkage map reveals candidate genes underlying adaptive variation in Chinook salmon (Oncorhynchus tshawytscha). Molecular Ecology",high,100.0,100.0,,,True,False,False
liu2013a,10.1186/1471-2164-14-58,https://doi.org/10.1186/1471-2164-14-58,"Liu, Feng; Sun, Fei; Li, Jian; Xia, Jun Hong; Lin, Grace; Tu, Rong Jian; Yue, Gen Hua",7.0,2013,A microsatellite-based linkage map of salt tolerant tilapia (Oreochromis mossambicus x Oreochromis spp.) and mapping of sex-determining loci,BMC Genomics,BMC Genomics,BMC Genomics,14,1,,Springer Science and Business Media LLC,1471-2164,journal-article,86.0,229.0,Liu,2013.0,"Liu, F., F. Sun, J. Li, J. H. Xia, G. Lin, R. J. Tu, and G. H. Yue. 2013. A microsatellite-based linkage map of salt tolerant tilapia (Oreochromis mossambicus x Oreochromis spp.) and mapping of sex-determining loci. Bmc",high,100.0,100.0,,,False,False,False
kocher1998,10.1093/genetics/148.3.1225,https://doi.org/10.1093/genetics/148.3.1225,"Kocher, Thomas D; Lee, Woo-Jai; Sobolewska, Halina; Penman, David; McAndrew, Brendan",5.0,1998,"A Genetic Linkage Map of a Cichlid Fish, the Tilapia (Oreochromis niloticus)",Genetics,Genetics,,148,3,1225-1232,Oxford University Press (OUP),1943-2631,journal-article,228.0,230.0,Kocher,1998.0,"Kocher, T. D., W. J. Lee, H. Sobolewska, D. Penman, and B. McAndrew. 1998. A genetic linkage map of a cichlid fish, the tilapia (Oreochromis",high,100.0,100.0,,,False,False,False
sternstein2015,10.1186/s12863-015-0168-1,https://doi.org/10.1186/s12863-015-0168-1,"Sternstein, Ina; Reissmann, Monika; Maj, Dorota; Bieniek, Josef; Brockmann, Gudrun A",5.0,2015,A comprehensive linkage map and QTL map for carcass traits in a cross between Giant Grey and New Zealand White rabbits,BMC Genetics,BMC Genetics,BMC Genet,16,1,16,Springer Science and Business Media LLC,1471-2156,journal-article,9.0,231.0,Sternstein,2015.0,"Sternstein, I., M. Reissmann, D. Maj, J. Bieniek, and G. A. Brockmann. 2015. A comprehensive linkage map and QTL map for carcass traits in a cross between Giant Grey and New Zealand White rabbits. Bmc Genetics 16.",high,100.0,100.0,,,False,False,False
luo2016b,10.1016/s2095-3119(16)61465-x,https://doi.org/10.1016/s2095-3119(16)61465-x,"LUO, Xiang-dong; ZHAO, Jun; DAI, Liang-fang; ZHANG, Fan-tao; ZHOU, Yi; WAN, Yong; XIE, Jian-kun",7.0,2016,Linkage map construction and QTL mapping for cold tolerance in Oryza rufipogon Griff. at early seedling stage,Journal of Integrative Agriculture,Journal of Integrative Agriculture,Journal of Integrative Agriculture,15,12,2703-2711,Elsevier BV,2095-3119,journal-article,12.0,232.0,Luo,2016.0,"Luo, X. D., J. Zhao, L. F. Dai, F. T. Zhang, Y. Zhou, Y. Wan, and J. K. Xie. 2016. Linkage map construction and QTL mapping for cold tolerance in Oryza rufipogon Griff. at early seedling stage. Journal of Integrative Agriculture",high,100.0,100.0,,,False,False,False
deleon2016,10.1186/s12284-016-0125-2,https://doi.org/10.1186/s12284-016-0125-2,"De Leon, Teresa B.; Linscombe, Steven; Subudhi, Prasanta K.",3.0,2016,Molecular Dissection of Seedling Salinity Tolerance in Rice (Oryza sativa L.) Using a High-Density GBS-Based SNP Linkage Map,Rice,Rice,Rice,9,1,,Springer Science and Business Media LLC,1939-8425,journal-article,112.0,233.0,DeLeon,2016.0,"De Leon, T. B., S. Linscombe, and P. K. Subudhi. 2016. Molecular Dissection of Seedling Salinity Tolerance in Rice (Oryza sativa L.) Using a High-Density GBS-Based SNP Linkage Map. Rice 9.",high,100.0,92.3076923076923,,,False,False,False
harrang2015,10.1016/j.aquaculture.2015.06.019,https://doi.org/10.1016/j.aquaculture.2015.06.019,"Harrang, Estelle; Heurtebise, Serge; Faury, Nicole; Robert, Maeva; Arzul, Isabelle; Lapègue, Sylvie",6.0,2015,Can survival of European flat oysters following experimental infection with Bonamia ostreae be predicted using QTLs?,Aquaculture,Aquaculture,Aquaculture,448,,521-530,Elsevier BV,0044-8486,journal-article,16.0,234.0,Harrang,2015.0,"Harrang, E., S. Heurtebise, N. Faury, M. Robert, I. Arzul, and S. Lapegue. 2015. Can survival of European flat oysters following experimental infection with Bonamia ostreae be predicted using QTLs? Aquaculture 448:521-530.",high,100.0,100.0,,,False,False,False
johnston2016,10.1534/genetics.115.185553,https://doi.org/10.1534/genetics.115.185553,"Johnston, Susan E; Bérénos, Camillo; Slate, Jon; Pemberton, Josephine M",4.0,2016,Conserved Genetic Architecture Underlying Individual Recombination Rate Variation in a Wild Population of Soay Sheep ( Ovis aries ),Genetics,Genetics,,203,1,583-598,Oxford University Press (OUP),1943-2631,journal-article,179.0,235.0,Johnston,2017.0,"Johnston, S. E., C. Berenos, J. Slate, and J. M. Pemberton. 2016. Conserved Genetic Architecture Underlying Individual Recombination Rate Variation in a Wild Population of Soay Sheep (Ovis aries). Genetics 203:583-+.",high,100.0,100.0,,,True,False,False
poissant2010,10.1186/1471-2164-11-524,https://doi.org/10.1186/1471-2164-11-524,"Poissant, Jocelyn; Hogg, John T; Davis, Corey S; Miller, Joshua M; Maddox, Jillian F; Coltman, David W",6.0,2010,"Genetic linkage map of a wild genome: genomic structure, recombination and sexual dimorphism in bighorn sheep",BMC Genomics,BMC Genomics,BMC Genomics,11,1,524,Springer Science and Business Media LLC,1471-2164,journal-article,38.0,236.0,Poissant,2010.0,"Poissant, J., J. T. Hogg, C. S. Davis, J. M. Miller, J. F. Maddox, and D. W. Coltman. 2010. Genetic linkage map of a wild genome: genomic structure, recombination and sexual dimorphism in bighorn sheep. Bmc Genomics 11.",high,100.0,100.0,,,False,False,False
liu2012a,10.1534/g3.111.001503,https://doi.org/10.1534/g3.111.001503,"Liu, Linglong; Wu, Yanqi; Wang, Yunwen; Samuels, Tim",4.0,2012,A High-Density Simple Sequence Repeat-Based Genetic Linkage Map of Switchgrass,G3 Genes|Genomes|Genetics,G3: Genes|Genomes|Genetics,,2,3,357-370,Oxford University Press (OUP),2160-1836,journal-article,45.0,237.0,Liu,2012.0,"Liu, L. L., Y. Q. Wu, Y. W. Wang, and T. Samuels. 2012. A High-Density Simple Sequence Repeat-Based Genetic Linkage Map of Switchgrass. G3-",high,100.0,100.0,,,False,False,False
winter2009,10.1093/jhered/esp067,https://doi.org/10.1093/jhered/esp067,"Winter, C. B.; Porter, A. H.",2.0,2009,"AFLP Linkage Map of Hybridizing Swallowtail Butterflies, Papilio glaucus and Papilio canadensis",Journal of Heredity,Journal of Heredity,Journal of Heredity,101,1,83-90,Oxford University Press (OUP),0022-1503,journal-article,12.0,238.0,Winter,2010.0,"Winter, C. B., and A. H. Porter. 2010. AFLP Linkage Map of Hybridizing Swallowtail Butterflies, Papilio glaucus and Papilio canadensis. Journal of",high,100.0,100.0,,,True,False,False
cox2006,10.1016/j.ygeno.2006.03.020,https://doi.org/10.1016/j.ygeno.2006.03.020,"Cox, Laura A.; Mahaney, Michael C.; VandeBerg, John L.; Rogers, Jeffrey",4.0,2006,A second-generation genetic linkage map of the baboon (Papio hamadryas) genome,Genomics,Genomics,Genomics,88,3,274-281,Elsevier BV,0888-7543,journal-article,68.0,239.0,Cox,2006.0,"Cox, L. A., M. C. Mahaney, J. L. VandeBerg, and J. Rogers. 2006. A second-generation genetic linkage map of the baboon (Papio hamadryas) genome.",high,100.0,100.0,,,False,False,False
liu2013b,10.1111/jfb.12014,https://doi.org/10.1111/jfb.12014,"Liu, Y. X.; Han, H. Z.; Wang, Q. L.; Jiang, L.; Wang, S. L.; Zhang, X. Y.; Liu, Y.; Wang, Y. F.; Liu, Y. J.; Liu, H. J.",10.0,2013,Choice of microsatellite markers for identifying homozygosity of mitotic gynogenetic diploids in Japanese flounder Paralichthys olivaceus,Journal of Fish Biology,Journal of Fish Biology,Journal of Fish Biology,82,2,588-599,Wiley,0022-1112,journal-article,4.0,240.0,Song,2012.0,"Liu, Y. X., H. Z. Han, Q. L. Wang, L. Jiang, S. L. Wang, X. Y. Zhang, Y. Liu, Y. F. Wang, Y. J. Liu, and H. J. Liu. 2013. Choice of microsatellite markers for identifying homozygosity of mitotic gynogenetic diploids in Japanese flounder Paralichthys olivaceus. Journal of Fish Biology 82:588-599.",high,100.0,0.0,,,True,False,False
vanoers2013,10.1038/hdy.2013.107,https://doi.org/10.1038/hdy.2013.107,"van Oers, K; Santure, A W; De Cauwer, I; van Bers, N EM; Crooijmans, R PMA; Sheldon, B C; Visser, M E; Slate, J; Groenen, M AM",9.0,2013,Replicated high-density genetic maps of two great tit populations reveal fine-scale genomic departures from sex-equal recombination rates,Heredity,Heredity,Heredity,112,3,307-316,Springer Science and Business Media LLC,0018-067X,journal-article,55.0,241.0,vanOers,2014.0,"van Oers, K., A. W. Santure, I. De Cauwer, N. E. M. van Bers, R. Crooijmans, B. C. Sheldon, M. E. Visser, J. Slate, and M. A. M. Groenen. 2014. Replicated high-density genetic maps of two great tit populations reveal fine-scale genomic departures from sex-equal recombination rates. Heredity 112:307-",high,100.0,93.33333333333331,,,True,False,False
wang2017b,10.1038/s41559-017-0120,https://doi.org/10.1038/s41559-017-0120,"Wang, Shi; Zhang, Jinbo; Jiao, Wenqian; Li, Ji; Xun, Xiaogang; Sun, Yan; Guo, Ximing; Huan, Pin; Dong, Bo; Zhang, Lingling; Hu, Xiaoli; Sun, Xiaoqing; Wang, Jing; Zhao, Chengtian; Wang, Yangfan; Wang, Dawei; Huang, Xiaoting; Wang, Ruijia; Lv, Jia; Li, Yuli; Zhang, Zhifeng; Liu, Baozhong; Lu, Wei; Hui, Yuanyuan; Liang, Jun; Zhou, Zunchun; Hou, Rui; Li, Xue; Liu, Yunchao; Li, Hengde; Ning, Xianhui; Lin, Yu; Zhao, Liang; Xing, Qiang; Dou, Jinzhuang; Li, Yangping; Mao, Junxia; Guo, Haobing; Dou, Huaiqian; Li, Tianqi; Mu, Chuang; Jiang, Wenkai; Fu, Qiang; Fu, Xiaoteng; Miao, Yan; Liu, Jian; Yu, Qian; Li, Ruojiao; Liao, Huan; Li, Xuan; Kong, Yifan; Jiang, Zhi; Chourrout, Daniel; Li, Ruiqiang; Bao, Zhenmin",55.0,2017,Scallop genome provides insights into evolution of bilaterian karyotype and development,Nature Ecology & Evolution,Nature Ecology & Evolution,Nat Ecol Evol,1,5,,Springer Science and Business Media LLC,2397-334X,journal-article,426.0,242.0,Wang,2017.0,"Wang, S., J. Zhang, W. Jiao, J. Li, X. Xun, Y. Sun, X. Guo, P. Huan, B. Dong, L. Zhang, X. Hu, X. Sun, J. Wang, C. Zhao, Y. Wang, D. Wang, X. Huang, R. Wang, J. Lv, Y. Li, Z. Zhang, B. Liu, W. Lu, Y. Hui, J. Liang, Z. Zhou, R. Hou, X. Li, Y. Liu, H. Li, X. Ning, Y. Lin, L. Zhao, Q. Xing, J. Dou, Y. Li, J. Mao, H. Guo, H. Dou, T. Li, C. Mu, W. Jiang, Q. Fu, X. Fu, Y. Miao, J. Liu, Q. Yu, R. Li, H. Liao, X. Li, Y. Kong, Z. Jiang, D. Chourrout, R. Li, and Z. Bao. 2017. Scallop genome provides insights into evolution of bilaterian karyotype and",high,100.0,100.0,,,False,False,False
baranski2014,10.1371/journal.pone.0085413,https://doi.org/10.1371/journal.pone.0085413,"Baranski, Matthew; Gopikrishna, Gopalapillay; Robinson, Nicholas A.; Katneni, Vinaya Kumar; Shekhar, Mudagandur S.; Shanmugakarthik, Jayakani; Jothivel, Sarangapani; Gopal, Chavali; Ravichandran, Pitchaiyappan; Kent, Matthew; Arnyasi, Mariann; Ponniah, Alphis G.",12.0,2014,The Development of a High Density Linkage Map for Black Tiger Shrimp (Penaeus monodon) Based on cSNPs,PLoS ONE,PLOS ONE,PLoS ONE,9,1,e85413,Public Library of Science (PLoS),1932-6203,journal-article,62.0,243.0,Baranski,2014.0,"Baranski, M., G. Gopikrishna, N. A. Robinson, V. K. Katneni, M. S. Shekhar, J. Shanmugakarthik, S. Jothivel, C. Gopal, P. Ravichandran, M. Kent, M. Arnyasi, and A. G. Ponniah. 2014. The Development of a High Density Linkage Map for Black Tiger Shrimp (Penaeus monodon) Based on cSNPs.",high,100.0,100.0,,,False,False,False
punnuri2016,10.3835/plantgenome2015.10.0106,https://doi.org/10.3835/plantgenome2015.10.0106,"Punnuri, Somashekhar M.; Wallace, Jason G.; Knoll, Joseph E.; Hyma, Katie E.; Mitchell, Sharon E.; Buckler, Edward S.; Varshney, Rajeev K.; Singh, Bharat P.",8.0,2016,Development of a High‐Density Linkage Map and Tagging Leaf Spot Resistance in Pearl Millet Using Genotyping‐by‐Sequencing Markers,The Plant Genome,The Plant Genome,The Plant Genome,9,2,,Wiley,1940-3372,journal-article,29.0,244.0,Punnuri,2016.0,"Punnuri, S. M., J. G. Wallace, J. E. Knoll, K. E. Hyma, S. E. Mitchell, E. S. Buckler, R. K. Varshney, and B. P. Singh. 2016. Development of a High-Density Linkage Map and Tagging Leaf Spot Resistance in Pearl Millet Using Genotyping-by-Sequencing Markers. Plant Genome 9.",high,100.0,100.0,,,False,False,False
kenneyhunt2014,10.1007/s00335-014-9500-8,https://doi.org/10.1007/s00335-014-9500-8,"Kenney-Hunt, Jane; Lewandowski, Adrienne; Glenn, Travis C.; Glenn, Julie L.; Tsyusko, Olga V.; O’Neill, Rachel J.; Brown, Judy; Ramsdell, Clifton M.; Nguyen, Quang; Phan, Tony; Shorter, Kimberly R.; Dewey, Michael J.; Szalai, Gabor; Vrana, Paul B.; Felder, Michael R.",15.0,2014,A genetic map of Peromyscus with chromosomal assignment of linkage groups (a Peromyscus genetic map),Mammalian Genome,Mammalian Genome,Mamm Genome,25,3-4,160-179,Springer Science and Business Media LLC,0938-8990,journal-article,26.0,245.0,Kenney-Hunt,2014.0,"Kenney-Hunt, J., A. Lewandowski, T. C. Glenn, J. L. Glenn, O. V. Tsyusko, R. J. O’Neill, J. Brown, C. M. Ramsdell, Q. Nguyen, T. Phan, K. R. Shorter, M. J. Dewey, G. Szalai, P. B. Vrana, and M. R. Felder. 2014. A genetic map of Peromyscus with chromosomal assignment of linkage groups (a Peromyscus",high,100.0,100.0,,,False,False,False
borrone2009,,,"Borrone, J. W., J. S. Brown, C. L. Tondo, M. Mauro-Herrera, D. N. Kuhn, H. A. Violi, R. T. Sautter, and R. J. Schnell",,2009,An EST-SSR-based linkage map for Persea americana Mill. (avocado),Tree Genetics & Genomes,Tree Genetics & Genomes,,5,,553-,,,journal-article,,246.0,Borrone,2009.0,"Borrone, J. W., J. S. Brown, C. L. Tondo, M. Mauro-Herrera, D. N. Kuhn, H. A. Violi, R. T. Sautter, and R. J. Schnell. 2009. An EST-SSR-based linkage map for Persea americana Mill. (avocado). Tree Genetics & Genomes 5:553-",unresolved,,,,Page range truncated in the supplementary PDF.,False,False,True
bossolini2011,10.1139/g10-116,https://doi.org/10.1139/g10-116,"Bossolini, Eligio; Klahre, Ulrich; Brandenburg, Anna; Reinhardt, Didier; Kuhlemeier, Cris",5.0,2011,High resolution linkage maps of the model organism Petunia reveal substantial synteny decay with the related genome of tomato,Genome,Genome,Genome,54,4,327-340,Canadian Science Publishing,0831-2796,journal-article,32.0,247.0,Bossolini,2011.0,"Bossolini, E., U. Klahre, A. Brandenburg, D. Reinhardt, and C. Kuhlemeier. 2011. High resolution linkage maps of the model organism Petunia reveal substantial synteny decay with the related, genome of tomato. Genome",high,100.0,100.0,,,False,False,False
malkus2009,10.1007/s10658-009-9454-y,https://doi.org/10.1007/s10658-009-9454-y,"Malkus, Arkadiusz; Song, Qijian; Cregan, Perry; Arseniuk, Edward; Ueng, Peter P.",5.0,2009,"Genetic linkage map of Phaeosphaeria nodorum, the causal agent of stagonospora nodorum blotch disease of wheat",European Journal of Plant Pathology,European Journal of Plant Pathology,Eur J Plant Pathol,124,4,681-690,Springer Science and Business Media LLC,0929-1873,journal-article,8.0,248.0,Malkus,2009.0,"Malkus, A., Q. Song, P. Cregan, E. Arseniuk, and P. P. Ueng. 2009. Genetic linkage map of Phaeosphaeria nodorum, the causal agent of stagonospora nodorum blotch disease of wheat. European Journal of Plant Pathology",high,100.0,100.0,,,False,False,False
gutierrez2011,10.1007/s12041-011-0085-7,https://doi.org/10.1007/s12041-011-0085-7,"GUTIÉRREZ, MARÍA LAURA; GARCÍA, GRACIELA",2.0,2011,A preliminary linkage map using spotted melanic laboratory strains of the livebearing fish Phalloceros caudimaculatus var. reticulata (Cyprinodontiformes: Poeciliidae),Journal of Genetics,Journal of Genetics,J Genet,92,S2,66-71,Springer Science and Business Media LLC,0022-1333,journal-article,1.0,249.0,Gutierrez,2011.0,"Gutierrez, M. L., and G. Garcia. 2011. A preliminary linkage map using spotted melanic laboratory strains of the livebearing fish Phalloceros caudimaculatus var. reticulata (Cyprinodontiformes: Poeciliidae). Journal of",high,100.0,88.88888888888889,,,False,False,False
song2015,10.1534/g3.115.020594,https://doi.org/10.1534/g3.115.020594,"Song, Qijian; Jia, Gaofeng; Hyten, David L; Jenkins, Jerry; Hwang, Eun-Young; Schroeder, Steven G; Osorno, Juan M; Schmutz, Jeremy; Jackson, Scott A; McClean, Phillip E; Cregan, Perry B",11.0,2015,"SNP Assay Development for Linkage Map Construction, Anchoring Whole-Genome Sequence, and Other Genetic and Genomic Applications in Common Bean",G3 Genes|Genomes|Genetics,G3: Genes|Genomes|Genetics,,5,11,2285-2290,Oxford University Press (OUP),2160-1836,journal-article,144.0,250.0,Song,2015.0,"Song, Q. J., G. F. Jia, D. L. Hyten, J. Jenkins, E. Y. Hwang, S. G. Schroeder, J. M. Osorno, J. Schmutz, S. A. Jackson, P. E. McClean, and P. B. Cregan. 2015. SNP Assay Development for Linkage Map Construction, Anchoring Whole-Genome Sequence, and Other Genetic and Genomic Applications in",high,100.0,100.0,,,False,False,False
mathew2014,10.1186/1471-2164-15-285,https://doi.org/10.1186/1471-2164-15-285,"Mathew, Lisa S; Spannagl, Manuel; Al-Malki, Ameena; George, Binu; Torres, Maria F; Al-Dous, Eman K; Al-Azwani, Eman K; Hussein, Emad; Mathew, Sweety; Mayer, Klaus FX; Mohamoud, Yasmin Ali; Suhre, Karsten; Malek, Joel A",13.0,2014,A first genetic map of date palm (Phoenix dactylifera) reveals long-range genome structure conservation in the palms,BMC Genomics,BMC Genomics,BMC Genomics,15,1,,Springer Science and Business Media LLC,1471-2164,journal-article,96.0,251.0,Mathew,2014.0,"Mathew, L. S., M. Spannagl, A. Al-Malki, B. George, M. F. Torres, E. K. Al-Dous, E. K. Al-Azwani, E. Hussein, S. Mathew, K. F. X. Mayer, Y. A. Mohamoud, K. Suhre, and J. A. Malek. 2014. A first genetic map of date palm (Phoenix dactylifera) reveals long-range genome structure conservation in the",high,100.0,100.0,,,False,False,False
kamisugi2008,10.1111/j.1365-313x.2008.03637.x,https://doi.org/10.1111/j.1365-313x.2008.03637.x,"Kamisugi, Yasuko; Von Stackelberg, Mark; Lang, Daniel; Care, Matthew; Reski, Ralf; Rensing, Stefan A.; Cuming, Andrew C.",7.0,2008,"A sequence‐anchored genetic linkage map for the moss, Physcomitrella patens",The Plant Journal,The Plant Journal,The Plant Journal,56,5,855-866,Wiley,0960-7412,journal-article,35.0,252.0,Kamisugi,2008.0,"Kamisugi, Y., M. von Stackelberg, D. Lang, M. Care, R. Reski, S. A. Rensing, and A. C. Cuming. 2008. A sequence-anchored genetic linkage map for the moss, Physcomitrella patens. Plant Journal 56:855-866.",high,100.0,100.0,,,False,False,False
vanderlee2004,10.1534/genetics.104.029652,https://doi.org/10.1534/genetics.104.029652,"van der Lee, Theo; Testa, Antonino; Robold, Andrea; van ‘t Klooster, John; Govers, Francine",5.0,2004,High-Density Genetic Linkage Maps of Phytophthora infestans Reveal Trisomic Progeny and Chromosomal Rearrangements,Genetics,Genetics,,167,4,1643-1661,Oxford University Press (OUP),1943-2631,journal-article,50.0,253.0,vanderLee,2004.0,"van der Lee, T., A. Testa, A. Robold, J. van 't Klooster, and F. Govers. 2004. High-density genetic linkage maps of Phytophthora infestans reveal trisomic progeny and chromosomal rearrangements. Genetics 167:1643-1661.",high,100.0,90.0,,,False,False,False
lind2014,10.1371/journal.pone.0101049,https://doi.org/10.1371/journal.pone.0101049,"Lind, Mårten; Källman, Thomas; Chen, Jun; Ma, Xiao-Fei; Bousquet, Jean; Morgante, Michele; Zaina, Giusi; Karlsson, Bo; Elfstrand, Malin; Lascoux, Martin; Stenlid, Jan",11.0,2014,A Picea abies Linkage Map Based on SNP Markers Identifies QTLs for Four Aspects of Resistance to Heterobasidion parviporum Infection,PLoS ONE,PLOS ONE,PLoS ONE,9,7,e101049,Public Library of Science (PLoS),1932-6203,journal-article,55.0,254.0,Lind,2014.0,"Lind, M., T. Kallman, J. Chen, X. F. Ma, J. Bousquet, M. Morgante, G. Zaina, B. Karlsson, M. Elfstrand, M. Lascoux, and J. Stenlid. 2014. A Picea abies Linkage Map Based on SNP Markers Identifies QTLs for Four Aspects of Resistance to Heterobasidion parviporum Infection. Plos One 9.",high,100.0,100.0,,,False,False,False
friedline2015,10.1007/s11295-015-0866-x,https://doi.org/10.1007/s11295-015-0866-x,"Friedline, Christopher J.; Lind, Brandon M.; Hobson, Erin M.; Harwood, Douglas E.; Mix, Annette Delfino; Maloney, Patricia E.; Eckert, Andrew J.",7.0,2015,The genetic architecture of local adaptation I: the genomic landscape of foxtail pine (Pinus balfouriana Grev. & Balf.) as revealed from a high-density linkage map,Tree Genetics & Genomes,Tree Genetics & Genomes,Tree Genetics & Genomes,11,3,,Springer Science and Business Media LLC,1614-2942,journal-article,20.0,255.0,Friesline,2015.0,"Friedline, C. J., B. M. Lind, E. M. Hobson, D. E. Harwood, A. D. Mix, P. E. Maloney, and A. J. Eckert. 2015. The genetic architecture of local adaptation I: the genomic landscape of foxtail pine (Pinus balfouriana Grev. & Balf.) as revealed from a high-density linkage map. Tree Genetics & Genomes 11.",high,100.0,88.88888888888889,,,False,False,False
yang2013,10.1007/s00468-013-0890-0,https://doi.org/10.1007/s00468-013-0890-0,"Yang, Hui-xiao; Luo, Rui; Zhao, Fen-cheng; Liu, Tian-yi; Liu, Chun-xin; Huang, Shao-wei",6.0,2013,"Constructing genetic linkage maps for Pinus elliottii var. elliottii and Pinus caribaea var. hondurensis using SRAP, SSR, EST and ISSR markers",Trees,Trees,Trees,27,5,1429-1442,Springer Science and Business Media LLC,0931-1890,journal-article,7.0,256.0,Yang,2013.0,"Yang, H. X., R. Luo, F. C. Zhao, T. Y. Liu, C. X. Liu, and S. W. Huang. 2013. Constructing genetic linkage maps for Pinus elliottii var. elliottii and Pinus caribaea var. hondurensis using SRAP, SSR, EST and ISSR markers. Trees-",high,100.0,100.0,,,False,False,False
chen2010b,10.1007/s00468-010-0438-5,https://doi.org/10.1007/s00468-010-0438-5,"Chen, Min-Min; Feng, Fujuan; Sui, Xin; Li, Mai-He; Zhao, Dan; Han, Shijie",6.0,2010,"Construction of a framework map for Pinus koraiensis Sieb. et Zucc. using SRAP, SSR and ISSR markers",Trees,Trees,Trees,24,4,685-693,Springer Science and Business Media LLC,0931-1890,journal-article,17.0,257.0,Chen,2010.0,"Chen, M. M., F. J. Feng, X. Sui, M. H. Li, D. Zhao, and S. J. Han. 2010. Construction of a framework map for Pinus koraiensis Sieb. et Zucc. using SRAP, SSR and ISSR markers. Trees-Structure and Function 24:685-693.",high,100.0,100.0,,,False,False,False
jermstad2010,10.1007/s11295-010-0347-1,https://doi.org/10.1007/s11295-010-0347-1,"Jermstad, Kathleen D.; Eckert, Andrew J.; Wegrzyn, Jill L.; Delfino-Mix, Annette; Davis, Dean A.; Burton, Deems C.; Neale, David B.",7.0,2010,Comparative mapping in Pinus: sugar pine (Pinus lambertiana Dougl.) and loblolly pine (Pinus taeda L.),Tree Genetics & Genomes,Tree Genetics & Genomes,Tree Genetics & Genomes,7,3,457-468,Springer Science and Business Media LLC,1614-2942,journal-article,41.0,258.0,Jermstad,2011.0,"Jermstad, K. D., A. J. Eckert, J. L. Wegrzyn, A. Delfino-Mix, D. A. Davis, D. C. Burton, and D. B. Neale. 2011. Comparative mapping in Pinus: sugar pine (Pinus lambertiana Dougl.) and loblolly pine (Pinus taeda L.). Tree Genetics &",high,100.0,100.0,,,True,False,False
chen2014a,10.1515/sg-2014-0001,https://doi.org/10.1515/sg-2014-0001,"Chen, Wenxia; Cao, Mu; Wang, Yuanxiu; Zhou, Zhichun; Xu, Li-An",5.0,2014,"1. A genetic linkage map of Pinus massoniana based on SRAP, SSR and ESTP markers",Silvae Genetica,Silvae Genetica,,63,1-6,1-8,Walter de Gruyter GmbH,2509-8934,journal-article,2.0,259.0,Chen,2014.0,"Chen, W. X., M. Cao, Y. X. Wang, Z. C. Zhou, and L. A. Xu. 2014. A genetic linkage map of Pinus massoniana based on SRAP, SSR and ESTP markers.",high,100.0,100.0,,,False,False,False
chancerel2013,10.1186/1741-7007-11-50,https://doi.org/10.1186/1741-7007-11-50,"Chancerel, Emilie; Lamy, Jean-Baptiste; Lesur, Isabelle; Noirot, Céline; Klopp, Christophe; Ehrenmann, François; Boury, Christophe; Provost, Grégoire Le; Label, Philippe; Lalanne, Céline; Léger, Valérie; Salin, Franck; Gion, Jean-Marc; Plomion, Christophe",14.0,2013,High-density linkage mapping in a pine tree reveals a genomic region associated with inbreeding depression and provides clues to the extent and distribution of meiotic recombination,BMC Biology,BMC Biology,BMC Biol,11,1,,Springer Science and Business Media LLC,1741-7007,journal-article,59.0,260.0,Chancerel,2013.0,"Chancerel, E., J. B. Lamy, I. Lesur, C. Noirot, C. Klopp, F. Ehrenmann, C. Boury, G. Le Provost, P. Label, C. Lalanne, V. Leger, F. Salin, J. M. Gion, and C. Plomion. 2013. High-density linkage mapping in a pine tree reveals a genomic region associated with inbreeding depression and provides clues to",high,100.0,100.0,,,False,False,False
moragasuazo2014,10.1007/s00468-014-1090-2,https://doi.org/10.1007/s00468-014-1090-2,"Moraga-Suazo, P.; Orellana, L.; Quiroga, P.; Balocchi, C.; Sanfuentes, E.; Whetten, R. W.; Hasbún, R.; Valenzuela, S.",8.0,2014,Development of a genetic linkage map for Pinus radiata and detection of pitch canker disease resistance associated QTLs,Trees,Trees,Trees,28,6,1823-1835,Springer Science and Business Media LLC,0931-1890,journal-article,17.0,261.0,Moraga-Suazo,2014.0,"Moraga-Suazo, P., L. Orellana, P. Quiroga, C. Balocchi, E. Sanfuentes, R. W. Whetten, R. Hasbun, and S. Valenzuela. 2014. Development of a genetic linkage map for Pinus radiata and detection of pitch canker disease resistance associated QTLs. Trees-Structure and Function 28:1823-1835.",high,100.0,100.0,,,False,False,False
westbrook2015,10.1534/g3.115.019588,https://doi.org/10.1534/g3.115.019588,"Westbrook, Jared W; Chhatre, Vikram E; Wu, Le-Shin; Chamala, Srikar; Neves, Leandro Gomide; Muñoz, Patricio; Martínez-García, Pedro J; Neale, David B; Kirst, Matias; Mockaitis, Keithanne; Nelson, C Dana; Peter, Gary F; Davis, John M; Echt, Craig S",14.0,2015,A Consensus Genetic Map for Pinus taeda and Pinus elliottii and Extent of Linkage Disequilibrium in Two Genotype-Phenotype Discovery Populations of Pinus taeda,G3 Genes|Genomes|Genetics,G3: Genes|Genomes|Genetics,,5,8,1685-1694,Oxford University Press (OUP),2160-1836,journal-article,41.0,262.0,Westbrook,2015.0,"Westbrook, J. W., V. E. Chhatre, L. S. Wu, S. Chamala, L. G. Neves, P. Munoz, P. J. Martinez-Garcia, D. B. Neale, M. Kirst, K. Mockaitis, C. D. Nelson, G. F. Peter, J. M. Davis, and C. S. Echt. 2015. A Consensus Genetic Map for Pinus taeda and Pinus elliottii and Extent of Linkage Disequilibrium in Two Genotype-Phenotype Discovery Populations of Pinus taeda. G3-Genes",high,100.0,100.0,,,False,False,False
boutet2016,10.1186/s12864-016-2447-2,https://doi.org/10.1186/s12864-016-2447-2,"Boutet, Gilles; Alves Carvalho, Susete; Falque, Matthieu; Peterlongo, Pierre; Lhuillier, Emeline; Bouchez, Olivier; Lavaud, Clément; Pilet-Nayel, Marie-Laure; Rivière, Nathalie; Baranger, Alain",10.0,2016,SNP discovery and genetic mapping using genotyping by sequencing of whole genome genomic DNA from a pea RIL population,BMC Genomics,BMC Genomics,BMC Genomics,17,1,,Springer Science and Business Media LLC,1471-2164,journal-article,86.0,263.0,Boutet,2016.0,"Boutet, G., S. A. Carvalho, M. Falque, P. Peterlongo, E. Lhuillier, O. Bouchez, C. Lavaud, M. L. Pilet-Nayel, N. Riviere, and A. Baranger. 2016. SNP discovery and genetic mapping using genotyping by sequencing of whole genome genomic DNA from a pea RIL population. Bmc Genomics 17.",high,100.0,100.0,,,False,False,False
martinello2005,,,"Martinelli, A., P. Hunt, R. Fawcett, P. V. L. Cravo, D. Walliker, and R. Carter",,2005,An AFLP-based genetic linkage map of Plasmodium chabaudi,,,,,,,,,journal-article,,264.0,Martinello,2005.0,"Martinelli, A., P. Hunt, R. Fawcett, P. V. L. Cravo, D. Walliker, and R. Carter. 2005. An AFLP-based genetic linkage map of Plasmodium chabaudi",unresolved,,,reject,"Matched a CABI species compendium page, not the Martinello AFLP map paper. Citation truncated in the PDF. Note: first author is Martinelli, A. in the citation but recorded as ""Martinello"" in the data file.",False,False,True
jiang2011,10.1186/gb-2011-12-4-r33,https://doi.org/10.1186/gb-2011-12-4-r33,"Jiang, Hongying; Li, Na; Gopalan, Vivek; Zilversmit, Martine M; Varma, Sudhir; Nagarajan, Vijayaraj; Li, Jian; Mu, Jianbing; Hayton, Karen; Henschen, Bruce; Yi, Ming; Stephens, Robert; McVean, Gilean; Awadalla, Philip; Wellems, Thomas E; Su, Xin-zhuan",16.0,2011,High recombination rates and hotspots in a Plasmodium falciparum genetic cross,Genome Biology,Genome Biology,Genome Biol,12,4,,Springer Science and Business Media LLC,1474-760X,journal-article,100.0,265.0,Jiang,2011.0,"Jiang, H. Y., N. Li, V. Gopalan, M. M. Zilversmit, S. Varma, V. Nagarajan, J. Li, J. B. Mu, K. Hayton, B. Henschen, M. Yi, R. Stephens, G. McVean, P. Awadalla, T. E. Wellems, and X. Z. Su. 2011. High recombination rates and hotspots in a Plasmodium falciparum genetic cross. Genome Biology 12.",high,100.0,100.0,,,False,False,False
tripathi2009,10.1098/rspb.2008.1930,https://doi.org/10.1098/rspb.2008.1930,"Tripathi, Namita; Hoffmann, Margarete; Willing, Eva-Maria; Lanz, Christa; Weigel, Detlef; Dreyer, Christine",6.0,2009,"Genetic linkage map of the guppy,Poecilia reticulata, and quantitative trait loci analysis of male size and colour variation",Proceedings of the Royal Society B: Biological Sciences,Proceedings of the Royal Society B: Biological Sciences,Proc. R. Soc. B.,276,1665,2195-2208,The Royal Society,0962-8452,journal-article,87.0,266.0,Tripathi,2009.0,"Tripathi, N., M. Hoffmann, E. M. Willing, C. Lanz, D. Weigel, and C. Dreyer. 2009. Genetic linkage map of the guppy, Poecilia reticulata, and quantitative trait loci analysis of male size and colour variation. Proceedings of the Royal",high,100.0,100.0,,,False,False,False
sirvio2010,10.1111/j.1558-5646.2010.01170.x,https://doi.org/10.1111/j.1558-5646.2010.01170.x,"Sirviö, Anu; Pamilo, Pekka; Johnson, Robert A.; Page Jr., Robert E.; Gadau, Jürgen",5.0,2010,ORIGIN AND EVOLUTION OF THE DEPENDENT LINEAGES IN THE GENETIC CASTE DETERMINATION SYSTEM OF POGONOMYRMEX ANTS,Evolution,Evolution,,65,3,869-884,Oxford University Press (OUP),0014-3820,journal-article,36.0,267.0,Sirvio,2011.0,"Sirvio, A., P. Pamilo, R. A. Johnson, R. E. Page, and J. Gadau. 2011. ORIGIN AND EVOLUTION OF THE DEPENDENT LINEAGES IN THE GENETIC CASTE DETERMINATION SYSTEM OF POGONOMYRMEX ANTS.",high,100.0,90.9090909090909,,,True,False,False
wang2009c,10.1007/s10681-009-0085-3,https://doi.org/10.1007/s10681-009-0085-3,"Wang, Yuanxiu; Sun, Xiaoyan; Tan, Biyue; Zhang, Bo; Xu, Li-an; Huang, Minren; Wang, Mingxiu",7.0,2009,A genetic linkage map of Populus adenopoda Maxim. × P. alba L. hybrid based on SSR and SRAP markers,Euphytica,Euphytica,Euphytica,173,2,193-205,Springer Science and Business Media LLC,0014-2336,journal-article,24.0,268.0,Wang,2010.0,"Wang, Y. X., X. Y. Sun, B. Y. Tan, B. Zhang, L. A. Xu, M. R. Huang, and M. X. Wang. 2010. A genetic linkage map of Populus adenopoda Maxim. x P. alba L. hybrid based on SSR and SRAP markers. Euphytica 173:193-205.",high,100.0,100.0,,,True,False,False
paolucci2010,10.1007/s11295-010-0297-7,https://doi.org/10.1007/s11295-010-0297-7,"Paolucci, Isabella; Gaudet, Muriel; Jorge, Véronique; Beritognolo, Isacco; Terzoli, Serena; Kuzminsky, Elena; Muleo, Rosario; Scarascia Mugnozza, Giuseppe; Sabatti, Maurizio",9.0,2010,Genetic linkage maps of Populus alba L. and comparative mapping analysis of sex determination across Populus species,Tree Genetics & Genomes,Tree Genetics & Genomes,Tree Genetics & Genomes,6,6,863-875,Springer Science and Business Media LLC,1614-2942,journal-article,90.0,269.0,Paolucci,2010.0,"Paolucci, I., M. Gaudet, V. Jorge, I. Beritognolo, S. Terzoli, E. Kuzminsky, R. Muleo, G. S. Mugnozza, and M. Sabatti. 2010. Genetic linkage maps of Populus alba L. and comparative mapping analysis of sex determination across Populus species. Tree Genetics & Genomes 6:863-875.",high,100.0,100.0,,,False,False,False
mousavi2016,10.1186/s12864-016-3003-9,https://doi.org/10.1186/s12864-016-3003-9,"Mousavi, Mohaddeseh; Tong, Chunfa; Liu, Fenxiang; Tao, Shentong; Wu, Jiyan; Li, Huogen; Shi, Jisen",7.0,2016,De novo SNP discovery and genetic linkage mapping in poplar using restriction site associated DNA and whole-genome sequencing technologies,BMC Genomics,BMC Genomics,BMC Genomics,17,1,,Springer Science and Business Media LLC,1471-2164,journal-article,38.0,270.0,Mousavi,2016.0,"Mousavi, M., C. F. Tong, F. X. Liu, S. T. Tao, J. Y. Wu, H. G. Li, and J. S. Shi. 2016. De novo SNP discovery and genetic linkage mapping in poplar using restriction site associated DNA and whole-genome sequencing technologies.",high,100.0,100.0,,,False,False,False
gaudet2008,,,"Gaudet, M., V. Jorge, I. Paolucci, I. Beritognolo, G. S. Mugnozza, and M. Sabatti",,2008,"Genetic linkage maps of Populus nigra L. including AFLPs, SSRs, SNPs, and sex trait",Tree Genetics & Genomes,Tree Genetics & Genomes,,4,,25-36,,,journal-article,,271.0,Gaudet,2008.0,"Gaudet, M., V. Jorge, I. Paolucci, I. Beritognolo, G. S. Mugnozza, and M. Sabatti. 2008. Genetic linkage maps of Populus nigra L. including AFLPs, SSRs, SNPs, and sex trait. Tree Genetics & Genomes 4:25-36.",unresolved,,,,,False,False,True
pakull2009,10.1007/s11295-009-0204-2,https://doi.org/10.1007/s11295-009-0204-2,"Pakull, Birte; Groppe, Katrin; Meyer, Matthias; Markussen, Torsten; Fladung, Matthias",5.0,2009,Genetic linkage mapping in aspen (Populus tremula L. and Populus tremuloides Michx.),Tree Genetics & Genomes,Tree Genetics & Genomes,Tree Genetics & Genomes,5,3,505-515,Springer Science and Business Media LLC,1614-2942,journal-article,93.0,272.0,Pakull,2009.0,"Pakull, B., K. Groppe, M. Meyer, T. Markussen, and M. Fladung. 2009. Genetic linkage mapping in aspen (Populus tremula L. and Populus tremuloides Michx.). Tree Genetics & Genomes 5:505-515.",high,100.0,100.0,,,False,False,False
liu2012b,10.1016/j.aquaculture.2012.01.034,https://doi.org/10.1016/j.aquaculture.2012.01.034,"Liu, Lei; Li, Jian; Liu, Ping; Zhao, Fazhen; Gao, Baoquan; Du, Ying",6.0,2012,A genetic linkage map of swimming crab (Portunus trituberculatus) based on SSR and AFLP markers,Aquaculture,Aquaculture,Aquaculture,344-349,,66-81,Elsevier BV,0044-8486,journal-article,18.0,273.0,Liu,2012.0,"Liu, L., J. Li, P. Liu, F. Z. Zhao, B. Q. Gao, and Y. Du. 2012. A genetic linkage map of swimming crab (Portunus trituberculatus) based on SSR and AFLP",high,100.0,100.0,,,False,False,False
feng2016,10.1007/s12041-016-0650-1,https://doi.org/10.1007/s12041-016-0650-1,"FENG, CHEN; FENG, CHAO; KANG, MING",3.0,2016,The first genetic linkage map of Primulina eburnea (Gesneriaceae) based on EST-derived SNP markers,Journal of Genetics,Journal of Genetics,J Genet,95,2,377-382,Springer Science and Business Media LLC,0022-1333,journal-article,4.0,274.0,Feng,2016.0,"Feng, C., C. Feng, and M. Kang. 2016. The first genetic linkage map of Primulina eburnea (Gesneriaceae) based on EST-derived SNP markers.",high,100.0,100.0,,,False,False,False
srinivasan2002,10.1093/genetics/162.1.129,https://doi.org/10.1093/genetics/162.1.129,"Srinivasan, Jagan; Sinz, Waltraud; Lanz, Christa; Brand, Alexandra; Nandakumar, Ramkumar; Raddatz, Günter; Witte, Hanh; Keller, Heike; Kipping, Isabel; Pires-daSilva, André; Jesse, Taco; Millare, Jun; de Both, Michiel; Schuster, Stephan C; Sommer, Ralf J",15.0,2002,A Bacterial Artificial Chromosome-Based Genetic Linkage Map of the Nematode Pristionchus pacificus,Genetics,Genetics,,162,1,129-134,Oxford University Press (OUP),1943-2631,journal-article,46.0,275.0,Srinivasan,2002.0,"Srinivasan, J., W. Sinz, C. Lanz, A. Brand, R. Nandakumar, G. Raddatz, H. Witte, H. Keller, I. Kipping, A. Pires-daSilva, T. Jesse, J. Millare, M. de Both, S. C. Schuster, and R. J. Sommer. 2002. A bacterial artificial chromosome-based genetic linkage map of the nematode Pristionchus pacificus. Genetics",high,100.0,100.0,,,False,False,False
lalli2008,10.1007/s11295-007-0125-x,https://doi.org/10.1007/s11295-007-0125-x,"Lalli, D. A.; Abbott, A. G.; Zhebentyayeva, T. N.; Badenes, M. L.; Damsteegt, V.; Polák, J.; Krška, B.; Salava, J.",8.0,2008,A genetic linkage map for an apricot (Prunus armeniaca L.) BC1 population mapping plum pox virus resistance,Tree Genetics & Genomes,Tree Genetics & Genomes,Tree Genetics & Genomes,4,3,481-493,Springer Science and Business Media LLC,1614-2942,journal-article,49.0,276.0,Lalli,2008.0,"Lalli, D. A., A. G. Abbott, T. N. Zhebentyayeva, M. L. Badenes, V. Damsteegt, J. Polak, B. Krska, and J. Salava. 2008. A genetic linkage map for an apricot (Prunus armeniaca L.) BC(1) population mapping plum pox virus resistance.",high,98.5645933014354,100.0,,,False,False,False
wang2015a,10.1371/journal.pone.0141261,https://doi.org/10.1371/journal.pone.0141261,"Wang, Jing; Zhang, Kaichun; Zhang, Xiaoming; Yan, Guohua; Zhou, Yu; Feng, Laibao; Ni, Yang; Duan, Xuwei",8.0,2015,Construction of Commercial Sweet Cherry Linkage Maps and QTL Analysis for Trunk Diameter,PLOS ONE,PLOS ONE,PLoS ONE,10,10,e0141261,Public Library of Science (PLoS),1932-6203,journal-article,14.0,277.0,Wang,2015.0,"Wang, J., K. C. Zhang, X. M. Zhang, G. H. Yan, Y. Zhou, L. B. Feng, Y. Ni, and X. W. Duan. 2015. Construction of Commercial Sweet Cherry Linkage Maps and QTL Analysis for Trunk Diameter. Plos One 10.",high,100.0,100.0,,,False,False,False
tavassolian2010,,,"Tavassolian, I., G. Rabiei, D. Gregory, M. Mnejja, M. G. Wirthensohn, P. W. Hunt, J. P. Gibson, C. M. Ford, M. Sedgley, and S. B. Wu",,2010,Construction of an almond linkage map in an Australian population Nonpareil x Lauranne,,,,,,,,,journal-article,,278.0,Tavassolian,2010.0,"Tavassolian, I., G. Rabiei, D. Gregory, M. Mnejja, M. G. Wirthensohn, P. W. Hunt, J. P. Gibson, C. M. Ford, M. Sedgley, and S. B. Wu. 2010. Construction of an almond linkage map in an Australian population Nonpareil x Lauranne.",unresolved,,,,Citation truncated in the supplementary PDF; journal not recoverable from the text.,False,False,True
cao2011,10.21273/jashs.136.3.190,https://doi.org/10.21273/jashs.136.3.190,"Cao, Ke; Wang, Lirong; Zhu, Gengrui; Fang, Weichao; Chen, Chenwen; Zhao, Pei",6.0,2011,"Construction of a Linkage Map and Identification of Resistance Gene Analog Markers for Root-knot Nematodes in Wild Peach, Prunus kansuensis",Journal of the American Society for Horticultural Science,Journal of the American Society for Horticultural Science,J. Amer. Soc. Hort. Sci.,136,3,190-197,American Society for Horticultural Science,0003-1062,journal-article,17.0,279.0,Cao,2011.0,"Cao, K., L. R. Wang, G. R. Zhu, W. C. Fang, C. W. Chen, and P. Zhao. 2011. Construction of a Linkage Map and Identification of Resistance Gene Analog Markers for Root-knot Nematodes in Wild Peach, Prunus kansuensis. Journal of the American Society for Horticultural Science 136:190-197.",high,100.0,100.0,,,False,False,False
zhang2015b,10.1093/dnares/dsv003,https://doi.org/10.1093/dnares/dsv003,"Zhang, J.; Zhang, Q.; Cheng, T.; Yang, W.; Pan, H.; Zhong, J.; Huang, L.; Liu, E.",8.0,2015,High-density genetic map construction and identification of a locus controlling weeping trait in an ornamental woody plant (Prunus mume Sieb. et Zucc),DNA Research,DNA Research,DNA Research,22,3,183-191,Oxford University Press (OUP),1340-2838,journal-article,129.0,280.0,Zhang,2015.0,"Zhang, J., Q. X. Zhang, T. R. Cheng, W. R. Yang, H. T. Pan, J. J. Zhong, L. Huang, and E. Z. Liu. 2015. High-density genetic map construction and identification of a locus controlling weeping trait in an ornamental woody plant (Prunus mume Sieb. et Zucc). DNA Research 22:183-191.",high,100.0,100.0,,,False,False,False
nunezlillo2015,10.1007/s11295-015-0911-9,https://doi.org/10.1007/s11295-015-0911-9,"Nuñez-Lillo, Gerardo; Cifuentes-Esquivel, Alejandra; Troggio, Michela; Micheletti, D.; Infante, Rodrigo; Campos-Vargas, Reinaldo; Orellana, Ariel; Blanco-Herrera, Francisca; Meneses, Claudio",9.0,2015,Identification of candidate genes associated with mealiness and maturity date in peach [Prunus persica (L.) Batsch] using QTL analysis and deep sequencing,Tree Genetics & Genomes,Tree Genetics & Genomes,Tree Genetics & Genomes,11,4,,Springer Science and Business Media LLC,1614-2942,journal-article,67.0,281.0,Nunez-Lillo,2015.0,"Nunez-Lillo, G., A. Cifuentes-Esquivel, M. Troggio, D. Micheletti, R. Infante, R. Campos-Vargas, A. Orellana, F. Blanco-Herrera, and C. Meneses. 2015. Identification of candidate genes associated with mealiness and maturity date in peach Prunus persica (L.) Batsch using QTL analysis and deep",high,100.0,90.9090909090909,,,False,False,False
arangoisaza2016,10.1371/journal.pgen.1005876,https://doi.org/10.1371/journal.pgen.1005876,"Arango Isaza, Rafael E.; Diaz-Trujillo, Caucasella; Dhillon, Braham; Aerts, Andrea; Carlier, Jean; Crane, Charles F.; V. de Jong, Tristan; de Vries, Ineke; Dietrich, Robert; Farmer, Andrew D.; Fortes Fereira, Claudia; Garcia, Suzana; Guzman, Mauricio; Hamelin, Richard C.; Lindquist, Erika A.; Mehrabi, Rahim; Quiros, Olman; Schmutz, Jeremy; Shapiro, Harris; Reynolds, Elizabeth; Scalliet, Gabriel; Souza, Manoel; Stergiopoulos, Ioannis; Van der Lee, Theo A. J.; De Wit, Pierre J. G. M.; Zapater, Marie-Françoise; Zwiers, Lute-Harm; Grigoriev, Igor V.; Goodwin, Stephen B.; Kema, Gert H. J.",30.0,2016,Combating a Global Threat to a Clonal Crop: Banana Black Sigatoka Pathogen Pseudocercospora fijiensis (Synonym Mycosphaerella fijiensis) Genomes Reveal Clues for Disease Control,PLOS Genetics,PLOS Genetics,PLoS Genet,12,8,e1005876,Public Library of Science (PLoS),1553-7404,journal-article,93.0,282.0,Arango_Isaza,2016.0,"Arango Isaza, R. E., C. Diaz-Trujillo, B. Dhillon, A. Aerts, J. Carlier, C. F. Crane, T. V. de Jong, I. de Vries, R. Dietrich, A. D. Farmer, C. F. Fereira, S. Garcia, M. Guzman, R. C. Hamelin, E. A. Lindquist, R. Mehrabi, O. Quiros, J. Schmutz, H. Shapiro, E. Reynolds, G. Scalliet, M. Souza, Jr., I. Stergiopoulos, T. A. J. Van der Lee, P. J. G. M. De Wit, M.-F. Zapater, L.-H. Zwiers, I. V. Grigoriev, S. B. Goodwin, and G. H. J. Kema. 2016. Combating a Global Threat to a Clonal Crop: Banana Black Sigatoka Pathogen Pseudocercospora",high,100.0,100.0,,,False,False,False
sarkhosh2012,10.1080/14620316.2012.11512821,https://doi.org/10.1080/14620316.2012.11512821,"Sarkhosh, A.; Zamani, Z.; Fatahi, R.; Wiedow, C.; Chagné, D.; Gardiner, S. E.",6.0,2012,A pomegranate (Punica granatumL.) linkage map based on AFLP markers,The Journal of Horticultural Science and Biotechnology,The Journal of Horticultural Science and Biotechnology,The Journal of Horticultural Science and Biotechnology,87,1,1-6,Informa UK Limited,1462-0316,journal-article,11.0,283.0,Harel-Beja,2015.0,"Sarkhosh, A., Z. Zamani, R. Fatahi, C. Wiedow, D. Chagne, and S. E. Gardiner. 2012. A pomegranate (Punica granatum L.) linkage map based on AFLP markers. Journal of Horticultural Science & Biotechnology 87:1-6.",high_manual,100.0,22.22222222222222,accept,"Exact title match; Harel-Beja is a later author in the list, actual year 2012.",True,False,False
wu2014,10.1093/jxb/eru311,https://doi.org/10.1093/jxb/eru311,"Wu, Jun; Li, Lei-Ting; Li, Meng; Khan, M. Awais; Li, Xiu-Gen; Chen, Hui; Yin, Hao; Zhang, Shao-Ling",8.0,2014,High-density genetic linkage map construction and identification of fruit-related QTLs in pear using SNP and SSR markers,Journal of Experimental Botany,Journal of Experimental Botany,,65,20,5771-5781,Oxford University Press (OUP),1460-2431,journal-article,150.0,284.0,Wu,2014.0,"Wu, J., L. T. Li, M. Li, M. A. Khan, X. G. Li, H. Chen, H. Yin, and S. L. Zhang. 2014. High-density genetic linkage map construction and identification of fruit-related QTLs in pear using SNP and SSR markers. Journal of Experimental",high,100.0,100.0,,,False,False,False
bodenes2016,10.1093/dnares/dsw001,https://doi.org/10.1093/dnares/dsw001,"Bodénès, Catherine; Chancerel, Emilie; Ehrenmann, François; Kremer, Antoine; Plomion, Christophe",5.0,2016,High-density linkage mapping and distribution of segregation distortion regions in the oak genome,DNA Research,DNA Research,DNA Res,23,2,115-124,Oxford University Press (OUP),1340-2838,journal-article,62.0,285.0,Bodenes,2016.0,"Bodenes, C., E. Chancerel, F. Ehrenmann, A. Kremer, and C. Plomion. 2016. High-density linkage mapping and distribution of segregation distortion regions in the oak genome. DNA Research 23:115-124.",high,100.0,71.42857142857143,,,False,False,False
cano2011,10.1038/hdy.2011.39,https://doi.org/10.1038/hdy.2011.39,"Cano, J M; Li, M-H; Laurila, A; Vilkki, J; Merilä, J",5.0,2011,First-generation linkage map for the common frog Rana temporaria reveals sex-linkage group,Heredity,Heredity,Heredity,107,6,530-536,Springer Science and Business Media LLC,0018-067X,journal-article,17.0,286.0,Cano,2011.0,"Cano, J. M., M. H. Li, A. Laurila, J. Vilkki, and J. Merila. 2011. First-generation linkage map for the common frog Rana temporaria reveals sex-linkage group.",high,100.0,100.0,,,False,False,False
mun2014,10.1007/s00122-014-2426-4,https://doi.org/10.1007/s00122-014-2426-4,"Mun, Jeong-Hwan; Chung, Hee; Chung, Won-Hyong; Oh, Mijin; Jeong, Young-Min; Kim, Namshin; Ahn, Byung Ohg; Park, Beom-Seok; Park, Suhyoung; Lim, Ki-Byung; Hwang, Yoon-Jung; Yu, Hee-Ju",12.0,2014,Construction of a reference genetic map of Raphanus sativus based on genotyping by whole-genome resequencing,Theoretical and Applied Genetics,Theoretical and Applied Genetics,Theor Appl Genet,128,2,259-272,Springer Science and Business Media LLC,0040-5752,journal-article,39.0,287.0,Mun,2015.0,"Mun, J. H., H. Chung, W. H. Chung, M. Oh, Y. M. Jeong, N. Kim, B. O. Ahn, B. S. Park, S. Park, K. B. Lim, Y. J. Hwang, and H. J. Yu. 2015. Construction of a reference genetic map of Raphanus sativus based on genotyping by whole-genome resequencing. Theoretical and Applied Genetics 128:259-272.",high,100.0,100.0,,,True,False,False
steen1999,10.1101/gr.9.6.ap1,https://doi.org/10.1101/gr.9.6.ap1,"Steen, Robert G.; Kwitek-Black, Anne E.; Glenn, Christopher; Gullings-Handley, Jo; Van Etten, William; Atkinson, O. Scott; Appel, Diane; Twigger, Simon; Muir, Melanie; Mull, Tim; Granados, Mary; Kissebah, Mushira; Russo, Kerri; Crane, Robbin; Popp, Michael; Peden, Marc; Matise, Tara; Brown, Donna M.; Lu, Jian; Kingsmore, Stephen; Tonellato, Peter J.; Rozen, Steve; Slonim, Donna; Young, Peter; Knoblauch, Margit; Provoost, Abraham; Ganten, Detlev; Colman, Steven D.; Rothberg, Jonathan; Lander, Eric S.; Jacob, Howard J.",31.0,1999,A High-Density Integrated Genetic Linkage and Radiation Hybrid Map of the Laboratory Rat,Genome Research,Genome Research,Genome Res.,9,6,AP1-AP8,Cold Spring Harbor Laboratory,1088-9051,journal-article,133.0,288.0,Steen,1999.0,"Steen, R. G., A. E. Kwitek-Black, C. Glenn, J. Gullings-Handley, W. Van Etten, O. S. Atkinson, D. Appel, S. Twigger, M. Muir, T. Mull, M. Granados, M. Kissebah, K. Russo, R. Crane, M. Popp, M. Peden, T. Matise, D. M. Brown, J. Lu, S. Kingsmore, P. J. Tonellato, S. Rozen, D. Slonim, P. Young, M. Knoblauch, A. Provoost, D. Ganten, S. D. Colman, J. Rothberg, E. S. Lander, and H. J. Jacob. 1999. A high-density integrated genetic linkage and radiation",high,100.0,100.0,,,False,False,False
schlipalius2002,10.1093/genetics/161.2.773,https://doi.org/10.1093/genetics/161.2.773,"Schlipalius, David I; Cheng, Qiang; Reilly, Paul E B; Collins, Patrick J; Ebert, Paul R",5.0,2002,Genetic Linkage Analysis of the Lesser Grain Borer Rhyzopertha dominica Identifies Two Loci That Confer High-Level Resistance to the Fumigant Phosphine,Genetics,Genetics,,161,2,773-782,Oxford University Press (OUP),1943-2631,journal-article,78.0,289.0,Schlipallus,2002.0,"Schlipalius, D. I., Q. Cheng, P. E. B. Reilly, P. J. Collins, and P. R. Ebert. 2002. Genetic linkage analysis of the lesser grain borer Rhyzopertha dominica identifies two loci that confer high-level resistance to the fumigant",high,100.0,90.9090909090909,,,False,False,False
rukam2016,,,"Rukam, S. T., M. V. Parakhia, J. R. Thakkar, V. M. Rathod, S. M. Padhiyar, V. D. Thummar, H. Dalal, V. V. Kothari, J. V. Kheni, R. M. Dhingani, and B. A. Golakiya",,2016,Development of linkage map and identification of QTLs responsible for fusarium wilt resistance in castor (Ricinus communis L.),,,,,,,,,journal-article,,290.0,Rukam,2016.0,"Rukam, S. T., M. V. Parakhia, J. R. Thakkar, V. M. Rathod, S. M. Padhiyar, V. D. Thummar, H. Dalal, V. V. Kothari, J. V. Kheni, R. M. Dhingani, and B. A. Golakiya. 2016. Development of linkage map and identification of QTLs responsible for fusarium wilt resistance in castor (Ricinus communis L.).",unresolved,,,reject,Different authors and title; not a confident match. Citation truncated in the supplementary PDF; journal not recoverable from the text.,False,False,True
ward2013,10.1186/1471-2164-14-2,https://doi.org/10.1186/1471-2164-14-2,"Ward, Judson A; Bhangoo, Jasbir; Fernández-Fernández, Felicidad; Moore, Patrick; Swanson, JD; Viola, Roberto; Velasco, Riccardo; Bassil, Nahla; Weber, Courtney A; Sargent, Daniel J",10.0,2013,Saturated linkage map construction in Rubus idaeus using genotyping by sequencing and genome-independent imputation,BMC Genomics,BMC Genomics,BMC Genomics,14,1,2,Springer Science and Business Media LLC,1471-2164,journal-article,146.0,291.0,Ward,2013.0,"Ward, J. A., J. Bhangoo, F. Fernandez-Fernandez, P. Moore, J. D. Swanson, R. Viola, R. Velasco, N. Bassil, C. A. Weber, and D. J. Sargent. 2013. Saturated linkage map construction in Rubus idaeus using genotyping by sequencing and genome-independent imputation. Bmc Genomics 14.",high,100.0,100.0,,,False,False,False
bushakra2012,10.1007/s00122-012-1835-5,https://doi.org/10.1007/s00122-012-1835-5,"Bushakra, J. M.; Stephens, M. J.; Atmadjaja, A. N.; Lewers, K. S.; Symonds, V. V.; Udall, J. A.; Chagné, D.; Buck, E. J.; Gardiner, S. E.",9.0,2012,"Construction of black (Rubus occidentalis) and red (R. idaeus) raspberry linkage maps and their comparison to the genomes of strawberry, apple, and peach",Theoretical and Applied Genetics,Theoretical and Applied Genetics,Theor Appl Genet,125,2,311-327,Springer Science and Business Media LLC,0040-5752,journal-article,45.0,292.0,Bushakra,2012.0,"Bushakra, J. M., M. J. Stephens, A. N. Atmadjaja, K. S. Lewers, V. V. Symonds, J. A. Udall, D. Chagne, E. J. Buck, and S. E. Gardiner. 2012. Construction of black (Rubus occidentalis) and red (R. idaeus) raspberry linkage maps and their comparison to the genomes of strawberry, apple, and",high,100.0,100.0,,,False,False,False
nie2017,10.1038/s41598-017-00246-0,https://doi.org/10.1038/s41598-017-00246-0,"Nie, Hongtao; Yan, Xiwu; Huo, Zhongming; Jiang, Liwen; Chen, Peng; Liu, Hui; Ding, Jianfeng; Yang, Feng",8.0,2017,Construction of a High-Density Genetic Map and Quantitative Trait Locus Mapping in the Manila clam Ruditapes philippinarum,Scientific Reports,Scientific Reports,Sci Rep,7,1,,Springer Science and Business Media LLC,2045-2322,journal-article,34.0,293.0,Nie,2017.0,"Nie, H., X. Yan, Z. Huo, L. Jiang, P. Chen, H. Liu, J. Ding, and F. Yang. 2017. Construction of a High-Density Genetic Map and Quantitative Trait Locus Mapping in the Manila clam Ruditapes philippinarum. Scientific Reports",high,100.0,100.0,,,False,False,False
zhang2015c,10.1186/s12864-015-1371-1,https://doi.org/10.1186/s12864-015-1371-1,"Zhang, Ning; Zhang, Linan; Tao, Ye; Guo, Li; Sun, Juan; Li, Xia; Zhao, Nan; Peng, Jie; Li, Xiaojie; Zeng, Liang; Chen, Jinsa; Yang, Guanpin",12.0,2015,Construction of a high density SNP linkage map of kelp (Saccharina japonica) by sequencing Taq I site associated DNA and mapping of a sex determining locus,BMC Genomics,BMC Genomics,BMC Genomics,16,1,,Springer Science and Business Media LLC,1471-2164,journal-article,32.0,294.0,Zhang,2015.0,"Zhang, N., L. N. Zhang, Y. Tao, L. Guo, J. Sun, X. Li, N. Zhao, J. Peng, X. J. Li, L. Zeng, J. S. Chen, and G. P. Yang. 2015. Construction of a high density SNP linkage map of kelp (Saccharina japonica) by sequencing Taq I site associated DNA and mapping of a sex determining locus. Bmc Genomics 16.",high,100.0,100.0,,,False,False,False
tsai2016,10.1534/g3.116.029009,https://doi.org/10.1534/g3.116.029009,"Tsai, Hsin Y; Robledo, Diego; Lowe, Natalie R; Bekaert, Michael; Taggart, John B; Bron, James E; Houston, Ross D",7.0,2016,Construction and Annotation of a High Density SNP Linkage Map of the Atlantic Salmon (Salmo salar) Genome,G3 Genes|Genomes|Genetics,G3: Genes|Genomes|Genetics,,6,7,2173-2179,Oxford University Press (OUP),2160-1836,journal-article,41.0,295.0,Tsai,2016.0,"Tsai, H. Y., D. Robledo, N. R. Lowe, M. Bekaert, J. B. Taggart, J. E. Bron, and R. D. Houston. 2016. Construction and Annotation of a High Density SNP Linkage Map of the Atlantic Salmon (Salmo salar) Genome. G3-Genes",high,100.0,100.0,,,False,False,False
leitwein2017,10.1534/g3.116.038497,https://doi.org/10.1534/g3.116.038497,"Leitwein, Maeva; Guinand, Bruno; Pouzadoux, Juliette; Desmarais, Erick; Berrebi, Patrick; Gagnaire, Pierre-Alexandre",6.0,2017,A Dense Brown Trout ( Salmo trutta ) Linkage Map Reveals Recent Chromosomal Rearrangements in the Salmo Genus and the Impact of Selection on Linked Neutral Diversity,G3 Genes|Genomes|Genetics,G3: Genes|Genomes|Genetics,,7,4,1365-1376,Oxford University Press (OUP),2160-1836,journal-article,40.0,296.0,Leitwein,2017.0,"Leitwein, M., B. Guinand, J. Pouzadoux, E. Desmarais, P. Berrebi, and P.-A. Gagnaire. 2017. A Dense Brown Trout (<em>Salmo trutta</em>) Linkage Map Reveals Recent Chromosomal Rearrangements in the <em>Salmo</em> Genus and the Impact of Selection on Linked Neutral",high,98.94736842105264,100.0,,,False,False,False
liu2016c,10.1038/srep24070,https://doi.org/10.1038/srep24070,"Liu, Tian; Guo, Linlin; Pan, Yuling; Zhao, Qi; Wang, Jianhua; Song, Zhenqiao",6.0,2016,Construction of the first high-density genetic linkage map of Salvia miltiorrhiza using specific length amplified fragment (SLAF) sequencing,Scientific Reports,Scientific Reports,Sci Rep,6,1,,Springer Science and Business Media LLC,2045-2322,journal-article,34.0,297.0,Liu,2016.0,"Liu, T., L. L. Guo, Y. L. Pan, Q. Zhao, J. H. Wang, and Z. Q. Song. 2016. Construction of the first high-density genetic linkage map of Salvia miltiorrhiza using specific length amplified fragment (SLAF) sequencing. Scientific",high,100.0,100.0,,,False,False,False
criscione2009,10.1186/gb-2009-10-6-r71,https://doi.org/10.1186/gb-2009-10-6-r71,"Criscione, Charles D; Valentim, Claudia LL; Hirai, Hirohisa; LoVerde, Philip T; Anderson, Timothy JC",5.0,2009,Genomic linkage map of the human blood fluke Schistosoma mansoni,Genome Biology,Genome Biology,Genome Biol,10,6,,Springer Science and Business Media LLC,1474-760X,journal-article,79.0,298.0,Criscione,2009.0,"Criscione, C. D., C. L. L. Valentim, H. Hirai, P. T. LoVerde, and T. J. C. Anderson. 2009. Genomic linkage map of the human blood fluke Schistosoma",high,100.0,100.0,,,False,False,False
hollenbeck2015,10.1016/j.aquaculture.2014.08.045,https://doi.org/10.1016/j.aquaculture.2014.08.045,"Hollenbeck, Christopher M.; Portnoy, David S.; Gold, John R.",3.0,2015,A genetic linkage map of red drum (Sciaenops ocellatus) and comparison of chromosomal syntenies with four other fish species,Aquaculture,Aquaculture,Aquaculture,435,,265-274,Elsevier BV,0044-8486,journal-article,19.0,299.0,Hollenbeck,2015.0,"Hollenbeck, C. M., D. S. Portnoy, and J. R. Gold. 2015. A genetic linkage map of red drum (Sciaenops ocellatus) and comparison of chromosomal syntenies with four other fish species. Aquaculture 435:265-274.",high,100.0,100.0,,,False,False,False
shen2014,10.1111/1755-0998.12212,https://doi.org/10.1111/1755-0998.12212,"Shen, X. Y.; Kwan, H. Y.; Thevasagayam, N. M.; Prakki, S. R. S.; Kuznetsova, I. S.; Ngoh, S. Y.; Lim, Z.; Feng, F.; Chang, A.; Orbán, L.",10.0,2014,The first transcriptome and genetic linkage map for Asian arowana,Molecular Ecology Resources,Molecular Ecology Resources,Molecular Ecology Resources,14,3,622-635,Wiley,1755-098X,journal-article,28.0,300.0,Shen,2014.0,"Shen, X. Y., H. Y. Kwan, N. M. Thevasagayam, S. R. S. Prakki, I. S. Kuznetsova, S. Y. Ngoh, Z. Lim, F. Feng, A. Chang, and L. Orban. 2014. The first transcriptome and genetic linkage map for Asian arowana. Molecular",high,96.29629629629628,100.0,,,False,False,False
wang2015b,10.1371/journal.pone.0120410,https://doi.org/10.1371/journal.pone.0120410,"Wang, Weiji; Hu, Yulong; Ma, Yu; Xu, Liyong; Guan, Jiantao; Kong, Jie",6.0,2015,High-Density Genetic Linkage Mapping in Turbot (Scophthalmus maximus L.) Based on SNP Markers and Major Sex- and Growth-Related Regions Detection,PLOS ONE,PLOS ONE,PLoS ONE,10,3,e0120410,Public Library of Science (PLoS),1932-6203,journal-article,46.0,301.0,Wang,2015.0,"Wang, W. J., Y. L. Hu, Y. Ma, L. Y. Xu, J. T. Guan, and J. Kong. 2015. High-Density Genetic Linkage Mapping in Turbot (Scophthalmus maximus L.) Based on SNP Markers and Major Sex- and Growth-Related Regions",high,100.0,100.0,,,False,False,False
ma2016,10.4238/gmr.15026929,https://doi.org/10.4238/gmr.15026929,"Ma, H.Y.; Li, S.J.; Feng, N.N.; Ma, C.Y.; Wang, W.; Chen, W.; Ma, L.B.",7.0,2016,First genetic linkage map for the mud crab (Scylla paramamosain) constructed using microsatellite and AFLP markers,Genetics and Molecular Research,Genetics and Molecular Research,Genet. Mol. Res.,15,2,,Genetics and Molecular Research,1676-5680,journal-article,16.0,302.0,Ma,2016.0,"Ma, H. Y., S. J. Li, N. N. Feng, C. Y. Ma, W. Wang, W. Chen, and L. B. Ma. 2016. First genetic linkage map for the mud crab (Scylla paramamosain) constructed using microsatellite and AFLP markers. Genetics and Molecular",high,100.0,100.0,,,False,False,False
milczarski2016,10.1007/s13353-016-0347-4,https://doi.org/10.1007/s13353-016-0347-4,"Milczarski, Paweł; Hanek, Monika; Tyrka, Mirosław; Stojałowski, Stefan",4.0,2016,The application of GBS markers for extending the dense genetic map of rye (Secale cereale L.) and the localization of the Rfc1 gene restoring male fertility in plants with the C source of sterility-inducing cytoplasm,Journal of Applied Genetics,Journal of Applied Genetics,J Appl Genetics,57,4,439-451,Springer Science and Business Media LLC,1234-1983,journal-article,25.0,303.0,Milczarski,2015.0,"Milczarski, P., M. Hanek, M. Tyrka, and S. Stojalowski. 2016. The application of GBS markers for extending the dense genetic map of rye (Secale cereale L.) and the localization of the Rfc1 gene restoring male fertility in plants with the C source of sterility-inducing cytoplasm. Journal of Applied Genetics",high,100.0,100.0,,,True,False,False
aoki2015,10.1186/s12864-015-1600-7,https://doi.org/10.1186/s12864-015-1600-7,"Aoki, Jun-ya; Kai, Wataru; Kawabata, Yumi; Ozaki, Akiyuki; Yoshida, Kazunori; Koyama, Takashi; Sakamoto, Takashi; Araki, Kazuo",8.0,2015,Second generation physical and linkage maps of yellowtail (Seriola quinqueradiata) and comparison of synteny with four model fish,BMC Genomics,BMC Genomics,BMC Genomics,16,1,,Springer Science and Business Media LLC,1471-2164,journal-article,15.0,304.0,Aoki,2015.0,"Aoki, J., W. Kai, Y. Kawabata, A. Ozaki, K. Yoshida, T. Koyama, T. Sakamoto, and K. Araki. 2015. Second generation physical and linkage maps of yellowtail (Seriola quinqueradiata) and comparison of synteny with four",high,100.0,100.0,,,False,False,False
zhang2016b,10.1038/srep31556,https://doi.org/10.1038/srep31556,"Zhang, Haiyang; Miao, Hongmei; Li, Chun; Wei, Libin; Duan, Yinghui; Ma, Qin; Kong, Jingjing; Xu, Fangfang; Chang, Shuxian",9.0,2016,Ultra-dense SNP genetic map construction and identification of SiDt gene controlling the determinate growth habit in Sesamum indicum L.,Scientific Reports,Scientific Reports,Sci Rep,6,1,,Springer Science and Business Media LLC,2045-2322,journal-article,68.0,305.0,Zhang,2016.0,"Zhang, H. Y., H. M. Miao, C. Li, L. B. Wei, Y. H. Duan, Q. Ma, J. J. Kong, F. F. Xu, and S. X. Chang. 2016. Ultra-dense SNP genetic map construction and identification of SiDt gene controlling the determinate growth habit in",high,100.0,100.0,,,False,False,False
fang2016,10.1186/s12864-016-2628-z,https://doi.org/10.1186/s12864-016-2628-z,"Fang, Xiaomei; Dong, Kongjun; Wang, Xiaoqin; Liu, Tianpeng; He, Jihong; Ren, Ruiyu; Zhang, Lei; Liu, Rui; Liu, Xueying; Li, Man; Huang, Mengzhu; Zhang, Zhengsheng; Yang, Tianyu",13.0,2016,A high density genetic map and QTL for agronomic and yield traits in Foxtail millet [Setaria italica (L.) P. Beauv.],BMC Genomics,BMC Genomics,BMC Genomics,17,1,,Springer Science and Business Media LLC,1471-2164,journal-article,77.0,306.0,Fang,2016.0,"Fang, X. M., K. J. Dong, X. Q. Wang, T. P. Liu, J. H. He, R. Y. Ren, L. Zhang, R. Liu, X. Y. Liu, M. Li, M. Z. Huang, Z. S. Zhang, and T. Y. Yang. 2016. A high density genetic map and QTL for agronomic and yield traits in Foxtail",high,100.0,100.0,,,False,False,False
bergero2013,10.1534/genetics.113.150755,https://doi.org/10.1534/genetics.113.150755,"Bergero, Roberta; Qiu, Suo; Forrest, Alan; Borthwick, Helen; Charlesworth, Deborah",5.0,2013,Expansion of the Pseudo-autosomal Region and Ongoing Recombination Suppression in the Silene latifolia Sex Chromosomes,Genetics,Genetics,,194,3,673-686,Oxford University Press (OUP),1943-2631,journal-article,76.0,307.0,Bergero,2013.0,"Bergero, R., S. Qiu, A. Forrest, H. Borthwick, and D. Charlesworth. 2013. Expansion of the Pseudo-autosomal Region and Ongoing Recombination Suppression in the Silene latifolia Sex Chromosomes. Genetics 194:673-+.",high,100.0,100.0,,,False,False,False
javidfar2013,10.1186/1471-2229-13-142,https://doi.org/10.1186/1471-2229-13-142,"Javidfar, Farzad; Cheng, Bifang",2.0,2013,Construction of a genetic linkage map and QTL analysis of erucic acid content and glucosinolate components in yellow mustard (Sinapis alba L.),BMC Plant Biology,BMC Plant Biology,BMC Plant Biol,13,1,142,Springer Science and Business Media LLC,1471-2229,journal-article,24.0,308.0,Javidfar,2013.0,"Javidfar, F., and B. F. Cheng. 2013. Construction of a genetic linkage map and QTL analysis of erucic acid content and glucosinolate components in yellow mustard (Sinapis alba L.). Bmc Plant Biology 13.",high,100.0,100.0,,,False,False,False
viquezzamora2014,10.1186/1471-2164-15-1152,https://doi.org/10.1186/1471-2164-15-1152,"Víquez-Zamora, Marcela; Caro, Myluska; Finkers, Richard; Tikunov, Yury; Bovy, Arnaud; Visser, Richard GF; Bai, Yuling; van Heusden, Sjaak",8.0,2014,Mapping in the era of sequencing: high density genotyping and its application for mapping TYLCV resistance in Solanum pimpinellifolium,BMC Genomics,BMC Genomics,BMC Genomics,15,1,,Springer Science and Business Media LLC,1471-2164,journal-article,21.0,309.0,Viquez-Zamora,2014.0,"Viquez-Zamora, M., M. Caro, R. Finkers, Y. Tikunov, A. Bovy, R. G. F. Visser, Y. L. Bai, and S. van Heusden. 2014. Mapping in the era of sequencing: high density genotyping and its application for mapping TYLCV resistance in",high,100.0,92.3076923076923,,,False,False,False
fukuoka2012,10.1007/s00122-012-1815-9,https://doi.org/10.1007/s00122-012-1815-9,"Fukuoka, Hiroyuki; Miyatake, Koji; Nunome, Tsukasa; Negoro, Satomi; Shirasawa, Kenta; Isobe, Sachiko; Asamizu, Erika; Yamaguchi, Hirotaka; Ohyama, Akio",9.0,2012,Development of gene-based markers and construction of an integrated linkage map in eggplant by using Solanum orthologous (SOL) gene sets,Theoretical and Applied Genetics,Theoretical and Applied Genetics,Theor Appl Genet,125,1,47-56,Springer Science and Business Media LLC,0040-5752,journal-article,54.0,310.0,Fukuoka,2012.0,"Fukuoka, H., K. Miyatake, T. Nunome, S. Negoro, K. Shirasawa, S. Isobe, E. Asamizu, H. Yamaguchi, and A. Ohyama. 2012. Development of gene-based markers and construction of an integrated linkage map in eggplant by using Solanum orthologous (SOL) gene sets. Theoretical and Applied Genetics",high,100.0,100.0,,,False,False,False
vandenoevervandenelsen2016,10.1111/jipb.12449,https://doi.org/10.1111/jipb.12449,"van den Oever‐van den Elsen, Floor; Lucatti, Alejandro F.; van Heusden, Sjaak; Broekgaarden, Colette; Mumm, Roland; Dicke, Marcel; Vosman, Ben",7.0,2016,Quantitative resistance against Bemisia tabaci in Solanum pennellii: Genetics and metabolomics,Journal of Integrative Plant Biology,Journal of Integrative Plant Biology,JIPB,58,4,397-412,Wiley,1672-9072,journal-article,22.0,311.0,vandenOever-vandenElsen,2016.0,"van den Oever-van den Elsen, F., A. F. Lucatti, S. van Heusden, C. Broekgaarden, R. Mumm, M. Dicke, and B. Vosman. 2016. Quantitative resistance against Bemisia tabaci in Solanum pennellii: Genetics and",high,100.0,92.0,,,False,False,False
chen2014b,10.1371/journal.pone.0096417,https://doi.org/10.1371/journal.pone.0096417,"Chen, Ai-Lin; Liu, Chu-Yin; Chen, Chien-Hua; Wang, Jaw-Fen; Liao, Yu-Chen; Chang, Chia-Hui; Tsai, Mong-Hsun; Hwu, Kae-Kang; Chen, Kai-Yi",9.0,2014,Reassessment of QTLs for Late Blight Resistance in the Tomato Accession L3708 Using a Restriction Site Associated DNA (RAD) Linkage Map and Highly Aggressive Isolates of Phytophthora infestans,PLoS ONE,PLOS ONE,PLoS ONE,9,5,e96417,Public Library of Science (PLoS),1932-6203,journal-article,41.0,312.0,Chen,2014.0,"Chen, A. L., C. Y. Liu, C. H. Chen, J. F. Wang, Y. C. Liao, C. H. Chang, M. H. Tsai, K. K. Hwu, and K. Y. Chen. 2014. Reassessment of QTLs for Late Blight Resistance in the Tomato Accession L3708 Using a Restriction Site Associated DNA (RAD) Linkage Map and Highly Aggressive Isolates of",high,100.0,100.0,,,False,False,False
endelman2016,10.1007/s00122-016-2673-7,https://doi.org/10.1007/s00122-016-2673-7,"Endelman, Jeffrey B.; Jansky, Shelley H.",2.0,2016,Genetic mapping with an inbred line-derived F2 population in potato,Theoretical and Applied Genetics,Theoretical and Applied Genetics,Theor Appl Genet,129,5,935-943,Springer Science and Business Media LLC,0040-5752,journal-article,96.0,313.0,Endelman,2016.0,"Endelman, J. B., and S. H. Jansky. 2016. Genetic mapping with an inbred line-derived F2 population in potato. Theoretical and Applied Genetics 129:935-",high,100.0,100.0,,,False,False,False
ji2017,10.1186/s12864-016-3430-7,https://doi.org/10.1186/s12864-016-3430-7,"Ji, Guisu; Zhang, Qingjiang; Du, Ruiheng; Lv, Peng; Ma, Xue; Fan, Shu; Li, Suying; Hou, Shenglin; Han, Yucui; Liu, Guoqing",10.0,2017,Construction of a high-density genetic map using specific-locus amplified fragments in sorghum,BMC Genomics,BMC Genomics,BMC Genomics,18,1,,Springer Science and Business Media LLC,1471-2164,journal-article,25.0,314.0,Ji,2017.0,"Ji, G. S., Q. J. Zhang, R. H. Du, P. Lv, X. Ma, S. Fan, S. Y. Li, S. L. Hou, Y. C. Han, and G. Q. Liu. 2017. Construction of a high-density genetic map using specific-locus amplified fragments in sorghum. Bmc Genomics 18.",high,100.0,100.0,,,False,False,False
palaiokostas2016,10.1534/g3.116.035220,https://doi.org/10.1534/g3.116.035220,"Palaiokostas, Christos; Ferraresso, Serena; Franch, Rafaella; Houston, Ross D; Bargelloni, Luca",5.0,2016,Genomic Prediction of Resistance to Pasteurellosis in Gilthead Sea Bream (Sparus aurata) Using 2b-RAD Sequencing,G3 Genes|Genomes|Genetics,G3: Genes|Genomes|Genetics,,6,11,3693-3700,Oxford University Press (OUP),2160-1836,journal-article,113.0,315.0,Palaiokostas,2016.0,"Palaiokostas, C., S. Ferraresso, R. Franch, R. D. Houston, and L. Bargelloni. 2016. Genomic Prediction of Resistance to Pasteurellosis in Gilthead Sea Bream (Sparus aurata) Using 2b-RAD Sequencing. G3-Genes Genomes",high,100.0,100.0,,,False,False,False
channavarrete2015,10.1007/s10681-015-1618-6,https://doi.org/10.1007/s10681-015-1618-6,"Chan-Navarrete, Rafael; Dolstra, Oene; van Kaauwen, Martijn; Lammerts van Bueren, Edith T.; van der Linden, C. Gerard",5.0,2015,Genetic map construction and QTL analysis of nitrogen use efficiency in spinach (Spinacia oleracea L.),Euphytica,Euphytica,Euphytica,208,3,621-636,Springer Science and Business Media LLC,0014-2336,journal-article,28.0,316.0,Chan-Navarrete,2016.0,"Chan-Navarrete, R., O. Dolstra, M. van Kaauwen, E. T. L. van Bueren, and C. G. van der Linden. 2016. Genetic map construction and QTL analysis of nitrogen use efficiency in spinach (Spinacia oleracea L.). Euphytica 208:621-",high,100.0,100.0,,,True,False,False
nemetschke2010,10.1016/j.molbiopara.2009.10.008,https://doi.org/10.1016/j.molbiopara.2009.10.008,"Nemetschke, Linda; Eberhardt, Alexander G.; Viney, Mark E.; Streit, Adrian",4.0,2010,A genetic map of the animal-parasitic nematode Strongyloides ratti,Molecular and Biochemical Parasitology,Molecular and Biochemical Parasitology,Molecular and Biochemical Parasitology,169,2,124-127,Elsevier BV,0166-6851,journal-article,31.0,317.0,Nemetschke,2010.0,"Nemetschke, L., A. G. Eberhardt, M. E. Viney, and A. Streit. 2010. A genetic map of the animal-parasitic nematode Strongyloides ratti. Molecular and",high,100.0,100.0,,,False,False,False
tortereau2012,10.1186/1471-2164-13-586,https://doi.org/10.1186/1471-2164-13-586,"Tortereau, Flavie; Servin, Bertrand; Frantz, Laurent; Megens, Hendrik-Jan; Milan, Denis; Rohrer, Gary; Wiedmann, Ralph; Beever, Jonathan; Archibald, Alan L; Schook, Lawrence B; Groenen, Martien AM",11.0,2012,A high density recombination map of the pig reveals a correlation between sex-specific recombination and GC content,BMC Genomics,BMC Genomics,BMC Genomics,13,1,,Springer Science and Business Media LLC,1471-2164,journal-article,136.0,318.0,Tortereau,2012.0,"Tortereau, F., B. Servin, L. Frantz, H. J. Megens, D. Milan, G. Rohrer, R. Wiedmann, J. Beever, A. L. Archibald, L. B. Schook, and M. A. M. Groenen. 2012. A high density recombination map of the pig reveals a correlation between sex-specific recombination and GC content. Bmc Genomics 13.",high,100.0,100.0,,,False,False,False
backstrom2010,10.1101/gr.101410.109,https://doi.org/10.1101/gr.101410.109,"Backström, Niclas; Forstmeier, Wolfgang; Schielzeth, Holger; Mellenius, Harriet; Nam, Kiwoong; Bolund, Elisabeth; Webster, Matthew T.; Öst, Torbjörn; Schneider, Melanie; Kempenaers, Bart; Ellegren, Hans",11.0,2010,The recombination landscape of the zebra finch Taeniopygia guttata genome,Genome Research,Genome Research,Genome Res.,20,4,485-495,Cold Spring Harbor Laboratory,1088-9051,journal-article,241.0,319.0,Backstrom,2010.0,"Backstrom, N., W. Forstmeier, H. Schielzeth, H. Mellenius, K. Nam, E. Bolund, M. T. Webster, T. Ost, M. Schneider, B. Kempenaers, and H. Ellegren. 2010. The recombination landscape of the zebra finch Taeniopygia",high,100.0,88.88888888888889,,,False,False,False
kai2011,10.1093/gbe/evr041,https://doi.org/10.1093/gbe/evr041,"Kai, Wataru; Kikuchi, Kiyoshi; Tohari, Sumanty; Chew, Ah Keng; Tay, Alice; Fujiwara, Atushi; Hosoya, Sho; Suetake, Hiroaki; Naruse, Kiyoshi; Brenner, Sydney; Suzuki, Yuzuru; Venkatesh, Byrappa",12.0,2011,Integration of the Genetic Map and Genome Assembly of Fugu Facilitates Insights into Distinct Features of Genome Evolution in Teleosts and Mammals,Genome Biology and Evolution,Genome Biology and Evolution,,3,,424-442,Oxford University Press (OUP),1759-6653,journal-article,142.0,320.0,Kai,2005.0,"Kai, W., K. Kikuchi, S. Tohari, A. K. Chew, A. Tay, A. Fujiwara, S. Hosoya, H. Suetake, K. Naruse, S. Brenner, Y. Suzuki, and B. Venkatesh. 2011. Integration of the Genetic Map and Genome Assembly of Fugu Facilitates Insights into Distinct Features of Genome Evolution in Teleosts and",high_manual,100.0,100.0,accept,Exact title/author match; SI year 2005 vs actual 2011.,True,False,False
arias2016,10.1038/srep31031,https://doi.org/10.1038/srep31031,"Arias, Marina; Hernandez, Monica; Remondegui, Naroa; Huvenaars, Koen; van Dijk, Peter; Ritter, Enrique",6.0,2016,"First genetic linkage map of Taraxacum koksaghyz Rodin based on AFLP, SSR, COS and EST-SSR markers",Scientific Reports,Scientific Reports,Sci Rep,6,1,,Springer Science and Business Media LLC,2045-2322,journal-article,29.0,321.0,Arias,2016.0,"Arias, M., M. Hernandez, N. Remondegui, K. Huvenaars, P. van Dijk, and E. Ritter. 2016. First genetic linkage map of Taraxacum koksaghyz Rodin based on AFLP, SSR, COS and EST-SSR markers. Scientific Reports 6.",high,100.0,100.0,,,False,False,False
royaert2016,10.1186/s12864-016-2415-x,https://doi.org/10.1186/s12864-016-2415-x,"Royaert, Stefan; Jansen, Johannes; da Silva, Daniela Viana; de Jesus Branco, Samuel Martins; Livingstone, Donald S.; Mustiga, Guiliana; Marelli, Jean-Philippe; Araújo, Ioná Santos; Corrêa, Ronan Xavier; Motamayor, Juan Carlos",10.0,2016,Identification of candidate genes involved in Witches’ broom disease resistance in a segregating mapping population of Theobroma cacao L. in Brazil,BMC Genomics,BMC Genomics,BMC Genomics,17,1,,Springer Science and Business Media LLC,1471-2164,journal-article,45.0,322.0,Royaert,2016.0,"Royaert, S., J. Jansen, D. V. da Silva, S. M. D. Branco, D. S. Livingstone, G. Mustiga, J. P. Marelli, I. S. Araujo, R. X. Correa, and J. C. Motamayor. 2016. Identification of candidate genes involved in Witches' broom disease resistance in a segregating mapping population of Theobroma cacao L. in",high,100.0,100.0,,,False,False,False
uchino2016,10.4236/abb.2016.72010,https://doi.org/10.4236/abb.2016.72010,"Uchino, Tsubasa; Nakamura, Yoji; Sekino, Masashi; Kai, Wataru; Fujiwara, Atushi; Yasuike, Motoshige; Sugaya, Takuma; Fukuda, Himeko; Sano, Motohiko; Sakamoto, Takashi",10.0,2016,Constructing Genetic Linkage Maps Using the Whole Genome Sequence of Pacific Bluefin Tuna (Thunnus orientalis) and a Comparison of Chromosome Structure among Teleost Species,Advances in Bioscience and Biotechnology,Advances in Bioscience and Biotechnology,ABB,07,02,85-122,"Scientific Research Publishing, Inc.",2156-8456,journal-article,14.0,323.0,Uchino,2016.0,"Uchino, T., Y. Nakamura, M. Sekino, W. Kai, A. Fujiwara, M. Yasuike, T. Sugaya, H. Fukuda, M. Sano, and T. Sakamoto. 2016. Constructing Genetic Linkage Maps Using the Whole Genome Sequence of Pacific Bluefin Tuna (&lt;i&gt;Thunnus orientalis&lt;/i&gt;) and a Comparison of Chromosome Structure among Teleost Species. Advances in Bioscience and Biotechnology",high,100.0,100.0,,,False,False,False
foley2011,10.1186/1471-2164-12-568,https://doi.org/10.1186/1471-2164-12-568,"Foley, Brad R; Rose, Colin G; Rundle, Daniel E; Leong, Wai; Moy, Gary W; Burton, Ronald S; Edmands, Suzanne",7.0,2011,A gene-based SNP resource and linkage map for the copepod Tigriopus californicus,BMC Genomics,BMC Genomics,BMC Genomics,12,1,,Springer Science and Business Media LLC,1471-2164,journal-article,23.0,324.0,Foley,2011.0,"Foley, B. R., C. G. Rose, D. E. Rundle, W. Leong, G. W. Moy, R. S. Burton, and S. Edmands. 2011. A gene-based SNP resource and linkage map for the copepod Tigriopus californicus. Bmc Genomics 12.",high,100.0,100.0,,,False,False,False
lorenzen2005,10.1534/genetics.104.032227,https://doi.org/10.1534/genetics.104.032227,"Lorenzen, Marcé D; Doyungan, Zaldy; Savard, Joel; Snow, Kathy; Crumly, Lindsey R; Shippy, Teresa D; Stuart, Jeffrey J; Brown, Susan J; Beeman, Richard W",9.0,2005,"Genetic Linkage Maps of the Red Flour Beetle, Tribolium castaneum, Based on Bacterial Artificial Chromosomes and Expressed Sequence Tags",Genetics,Genetics,,170,2,741-747,Oxford University Press (OUP),1943-2631,journal-article,51.0,325.0,Lorenzen,2005.0,"Lorenzen, M. D., Z. Doyungan, J. Savard, K. Snow, L. R. Crumly, T. D. Shippy, J. J. Stuart, S. J. Brown, and R. W. Beeman. 2005. Genetic linkage maps of the red hour beetle, Tribolium castaneum, based on bacterial artificial chromosomes and expressed sequence tags. Genetics 170:741-747.",high,98.87640449438204,100.0,,,False,False,False
yezerski2003,10.1046/j.1365-2583.2003.00438.x,https://doi.org/10.1046/j.1365-2583.2003.00438.x,"Yezerski, A.; Stevens, L.; Ametrano, J.",3.0,2003,A genetic linkage map for Tribolium confusum based on random amplified polymorphic DNAs and recombinant inbred lines,Insect Molecular Biology,Insect Molecular Biology,Insect Molecular Biology,12,5,517-526,Wiley,0962-1075,journal-article,5.0,326.0,Yezerski,2003.0,"Yezerski, A., L. Stevens, and J. Ametrano. 2003. A genetic linkage map for Tribolium confusum based on random amplified polymorphic DNAs and recombinant inbred lines. Insect Molecular Biology 12:517-526.",high,100.0,100.0,,,False,False,False
laurent1998,10.1093/genetics/150.1.275,https://doi.org/10.1093/genetics/150.1.275,"Laurent, Valérie; Wajnberg, Eric; Mangin, Brigitte; Schiex, Thomas; Gaspin, Christine; Vanlerberghe-Masutti, Flavie",6.0,1998,A Composite Genetic Map of the Parasitoid Wasp Trichogramma brassicae Based on RAPD Markers,Genetics,Genetics,,150,1,275-282,Oxford University Press (OUP),1943-2631,journal-article,29.0,327.0,Laurent,1998.0,"Laurent, V., E. Wajnberg, B. Mangin, T. Schiex, C. Gaspin, and F. Vanlerberghe-Masutti. 1998. A composite genetic map of the parasitoid wasp Trichogramma brassicae based on RAPD markers. Genetics 150:275-282.",high,100.0,100.0,,,False,False,False
hirakawa2016,,,"Hirakawa, H., P. Kaur, K. Shirasawa, P. Nichols, S. Nagano, R. Appels, W. Erskine, and S. N. Isobe",,2016,"Draft genome sequence of subterranean clover, a reference for genus Trifolium",Scientific Reports,Scientific Reports,,6,,,,,journal-article,,328.0,Hirakawa,2016.0,"Hirakawa, H., P. Kaur, K. Shirasawa, P. Nichols, S. Nagano, R. Appels, W. Erskine, and S. N. Isobe. 2016. Draft genome sequence of subterranean clover, a reference for genus Trifolium. Scientific Reports 6.",unresolved,,,,,False,False,True
griffiths2013,10.1186/1471-2164-14-388,https://doi.org/10.1186/1471-2164-14-388,"Griffiths, Andrew G; Barrett, Brent A; Simon, Deborah; Khan, Anar K; Bickerstaff, Paul; Anderson, Craig B; Franzmayr, Benjamin K; Hancock, Kerry R; Jones, Chris S",9.0,2013,An integrated genetic linkage map for white clover (Trifolium repens L.) with alignment to Medicago,BMC Genomics,BMC Genomics,BMC Genomics,14,1,388,Springer Science and Business Media LLC,1471-2164,journal-article,22.0,329.0,Griffiths,2013.0,"Griffiths, A. G., B. A. Barrett, D. Simon, A. K. Khan, P. Bickerstaff, C. B. Anderson, B. K. Franzmayr, K. R. Hancock, and C. S. Jones. 2013. An integrated genetic linkage map for white clover (Trifolium repens L.) with",high,100.0,100.0,,,False,False,False
ghamkhar2011,10.1007/s11032-011-9612-8,https://doi.org/10.1007/s11032-011-9612-8,"Ghamkhar, Kioumars; Isobe, Sachiko; Nichols, Phillip G. H.; Faithfull, Troy; Ryan, Megan H.; Snowball, Richard; Sato, Shusei; Appels, Rudi",8.0,2011,The first genetic maps for subterranean clover (Trifolium subterraneum L.) and comparative genomics with T. pratense L. and Medicago truncatula Gaertn. to identify new molecular markers for breeding,Molecular Breeding,Molecular Breeding,Mol Breeding,30,1,213-226,Springer Science and Business Media LLC,1380-3743,journal-article,23.0,330.0,Ghamkhar,2012.0,"Ghamkhar, K., S. Isobe, P. G. H. Nichols, T. Faithfull, M. H. Ryan, R. Snowball, S. Sato, and R. Appels. 2012. The first genetic maps for subterranean clover (Trifolium subterraneum L.) and comparative genomics with T. pratense L. and Medicago truncatula Gaertn. to identify new molecular",high,100.0,100.0,,,True,False,False
zhai2016,10.3389/fpls.2016.01617,https://doi.org/10.3389/fpls.2016.01617,"Zhai, Huijie; Feng, Zhiyu; Li, Jiang; Liu, Xinye; Xiao, Shihe; Ni, Zhongfu; Sun, Qixin",7.0,2016,QTL Analysis of Spike Morphological Traits and Plant Height in Winter Wheat (Triticum aestivum L.) Using a High-Density SNP and SSR-Based Linkage Map,Frontiers in Plant Science,Frontiers in Plant Science,Front. Plant Sci.,7,,,Frontiers Media SA,1664-462X,journal-article,121.0,331.0,Zhai,2016.0,"Zhai, H. J., Z. Y. Feng, J. Li, X. Y. Liu, S. H. Xiao, Z. F. Ni, and Q. X. Sun. 2016. QTL Analysis of Spike Morphological Traits and Plant Height in Winter Wheat (Triticum aestivum L.) Using a High-Density SNP and SSR-Based",high,100.0,100.0,,,False,False,False
macleod2005,10.1093/nar/gki980,https://doi.org/10.1093/nar/gki980,"MacLeod, A.",1.0,2005,The genetic map and comparative analysis with the physical map of Trypanosoma brucei,Nucleic Acids Research,Nucleic Acids Research,Nucleic Acids Research,33,21,6688-6693,Oxford University Press (OUP),0305-1048,journal-article,50.0,332.0,MacLeod,2005.0,"MacLeod, A., A. Tweedie, S. McLellan, S. Taylor, N. Hall, M. Berriman, N. M. El-Sayed, M. Hope, C. M. R. Turner, and A. Tait. 2005. The genetic map and comparative analysis with the physical map of Trypanosoma brucei. Nucleic",high,100.0,100.0,,,False,True,False
shan2015,10.1186/s12864-015-2184-y,https://doi.org/10.1186/s12864-015-2184-y,"Shan, Tifeng; Pang, Shaojun; Li, Jing; Li, Xia; Su, Li",5.0,2015,Construction of a high-density genetic map and mapping of a sex-linked locus for the brown alga Undaria pinnatifida (Phaeophyceae) based on large scale marker development by specific length amplified fragment (SLAF) sequencing,BMC Genomics,BMC Genomics,BMC Genomics,16,1,,Springer Science and Business Media LLC,1471-2164,journal-article,36.0,333.0,Shan,2015.0,"Shan, T. F., S. J. Pang, J. Li, X. Li, and L. Su. 2015. Construction of a high-density genetic map and mapping of a sex-linked locus for the brown alga Undaria pinnatifida (Phaeophyceae) based on large scale marker development by specific length amplified fragment (SLAF) sequencing. Bmc",high,100.0,100.0,,,False,False,False
mccallum2016,10.1007/s11032-016-0443-5,https://doi.org/10.1007/s11032-016-0443-5,"McCallum, Susan; Graham, Julie; Jorgensen, Linzi; Rowland, Lisa J.; Bassil, Nahla V.; Hancock, James F.; Wheeler, Edmund J.; Vining, Kelly; Poland, Jesse A.; Olmstead, James W.; Buck, Emily; Wiedow, Claudia; Jackson, Eric; Brown, Allan; Hackett, Christine A.",15.0,2016,Construction of a SNP and SSR linkage map in autotetraploid blueberry using genotyping by sequencing,Molecular Breeding,Molecular Breeding,Mol Breeding,36,4,,Springer Science and Business Media LLC,1380-3743,journal-article,60.0,334.0,McCallum,2016.0,"McCallum, S., J. Graham, L. Jorgensen, L. J. Rowland, N. V. Bassil, J. F. Hancock, E. J. Wheeler, K. Vining, J. A. Poland, J. W. Olmstead, E. Buck, C. Wiedow, E. Jackson, A. Brown, and C. A. Hackett. 2016. Construction of a SNP and SSR linkage map in autotetraploid blueberry using genotyping by",high,100.0,100.0,,,False,False,False
covarrubiaspazaran2016,10.1186/s12864-016-2802-3,https://doi.org/10.1186/s12864-016-2802-3,"Covarrubias-Pazaran, Giovanny; Diaz-Garcia, Luis; Schlautman, Brandon; Deutsch, Joseph; Salazar, Walter; Hernandez-Ochoa, Miguel; Grygleski, Edward; Steffan, Shawn; Iorizzo, Massimo; Polashock, James; Vorsa, Nicholi; Zalapa, Juan",12.0,2016,Exploiting genotyping by sequencing to characterize the genomic structure of the American cranberry through high-density linkage mapping,BMC Genomics,BMC Genomics,BMC Genomics,17,1,,Springer Science and Business Media LLC,1471-2164,journal-article,34.0,335.0,Covarrubias-Pazaran,2016.0,"Covarrubias-Pazaran, G., L. Diaz-Garcia, B. Schlautman, J. Deutsch, W. Salazar, M. Hernandez-Ochoa, E. Grygleski, S. Steffan, M. Iorizzo, J. Polashock, N. Vorsa, and J. Zalapa. 2016. Exploiting genotyping by sequencing to characterize the genomic structure of the American cranberry",high,100.0,100.0,,,False,False,False
lepersandrzejewski2012,10.2135/cropsci2010.11.0634,https://doi.org/10.2135/cropsci2010.11.0634,"Lepers‐Andrzejewski, Sandra; Causse, Sandrine; Caromel, Bernard; Wong, Maurice; Dron, Michel",5.0,2012,"Genetic Linkage Map and Diversity Analysis of Tahitian Vanilla (Vanilla ×tahitensis, Orchidaceae)",Crop Science,Crop Science,Crop Science,52,2,795-806,Wiley,0011-183X,journal-article,11.0,336.0,Lepers-Andrzejewski,2012.0,"Lepers-Andrzejewski, S., S. Causse, B. Caromel, M. Wong, and M. Dron. 2012. Genetic Linkage Map and Diversity Analysis of Tahitian Vanilla (Vanilla xtahitensis, Orchidaceae). Crop Science 52:795-806.",high,98.26589595375722,100.0,,,False,False,False
sirvio2011,10.1186/1471-2156-12-95,https://doi.org/10.1186/1471-2156-12-95,"Sirviö, Anu; Johnston, J Spencer; Wenseleers, Tom; Pamilo, Pekka",4.0,2011,A high recombination rate in eusocial Hymenoptera: evidence from the common wasp Vespula vulgaris,BMC Genetics,BMC Genetics,BMC Genet,12,1,95,Springer Science and Business Media LLC,1471-2156,journal-article,28.0,337.0,Sirvio,2011.0,"Sirvio, A., J. S. Johnston, T. Wenseleers, and P. Pamilo. 2011. A high recombination rate in eusocial Hymenoptera: evidence from the common",high,100.0,90.9090909090909,,,False,False,False
kaur2014,10.1016/j.plantsci.2013.11.014,https://doi.org/10.1016/j.plantsci.2013.11.014,"Kaur, Sukhjiwan; Kimber, Rohan B.E.; Cogan, Noel O.I.; Materne, Michael; Forster, John W.; Paull, Jeffrey G.",6.0,2014,SNP discovery and high-density genetic mapping in faba bean (Vicia faba L.) permits identification of QTLs for ascochyta blight resistance,Plant Science,Plant Science,Plant Science,217-218,,47-55,Elsevier BV,0168-9452,journal-article,98.0,338.0,Kaur,2014.0,"Kaur, S., R. B. E. Kimber, N. O. I. Cogan, M. Materne, J. W. Forster, and J. G. Paull. 2014. SNP discovery and high-density genetic mapping in faba bean (Vicia faba L.) permits identification of QTLs for ascochyta blight resistance.",high,100.0,100.0,,,False,False,False
liu2016d,10.1038/srep39523,https://doi.org/10.1038/srep39523,"Liu, Changyou; Fan, Baojie; Cao, Zhimin; Su, Qiuzhu; Wang, Yan; Zhang, Zhixiao; Tian, Jing",7.0,2016,Development of a high-density genetic linkage map and identification of flowering time QTLs in adzuki bean (Vigna angularis),Scientific Reports,Scientific Reports,Sci Rep,6,1,,Springer Science and Business Media LLC,2045-2322,journal-article,21.0,339.0,Liu,2016.0,"Liu, C. Y., B. J. Fan, Z. M. Cao, Q. Z. Su, Y. Wang, Z. X. Zhang, and J. Tian. 2016. Development of a high-density genetic linkage map and identification of flowering time QTLs in adzuki bean (Vigna angularis). Scientific Reports 6.",high,100.0,100.0,,,False,False,False
gupta2008,10.1139/g08-050,https://doi.org/10.1139/g08-050,"Gupta, S. K.; Souframanien, J.; Gopalakrishna, T.",3.0,2008,"Construction of a genetic linkage map of black gram,Vigna mungo(L.) Hepper, based on molecular markers and comparative studies",Genome,Genome,Genome,51,8,628-637,Canadian Science Publishing,0831-2796,journal-article,51.0,340.0,Gupta,2008.0,"Gupta, S. K., J. Souframanien, and T. Gopalakrishna. 2008. Construction of a genetic linkage map of black gram, Vigna mungo (L.) Hepper, based on molecular markers and comparative studies. Genome 51:628-637.",high,100.0,100.0,,,False,False,False
wang2016,10.1016/j.cj.2016.06.010,https://doi.org/10.1016/j.cj.2016.06.010,"Wang, Lixia; Wu, Chuanshu; Zhong, Min; Zhao, Dan; Mei, Li; Chen, Honglin; Wang, Suhua; Liu, Chunji; Cheng, Xuzhen",9.0,2016,Construction of an integrated map and location of a bruchid resistance gene in mung bean,The Crop Journal,The Crop Journal,The Crop Journal,4,5,360-366,Elsevier BV,2214-5141,journal-article,27.0,341.0,Wang,2016.0,"Wang, L. X., C. S. Wu, M. Zhong, D. Zhao, L. Mei, H. L. Chen, S. H. Wang, C. J. Liu, and X. Z. Cheng. 2016. Construction of an integrated map and location of a bruchid resistance gene in mung bean. Crop Journal 4:360-366.",high,100.0,100.0,,,False,False,False
kongjaimun2012,10.1139/g11-078,https://doi.org/10.1139/g11-078,"Kongjaimun, Alisa; Kaga, Akito; Tomooka, Norihiko; Somta, Prakit; Shimizu, Takehiko; Shu, Yujian; Isemura, Takehisa; Vaughan, Duncan A.; Srinives, Peerasak",9.0,2012,An SSR-based linkage map of yardlong bean (Vigna unguiculata(L.) Walp. subsp.unguiculataSesquipedalis Group) and QTL analysis of pod length,Genome,Genome,Genome,55,2,81-92,Canadian Science Publishing,0831-2796,journal-article,81.0,342.0,Kongjaimun,2012.0,"Kongjaimun, A., A. Kaga, N. Tomooka, P. Somta, T. Shimizu, Y. J. Shu, T. Isemura, D. A. Vaughan, and P. Srinives. 2012. An SSR-based linkage map of yardlong bean (Vigna unguiculata (L.) Walp. subsp unguiculata Sesquipedalis Group) and QTL analysis of pod length. Genome 55:81-92.",high,100.0,100.0,,,False,False,False
marubodee2015,10.1371/journal.pone.0138942,https://doi.org/10.1371/journal.pone.0138942,"Marubodee, Rusama; Ogiso-Tanaka, Eri; Isemura, Takehisa; Chankaew, Sompong; Kaga, Akito; Naito, Ken; Ehara, Hiroshi; Tomooka, Norihiko",8.0,2015,Construction of an SSR and RAD-Marker Based Molecular Linkage Map of Vigna vexillata (L.) A. Rich,PLOS ONE,PLOS ONE,PLoS ONE,10,9,e0138942,Public Library of Science (PLoS),1932-6203,journal-article,23.0,343.0,Marubodee,2015.0,"Marubodee, R., E. Ogiso-Tanaka, T. Isemura, S. Chankaew, A. Kaga, K. Naito, H. Ehara, and N. Tomooka. 2015. Construction of an SSR and RAD-Marker Based Molecular Linkage Map of Vigna vexillata (L.) A. Rich. Plos",high,100.0,100.0,,,False,False,False
liu2013c,,,"Liu, Z. D., X. W. Guo, Y. S. Guo, H. Lin, P. X. Zhang, Y. H. Zhao, K. Li, and C. X. Li",,2013,SSR AND SRAP MARKER BASED LINKAGE MAP OF VITIS AMURENSIS RUPR. Pakistan Journal of Botany 45:191-195,Pakistan Journal of Botany,Pakistan Journal of Botany,,45,,191-195,,,journal-article,,344.0,Liu,2013.0,"Liu, Z. D., X. W. Guo, Y. S. Guo, H. Lin, P. X. Zhang, Y. H. Zhao, K. Li, and C. X. Li. 2013. SSR AND SRAP MARKER BASED LINKAGE MAP OF VITIS AMURENSIS RUPR. Pakistan Journal of Botany 45:191-195.",unresolved,,,reject,Crossref record is Vitis vinifera; the cited paper is Vitis amurensis. Different species.,False,False,True
zhang2009,10.1007/s00122-009-1107-1,https://doi.org/10.1007/s00122-009-1107-1,"Zhang, Junke; Hausmann, Ludger; Eibach, Rudolf; Welter, Leocir J.; Töpfer, Reinhard; Zyprian, Eva M.",6.0,2009,A framework map from grapevine V3125 (Vitis vinifera ‘Schiava grossa’ × ‘Riesling’) × rootstock cultivar ‘Börner’ (Vitis riparia × Vitis cinerea) to localize genetic determinants of phylloxera root resistance,Theoretical and Applied Genetics,Theoretical and Applied Genetics,Theor Appl Genet,119,6,1039-1051,Springer Science and Business Media LLC,0040-5752,journal-article,66.0,345.0,Zhang,2009.0,"Zhang, J. K., L. Hausmann, R. Eibach, L. J. Welter, R. Topfer, and E. M. Zyprian. 2009. A framework map from grapevine V3125 (Vitis vinifera 'Schiava grossa' x 'Riesling') x rootstock cultivar 'Borner' (Vitis riparia x Vitis cinerea) to localize genetic determinants of phylloxera root resistance.",high,98.8950276243094,100.0,,,False,False,False
guo2015b,10.3389/fpls.2015.00393,https://doi.org/10.3389/fpls.2015.00393,"Guo, Yinshan; Shi, Guangli; Liu, Zhendong; Zhao, Yuhui; Yang, Xiaoxu; Zhu, Junchi; Li, Kun; Guo, Xiuwu",8.0,2015,Using specific length amplified fragment sequencing to construct the high-density genetic map for Vitis (Vitis vinifera L. Ã— Vitis amurensis Rupr.),Frontiers in Plant Science,Frontiers in Plant Science,Front. Plant Sci.,6,,,Frontiers Media SA,1664-462X,journal-article,23.0,346.0,Guo,2015.0,"Guo, Y. S., G. L. Shi, Z. D. Liu, Y. H. Zhao, X. X. Yang, J. C. Zhu, K. Li, and X. W. Guo. 2015. Using specific length amplified fragment sequencing to construct the high-density genetic map for Vitis (Vitis vinifera L. x Vitis",high,99.1304347826087,100.0,,,False,False,False
wells2011,10.1016/j.ydbio.2011.03.022,https://doi.org/10.1016/j.ydbio.2011.03.022,"Wells, Dan E.; Gutierrez, Laura; Xu, Zhenkang; Krylov, Vladimir; Macha, Jaroslav; Blankenburg, Kerstin P.; Hitchens, Matthew; Bellot, Larry J.; Spivey, Mary; Stemple, Derek L.; Kowis, Andria; Ye, Yuan; Pasternak, Shiran; Owen, Jenetta; Tran, Thu; Slavikova, Renata; Tumova, Lucie; Tlapakova, Tereza; Seifertova, Eva; Scherer, Steven E.; Sater, Amy K.",21.0,2011,A genetic map of Xenopus tropicalis,Developmental Biology,Developmental Biology,Developmental Biology,354,1,1-8,Elsevier BV,0012-1606,journal-article,51.0,347.0,Wells,2011.0,"Wells, D. E., L. Gutierrez, Z. Xu, V. Krylov, J. Macha, K. P. Blankenburg, M. Hitchens, L. J. Bellot, M. Spivey, D. L. Stemple, A. Kowis, Y. Ye, S. Pasternak, J. Owen, T. Tran, R. Slavikova, L. Tumova, T. Tlapakova, E. Seifertova, S. E. Scherer, and A. K. Sater. 2011. A genetic map of Xenopus",high,100.0,100.0,,,False,False,False
amores2014,10.1534/genetics.114.164293,https://doi.org/10.1534/genetics.114.164293,"Amores, Angel; Catchen, Julian; Nanda, Indrajit; Warren, Wesley; Walter, Ron; Schartl, Manfred; Postlethwait, John H",7.0,2014,A RAD-Tag Genetic Map for the Platyfish (Xiphophorus maculatus) Reveals Mechanisms of Karyotype Evolution Among Teleost Fish,Genetics,Genetics,,197,2,625-641,Oxford University Press (OUP),1943-2631,journal-article,78.0,348.0,Amores,2014.0,"Amores, A., J. Catchen, I. Nanda, W. Warren, R. Walter, M. Schartl, and J. H. Postlethwait. 2014. A RAD-Tag Genetic Map for the Platyfish (Xiphophorus maculatus) Reveals Mechanisms of Karyotype Evolution Among Teleost Fish.",high,100.0,100.0,,,False,False,False
zhou2016b,10.1186/s12864-016-2555-z,https://doi.org/10.1186/s12864-016-2555-z,"Zhou, Zhiqiang; Zhang, Chaoshu; Zhou, Yu; Hao, Zhuanfang; Wang, Zhenhua; Zeng, Xing; Di, Hong; Li, Mingshun; Zhang, Degui; Yong, Hongjun; Zhang, Shihuang; Weng, Jianfeng; Li, Xinhai",13.0,2016,Genetic dissection of maize plant architecture with an ultra-high density bin map based on recombinant inbred lines,BMC Genomics,BMC Genomics,BMC Genomics,17,1,,Springer Science and Business Media LLC,1471-2164,journal-article,98.0,349.0,Zhou,2016.0,"Zhou, Z. Q., C. S. Zhang, Y. Zhou, Z. F. Hao, Z. H. Wang, X. Zeng, H. Di, M. S. Li, D. G. Zhang, H. J. Yong, S. H. Zhang, J. F. Weng, and X. H. Li. 2016. Genetic dissection of maize plant architecture with an ultra-high density bin map based on recombinant inbred lines. Bmc Genomics 17.",high,100.0,100.0,,,False,False,False
zhang2016c,10.1007/s11295-016-1032-9,https://doi.org/10.1007/s11295-016-1032-9,"Zhang, Zhong; Wei, Tianjun; Zhong, Ying; Li, Xingang; Huang, Jian",5.0,2016,Construction of a high-density genetic map of Ziziphus jujuba Mill. using genotyping by sequencing technology,Tree Genetics & Genomes,Tree Genetics & Genomes,Tree Genetics & Genomes,12,4,,Springer Science and Business Media LLC,1614-2942,journal-article,34.0,350.0,Zhang,2016.0,"Zhang, Z., T. Wei, Y. Zhong, X. Li, and J. Huang. 2016. Construction of a high-density genetic map of Ziziphus jujuba Mill. using genotyping by sequencing technology. Tree Genetics & Genomes 12.",high,100.0,100.0,,,False,False,False
wang2015c,10.1111/tpj.12842,https://doi.org/10.1111/tpj.12842,"Wang, Fangfang; Singh, Ratnesh; Genovesi, Anthony D.; Wai, Ching Man; Huang, Xiaoen; Chandra, Ambika; Yu, Qingyi",7.0,2015,Sequence‐tagged high‐density genetic maps of Zoysia japonica provide insights into genome evolution in Chloridoideae,The Plant Journal,The Plant Journal,The Plant Journal,82,5,744-757,Wiley,0960-7412,journal-article,32.0,351.0,Wang,2015.0,"Wang, F. F., R. Singh, A. D. Genovesi, C. M. Wai, X. E. Huang, A. Chandra, and Q. Y. Yu. 2015. Sequence-tagged high-density genetic maps of Zoysia japonica provide insights into genome evolution in Chloridoideae. Plant",high,100.0,100.0,,,False,False,False
huang2016,10.1186/s12864-016-2969-7,https://doi.org/10.1186/s12864-016-2969-7,"Huang, Xiaoen; Wang, Fangfang; Singh, Ratnesh; Reinert, James A.; Engelke, M. C.; Genovesi, Anthony D.; Chandra, Ambika; Yu, Qingyi",8.0,2016,Construction of high-resolution genetic maps of Zoysia matrella (L.) Merrill and applications to comparative genomic analysis and QTL mapping of resistance to fall armyworm,BMC Genomics,BMC Genomics,BMC Genomics,17,1,,Springer Science and Business Media LLC,1471-2164,journal-article,17.0,352.0,Huang,2016.0,"Huang, X. E., F. F. Wang, R. Singh, J. A. Reinert, M. C. Engelke, A. D. Genovesi, A. Chandra, and Q. Y. Yu. 2016. Construction of high-resolution genetic maps of Zoysia matrella (L.) Merrill and applications to comparative genomic analysis and QTL mapping of resistance to fall armyworm. Bmc",high,100.0,100.0,,,False,False,False
lendenmann2014,10.1534/g3.114.015289,https://doi.org/10.1534/g3.114.015289,"Lendenmann, Mark H; Croll, Daniel; Stewart, Ethan L; McDonald, Bruce A",4.0,2014,Quantitative Trait Locus Mapping of Melanization in the Plant Pathogenic FungusZymoseptoria tritici,G3 Genes|Genomes|Genetics,G3: Genes|Genomes|Genetics,,4,12,2519-2533,Oxford University Press (OUP),2160-1836,journal-article,86.0,353.0,Lendenmann,2014.0,"Lendenmann, M. H., D. Croll, E. L. Stewart, and B. A. McDonald. 2014. Quantitative Trait Locus Mapping of Melanization in the Plant Pathogenic Fungus Zymoseptoria tritici. G3-Genes Genomes Genetics 4:2519-2533.",high,100.0,100.0,,,False,False,False
pedersen2002,10.1006/fgbi.2001.1326,,"Pedersen, Carsten; Rasmussen, Søren W.; Giese, Henriette",,2002,"A Genetic Map of Blumeria graminis Based on Functional Genes, Avirulence Genes, and Molecular Markers",Fungal Genetics and Biology,Fungal Genetics and Biology,,35,,235-246,Elsevier BV,1087-1845,,,,,,,recovered_2026,,,accept,"Recovered from Crossref by species name + first author + year for a record that post-dates the 2017 paper; species name and map-paper title verified, then re-verified by DOI fetch.",False,False,False
gosselin2002,10.1007/s00122-001-0823-y,,"Gosselin, I.; Zhou, Y.; Bousquet, J.; Isabel, N.",,2002,"Megagametophyte-derived linkage maps of white spruce (Picea glauca) based on RAPD, SCAR and ESTP markers",Theoretical and Applied Genetics,Theoretical and Applied Genetics,,104,,987-997,Springer Science and Business Media LLC,0040-5752,,,,,,,recovered_2026,,,accept,"Recovered from Crossref by species name + first author + year for a record that post-dates the 2017 paper; species name and map-paper title verified, then re-verified by DOI fetch.",False,False,False
manzosanchez2008,10.1007/s00294-008-0186-x,,"Manzo-Sánchez, Gilberto; Zapater, Marie-Françoise; Luna-Martínez, Francisco; Conde-Ferráez, Laura; Carlier, Jean; James-Kay, Andrew; Simpson, June",,2008,"Construction of a genetic linkage map of the fungal pathogen of banana Mycosphaerella fijiensis, causal agent of black leaf streak disease",Current Genetics,Current Genetics,,53,,299-311,Springer Science and Business Media LLC,0172-8083,,,,,,,recovered_2026,,,accept,"Recovered from Crossref by species name + first author + year for a record that post-dates the 2017 paper; species name and map-paper title verified, then re-verified by DOI fetch.",False,False,False
molinaluzon2014,10.1007/s10126-014-9589-5,,"Molina-Luzón, Ma. Jesús; Hermida, Miguel; Navajas-Pérez, Rafael; Robles, Francisca; Navas, José Ignacio; Ruiz-Rejón, Carmelo; Bouza, Carmen; Martínez, Paulino; de la Herrán, Roberto",,2014,"First Haploid Genetic Map Based on Microsatellite Markers in Senegalese Sole (Solea senegalensis, Kaup 1858)",Marine Biotechnology,Marine Biotechnology,,17,,8-22,Springer Science and Business Media LLC,1436-2228,,,,,,,recovered_2026,,,accept,"Recovered from Crossref by species name + first author + year for a record that post-dates the 2017 paper; species name and map-paper title verified, then re-verified by DOI fetch.",False,False,False
liu2015,10.1007/s10681-015-1538-5,,"Liu, Pingwu; Chandra, Amaresh; Que, Youxiong; Chen, Ping-Hua; Grisham, Michael P.; White, William H.; Dalley, Caleb D.; Tew, Thomas L.; Pan, Yong-Bao",,2015,Identification of quantitative trait loci controlling sucrose content based on an enriched genetic linkage map of sugarcane (Saccharum spp. hybrids) cultivar ‘LCP 85-384’,Euphytica,Euphytica,,207,,527-549,Springer Science and Business Media LLC,0014-2336,,,,,,,recovered_2026,,,accept,"Recovered from Crossref by species name + first author + year for a record that post-dates the 2017 paper; species name and map-paper title verified, then re-verified by DOI fetch.",False,False,False
russell2013,10.1007/s11032-013-9996-8,,"Russell, Joanne; Hackett, Christine; Hedley, Pete; Liu, Hui; Milne, Linda; Bayer, Micha; Marshall, David; Jorgensen, Linzi; Gordon, Sandra; Brennan, Rex",,2013,The use of genotyping by sequencing in blackcurrant (Ribes nigrum): developing high-resolution linkage maps in species without reference genome sequences,Molecular Breeding,Molecular Breeding,,33,,835-849,Springer Science and Business Media LLC,1380-3743,,,,,,,recovered_2026,,,accept,"Recovered from Crossref by species name + first author + year for a record that post-dates the 2017 paper; species name and map-paper title verified, then re-verified by DOI fetch.",False,False,False
wang2014,10.1007/s11032-014-0025-3,,"Wang, Hongxia; Walla, James A.; Magnusson, Victoria A.; Zhong, Shaobin; Dai, Wenhao",,2014,Construction of genetic linkage maps and QTL mapping for X-disease resistance in tetraploid chokecherry (Prunus virginiana L.) using SSR and AFLP markers,Molecular Breeding,Molecular Breeding,,34,,143-157,Springer Science and Business Media LLC,1380-3743,,,,,,,recovered_2026,,,accept,"Recovered from Crossref by species name + first author + year for a record that post-dates the 2017 paper; species name and map-paper title verified, then re-verified by DOI fetch.",False,False,False
crawford2016,10.1007/s11032-016-0484-9,,"Crawford, Joseph; Brown, Patrick J.; Voigt, Thomas; Lee, D. K.",,2016,Linkage mapping in prairie cordgrass (Spartina pectinata Link) using genotyping-by-sequencing,Molecular Breeding,Molecular Breeding,,36,,,Springer Science and Business Media LLC,1380-3743,,,,,,,recovered_2026,,,accept,"Recovered from Crossref by species name + first author + year for a record that post-dates the 2017 paper; species name and map-paper title verified, then re-verified by DOI fetch.",False,False,False
sakaguchi2015,10.1007/s11295-015-0944-0,,"Sakaguchi, Shota; Sugino, Takeshi; Tsumura, Yoshihiko; Ito, Motomi; Crisp, Michael D.; Bowman, David M. J. S.; Nagano, Atsushi J.; Honjo, Mie N.; Yasugi, Masaki; Kudoh, Hiroshi; Matsuki, Yu; Suyama, Yoshihisa; Isagi, Yuji",,2015,High-throughput linkage mapping of Australian white cypress pine (Callitris glaucophylla) and map transferability to related species,Tree Genetics & Genomes,Tree Genetics & Genomes,,11,,,Springer Science and Business Media LLC,1614-2942,,,,,,,recovered_2026,,,accept,"Recovered from Crossref by species name + first author + year for a record that post-dates the 2017 paper; species name and map-paper title verified, then re-verified by DOI fetch.",False,False,False
wellenreuther2013,10.1007/s12041-013-0219-1,,"WELLENREUTHER, MAREN; SÁNCHEZ-GUILLÉN, ROSA A.; CORDERO-RIVERA, ADOLFO; SVENSSON, ERIK I.; HANSSON, BENGT",,2013,Male-biased recombination in odonates: insights from a linkage map of the damselfly Ischnura elegans,Journal of Genetics,Journal of Genetics,,92,,115-119,Springer Science and Business Media LLC,0022-1333,,,,,,,recovered_2026,,,accept,"Recovered from Crossref by species name + first author + year for a record that post-dates the 2017 paper; species name and map-paper title verified, then re-verified by DOI fetch.",False,False,False
feng2013,10.1007/s12041-013-0246-y,,"FENG, SHANGGUO; ZHAO, HONGYAN; LU, JIANGJIE; LIU, JUNJUN; SHEN, BO; WANG, HUIZHONG",,2013,Preliminary genetic linkage maps of Chinese herb Dendrobium nobile and D. moniliforme,Journal of Genetics,Journal of Genetics,,92,,205-212,Springer Science and Business Media LLC,0022-1333,,,,,,,recovered_2026,,,accept,"Recovered from Crossref by species name + first author + year for a record that post-dates the 2017 paper; species name and map-paper title verified, then re-verified by DOI fetch.",False,False,False
vandernest2009,10.1016/j.fgb.2009.06.002,,"van der Nest, M.A.; Slippers, B.; Steenkamp, E.T.; De Vos, L.; Van Zyl, K.; Stenlid, J.; Wingfield, M.J.; Wingfield, B.D.",,2009,Genetic linkage map for Amylostereum areolatum reveals an association between vegetative growth and sexual and self-recognition,Fungal Genetics and Biology,Fungal Genetics and Biology,,46,,632-641,Elsevier BV,1087-1845,,,,,,,recovered_2026,,,accept,"Recovered from Crossref by species name + first author + year for a record that post-dates the 2017 paper; species name and map-paper title verified, then re-verified by DOI fetch.",False,False,False
broggini2011,10.1016/j.fgb.2010.09.001,,"Broggini, Giovanni A.L.; Bus, Vincent G.M.; Parravicini, Gabriella; Kumar, Satish; Groenwold, Remmelt; Gessler, Cesare",,2011,Genetic mapping of 14 avirulence genes in an EU-B04×1639 progeny of Venturia inaequalis,Fungal Genetics and Biology,Fungal Genetics and Biology,,48,,166-176,Elsevier BV,1087-1845,,,,,,,recovered_2026,,,accept,"Recovered from Crossref by species name + first author + year for a record that post-dates the 2017 paper; species name and map-paper title verified, then re-verified by DOI fetch.",False,False,False
zhang2010,10.1016/j.scienta.2010.03.028,,"Zhang, Fei; Chen, Sumei; Chen, Fadi; Fang, Weimin; Li, Fengtong",,2010,"A preliminary genetic linkage map of chrysanthemum (Chrysanthemum morifolium) cultivars using RAPD, ISSR and AFLP markers",Scientia Horticulturae,Scientia Horticulturae,,125,,422-428,Elsevier BV,0304-4238,,,,,,,recovered_2026,,,accept,"Recovered from Crossref by species name + first author + year for a record that post-dates the 2017 paper; species name and map-paper title verified, then re-verified by DOI fetch.",False,False,False
lu2012,10.1016/j.scienta.2011.12.027,,"Lu, Jiang-Jie; Zhao, Hong-Yan; Suo, Na-Na; Wang, Shang; Shen, Bo; Wang, Hui-Zhong; Liu, Jun-Jun",,2012,"Genetic linkage maps of Dendrobium moniliforme and D. officinale based on EST-SSR, SRAP, ISSR and RAPD markers",Scientia Horticulturae,Scientia Horticulturae,,137,,1-10,Elsevier BV,0304-4238,,,,,,,recovered_2026,,,accept,"Recovered from Crossref by species name + first author + year for a record that post-dates the 2017 paper; species name and map-paper title verified, then re-verified by DOI fetch.",False,False,False
streiff2013,10.1038/hdy.2013.113,,"Streiff, Réjane; Courtois, Brigitte; Meusnier, Serge; Bourguet, Denis",,2013,"Genetic mapping of two components of reproductive isolation between two sibling species of moths, Ostrinia nubilalis and O. scapulalis",Heredity,Heredity,,112,,370-381,Springer Science and Business Media LLC,0018-067X,,,,,,,recovered_2026,,,accept,"Recovered from Crossref by species name + first author + year for a record that post-dates the 2017 paper; species name and map-paper title verified, then re-verified by DOI fetch.",False,False,False
johnston2017,10.1101/100131,,"Johnston, Susan E.; Huisman, Jisca; Ellis, Philip A.; Pemberton, Josephine M.",,2017,A high density linkage map reveals sexual dimorphism in recombination landscapes in red deer ( Cervus elaphus ),,,,,,,openRxiv,,,,,,,,recovered_2026,,,accept,"Recovered from Crossref by species name + first author + year for a record that post-dates the 2017 paper; species name and map-paper title verified, then re-verified by DOI fetch.",False,False,False
anistoroaei2007,10.1111/j.1365-2052.2007.01621.x,,"Anistoroaei, R.; Menzorov, A.; Serov, O.; Farid, A.; Christensen, K.",,2007,The first linkage map of the American mink (Mustela vison),Animal Genetics,Animal Genetics,,38,,384-388,Wiley,0268-9146,,,,,,,recovered_2026,,,accept,"Recovered from Crossref by species name + first author + year for a record that post-dates the 2017 paper; species name and map-paper title verified, then re-verified by DOI fetch.",False,False,False
venkatesan2009,10.1111/j.1365-2583.2009.00885.x,,"Venkatesan, M.; Broman, K. W.; Sellers, M.; Rasgon, J. L.",,2009,An initial linkage map of the West Nile Virus vector Culex tarsalis,Insect Molecular Biology,Insect Molecular Biology,,18,,453-463,Wiley,0962-1075,,,,,,,recovered_2026,,,accept,"Recovered from Crossref by species name + first author + year for a record that post-dates the 2017 paper; species name and map-paper title verified, then re-verified by DOI fetch.",False,False,False
feldmeyer2010,10.1111/j.1365-2583.2010.01016.x,,"Feldmeyer, B.; Pen, I.; Beukeboom, L. W.",,2010,"A microsatellite marker linkage map of the housefly, Musca domestica : evidence for male recombination",Insect Molecular Biology,Insect Molecular Biology,,19,,575-581,Wiley,0962-1075,,,,,,,recovered_2026,,,accept,"Recovered from Crossref by species name + first author + year for a record that post-dates the 2017 paper; species name and map-paper title verified, then re-verified by DOI fetch.",False,False,False
laborda2011,10.1111/j.1365-2583.2011.01117.x,,"Laborda, P. R.; Gazaffi, R.; Garcia, A. A. F.; de Souza, A. P.",,2011,A molecular linkage map for Drosophila mediopunctata confirms synteny with Drosophila melanogaster and suggests a region that controls the variation in the number of abdominal spots,Insect Molecular Biology,Insect Molecular Biology,,21,,89-95,Wiley,0962-1075,,,,,,,recovered_2026,,,accept,"Recovered from Crossref by species name + first author + year for a record that post-dates the 2017 paper; species name and map-paper title verified, then re-verified by DOI fetch.",False,False,False
labbe2008,10.1111/j.1469-8137.2008.02614.x,,"Labbé, J.; Zhang, X.; Yin, T.; Schmutz, J.; Grimwood, J.; Martin, F.; Tuskan, G. A.; Le Tacon, F.",,2008,A genetic linkage map for the ectomycorrhizal fungus Laccaria bicolor and its alignment to the whole‐genome sequence assemblies,New Phytologist,New Phytologist,,180,,316-328,Wiley,0028-646X,,,,,,,recovered_2026,,,accept,"Recovered from Crossref by species name + first author + year for a record that post-dates the 2017 paper; species name and map-paper title verified, then re-verified by DOI fetch.",False,False,False
okuda2009,10.1139/g09-021,,"Okuda, Yasuhito; Murakami, Shigeyuki; Matsumoto, Teruyuki",,2009,"A genetic linkage map ofPleurotus pulmonariusbased on AFLP markers, and localization of the gene region for the sporeless mutation",Genome,Genome,,52,,438-446,Canadian Science Publishing,0831-2796,,,,,,,recovered_2026,,,accept,"Recovered from Crossref by species name + first author + year for a record that post-dates the 2017 paper; species name and map-paper title verified, then re-verified by DOI fetch.",False,False,False
liu2011,10.1139/g10-084,,"Liu, Lihua; Ma, Xiaojun; Wei, Jianhe; Qin, Jiaming; Mo, Changming",,2011,The first genetic linkage map of Luohanguo (Siraitia grosvenorii) based on ISSR and SRAP markers,Genome,Genome,,54,,19-25,Canadian Science Publishing,0831-2796,,,,,,,recovered_2026,,,accept,"Recovered from Crossref by species name + first author + year for a record that post-dates the 2017 paper; species name and map-paper title verified, then re-verified by DOI fetch.",False,False,False
kang2011,10.1139/g10-099,,"Kang, Bum-Yong; Major, John E.; Rajora, Om P.",,2011,A high-density genetic linkage map of a black spruce (Picea mariana) × red spruce (Picea rubens) interspecific hybrid,Genome,Genome,,54,,128-143,Canadian Science Publishing,0831-2796,,,,,,,recovered_2026,,,accept,"Recovered from Crossref by species name + first author + year for a record that post-dates the 2017 paper; species name and map-paper title verified, then re-verified by DOI fetch.",False,False,False
zeng2014,10.1186/1471-2156-15-s1-s2,,"Zeng, Yanru; Ye, Shengyue; Yu, Weiwu; Wu, Song; Hou, Wei; Wu, Rongling; Dai, Wensheng; Chang, Jun",,2014,Genetic linkage map construction and QTL identification of juvenile growth traits in Torreya grandis,BMC Genetics,BMC Genetics,,15,,S2,Springer Science and Business Media LLC,1471-2156,,,,,,,recovered_2026,,,accept,"Recovered from Crossref by species name + first author + year for a record that post-dates the 2017 paper; species name and map-paper title verified, then re-verified by DOI fetch.",False,False,False
jaari2009,10.1186/1471-2164-10-1,,"Jaari, Sonja; Li, Meng-Hua; Merilä, Juha",,2009,A first-generation microsatellite-based genetic linkage map of the Siberian jay (Perisoreus infaustus): insights into avian genome evolution,BMC Genomics,BMC Genomics,,10,,,Springer Science and Business Media LLC,1471-2164,,,,,,,recovered_2026,,,accept,"Recovered from Crossref by species name + first author + year for a record that post-dates the 2017 paper; species name and map-paper title verified, then re-verified by DOI fetch.",False,False,False
alheit2011,10.1186/1471-2164-12-380,,"Alheit, Katharina V; Reif, Jochen C; Maurer, Hans Peter; Hahn, Volker; Weissmann, Elmar A; Miedaner, Thomas; Würschum, Tobias",,2011,Detection of segregation distortion loci in triticale (x Triticosecale Wittmack) based on a high-density DArT marker consensus genetic linkage map,BMC Genomics,BMC Genomics,,12,,,Springer Science and Business Media LLC,1471-2164,,,,,,,recovered_2026,,,accept,"Recovered from Crossref by species name + first author + year for a record that post-dates the 2017 paper; species name and map-paper title verified, then re-verified by DOI fetch.",False,False,False
jones2013,10.1186/1471-2164-14-810,,"Jones, David B; Jerry, Dean R; Khatkar, Mehar S; Raadsma, Herman W; Zenger, Kyall R",,2013,"A high-density SNP genetic linkage map for the silver-lipped pearl oyster, Pinctada maxima: a valuable resource for gene localisation and marker-assisted selection",BMC Genomics,BMC Genomics,,14,,810,Springer Science and Business Media LLC,1471-2164,,,,,,,recovered_2026,,,accept,"Recovered from Crossref by species name + first author + year for a record that post-dates the 2017 paper; species name and map-paper title verified, then re-verified by DOI fetch.",False,False,False
iorizzo2014,10.1186/s12863-014-0123-6,,"Iorizzo, Massimo; Gao, Liangliang; Mann, Harpartap; Traini, Alessandra; Chiusano, Maria Luisa; Kilian, Andrzej; Aversano, Riccardo; Carputo, Domenico; Bradeen, James M",,2014,A DArT marker-based linkage map for wild potato Solanum bulbocastanum facilitates structural comparisons between SolanumA and B genomes,BMC Genetics,BMC Genetics,,15,,,Springer Science and Business Media LLC,1471-2156,,,,,,,recovered_2026,,,accept,"Recovered from Crossref by species name + first author + year for a record that post-dates the 2017 paper; species name and map-paper title verified, then re-verified by DOI fetch.",False,False,False
xu2015,10.1186/s12870-015-0604-4,,"Xu, Yan; Huang, Long; Ji, Dehua; Chen, Changsheng; Zheng, Hongkun; Xie, Chaotian",,2015,"Construction of a dense genetic linkage map and mapping quantitative trait loci for economic traits of a doubled haploid population of Pyropia haitanensis (Bangiales, Rhodophyta)",BMC Plant Biology,BMC Plant Biology,,15,,,Springer Science and Business Media LLC,1471-2229,,,,,,,recovered_2026,,,accept,"Recovered from Crossref by species name + first author + year for a record that post-dates the 2017 paper; species name and map-paper title verified, then re-verified by DOI fetch.",False,False,False
chaudhary2013,10.1371/journal.pone.0058931,,"Chaudhary, Suman; Polaino, Silvia; Shakya, Viplendra P. S.; Idnurm, Alexander",,2013,A New Genetic Linkage Map of the Zygomycete Fungus Phycomyces blakesleeanus,PLoS ONE,PLOS ONE,,8,,e58931,Public Library of Science (PLoS),1932-6203,,,,,,,recovered_2026,,,accept,"Recovered from Crossref by species name + first author + year for a record that post-dates the 2017 paper; species name and map-paper title verified, then re-verified by DOI fetch.",False,False,False
diopere2014,10.1371/journal.pone.0115040,,"Diopere, Eveline; Maes, Gregory E.; Komen, Hans; Volckaert, Filip A. M.; Groenen, Martien A. M.",,2014,A Genetic Linkage Map of Sole (Solea solea): A Tool for Evolutionary and Comparative Analyses of Exploited (Flat)Fishes,PLoS ONE,PLOS ONE,,9,,e115040,Public Library of Science (PLoS),1932-6203,,,,,,,recovered_2026,,,accept,"Recovered from Crossref by species name + first author + year for a record that post-dates the 2017 paper; species name and map-paper title verified, then re-verified by DOI fetch.",False,False,False
vigna2016,10.1371/journal.pone.0153764,,"Vigna, Bianca B. Z.; Santos, Jean C. S.; Jungmann, Leticia; do Valle, Cacilda B.; Mollinari, Marcelo; Pastina, Maria M.; Pagliarini, Maria Suely; Garcia, Antonio A. F.; Souza, Anete P.",,2016,Evidence of Allopolyploidy in Urochloa humidicola Based on Cytological Analysis and Genetic Linkage Mapping,PLOS ONE,PLOS ONE,,11,,e0153764,Public Library of Science (PLoS),1932-6203,,,,,,,recovered_2026,,,accept,"Recovered from Crossref by species name + first author + year for a record that post-dates the 2017 paper; species name and map-paper title verified, then re-verified by DOI fetch.",False,False,False
manousaki2016,10.1534/g3.115.023432,,"Manousaki, Tereza; Tsakogiannis, Alexandros; Taggart, John B; Palaiokostas, Christos; Tsaparis, Dimitris; Lagnel, Jacques; Chatziplis, Dimitrios; Magoulas, Antonios; Papandroulakis, Nikos; Mylonas, Constantinos C; Tsigenopoulos, Costas S",,2016,"Exploring a Nonmodel Teleost Genome Through RAD Sequencing—Linkage Mapping in Common Pandora, Pagellus erythrinus and Comparative Genomic Analysis",G3 Genes|Genomes|Genetics,G3: Genes|Genomes|Genetics,,6,,509-519,Oxford University Press (OUP),2160-1836,,,,,,,recovered_2026,,,accept,"Recovered from Crossref by species name + first author + year for a record that post-dates the 2017 paper; species name and map-paper title verified, then re-verified by DOI fetch.",False,False,False
foulongneoriol2016,10.1534/g3.115.025718,,"Foulongne-Oriol, Marie; Rocha de Brito, Manuela; Cabannes, Delphine; Clément, Aurélien; Spataro, Cathy; Moinard, Magalie; Dias, Eustáquio Souza; Callac, Philippe; Savoie, Jean-Michel",,2016,The Genetic Linkage Map of the Medicinal Mushroom Agaricus subrufescens Reveals Highly Conserved Macrosynteny with the Congeneric Species Agaricus bisporus,G3 Genes|Genomes|Genetics,G3: Genes|Genomes|Genetics,,6,,1217-1226,Oxford University Press (OUP),2160-1836,,,,,,,recovered_2026,,,accept,"Recovered from Crossref by species name + first author + year for a record that post-dates the 2017 paper; species name and map-paper title verified, then re-verified by DOI fetch.",False,False,False
adjei2008,10.1538/expanim.57.129,,"ADJEI, Samuel; SATO, Akira; NAGASE, Takahiro; MATSUBARA, Kazumi; MATSUDA, Yoichi; NAMIKAWA, Takao; ISHIKAWA, Akira",,2008,"A Genetic Linkage Map of the House Musk Shrew, Suncus murinus, Constructed with PCR-Based and RFLP Markers",Experimental Animals,Experimental Animals,,57,,129-134,Japanese Association for Laboratory Animal Science,1341-1357,,,,,,,recovered_2026,,,accept,"Recovered from Crossref by species name + first author + year for a record that post-dates the 2017 paper; species name and map-paper title verified, then re-verified by DOI fetch.",False,False,False
badigannavar2015,10.56454/ipcl6059,,"Badigannavar, Ashok; Myers, Gerald",,2015,Construction of Genetic Linkage Map and QTL Analysis for Fiber Traits in Diploid Cotton (Gossypium arboreum x Gossypium herbaceum),Journal of Cotton Science,Journal of Cotton Science,,19,,15-26,The Cotton Foundation,1524-3303,,,,,,,recovered_2026,,,accept,"Recovered from Crossref by species name + first author + year for a record that post-dates the 2017 paper; species name and map-paper title verified, then re-verified by DOI fetch.",False,False,False
liu2010,10.1007/s00343-010-9915-3,,"Liu, Bo; Wang, Qingyin; Li, Jian; Liu, Ping; He, Yuying",,2010,"A genetic linkage map of marine shrimp Penaeus (Fenneropenaeus) chinensis based on AFLP, SSR, and RAPD markers",Chinese Journal of Oceanology and Limnology,Chinese Journal of Oceanology and Limnology,,28,,815-825,Springer Science and Business Media LLC,0254-4059,,,,,,,recovered_2026,,,accept,"Recovered on a broad species+author+year query with no linkage-map term, then accepted on map or QTL evidence in the title and re-verified by DOI fetch. QTL studies necessarily construct a linkage map, so they are valid sources.",False,False,False
kessuwan2016,10.1007/s10126-015-9679-z,,"Kessuwan, Kanonkporn; Kubota, Satoshi; Liu, Qi; Sano, Motohiko; Okamoto, Nobuaki; Sakamoto, Takashi; Yamashita, Hirofumi; Nakamura, Yoji; Ozaki, Akiyuki",,2016,Detection of Growth-Related Quantitative Trait Loci and High-Resolution Genetic Linkage Maps Using Simple Sequence Repeat Markers in the Kelp Grouper (Epinephelus bruneus),Marine Biotechnology,Marine Biotechnology,,,,,Springer Science and Business Media LLC,1436-2228,,,,,,,recovered_2026,,,accept,"Recovered on a broad species+author+year query with no linkage-map term, then accepted on map or QTL evidence in the title and re-verified by DOI fetch. QTL studies necessarily construct a linkage map, so they are valid sources.",False,False,False
tsukazaki2012,10.1007/s11032-012-9752-5,,"Tsukazaki, Hikaru; Yaguchi, Shigenori; Yamashita, Ken-ichiro; Shigyo, Masayoshi; Kojima, Akio; Wako, Tadayuki",,2012,QTL analysis for pseudostem pungency in bunching onion (Allium fistulosum),Molecular Breeding,Molecular Breeding,,30,,1689-1698,Springer Science and Business Media LLC,1380-3743,,,,,,,recovered_2026,,,accept,"Recovered on a broad species+author+year query with no linkage-map term, then accepted on map or QTL evidence in the title and re-verified by DOI fetch. QTL studies necessarily construct a linkage map, so they are valid sources.",False,False,False
petersen2012,10.1016/j.aquaculture.2012.03.039,,"Petersen, Jessica L.; Baerwald, Melinda R.; Ibarra, Ana M.; May, Bernie",,2012,A first-generation linkage map of the Pacific lion-paw scallop (Nodipecten subnodosus): Initial evidence of QTL for size traits and markers linked to orange shell color,Aquaculture,Aquaculture,,350-353,,200-209,Elsevier BV,0044-8486,,,,,,,recovered_2026,,,accept,"Recovered on a broad species+author+year query with no linkage-map term, then accepted on map or QTL evidence in the title and re-verified by DOI fetch. QTL studies necessarily construct a linkage map, so they are valid sources.",False,False,False
hermida2014,10.1016/j.aquaculture.2013.02.041,,"Hermida, Miguel; Rodríguez-Ramilo, Silvia T.; Hachero-Cruzado, Ismael; Herrera, Marcelino; Sciara, Andrés A.; Bouza, Carmen; Fernández, Jesús; Martínez, Paulino",,2014,First genetic linkage map for comparative mapping and QTL screening of brill (Scophthalmus rhombus),Aquaculture,Aquaculture,,420-421,,S111-S120,Elsevier BV,0044-8486,,,,,,,recovered_2026,,,accept,"Recovered on a broad species+author+year query with no linkage-map term, then accepted on map or QTL evidence in the title and re-verified by DOI fetch. QTL studies necessarily construct a linkage map, so they are valid sources.",False,False,False
katzer2011,10.1016/j.ijpara.2011.01.001,,"Katzer, Frank; Lizundia, Regina; Ngugi, Daniel; Blake, Damer; McKeever, Declan",,2011,Construction of a genetic map for Theileria parva: Identification of hotspots of recombination,International Journal for Parasitology,International Journal for Parasitology,,41,,669-675,Elsevier BV,0020-7519,,,,,,,recovered_2026,,,accept,"Recovered on a broad species+author+year query with no linkage-map term, then accepted on map or QTL evidence in the title and re-verified by DOI fetch. QTL studies necessarily construct a linkage map, so they are valid sources.",False,False,False
turkeli2013,10.1016/j.scienta.2012.11.024,,"Turkeli, Yusa; Kafkas, Salih",,2013,First genetic linkage map in pistachio constructed using an interspecific cross between Pistacia vera L. and monoecious Pistacia atlantica Desf.,Scientia Horticulturae,Scientia Horticulturae,,151,,30-37,Elsevier BV,0304-4238,,,,,,,recovered_2026,,,accept,"Recovered on a broad species+author+year query with no linkage-map term, then accepted on map or QTL evidence in the title and re-verified by DOI fetch. QTL studies necessarily construct a linkage map, so they are valid sources.",False,False,False
woolbright2007,10.1038/sj.hdy.6801063,,"Woolbright, S A; DiFazio, S P; Yin, T; Martinsen, G D; Zhang, X; Allan, G J; Whitham, T G; Keim, P",,2007,A dense linkage map of hybrid cottonwood (Populus fremontii × P. angustifolia) contributes to long-term ecological research and comparison mapping in a model forest tree,Heredity,Heredity,,100,,59-70,Springer Science and Business Media LLC,0018-067X,,,,,,,recovered_2026,,,accept,"Recovered on a broad species+author+year query with no linkage-map term, then accepted on map or QTL evidence in the title and re-verified by DOI fetch. QTL studies necessarily construct a linkage map, so they are valid sources.",False,False,False
baranski2006,10.1111/j.1365-2052.2006.01531.x,,"Baranski, M.; Loughnan, S.; Austin, C. M.; Robinson, N.",,2006,"A microsatellite linkage map of the blacklip abalone, Haliotis rubra",Animal Genetics,Animal Genetics,,37,,563-570,Wiley,0268-9146,,,,,,,recovered_2026,,,accept,"Recovered on a broad species+author+year query with no linkage-map term, then accepted on map or QTL evidence in the title and re-verified by DOI fetch. QTL studies necessarily construct a linkage map, so they are valid sources.",False,False,False
shi2009,10.1111/j.1365-2109.2009.02299.x,,"Shi, Yaohua; Kui, Hong; Guo, Ximing; Gu, Zhifeng; Wang, Yan; Wang, Aimin",,2009,"Genetic linkage map of the pearl oyster, Pinctada martensii (Dunker)",Aquaculture Research,Aquaculture Research,,41,,35-44,Wiley,1355-557X,,,,,,,recovered_2026,,,accept,"Recovered on a broad species+author+year query with no linkage-map term, then accepted on map or QTL evidence in the title and re-verified by DOI fetch. QTL studies necessarily construct a linkage map, so they are valid sources.",False,False,False
shaw2007,10.1111/j.1365-294x.2007.03321.x,,"SHAW, KERRY L.; PARSONS, YVONNE M.; LESNICK, SKY C.",,2007,QTL analysis of a rapidly evolving speciation phenotype in the Hawaiian cricket Laupala,Molecular Ecology,Molecular Ecology,,16,,2879-2892,Wiley,0962-1083,,,,,,,recovered_2026,,,accept,"Recovered on a broad species+author+year query with no linkage-map term, then accepted on map or QTL evidence in the title and re-verified by DOI fetch. QTL studies necessarily construct a linkage map, so they are valid sources.",False,False,False
chang2008,10.1139/g07-097,,"Chang, S. W.; Jung, G.",,2008,The first linkage map of the plant-pathogenic basidiomyceteTyphula ishikariensis,Genome,Genome,,51,,128-136,Canadian Science Publishing,0831-2796,,,,,,,recovered_2026,,,accept,"Recovered on a broad species+author+year query with no linkage-map term, then accepted on map or QTL evidence in the title and re-verified by DOI fetch. QTL studies necessarily construct a linkage map, so they are valid sources.",False,False,False
huang2008,10.1159/000125838,,"Huang, Y.; Liu, Q.; Tang, B.; Lin, L.; Liu, W.; Zhang, L.; Li, N.; Hu, X.",,2008,A preliminary microsatellite genetic map of the ostrich (<i>Struthio camelus</i>),Cytogenetic and Genome Research,Cytogenetic and Genome Research,,121,,130-136,S. Karger AG,1424-8581,,,,,,,recovered_2026,,,accept,"Recovered on a broad species+author+year query with no linkage-map term, then accepted on map or QTL evidence in the title and re-verified by DOI fetch. QTL studies necessarily construct a linkage map, so they are valid sources.",False,False,False
lind2012,10.1371/journal.pone.0048347,,"Lind, Mårten; van der Nest, Magriet; Olson, Åke; Brandström-Durling, Mikael; Stenlid, Jan",,2012,A 2nd Generation Linkage Map of Heterobasidion annosum s.l. Based on In Silico Anchoring of AFLP Markers,PLoS ONE,PLOS ONE,,7,,e48347,Public Library of Science (PLoS),1932-6203,,,,,,,recovered_2026,,,accept,"Recovered on a broad species+author+year query with no linkage-map term, then accepted on map or QTL evidence in the title and re-verified by DOI fetch. QTL studies necessarily construct a linkage map, so they are valid sources.",False,False,False
huo2011,10.1007/s00122-011-1598-4,,"Huo, Naxin; Garvin, David F.; You, Frank M.; McMahon, Stephanie; Luo, Ming-Cheng; Gu, Yong Q.; Lazo, Gerard R.; Vogel, John Philip",,2011,Comparison of a high-density genetic linkage map to genome features in the model grass Brachypodium distachyon,Theoretical and Applied Genetics,Theoretical and Applied Genetics,,123,,455-464,Springer Science and Business Media LLC,0040-5752,,,,,,,recovered_2026,,,accept,"Source: Corbett-Detig et al. 2015 S1_Table References sheet. Supplement S1_Table lists map reference 45 for Brachypodium distachyon, but entry 45 is a BOVINE linkage map (Arias et al. 2009). Entry 43 (Huo et al. 2011) is the Brachypodium map. Corrected here.",False,False,False
mano2010,10.1007/s11032-010-9532-z,,"Mano, Yoshiro; Omori, Fumie; Takeda, Kazuyoshi",,2010,"Construction of intraspecific linkage maps, detection of a chromosome inversion, and mapping of QTL for constitutive root aerenchyma formation in the teosinte Zea nicaraguensis",Molecular Breeding,Molecular Breeding,,29,,137-146,Springer Science and Business Media LLC,1380-3743,,,,,,,recovered_2026,,,accept,Source: Title_LinkageMap.csv. Matched to the curator-supplied title list on first author and year with the species in the citation; the citation title was then resolved to a DOI via Crossref.,False,False,False
chu2014,10.1007/s11802-014-2301-6,,"Chu, Guannan; Jiang, Liming; He, Yan; Yu, Haiyang; Wang, Zhigang; Jiang, Haibin; Zhang, Quanqi",,2014,A microsatellite genetic linkage map of black rockfish (Sebastes schlegeli),Journal of Ocean University of China,Journal of Ocean University of China,,13,,1078-1086,Springer Science and Business Media LLC,1672-5182,,,,,,,recovered_2026,,,accept,Source: Title_LinkageMap.csv. Matched to the curator-supplied title list on first author and year with the species in the citation; the citation title was then resolved to a DOI via Crossref.,False,False,False
im2016,10.1016/j.fgb.2016.05.002,,"Im, Chak Han; Park, Young-Hoon; Hammel, Kenneth E.; Park, Bokyung; Kwon, Soon Wook; Ryu, Hojin; Ryu, Jae-San",,2016,Construction of a genetic linkage map and analysis of quantitative trait loci associated with the agronomically important traits of Pleurotus eryngii,Fungal Genetics and Biology,Fungal Genetics and Biology,,92,,50-64,Elsevier BV,1087-1845,,,,,,,recovered_2026,,,accept,Source: Title_LinkageMap.csv. Matched to the curator-supplied title list on first author and year with the species in the citation; the citation title was then resolved to a DOI via Crossref.,False,False,False
gong2014,10.1016/j.funbio.2014.01.001,,"Gong, Wen-Bing; Liu, Wei; Lu, Ying-Ying; Bian, Yin-Bing; Zhou, Yan; Kwan, Hoi Shan; Cheung, Man Kit; Xiao, Yang",,2014,Constructing a new integrated genetic linkage map and mapping quantitative trait loci for vegetative mycelium growth rate in Lentinula edodes,Fungal Biology,Fungal Biology,,118,,295-308,Elsevier BV,1878-6146,,,,,,,recovered_2026,,,accept,Source: Title_LinkageMap.csv. Matched on species and first author in the curator title list; list year 2014 vs 2016 in the working file.,False,False,False
kimura2005,10.1016/j.gene.2005.07.043,,"Kimura, Tetsuaki; Yoshida, Keiko; Shimada, Atsuko; Jindo, Tomoko; Sakaizumi, Mitsuru; Mitani, Hiroshi; Naruse, Kiyoshi; Takeda, Hiroyuki; Inoko, Hidetoshi; Tamiya, Gen; Shinya, Minori",,2005,Genetic linkage map of medaka with polymerase chain reaction length polymorphisms,Gene,Gene,,363,,24-31,Elsevier BV,0378-1119,,,,,,,recovered_2026,,,accept,"Source: Corbett-Detig et al. 2015 S1_Table References sheet. Map reference 70 in the Corbett-Detig supplementary reference list, resolved to a DOI via Crossref.",False,False,False
kong2010,10.1038/nature09525,,"Kong, Augustine; Thorleifsson, Gudmar; Gudbjartsson, Daniel F.; Masson, Gisli; Sigurdsson, Asgeir; Jonasdottir, Aslaug; Walters, G. Bragi; Jonasdottir, Adalbjorg; Gylfason, Arnaldur; Kristinsson, Kari Th.; Gudjonsson, Sigurjon A.; Frigge, Michael L.; Helgason, Agnar; Thorsteinsdottir, Unnur; Stefansson, Kari",,2010,"Fine-scale recombination rate differences between sexes, populations and individuals",Nature,Nature,,467,,1099-1103,Springer Science and Business Media LLC,0028-0836,,,,,,,recovered_2026,,,accept,"Source: Corbett-Detig et al. 2015 S1_Table References sheet. Map reference 62 in the Corbett-Detig supplementary reference list, resolved to a DOI via Crossref.",False,False,False
mcgaugh2012,10.1038/npre.2012.7005,,"McGaugh, Suzanne; McGaugh, Suzanne; Smukowski, Caiti; Manzano-Winkler, Brenda; Himmel, Tiffany; Noor, Mohamed",,2012,Recombination modulates how selection affects linked sites in Drosophila,Nature Precedings,Nature Precedings,,,,,Springer Science and Business Media LLC,1756-0357,,,,,,,recovered_2026,,,accept,"Source: Corbett-Detig et al. 2015 S1_Table References sheet. Map reference 56 in the Corbett-Detig supplementary reference list, resolved to a DOI via Crossref.",False,False,False
li2011,10.1073/pnas.1102261108,,"Li, Jian; Pattaradilokrat, Sittiporn; Zhu, Feng; Jiang, Hongying; Liu, Shengfa; Hong, Lingxian; Fu, Yong; Koo, Lily; Xu, Wenyue; Pan, Weiqing; Carlton, Jane M.; Kaneko, Osamu; Carter, Richard; Wootton, John C.; Su, Xin-zhuan",,2011,Linkage maps from multiple genetic crosses and loci linked to growth-related virulent phenotype in Plasmodium yoelii,Proceedings of the National Academy of Sciences,Proceedings of the National Academy of Sciences,,108,,,National Academy of Sciences,0027-8424,,,,,,,recovered_2026,,,accept,Source: Title_LinkageMap.csv. Matched to the curator-supplied title list on first author and year with the species in the citation; the citation title was then resolved to a DOI via Crossref.,False,False,False
zhang2015,10.1093/dnares/dsv019,,"Zhang, Qiong; Liu, Chunyan; Liu, Yifei; VanBuren, Robert; Yao, Xiaohong; Zhong, Caihong; Huang, Hongwen",,2015,High-density interspecific genetic maps of kiwifruit and the identification of sex-specific markers,DNA Research,DNA Research,,22,,367-375,Oxford University Press (OUP),1340-2838,,,,,,,recovered_2026,,,accept,"Source: Supplied by J. Stapley. DOI supplied by the compiler; verified against Crossref (authors, title and year match the record).",False,False,False
zheng1996,10.1093/genetics/143.2.941,,"Zheng, Liangbiao; Benedict, Mark Q; Cornel, Anton J; Collins, Frank H; Kafatos, Fotis C",,1996,"An Integrated Genetic Map of the African Human Malaria Vector Mosquito, Anopheles gambiae",Genetics,Genetics,,143,,941-952,Oxford University Press (OUP),1943-2631,,,,,,,recovered_2026,,,accept,"Source: Corbett-Detig et al. 2015 S1_Table References sheet. Map reference 40 in the Corbett-Detig supplementary reference list, resolved to a DOI via Crossref.",False,False,False
yook2011,10.1093/nar/gkr954,,"Yook, K.; Harris, T. W.; Bieri, T.; Cabunoc, A.; Chan, J.; Chen, W. J.; Davis, P.; de la Cruz, N.; Duong, A.; Fang, R.; Ganesan, U.; Grove, C.; Howe, K.; Kadam, S.; Kishore, R.; Lee, R.; Li, Y.; Muller, H.-M.; Nakamura, C.; Nash, B.; Ozersky, P.; Paulini, M.; Raciti, D.; Rangarajan, A.; Schindelman, G.; Shi, X.; Schwarz, E. M.; Ann Tuli, M.; Van Auken, K.; Wang, D.; Wang, X.; Williams, G.; Hodgkin, J.; Berriman, M.; Durbin, R.; Kersey, P.; Spieth, J.; Stein, L.; Sternberg, P. W.",,2011,"WormBase 2012: more genomes, more data, new website",Nucleic Acids Research,Nucleic Acids Research,,40,,D735-D741,Oxford University Press (OUP),0305-1048,,,,,,,recovered_2026,,,accept,"Source: Corbett-Detig et al. 2015 S1_Table References sheet. Map reference 47 in the Corbett-Detig supplementary reference list, resolved to a DOI via Crossref.",False,False,False
he2013,10.1111/pbr.12100,,"He, Dan; Liu, Yang; Cai, Ming; Pan, Huitang; Zhang, Qixiang",,2013,The first genetic linkage map of crape myrtle (Lagerstroemia) based on amplification fragment length polymorphisms and simple sequence repeats markers,Plant Breeding,Plant Breeding,,133,,138-144,Wiley,0179-9541,,,,,,,recovered_2026,,,accept,Source: Title_LinkageMap.csv. Matched to the curator-supplied title list on first author and year with the species in the citation; the citation title was then resolved to a DOI via Crossref.,False,False,False
you2013,10.1186/1471-2156-14-113,,"You, Xinxin; Shu, Liping; Li, Shuisheng; Chen, Jieming; Luo, Jian; Lu, Jun; Mu, Qian; Bai, Jie; Xia, Qiuju; Chen, Qingchun; Cai, Yanjie; Zhang, Haifa; Chen, Guohua; Lin, Haoran; Zhang, Yong; Shi, Qiong",,2013,Construction of high-density genetic linkage maps for orange-spotted grouper Epinephelus coioidesusing multiplexed shotgun genotyping,BMC Genetics,BMC Genetics,,14,,,Springer Science and Business Media LLC,1471-2156,,,,,,,recovered_2026,,,accept,Source: Title_LinkageMap.csv. Matched to the curator-supplied title list on first author and year with the species in the citation; the citation title was then resolved to a DOI via Crossref.,False,False,False
kakioka2013,10.1186/1471-2164-14-32,,"Kakioka, Ryo; Kokita, Tomoyuki; Kumada, Hiroki; Watanabe, Katsutoshi; Okuda, Noboru",,2013,"A RAD-based linkage map and comparative genomics in the gudgeons (genus Gnathopogon, Cyprinidae)",BMC Genomics,BMC Genomics,,14,,32,Springer Science and Business Media LLC,1471-2164,,,,,,,recovered_2026,,,accept,Source: Title_LinkageMap.csv. Matched to the curator-supplied title list on first author and year with the species in the citation; the citation title was then resolved to a DOI via Crossref.,False,False,False
wang2016a,10.1186/s40064-016-2617-3,,"Wang, Ziyang; Cheng, Yanli; Yin, Yunlong; Yu, Chaoguang; Yang, Ying; Shi, Qin; Hao, Ziyuan; Li, Huogen",,2016,"Genetic linkage map construction and QTL mapping of seedling height, basal diameter and crown width of Taxodium ‘Zhongshanshan 302’ × T. mucronatum",SpringerPlus,SpringerPlus,,5,,,Springer Science and Business Media LLC,2193-1801,,,,,,,recovered_2026,,,accept,Source: Title_LinkageMap.csv. Matched to the curator-supplied title list on first author and year with the species in the citation; the citation title was then resolved to a DOI via Crossref.,False,False,False
nishimori2000,10.1266/ggs.75.159,,"Nishimori, Yoshikatsu; Lee, Jae Min; Sumitani, Megumi; Hatakeyama, Masatsugu; Oishi, Kugao",,2000,A linkage map of the turnip sawfly Athalia rosae (Hymenoptera: Symphyta) based on random amplified polymorphic DNAs.,Genes & Genetic Systems,Genes & Genetic Systems,,75,,159-166,Genetics Society of Japan,1341-7568,,,,,,,recovered_2026,,,accept,"Source: PDF in Endnote_libraries/pdf + Title_LinkageMap.csv. Supplied PDF (Nishimori et al. 2000, Genes & Genetic Systems) identifies the paper; the working file records the author as ""Nichimori"", a misspelling of Nishimori. Corroborated by the curator title list.",False,False,False
ross2011,10.1371/journal.pgen.1002174,,"Ross, Joseph A.; Koboldt, Daniel C.; Staisch, Julia E.; Chamberlin, Helen M.; Gupta, Bhagwati P.; Miller, Raymond D.; Baird, Scott E.; Haag, Eric S.",,2011,Caenorhabditis briggsae Recombinant Inbred Line Genotypes Reveal Inter-Strain Incompatibility and the Evolution of Recombination,PLoS Genetics,PLOS Genetics,,7,,e1002174,Public Library of Science (PLoS),1553-7404,,,,,,,recovered_2026,,,accept,"Source: Corbett-Detig et al. 2015 S1_Table References sheet. Map reference 46 in the Corbett-Detig supplementary reference list, resolved to a DOI via Crossref.",False,False,False
comeron2012,10.1371/journal.pgen.1002905,,"Comeron, Josep M.; Ratnappan, Ramesh; Bailin, Samuel",,2012,The Many Landscapes of Recombination in Drosophila melanogaster,PLoS Genetics,PLOS Genetics,,8,,e1002905,Public Library of Science (PLoS),1553-7404,,,,,,,recovered_2026,,,accept,"Source: Corbett-Detig et al. 2015 S1_Table References sheet. Map reference 55 in the Corbett-Detig supplementary reference list, resolved to a DOI via Crossref.",False,False,False
recknagel2013,10.1534/g3.112.003897,,"Recknagel, Hans; Elmer, Kathryn R; Meyer, Axel",,2013,A Hybrid Genetic Linkage Map of Two Ecologically and Morphologically Divergent Midas Cichlid Fishes (Amphilophusspp.) Obtained by Massively Parallel DNA Sequencing (ddRADSeq),G3 Genes|Genomes|Genetics,G3: Genes|Genomes|Genetics,,3,,65-74,Oxford University Press (OUP),2160-1836,,,,,,,recovered_2026,,,accept,Source: Title_LinkageMap.csv. Matched to the curator-supplied title list on first author and year with the species in the citation; the citation title was then resolved to a DOI via Crossref.,False,False,False
cox2009,10.1534/genetics.109.105486,,"Cox, Allison; Ackert-Bicknell, Cheryl L; Dumont, Beth L; Ding, Yueming; Bell, Jordana Tzenova; Brockmann, Gudrun A; Wergedal, Jon E; Bult, Carol; Paigen, Beverly; Flint, Jonathan; Tsaih, Shirng-Wern; Churchill, Gary A; Broman, Karl W",,2009,A New Standard Genetic Map for the Laboratory Mouse,Genetics,Genetics,,182,,1335-1344,Oxford University Press (OUP),1943-2631,,,,,,,recovered_2026,,,accept,"Source: Corbett-Detig et al. 2015 S1_Table References sheet. Map reference 68 in the Corbett-Detig supplementary reference list, resolved to a DOI via Crossref.",False,False,False
amores2011,10.1534/genetics.111.127324,,"Amores, Angel; Catchen, Julian; Ferrara, Allyse; Fontenot, Quenton; Postlethwait, John H",,2011,"Genome Evolution and Meiotic Maps by Massively Parallel DNA Sequencing: Spotted Gar, an Outgroup for the Teleost Genome Duplication",Genetics,Genetics,,188,,799-808,Oxford University Press (OUP),1943-2631,,,,,,,recovered_2026,,,accept,"Source: Corbett-Detig et al. 2015 S1_Table References sheet. Map reference 63 in the Corbett-Detig supplementary reference list, resolved to a DOI via Crossref.",False,False,False
yuan2010,10.2983/035.029.0126,,"Yuan, Tao; He, Maoxian; Huang, Liangmin; Hu, Jianxing",,2010,Genetic Linkage Maps of the Noble ScallopChlamys nobilisReeve Based on Aflp and Microsatellite Markers,Journal of Shellfish Research,Journal of Shellfish Research,,29,,55-62,National Shellfisheries Association,0730-8000,,,,,,,recovered_2026,,,accept,Source: Title_LinkageMap.csv. Matched to the curator-supplied title list on first author and year with the species in the citation; the citation title was then resolved to a DOI via Crossref.,False,False,False
lu2012a,10.4238/2012.december.21.1,,"Lu, J.J.; Wang, S.; Zhao, H.Y.; Liu, J.J.; Wang, H.Z.",,2012,Genetic linkage map of EST-SSR and SRAP markers in the endangered Chinese endemic herb Dendrobium (Orchidaceae),Genetics and Molecular Research,Genetics and Molecular Research,,11,,4654-4667,Genetics and Molecular Research,1676-5680,,,,,,,recovered_2026,,,accept,Source: Title_LinkageMap.csv. Matched to the curator-supplied title list on first author and year with the species in the citation; the citation title was then resolved to a DOI via Crossref.,False,False,False
rogers2000,10.1006/geno.2000.6245,,"Rogers, Jeffrey; Mahaney, Michael C.; Witte, Shelly M.; Nair, Shalini; Newman, Deborah; Wedel, Steven; Rodriguez, Lawrence A.; Rice, Karen S.; Slifer, Susan H.; Perelygin, Andrey; Slifer, Michael; Palladino-Negro, Paula; Newman, Timothy; Chambers, Karen; Joslyn, Geoff; Parry, Pauline; Morin, Phillip A.",,2000,A Genetic Linkage Map of the Baboon (Papio hamadryas) Genome Based on Human Microsatellite Polymorphisms,Genomics,Genomics,,67,,237-247,Elsevier BV,0888-7543,,,,,,,recovered_2026,,,accept,"Source: Corbett-Detig et al. 2015 S1_Table References sheet, map reference 73. The supplement lists this map under ""Papio hamadryas""; the working file records it as Papio anubis. Resolved to a DOI via Crossref.",False,False,False
drost2009,10.1111/j.1365-313x.2009.03828.x,,"Drost, Derek R.; Novaes, Evandro; Boaventura‐Novaes, Carolina; Benedict, Catherine I.; Brown, Ryan S.; Yin, Tongming; Tuskan, Gerald A.; Kirst, Matias",,2009,A microarray‐based genotyping and genetic mapping approach for highly heterozygous outcrossing species enables localization of a large fraction of the unassembled Populus trichocarpa genome sequence,The Plant Journal,The Plant Journal,,58,,1054-1067,Wiley,0960-7412,,,,,,,recovered_2026,,,accept,"Source: Corbett-Detig et al. 2015 S1_Table References sheet, map reference 74. The supplement lists this map under ""P. trichocarpa × P. deltoides""; the working file records it as Populus trichocarpa. Resolved to a DOI via Crossref.",False,False,False
slotte2012,10.1111/j.1558-5646.2011.01540.x,,"Slotte, Tanja; Hazzouri, Khaled M.; Stern, David; Andolfatto, Peter; Wright, Stephen I.",,2012,GENETIC ARCHITECTURE AND ADAPTIVE SIGNIFICANCE OF THE SELFING SYNDROME INCAPSELLA,Evolution,Evolution,,66,,1360-1374,Oxford University Press (OUP),0014-3820,,,,,,,recovered_2026,,,accept,"Source: Corbett-Detig et al. 2015 S1_Table References sheet, map reference 49. The supplement lists this map under ""C. rubella X C. grandiflora""; the working file records it as Capsella rubella. Resolved to a DOI via Crossref.",False,False,False
beukeboom2010,10.1038/hdy.2009.185,,"Beukeboom, L W; Niehuis, O; Pannebakker, B A; Koevoets, T; Gibson, J D; Shuker, D M; van de Zande, L; Gadau, J",,2010,A comparison of recombination frequencies in intraspecific versus interspecific mapping populations of Nasonia,Heredity,Heredity,,104,,302-309,Springer Science and Business Media LLC,0018-067X,,,,,,,recovered_2026,,,accept,DOI read from the PDF supplied in Endnote_libraries/pdf/Beukeboom_10.pdf and verified against Crossref; the resolved title matches the PDF text.,False,False,False
bourke2017,10.1111/tpj.13496,,"Bourke, Peter M.; Arens, Paul; Voorrips, Roeland E.; Esselink, G. Danny; Koning‐Boucoiran, Carole F. S.; van't Westende, Wendy P. C.; Santos Leonardo, Tiago; Wissink, Patrick; Zheng, Chaozhi; van Geest, Geert; Visser, Richard G. F.; Krens, Frans. A.; Smulders, Marinus J. M.; Maliepaard, Chris",,2017,Partial preferential chromosome pairing is genotype dependent in tetraploid rose,The Plant Journal,The Plant Journal,,90,,330-343,Wiley,0960-7412,,,,,,,recovered_2026,,,accept,DOI read from the PDF supplied in Endnote_libraries/pdf/Bourke_17_Rose.pdf and verified against Crossref; the resolved title matches the PDF text.,False,False,False
ellwood2010,10.1186/gb-2010-11-11-r109,,"Ellwood, Simon R; Liu, Zhaohui; Syme, Rob A; Lai, Zhibing; Hane, James K; Keiper, Felicity; Moffat, Caroline S; Oliver, Richard P; Friesen, Timothy L",,2010,A first genome assembly of the barley fungal pathogen Pyrenophora teres f. teres,Genome Biology,Genome Biology,,11,,,Springer Science and Business Media LLC,1474-760X,,,,,,,recovered_2026,,,accept,DOI read from the PDF supplied in Endnote_libraries/pdf/Ellwood_10_P_teres.pdf and verified against Crossref; the resolved title matches the PDF text.,False,False,False
farrell2013,10.1002/ece3.830,,"Farrell, Lindsay L.; Burke, Terry; Slate, Jon; Lank, David B.",,2013,A first‐generation microsatellite linkage map of the ruff,Ecology and Evolution,Ecology and Evolution,,3,,4631-4640,Wiley,2045-7758,,,,,,,recovered_2026,,,accept,DOI read from the PDF supplied in Endnote_libraries/pdf/Farrell_13_ruff.pdf and verified against Crossref; the resolved title matches the PDF text.,False,False,False
gion2016,10.1186/s12864-016-2884-y,,"Gion, Jean-Marc; Hudson, Corey J.; Lesur, Isabelle; Vaillancourt, René E.; Potts, Brad M.; Freeman, Jules S.",,2016,Genome-wide variation in recombination rate in Eucalyptus,BMC Genomics,BMC Genomics,,17,,,Springer Science and Business Media LLC,1471-2164,,,,,,,recovered_2026,,,accept,DOI read from the PDF supplied in Endnote_libraries/pdf/Gion_16_Eucaluptus.pdf and verified against Crossref; the resolved title matches the PDF text.,False,False,False
khan2005,10.1093/nar/gki604,,"Khan, Asis; Taylor, Sonya; Su, Chunlei; Mackey, Aaron J.; Boyle, Jon; Cole, Robert; Glover, Darius; Tang, Keliang; Paulsen, Ian T.; Berriman, Matt; Boothroyd, John C.; Pfefferkorn, Elmer R.; Dubey, J. P.; Ajioka, James W.; Roos, David S.; Wootton, John C.; Sibley, L. David",,2005,Composite genome map and recombination parameters derived from three archetypal lineages of Toxoplasma gondii,Nucleic Acids Research,Nucleic Acids Research,,33,,2980-2992,Oxford University Press (OUP),1362-4962,,,,,,,recovered_2026,,,accept,DOI read from the PDF supplied in Endnote_libraries/pdf/Khan_05_T_gondii.pdf and verified against Crossref; the resolved title matches the PDF text.,False,False,False
lamour2012,10.1094/MPMI-02-12-0028-R,,"Lamour, Kurt H.; Mudge, Joann; Gobena, Daniel; Hurtado-Gonzales, Oscar P.; Schmutz, Jeremy; Kuo, Alan; Miller, Neil A.; Rice, Brandon J.; Raffaele, Sylvain; Cano, Liliana M.; Bharti, Arvind K.; Donahoo, Ryan S.; Finley, Sabra; Huitema, Edgar; Hulvey, Jon; Platt, Darren; Salamov, Asaf; Savidor, Alon; Sharma, Rahul; Stam, Remco; Storey, Dylan; Thines, Marco; Win, Joe; Haas, Brian J.; Dinwiddie, Darrell L.; Jenkins, Jerry; Knight, James R.; Affourtit, Jason P.; Han, Cliff S.; Chertkov, Olga; Lindquist, Erika A.; Detter, Chris; Grigoriev, Igor V.; Kamoun, Sophien; Kingsmore, Stephen F.",,2012,Genome Sequencing and Mapping Reveal Loss of Heterozygosity as a Mechanism for Rapid Adaptation in the Vegetable Pathogen Phytophthora capsici,Molecular Plant-Microbe Interactions®,Molecular Plant-Microbe Interactions®,,25,,1350-1360,Scientific Societies,0894-0282,,,,,,,recovered_2026,,,accept,DOI read from the PDF supplied in Endnote_libraries/pdf/Lamour_12_P_capsici.pdf and verified against Crossref; the resolved title matches the PDF text.,False,False,False
pannebakker2004,10.1534/genetics.104.027680,,"Pannebakker, Bart A; Beukeboom, Leo W; van Alphen, Jacques J M; Brakefield, Paul M; Zwaan, Bas J",,2004,The Genetic Basis of Male Fertility in Relation to Haplodiploid Reproduction in Leptopilina clavipes (Hymenoptera: Figitidae),Genetics,Genetics,,168,,341-349,Oxford University Press (OUP),1943-2631,,,,,,,recovered_2026,,,accept,DOI read from the PDF supplied in Endnote_libraries/pdf/Pannebakker_04_L_clavipes.pdf and verified against Crossref; the resolved title matches the PDF text.,False,False,False
russo2014,10.1007/s11032-014-0181-5,,"Russo, Maria Anna; Ficco, Donatella Bianca Maria; Laidò, Giovanni; Marone, Daniela; Papa, Roberto; Blanco, Antonio; Gadaleta, Agata; De Vita, Pasquale; Mastrangelo, Anna Maria",,2014,A dense durum wheat × T. dicoccum linkage map based on SNP markers for the study of seed morphology,Molecular Breeding,Molecular Breeding,,34,,1579-1597,Springer Science and Business Media LLC,1380-3743,,,,,,,recovered_2026,,,accept,DOI read from the PDF supplied in Endnote_libraries/pdf/Russo_14_Triticum.pdf and verified against Crossref; the resolved title matches the PDF text.,False,False,False
shahin2010,10.1111/j.1439-0523.2010.01812.x,,"Shahin, Arwa; Arens, Paul; Van Heusden, Adriaan W.; Van Der Linden, Gerard; Van Kaauwen, Martijn; Khan, Nadeem; Schouten, Henk J.; Van De Weg, W. Eric; Visser, Richard G. F.; Van Tuyl, Jaap M.",,2010,Genetic mapping in Lilium: mapping of major genes and quantitative trait loci for several ornamental traits and disease resistances,Plant Breeding,Plant Breeding,,130,,372-382,Wiley,0179-9541,,,,,,,recovered_2026,,,accept,DOI read from the PDF supplied in Endnote_libraries/pdf/Shahin_11_Lilium.pdf and verified against Crossref; the resolved title matches the PDF text.,False,False,False
sun2016,,,"Sun, Shujing; Feng, Hongchang; Chen, Zhie; Hu, Kaihui; Zhang, Liaoyuan",,2016,The First Genetic Linkage Map of Hypsizigus marmoreus Based on SCAR Marker,Chiang Mai Journal of Science,Chiang Mai Journal of Science,,43,,504-511,,,,,,,,,recovered_2026,,,accept,"Transcribed from the PDF supplied in Endnote_libraries/pdf/Sun_16_H_marmoreus.pdf. Chiang Mai Journal of Science is not DOI-indexed, so no DOI exists.",False,False,True
yamamoto2014,10.1270/jsbbs.64.351,,"Yamamoto, Toshiya; Terakami, Shingo; Takada, Norio; Nishio, Sogo; Onoue, Noriyuki; Nishitani, Chikako; Kunihisa, Miyuki; Inoue, Eiichi; Iwata, Hiroyoshi; Hayashi, Takeshi; Itai, Akihiro; Saito, Toshihiro",,2014,Identification of QTLs controlling harvest time and fruit skin color in Japanese pear (Pyrus pyrifolia Nakai),Breeding Science,Breeding Science,,64,,351-361,Japanese Society of Breeding,1344-7610,,,,,,,recovered_2026,,,accept,DOI read from the PDF supplied in Endnote_libraries/pdf/Yamamoto_14_P_pyrifolia.pdf and verified against Crossref; the resolved title matches the PDF text.,False,False,False
zhong2002,10.1094/mpmi.2002.15.5.481,,"Zhong, Shaobin; Steffenson, Brian J.; Martinez, J. Patrick; Ciuffetti, Lynda M.",,2002,A Molecular Genetic Map and Electrophoretic Karyotype of the Plant Pathogenic Fungus Cochliobolus sativus,Molecular Plant-Microbe Interactions®,Molecular Plant-Microbe Interactions®,,15,,481-492,Scientific Societies,0894-0282,,,,,,,recovered_2026,,,accept,DOI read from the PDF supplied in Endnote_libraries/pdf/Zhong_02_C_sativus.pdf and verified against Crossref; the resolved title matches the PDF text.,False,False,False
