ott_id,species_name,trait,value,value_type,source
ott444202,Acacia mangium,habitat,terrestrial,categorical,Stapley et al. 2017 compilation (LinkageMapIinfo2.csv)
ott444202,Acacia mangium,heterochiasmy,H,categorical,Stapley et al. 2017 compilation (LinkageMapIinfo2.csv)
ott444202,Acacia mangium,parasitic_or_pathogenic,false,boolean,Stapley et al. 2017 compilation (LinkageMapIinfo2.csv)
ott444202,Acacia mangium,sexual_system,hermaphrodite,categorical,Stapley et al. 2017 compilation (LinkageMapIinfo2.csv)
ott735589,Acromyrmex echinatior,habitat,terrestrial,categorical,Stapley et al. 2017 compilation (LinkageMapIinfo2.csv)
ott735589,Acromyrmex echinatior,haplodiploid,true,boolean,Stapley et al. 2017 compilation (LinkageMapIinfo2.csv)
ott735589,Acromyrmex echinatior,invasive,false,boolean,Stapley et al. 2017 compilation (LinkageMapIinfo2.csv)
ott735589,Acromyrmex echinatior,parasitic_or_pathogenic,false,boolean,Stapley et al. 2017 compilation (LinkageMapIinfo2.csv)
ott735589,Acromyrmex echinatior,sexual_system,male.haploid,categorical,Stapley et al. 2017 compilation (LinkageMapIinfo2.csv)
ott718262,Acropora millepora,habitat,aquatic,categorical,Stapley et al. 2017 compilation (LinkageMapIinfo2.csv)
ott718262,Acropora millepora,haplodiploid,false,boolean,Stapley et al. 2017 compilation (LinkageMapIinfo2.csv)
ott718262,Acropora millepora,heterochiasmy,H,categorical,Stapley et al. 2017 compilation (LinkageMapIinfo2.csv)
ott718262,Acropora millepora,invasive,false,boolean,Stapley et al. 2017 compilation (LinkageMapIinfo2.csv)
ott718262,Acropora millepora,parasitic_or_pathogenic,false,boolean,Stapley et al. 2017 compilation (LinkageMapIinfo2.csv)
ott718262,Acropora millepora,sexual_system,hermaphrodite,categorical,Stapley et al. 2017 compilation (LinkageMapIinfo2.csv)
ott279981,Actinidia chinensis,genus_n_dioecious_species,8.0,numeric,Stapley et al. 2017 compilation (LinkageMapIinfo2.csv)
ott279981,Actinidia chinensis,genus_n_species,30.0,numeric,Stapley et al. 2017 compilation (LinkageMapIinfo2.csv)
ott279981,Actinidia chinensis,habitat,terrestrial,categorical,Stapley et al. 2017 compilation (LinkageMapIinfo2.csv)
ott279981,Actinidia chinensis,haplodiploid,false,boolean,Stapley et al. 2017 compilation (LinkageMapIinfo2.csv)
ott279981,Actinidia chinensis,heterochiasmy,H,categorical,Stapley et al. 2017 compilation (LinkageMapIinfo2.csv)
ott279981,Actinidia chinensis,leaf_compoundness,simple,categorical,Stapley et al. 2017 compilation (LinkageMapIinfo2.csv)
ott279981,Actinidia chinensis,leaf_phenology,deciduous,categorical,Stapley et al. 2017 compilation (LinkageMapIinfo2.csv)
ott279981,Actinidia chinensis,leaf_type,broadleaved,categorical,Stapley et al. 2017 compilation (LinkageMapIinfo2.csv)
ott279981,Actinidia chinensis,parasitic_or_pathogenic,false,boolean,Stapley et al. 2017 compilation (LinkageMapIinfo2.csv)
ott279981,Actinidia chinensis,photosynthetic_pathway,C3,categorical,Stapley et al. 2017 compilation (LinkageMapIinfo2.csv)
ott279981,Actinidia chinensis,plant_growth_form,shrub,categorical,Stapley et al. 2017 compilation (LinkageMapIinfo2.csv)
ott279981,Actinidia chinensis,pollination_mode,insects,categorical,Stapley et al. 2017 compilation (LinkageMapIinfo2.csv)
ott279981,Actinidia chinensis,sex_determination_karyotype,H,categorical,Stapley et al. 2017 compilation (LinkageMapIinfo2.csv)
ott279981,Actinidia chinensis,sexual_system,dioecy,categorical,Stapley et al. 2017 compilation (LinkageMapIinfo2.csv)
ott279981,Actinidia chinensis,woodiness,woody,categorical,Stapley et al. 2017 compilation (LinkageMapIinfo2.csv)
ott279954,Actinidia rufa,genus_n_dioecious_species,8.0,numeric,Stapley et al. 2017 compilation (LinkageMapIinfo2.csv)
ott279954,Actinidia rufa,genus_n_species,30.0,numeric,Stapley et al. 2017 compilation (LinkageMapIinfo2.csv)
ott279954,Actinidia rufa,habitat,terrestrial,categorical,Stapley et al. 2017 compilation (LinkageMapIinfo2.csv)
ott279954,Actinidia rufa,haplodiploid,false,boolean,Stapley et al. 2017 compilation (LinkageMapIinfo2.csv)
ott279954,Actinidia rufa,leaf_type,broadleaved,categorical,Stapley et al. 2017 compilation (LinkageMapIinfo2.csv)
ott279954,Actinidia rufa,parasitic_or_pathogenic,false,boolean,Stapley et al. 2017 compilation (LinkageMapIinfo2.csv)
ott279954,Actinidia rufa,photosynthetic_pathway,C3,categorical,Stapley et al. 2017 compilation (LinkageMapIinfo2.csv)
ott279954,Actinidia rufa,pollination_mode,insects,categorical,Stapley et al. 2017 compilation (LinkageMapIinfo2.csv)
ott279954,Actinidia rufa,sex_determination_karyotype,H,categorical,Stapley et al. 2017 compilation (LinkageMapIinfo2.csv)
ott279954,Actinidia rufa,sexual_system,dioecy,categorical,Stapley et al. 2017 compilation (LinkageMapIinfo2.csv)
ott814484,Acyrthosiphon pisum,habitat,terrestrial,categorical,Stapley et al. 2017 compilation (LinkageMapIinfo2.csv)
ott814484,Acyrthosiphon pisum,haplodiploid,false,boolean,Stapley et al. 2017 compilation (LinkageMapIinfo2.csv)
ott814484,Acyrthosiphon pisum,invasive,false,boolean,Stapley et al. 2017 compilation (LinkageMapIinfo2.csv)
ott814484,Acyrthosiphon pisum,parasitic_or_pathogenic,false,boolean,Stapley et al. 2017 compilation (LinkageMapIinfo2.csv)
ott814484,Acyrthosiphon pisum,sex_determination_genotypic,MH,categorical,Stapley et al. 2017 compilation (LinkageMapIinfo2.csv)
ott814484,Acyrthosiphon pisum,sex_determination_karyotype,XO,categorical,Stapley et al. 2017 compilation (LinkageMapIinfo2.csv)
ott814484,Acyrthosiphon pisum,sexual_system,parthenogenic,categorical,Stapley et al. 2017 compilation (LinkageMapIinfo2.csv)
ott269666,Aedes aegypti,habitat,terrestrial,categorical,Stapley et al. 2017 compilation (LinkageMapIinfo2.csv)
ott269666,Aedes aegypti,haplodiploid,false,boolean,Stapley et al. 2017 compilation (LinkageMapIinfo2.csv)
ott269666,Aedes aegypti,invasive,true,boolean,Stapley et al. 2017 compilation (LinkageMapIinfo2.csv)
ott269666,Aedes aegypti,parasitic_or_pathogenic,false,boolean,Stapley et al. 2017 compilation (LinkageMapIinfo2.csv)
ott269666,Aedes aegypti,sexual_system,gonochorous,categorical,Stapley et al. 2017 compilation (LinkageMapIinfo2.csv)
ott793181,Aedes albopictus,habitat,terrestrial,categorical,Stapley et al. 2017 compilation (LinkageMapIinfo2.csv)
ott793181,Aedes albopictus,haplodiploid,false,boolean,Stapley et al. 2017 compilation (LinkageMapIinfo2.csv)
ott793181,Aedes albopictus,invasive,true,boolean,Stapley et al. 2017 compilation (LinkageMapIinfo2.csv)
ott793181,Aedes albopictus,parasitic_or_pathogenic,false,boolean,Stapley et al. 2017 compilation (LinkageMapIinfo2.csv)
ott793181,Aedes albopictus,sexual_system,gonochorous,categorical,Stapley et al. 2017 compilation (LinkageMapIinfo2.csv)
ott327444,Aegilops sharonensis,habitat,terrestrial,categorical,Stapley et al. 2017 compilation (LinkageMapIinfo2.csv)
ott327444,Aegilops sharonensis,haplodiploid,false,boolean,Stapley et al. 2017 compilation (LinkageMapIinfo2.csv)
ott327444,Aegilops sharonensis,leaf_type,broadleaved,categorical,Stapley et al. 2017 compilation (LinkageMapIinfo2.csv)
ott327444,Aegilops sharonensis,parasitic_or_pathogenic,false,boolean,Stapley et al. 2017 compilation (LinkageMapIinfo2.csv)
ott327444,Aegilops sharonensis,plant_growth_form,graminoid,categorical,Stapley et al. 2017 compilation (LinkageMapIinfo2.csv)
ott327444,Aegilops sharonensis,woodiness,non-woody,categorical,Stapley et al. 2017 compilation (LinkageMapIinfo2.csv)
ott881533,Aegilops tauschii,habitat,terrestrial,categorical,Stapley et al. 2017 compilation (LinkageMapIinfo2.csv)
ott881533,Aegilops tauschii,haplodiploid,false,boolean,Stapley et al. 2017 compilation (LinkageMapIinfo2.csv)
ott881533,Aegilops tauschii,leaf_compoundness,simple,categorical,Stapley et al. 2017 compilation (LinkageMapIinfo2.csv)
ott881533,Aegilops tauschii,leaf_type,broadleaved,categorical,Stapley et al. 2017 compilation (LinkageMapIinfo2.csv)
ott881533,Aegilops tauschii,parasitic_or_pathogenic,false,boolean,Stapley et al. 2017 compilation (LinkageMapIinfo2.csv)
ott881533,Aegilops tauschii,plant_growth_form,graminoid,categorical,Stapley et al. 2017 compilation (LinkageMapIinfo2.csv)
ott881533,Aegilops tauschii,woodiness,non-woody,categorical,Stapley et al. 2017 compilation (LinkageMapIinfo2.csv)
ott790374,Aegilops umbellulata,habitat,terrestrial,categorical,Stapley et al. 2017 compilation (LinkageMapIinfo2.csv)
ott790374,Aegilops umbellulata,haplodiploid,false,boolean,Stapley et al. 2017 compilation (LinkageMapIinfo2.csv)
ott790374,Aegilops umbellulata,leaf_compoundness,simple,categorical,Stapley et al. 2017 compilation (LinkageMapIinfo2.csv)
ott790374,Aegilops umbellulata,leaf_type,broadleaved,categorical,Stapley et al. 2017 compilation (LinkageMapIinfo2.csv)
ott790374,Aegilops umbellulata,parasitic_or_pathogenic,false,boolean,Stapley et al. 2017 compilation (LinkageMapIinfo2.csv)
ott790374,Aegilops umbellulata,plant_growth_form,graminoid,categorical,Stapley et al. 2017 compilation (LinkageMapIinfo2.csv)
ott790374,Aegilops umbellulata,selfing,SC,categorical,Stapley et al. 2017 compilation (LinkageMapIinfo2.csv)
ott790374,Aegilops umbellulata,woodiness,non-woody,categorical,Stapley et al. 2017 compilation (LinkageMapIinfo2.csv)
ott564405,Agaricus bisporus,habitat,terrestrial,categorical,Stapley et al. 2017 compilation (LinkageMapIinfo2.csv)
ott564405,Agaricus bisporus,parasitic_or_pathogenic,false,boolean,Stapley et al. 2017 compilation (LinkageMapIinfo2.csv)
ott564405,Agaricus bisporus,sex_determination_karyotype,H,categorical,Stapley et al. 2017 compilation (LinkageMapIinfo2.csv)
ott583561,Agaricus subrufescens,habitat,terrestrial,categorical,Stapley et al. 2017 compilation (LinkageMapIinfo2.csv)
ott583561,Agaricus subrufescens,parasitic_or_pathogenic,false,boolean,Stapley et al. 2017 compilation (LinkageMapIinfo2.csv)
ott583561,Agaricus subrufescens,sex_determination_karyotype,H,categorical,Stapley et al. 2017 compilation (LinkageMapIinfo2.csv)
ott550221,Agrostis capillaris,habitat,terrestrial,categorical,Stapley et al. 2017 compilation (LinkageMapIinfo2.csv)
ott550221,Agrostis capillaris,leaf_compoundness,simple,categorical,Stapley et al. 2017 compilation (LinkageMapIinfo2.csv)
ott550221,Agrostis capillaris,leaf_type,broadleaved,categorical,Stapley et al. 2017 compilation (LinkageMapIinfo2.csv)
ott550221,Agrostis capillaris,parasitic_or_pathogenic,false,boolean,Stapley et al. 2017 compilation (LinkageMapIinfo2.csv)
ott550221,Agrostis capillaris,photosynthetic_pathway,C3,categorical,Stapley et al. 2017 compilation (LinkageMapIinfo2.csv)
ott550221,Agrostis capillaris,plant_growth_form,graminoid,categorical,Stapley et al. 2017 compilation (LinkageMapIinfo2.csv)
ott550221,Agrostis capillaris,sexual_system,hermaphrodite,categorical,Stapley et al. 2017 compilation (LinkageMapIinfo2.csv)
ott550221,Agrostis capillaris,woodiness,non-woody,categorical,Stapley et al. 2017 compilation (LinkageMapIinfo2.csv)
ott307879,Agrostis stolonifera,habitat,terrestrial,categorical,Stapley et al. 2017 compilation (LinkageMapIinfo2.csv)
ott307879,Agrostis stolonifera,leaf_compoundness,simple,categorical,Stapley et al. 2017 compilation (LinkageMapIinfo2.csv)
ott307879,Agrostis stolonifera,leaf_type,broadleaved,categorical,Stapley et al. 2017 compilation (LinkageMapIinfo2.csv)
ott307879,Agrostis stolonifera,parasitic_or_pathogenic,false,boolean,Stapley et al. 2017 compilation (LinkageMapIinfo2.csv)
ott307879,Agrostis stolonifera,photosynthetic_pathway,C3,categorical,Stapley et al. 2017 compilation (LinkageMapIinfo2.csv)
ott307879,Agrostis stolonifera,plant_growth_form,graminoid,categorical,Stapley et al. 2017 compilation (LinkageMapIinfo2.csv)
ott307879,Agrostis stolonifera,sexual_system,hermaphrodite,categorical,Stapley et al. 2017 compilation (LinkageMapIinfo2.csv)
ott307879,Agrostis stolonifera,woodiness,non-woody,categorical,Stapley et al. 2017 compilation (LinkageMapIinfo2.csv)
ott781600,Allium cepa,domestication_status,Domesticated,categorical,Stapley et al. 2017 compilation (LinkageMapIinfo2.csv)
ott781600,Allium cepa,habitat,terrestrial,categorical,Stapley et al. 2017 compilation (LinkageMapIinfo2.csv)
ott781600,Allium cepa,leaf_compoundness,simple,categorical,Stapley et al. 2017 compilation (LinkageMapIinfo2.csv)
ott781600,Allium cepa,leaf_type,broadleaved,categorical,Stapley et al. 2017 compilation (LinkageMapIinfo2.csv)
ott781600,Allium cepa,parasitic_or_pathogenic,false,boolean,Stapley et al. 2017 compilation (LinkageMapIinfo2.csv)
ott781600,Allium cepa,photosynthetic_pathway,C3,categorical,Stapley et al. 2017 compilation (LinkageMapIinfo2.csv)
ott781600,Allium cepa,plant_growth_form,herb,categorical,Stapley et al. 2017 compilation (LinkageMapIinfo2.csv)
ott781600,Allium cepa,recombination_index_chiasma,22.4,numeric,Stapley et al. 2017 compilation (LinkageMapIinfo2.csv)
ott781600,Allium cepa,recombination_index_haploid,8.0,numeric,Stapley et al. 2017 compilation (LinkageMapIinfo2.csv)
ott781600,Allium cepa,sex_determination_genotypic,SC,categorical,Stapley et al. 2017 compilation (LinkageMapIinfo2.csv)
ott781600,Allium cepa,sexual_system,hermaphrodite,categorical,Stapley et al. 2017 compilation (LinkageMapIinfo2.csv)
ott781600,Allium cepa,woodiness,non-woody,categorical,Stapley et al. 2017 compilation (LinkageMapIinfo2.csv)
ott856720,Allium fistulosum,domestication_status,Domesticated,categorical,Stapley et al. 2017 compilation (LinkageMapIinfo2.csv)
ott856720,Allium fistulosum,habitat,terrestrial,categorical,Stapley et al. 2017 compilation (LinkageMapIinfo2.csv)
ott856720,Allium fistulosum,leaf_compoundness,simple,categorical,Stapley et al. 2017 compilation (LinkageMapIinfo2.csv)
ott856720,Allium fistulosum,leaf_phenology,evergreen,categorical,Stapley et al. 2017 compilation (LinkageMapIinfo2.csv)
ott856720,Allium fistulosum,leaf_type,broadleaved,categorical,Stapley et al. 2017 compilation (LinkageMapIinfo2.csv)
ott856720,Allium fistulosum,parasitic_or_pathogenic,false,boolean,Stapley et al. 2017 compilation (LinkageMapIinfo2.csv)
ott856720,Allium fistulosum,photosynthetic_pathway,C3,categorical,Stapley et al. 2017 compilation (LinkageMapIinfo2.csv)
ott856720,Allium fistulosum,plant_growth_form,herb,categorical,Stapley et al. 2017 compilation (LinkageMapIinfo2.csv)
ott856720,Allium fistulosum,recombination_index_chiasma,16.81,numeric,Stapley et al. 2017 compilation (LinkageMapIinfo2.csv)
ott856720,Allium fistulosum,recombination_index_haploid,8.0,numeric,Stapley et al. 2017 compilation (LinkageMapIinfo2.csv)
ott856720,Allium fistulosum,woodiness,non-woody,categorical,Stapley et al. 2017 compilation (LinkageMapIinfo2.csv)
ott317810,Amaranthus hybridus,domestication_status,Cultivated,categorical,Stapley et al. 2017 compilation (LinkageMapIinfo2.csv)
ott317810,Amaranthus hybridus,genus_n_dioecious_species,45.0,numeric,Stapley et al. 2017 compilation (LinkageMapIinfo2.csv)
ott317810,Amaranthus hybridus,genus_n_species,60.0,numeric,Stapley et al. 2017 compilation (LinkageMapIinfo2.csv)
ott317810,Amaranthus hybridus,habitat,terrestrial,categorical,Stapley et al. 2017 compilation (LinkageMapIinfo2.csv)
ott317810,Amaranthus hybridus,leaf_type,broadleaved,categorical,Stapley et al. 2017 compilation (LinkageMapIinfo2.csv)
ott317810,Amaranthus hybridus,parasitic_or_pathogenic,false,boolean,Stapley et al. 2017 compilation (LinkageMapIinfo2.csv)
ott317810,Amaranthus hybridus,pollination_mode,wind,categorical,Stapley et al. 2017 compilation (LinkageMapIinfo2.csv)
ott317810,Amaranthus hybridus,selfing,SI,categorical,Stapley et al. 2017 compilation (LinkageMapIinfo2.csv)
ott317810,Amaranthus hybridus,sexual_system,hermaphrodite,categorical,Stapley et al. 2017 compilation (LinkageMapIinfo2.csv)
ott317810,Amaranthus hybridus,woodiness,non-woody,categorical,Stapley et al. 2017 compilation (LinkageMapIinfo2.csv)
ott1092552,Ambystoma tigrinum,habitat,aquatic,categorical,Stapley et al. 2017 compilation (LinkageMapIinfo2.csv)
ott1092552,Ambystoma tigrinum,haplodiploid,false,boolean,Stapley et al. 2017 compilation (LinkageMapIinfo2.csv)
ott1092552,Ambystoma tigrinum,invasive,false,boolean,Stapley et al. 2017 compilation (LinkageMapIinfo2.csv)
ott1092552,Ambystoma tigrinum,parasitic_or_pathogenic,false,boolean,Stapley et al. 2017 compilation (LinkageMapIinfo2.csv)
ott1092552,Ambystoma tigrinum,sex_determination_genotypic,FH,categorical,Stapley et al. 2017 compilation (LinkageMapIinfo2.csv)
ott1092552,Ambystoma tigrinum,sex_determination_karyotype,H,categorical,Stapley et al. 2017 compilation (LinkageMapIinfo2.csv)
ott1092552,Ambystoma tigrinum,sexual_system,gonochorous,categorical,Stapley et al. 2017 compilation (LinkageMapIinfo2.csv)
ott513777,Amphilophus astorquii,habitat,aquatic,categorical,Stapley et al. 2017 compilation (LinkageMapIinfo2.csv)
ott513777,Amphilophus astorquii,haplodiploid,false,boolean,Stapley et al. 2017 compilation (LinkageMapIinfo2.csv)
ott513777,Amphilophus astorquii,invasive,false,boolean,Stapley et al. 2017 compilation (LinkageMapIinfo2.csv)
ott513777,Amphilophus astorquii,parasitic_or_pathogenic,false,boolean,Stapley et al. 2017 compilation (LinkageMapIinfo2.csv)
ott1016450,Amylostereum areolatum,host_type,plants,categorical,Stapley et al. 2017 compilation (LinkageMapIinfo2.csv)
ott1016450,Amylostereum areolatum,parasitic_or_pathogenic,true,boolean,Stapley et al. 2017 compilation (LinkageMapIinfo2.csv)
ott1016450,Amylostereum areolatum,sex_determination_karyotype,H,categorical,Stapley et al. 2017 compilation (LinkageMapIinfo2.csv)
ott627039,Ananas comosus,habitat,terrestrial,categorical,Stapley et al. 2017 compilation (LinkageMapIinfo2.csv)
ott627039,Ananas comosus,leaf_compoundness,simple,categorical,Stapley et al. 2017 compilation (LinkageMapIinfo2.csv)
ott627039,Ananas comosus,leaf_phenology,evergreen,categorical,Stapley et al. 2017 compilation (LinkageMapIinfo2.csv)
ott627039,Ananas comosus,leaf_type,broadleaved,categorical,Stapley et al. 2017 compilation (LinkageMapIinfo2.csv)
ott627039,Ananas comosus,parasitic_or_pathogenic,false,boolean,Stapley et al. 2017 compilation (LinkageMapIinfo2.csv)
ott627039,Ananas comosus,photosynthetic_pathway,CAM,categorical,Stapley et al. 2017 compilation (LinkageMapIinfo2.csv)
ott627039,Ananas comosus,plant_growth_form,herb,categorical,Stapley et al. 2017 compilation (LinkageMapIinfo2.csv)
ott627039,Ananas comosus,selfing,SI,categorical,Stapley et al. 2017 compilation (LinkageMapIinfo2.csv)
ott627039,Ananas comosus,sexual_system,hermaphrodite,categorical,Stapley et al. 2017 compilation (LinkageMapIinfo2.csv)
ott627039,Ananas comosus,woodiness,non-woody,categorical,Stapley et al. 2017 compilation (LinkageMapIinfo2.csv)
ott765167,Anas platyrhynchos,habitat,terrestrial,categorical,Stapley et al. 2017 compilation (LinkageMapIinfo2.csv)
ott765167,Anas platyrhynchos,haplodiploid,false,boolean,Stapley et al. 2017 compilation (LinkageMapIinfo2.csv)
ott765167,Anas platyrhynchos,invasive,true,boolean,Stapley et al. 2017 compilation (LinkageMapIinfo2.csv)
ott765167,Anas platyrhynchos,parasitic_or_pathogenic,false,boolean,Stapley et al. 2017 compilation (LinkageMapIinfo2.csv)
ott765167,Anas platyrhynchos,sex_determination_genotypic,FH,categorical,Stapley et al. 2017 compilation (LinkageMapIinfo2.csv)
ott765167,Anas platyrhynchos,sex_determination_karyotype,ZW,categorical,Stapley et al. 2017 compilation (LinkageMapIinfo2.csv)
ott765167,Anas platyrhynchos,sexual_system,gonochorous,categorical,Stapley et al. 2017 compilation (LinkageMapIinfo2.csv)
ott854198,Anguilla japonica,habitat,aquatic,categorical,Stapley et al. 2017 compilation (LinkageMapIinfo2.csv)
ott854198,Anguilla japonica,haplodiploid,false,boolean,Stapley et al. 2017 compilation (LinkageMapIinfo2.csv)
ott854198,Anguilla japonica,heterochiasmy,H,categorical,Stapley et al. 2017 compilation (LinkageMapIinfo2.csv)
ott854198,Anguilla japonica,invasive,false,boolean,Stapley et al. 2017 compilation (LinkageMapIinfo2.csv)
ott854198,Anguilla japonica,parasitic_or_pathogenic,false,boolean,Stapley et al. 2017 compilation (LinkageMapIinfo2.csv)
ott854198,Anguilla japonica,sex_determination_genotypic,FH,categorical,Stapley et al. 2017 compilation (LinkageMapIinfo2.csv)
ott854198,Anguilla japonica,sex_determination_karyotype,ZW,categorical,Stapley et al. 2017 compilation (LinkageMapIinfo2.csv)
ott854198,Anguilla japonica,sexual_system,gonochorous,categorical,Stapley et al. 2017 compilation (LinkageMapIinfo2.csv)
ott286257,Anopheles funestus,habitat,terrestrial,categorical,Stapley et al. 2017 compilation (LinkageMapIinfo2.csv)
ott286257,Anopheles funestus,haplodiploid,false,boolean,Stapley et al. 2017 compilation (LinkageMapIinfo2.csv)
ott286257,Anopheles funestus,invasive,false,boolean,Stapley et al. 2017 compilation (LinkageMapIinfo2.csv)
ott286257,Anopheles funestus,parasitic_or_pathogenic,false,boolean,Stapley et al. 2017 compilation (LinkageMapIinfo2.csv)
ott286257,Anopheles funestus,sexual_system,gonochorous,categorical,Stapley et al. 2017 compilation (LinkageMapIinfo2.csv)
ott553555,Anopheles gambiae,habitat,terrestrial,categorical,Stapley et al. 2017 compilation (LinkageMapIinfo2.csv)
ott553555,Anopheles gambiae,haplodiploid,false,boolean,Stapley et al. 2017 compilation (LinkageMapIinfo2.csv)
ott553555,Anopheles gambiae,invasive,false,boolean,Stapley et al. 2017 compilation (LinkageMapIinfo2.csv)
ott553555,Anopheles gambiae,parasitic_or_pathogenic,false,boolean,Stapley et al. 2017 compilation (LinkageMapIinfo2.csv)
ott553555,Anopheles gambiae,sex_determination_genotypic,MH,categorical,Stapley et al. 2017 compilation (LinkageMapIinfo2.csv)
ott553555,Anopheles gambiae,sex_determination_karyotype,XO,categorical,Stapley et al. 2017 compilation (LinkageMapIinfo2.csv)
ott553555,Anopheles gambiae,sexual_system,gonochorous,categorical,Stapley et al. 2017 compilation (LinkageMapIinfo2.csv)
ott441856,Anoplopoma fimbria,habitat,aquatic,categorical,Stapley et al. 2017 compilation (LinkageMapIinfo2.csv)
ott441856,Anoplopoma fimbria,haplodiploid,false,boolean,Stapley et al. 2017 compilation (LinkageMapIinfo2.csv)
ott441856,Anoplopoma fimbria,heterochiasmy,H,categorical,Stapley et al. 2017 compilation (LinkageMapIinfo2.csv)
ott441856,Anoplopoma fimbria,invasive,false,boolean,Stapley et al. 2017 compilation (LinkageMapIinfo2.csv)
ott441856,Anoplopoma fimbria,parasitic_or_pathogenic,false,boolean,Stapley et al. 2017 compilation (LinkageMapIinfo2.csv)
ott319626,Anthurium andreanum,habitat,terrestrial,categorical,Stapley et al. 2017 compilation (LinkageMapIinfo2.csv)
ott319626,Anthurium andreanum,parasitic_or_pathogenic,false,boolean,Stapley et al. 2017 compilation (LinkageMapIinfo2.csv)
ott3999598,Anthurium ornatum,habitat,terrestrial,categorical,Stapley et al. 2017 compilation (LinkageMapIinfo2.csv)
ott3999598,Anthurium ornatum,parasitic_or_pathogenic,false,boolean,Stapley et al. 2017 compilation (LinkageMapIinfo2.csv)
ott625771,Apis cerana,habitat,terrestrial,categorical,Stapley et al. 2017 compilation (LinkageMapIinfo2.csv)
ott625771,Apis cerana,haplodiploid,true,boolean,Stapley et al. 2017 compilation (LinkageMapIinfo2.csv)
ott625771,Apis cerana,invasive,false,boolean,Stapley et al. 2017 compilation (LinkageMapIinfo2.csv)
ott625771,Apis cerana,parasitic_or_pathogenic,false,boolean,Stapley et al. 2017 compilation (LinkageMapIinfo2.csv)
ott625771,Apis cerana,sexual_system,male.haploid,categorical,Stapley et al. 2017 compilation (LinkageMapIinfo2.csv)
ott461645,Apis mellifera,habitat,terrestrial,categorical,Stapley et al. 2017 compilation (LinkageMapIinfo2.csv)
ott461645,Apis mellifera,haplodiploid,true,boolean,Stapley et al. 2017 compilation (LinkageMapIinfo2.csv)
ott461645,Apis mellifera,invasive,true,boolean,Stapley et al. 2017 compilation (LinkageMapIinfo2.csv)
ott461645,Apis mellifera,parasitic_or_pathogenic,false,boolean,Stapley et al. 2017 compilation (LinkageMapIinfo2.csv)
ott461645,Apis mellifera,sexual_system,male.haploid,categorical,Stapley et al. 2017 compilation (LinkageMapIinfo2.csv)
ott721060,Apostichopus japonicus,habitat,aquatic,categorical,Stapley et al. 2017 compilation (LinkageMapIinfo2.csv)
ott721060,Apostichopus japonicus,haplodiploid,false,boolean,Stapley et al. 2017 compilation (LinkageMapIinfo2.csv)
ott721060,Apostichopus japonicus,heterochiasmy,H,categorical,Stapley et al. 2017 compilation (LinkageMapIinfo2.csv)
ott721060,Apostichopus japonicus,invasive,false,boolean,Stapley et al. 2017 compilation (LinkageMapIinfo2.csv)
ott721060,Apostichopus japonicus,parasitic_or_pathogenic,false,boolean,Stapley et al. 2017 compilation (LinkageMapIinfo2.csv)
ott721060,Apostichopus japonicus,sexual_system,gonochorous,categorical,Stapley et al. 2017 compilation (LinkageMapIinfo2.csv)
ott152273,Arabidopsis halleri,habitat,terrestrial,categorical,Stapley et al. 2017 compilation (LinkageMapIinfo2.csv)
ott152273,Arabidopsis halleri,parasitic_or_pathogenic,false,boolean,Stapley et al. 2017 compilation (LinkageMapIinfo2.csv)
ott309263,Arabidopsis thaliana,domestication_status,Cultivated,categorical,Stapley et al. 2017 compilation (LinkageMapIinfo2.csv)
ott309263,Arabidopsis thaliana,habitat,terrestrial,categorical,Stapley et al. 2017 compilation (LinkageMapIinfo2.csv)
ott309263,Arabidopsis thaliana,leaf_compoundness,simple,categorical,Stapley et al. 2017 compilation (LinkageMapIinfo2.csv)
ott309263,Arabidopsis thaliana,leaf_type,broadleaved,categorical,Stapley et al. 2017 compilation (LinkageMapIinfo2.csv)
ott309263,Arabidopsis thaliana,parasitic_or_pathogenic,false,boolean,Stapley et al. 2017 compilation (LinkageMapIinfo2.csv)
ott309263,Arabidopsis thaliana,photosynthetic_pathway,C3,categorical,Stapley et al. 2017 compilation (LinkageMapIinfo2.csv)
ott309263,Arabidopsis thaliana,plant_growth_form,herb,categorical,Stapley et al. 2017 compilation (LinkageMapIinfo2.csv)
ott309263,Arabidopsis thaliana,recombination_index_chiasma,9.24,numeric,Stapley et al. 2017 compilation (LinkageMapIinfo2.csv)
ott309263,Arabidopsis thaliana,recombination_index_haploid,5.0,numeric,Stapley et al. 2017 compilation (LinkageMapIinfo2.csv)
ott309263,Arabidopsis thaliana,selfing,SC,categorical,Stapley et al. 2017 compilation (LinkageMapIinfo2.csv)
ott309263,Arabidopsis thaliana,woodiness,non-woody,categorical,Stapley et al. 2017 compilation (LinkageMapIinfo2.csv)
ott607569,Arachis duranensis,habitat,terrestrial,categorical,Stapley et al. 2017 compilation (LinkageMapIinfo2.csv)
ott607569,Arachis duranensis,parasitic_or_pathogenic,false,boolean,Stapley et al. 2017 compilation (LinkageMapIinfo2.csv)
ott39541,Arachis hypogaea,domestication_status,Domesticated,categorical,Stapley et al. 2017 compilation (LinkageMapIinfo2.csv)
ott39541,Arachis hypogaea,habitat,terrestrial,categorical,Stapley et al. 2017 compilation (LinkageMapIinfo2.csv)
ott39541,Arachis hypogaea,leaf_compoundness,compound,categorical,Stapley et al. 2017 compilation (LinkageMapIinfo2.csv)
ott39541,Arachis hypogaea,leaf_type,broadleaved,categorical,Stapley et al. 2017 compilation (LinkageMapIinfo2.csv)
ott39541,Arachis hypogaea,parasitic_or_pathogenic,false,boolean,Stapley et al. 2017 compilation (LinkageMapIinfo2.csv)
ott39541,Arachis hypogaea,photosynthetic_pathway,C3,categorical,Stapley et al. 2017 compilation (LinkageMapIinfo2.csv)
ott39541,Arachis hypogaea,plant_growth_form,herb,categorical,Stapley et al. 2017 compilation (LinkageMapIinfo2.csv)
ott39541,Arachis hypogaea,recombination_index_chiasma,34.0,numeric,Stapley et al. 2017 compilation (LinkageMapIinfo2.csv)
ott39541,Arachis hypogaea,recombination_index_haploid,20.0,numeric,Stapley et al. 2017 compilation (LinkageMapIinfo2.csv)
ott39541,Arachis hypogaea,selfing,SC,categorical,Stapley et al. 2017 compilation (LinkageMapIinfo2.csv)
ott39541,Arachis hypogaea,sexual_system,hermaphrodite,categorical,Stapley et al. 2017 compilation (LinkageMapIinfo2.csv)
ott39541,Arachis hypogaea,woodiness,non-woody,categorical,Stapley et al. 2017 compilation (LinkageMapIinfo2.csv)
ott887220,Argopecten irradians,habitat,aquatic,categorical,Stapley et al. 2017 compilation (LinkageMapIinfo2.csv)
ott887220,Argopecten irradians,heterochiasmy,H,categorical,Stapley et al. 2017 compilation (LinkageMapIinfo2.csv)
ott887220,Argopecten irradians,invasive,false,boolean,Stapley et al. 2017 compilation (LinkageMapIinfo2.csv)
ott887220,Argopecten irradians,parasitic_or_pathogenic,false,boolean,Stapley et al. 2017 compilation (LinkageMapIinfo2.csv)
ott429101,Aristichthys nobilis,habitat,aquatic,categorical,Stapley et al. 2017 compilation (LinkageMapIinfo2.csv)
ott429101,Aristichthys nobilis,haplodiploid,false,boolean,Stapley et al. 2017 compilation (LinkageMapIinfo2.csv)
ott429101,Aristichthys nobilis,heterochiasmy,H,categorical,Stapley et al. 2017 compilation (LinkageMapIinfo2.csv)
ott429101,Aristichthys nobilis,invasive,false,boolean,Stapley et al. 2017 compilation (LinkageMapIinfo2.csv)
ott429101,Aristichthys nobilis,parasitic_or_pathogenic,false,boolean,Stapley et al. 2017 compilation (LinkageMapIinfo2.csv)
ott429101,Aristichthys nobilis,sex_determination_genotypic,MH,categorical,Stapley et al. 2017 compilation (LinkageMapIinfo2.csv)
ott429101,Aristichthys nobilis,sexual_system,gonochorous,categorical,Stapley et al. 2017 compilation (LinkageMapIinfo2.csv)
ott59094,Artemia franciscana,habitat,aquatic,categorical,Stapley et al. 2017 compilation (LinkageMapIinfo2.csv)
ott59094,Artemia franciscana,haplodiploid,false,boolean,Stapley et al. 2017 compilation (LinkageMapIinfo2.csv)
ott59094,Artemia franciscana,heterochiasmy,H,categorical,Stapley et al. 2017 compilation (LinkageMapIinfo2.csv)
ott59094,Artemia franciscana,invasive,false,boolean,Stapley et al. 2017 compilation (LinkageMapIinfo2.csv)
ott59094,Artemia franciscana,parasitic_or_pathogenic,false,boolean,Stapley et al. 2017 compilation (LinkageMapIinfo2.csv)
ott59094,Artemia franciscana,sex_determination_genotypic,FH,categorical,Stapley et al. 2017 compilation (LinkageMapIinfo2.csv)
ott59094,Artemia franciscana,sex_determination_karyotype,ZW,categorical,Stapley et al. 2017 compilation (LinkageMapIinfo2.csv)
ott59094,Artemia franciscana,sexual_system,gonochorous,categorical,Stapley et al. 2017 compilation (LinkageMapIinfo2.csv)
ott5712886,Ascochyta rabiei,host_type,plants,categorical,Stapley et al. 2017 compilation (LinkageMapIinfo2.csv)
ott5712886,Ascochyta rabiei,parasitic_or_pathogenic,true,boolean,Stapley et al. 2017 compilation (LinkageMapIinfo2.csv)
ott5712886,Ascochyta rabiei,sex_determination_karyotype,H,categorical,Stapley et al. 2017 compilation (LinkageMapIinfo2.csv)
ott117339,Aspergillus nidulans,habitat,terrestrial,categorical,Stapley et al. 2017 compilation (LinkageMapIinfo2.csv)
ott117339,Aspergillus nidulans,parasitic_or_pathogenic,false,boolean,Stapley et al. 2017 compilation (LinkageMapIinfo2.csv)
ott117339,Aspergillus nidulans,sex_determination_karyotype,H,categorical,Stapley et al. 2017 compilation (LinkageMapIinfo2.csv)
ott710025,Astatotilapia burtoni,habitat,aquatic,categorical,Stapley et al. 2017 compilation (LinkageMapIinfo2.csv)
ott710025,Astatotilapia burtoni,haplodiploid,false,boolean,Stapley et al. 2017 compilation (LinkageMapIinfo2.csv)
ott710025,Astatotilapia burtoni,invasive,false,boolean,Stapley et al. 2017 compilation (LinkageMapIinfo2.csv)
ott710025,Astatotilapia burtoni,parasitic_or_pathogenic,false,boolean,Stapley et al. 2017 compilation (LinkageMapIinfo2.csv)
ott701518,Astyanax mexicanus,habitat,aquatic,categorical,Stapley et al. 2017 compilation (LinkageMapIinfo2.csv)
ott701518,Astyanax mexicanus,haplodiploid,false,boolean,Stapley et al. 2017 compilation (LinkageMapIinfo2.csv)
ott701518,Astyanax mexicanus,invasive,false,boolean,Stapley et al. 2017 compilation (LinkageMapIinfo2.csv)
ott701518,Astyanax mexicanus,parasitic_or_pathogenic,false,boolean,Stapley et al. 2017 compilation (LinkageMapIinfo2.csv)
ott701518,Astyanax mexicanus,sexual_system,gonochorous,categorical,Stapley et al. 2017 compilation (LinkageMapIinfo2.csv)
ott106278,Athalia rosae,habitat,terrestrial,categorical,Stapley et al. 2017 compilation (LinkageMapIinfo2.csv)
ott106278,Athalia rosae,haplodiploid,true,boolean,Stapley et al. 2017 compilation (LinkageMapIinfo2.csv)
ott106278,Athalia rosae,invasive,false,boolean,Stapley et al. 2017 compilation (LinkageMapIinfo2.csv)
ott106278,Athalia rosae,parasitic_or_pathogenic,false,boolean,Stapley et al. 2017 compilation (LinkageMapIinfo2.csv)
ott106278,Athalia rosae,sexual_system,male.haploid,categorical,Stapley et al. 2017 compilation (LinkageMapIinfo2.csv)
ott790381,Avena sativa,domestication_status,Domesticated,categorical,Stapley et al. 2017 compilation (LinkageMapIinfo2.csv)
ott790381,Avena sativa,habitat,terrestrial,categorical,Stapley et al. 2017 compilation (LinkageMapIinfo2.csv)
ott790381,Avena sativa,leaf_compoundness,simple,categorical,Stapley et al. 2017 compilation (LinkageMapIinfo2.csv)
ott790381,Avena sativa,leaf_type,broadleaved,categorical,Stapley et al. 2017 compilation (LinkageMapIinfo2.csv)
ott790381,Avena sativa,parasitic_or_pathogenic,false,boolean,Stapley et al. 2017 compilation (LinkageMapIinfo2.csv)
ott790381,Avena sativa,photosynthetic_pathway,C3,categorical,Stapley et al. 2017 compilation (LinkageMapIinfo2.csv)
ott790381,Avena sativa,plant_growth_form,graminoid,categorical,Stapley et al. 2017 compilation (LinkageMapIinfo2.csv)
ott790381,Avena sativa,recombination_index_chiasma,46.8,numeric,Stapley et al. 2017 compilation (LinkageMapIinfo2.csv)
ott790381,Avena sativa,recombination_index_haploid,21.0,numeric,Stapley et al. 2017 compilation (LinkageMapIinfo2.csv)
ott790381,Avena sativa,selfing,SC,categorical,Stapley et al. 2017 compilation (LinkageMapIinfo2.csv)
ott790381,Avena sativa,sexual_system,hermaphrodite,categorical,Stapley et al. 2017 compilation (LinkageMapIinfo2.csv)
ott790381,Avena sativa,woodiness,non-woody,categorical,Stapley et al. 2017 compilation (LinkageMapIinfo2.csv)
ott227727,Bactrocera cucurbitae,habitat,terrestrial,categorical,Stapley et al. 2017 compilation (LinkageMapIinfo2.csv)
ott227727,Bactrocera cucurbitae,invasive,false,boolean,Stapley et al. 2017 compilation (LinkageMapIinfo2.csv)
ott227727,Bactrocera cucurbitae,parasitic_or_pathogenic,false,boolean,Stapley et al. 2017 compilation (LinkageMapIinfo2.csv)
ott227727,Bactrocera cucurbitae,sex_determination_genotypic,MH,categorical,Stapley et al. 2017 compilation (LinkageMapIinfo2.csv)
ott227727,Bactrocera cucurbitae,sex_determination_karyotype,XY,categorical,Stapley et al. 2017 compilation (LinkageMapIinfo2.csv)
ott227727,Bactrocera cucurbitae,sexual_system,gonochorous,categorical,Stapley et al. 2017 compilation (LinkageMapIinfo2.csv)
ott35910,Barbarea vulgaris,habitat,terrestrial,categorical,Stapley et al. 2017 compilation (LinkageMapIinfo2.csv)
ott35910,Barbarea vulgaris,leaf_compoundness,simple,categorical,Stapley et al. 2017 compilation (LinkageMapIinfo2.csv)
ott35910,Barbarea vulgaris,leaf_type,broadleaved,categorical,Stapley et al. 2017 compilation (LinkageMapIinfo2.csv)
ott35910,Barbarea vulgaris,parasitic_or_pathogenic,false,boolean,Stapley et al. 2017 compilation (LinkageMapIinfo2.csv)
ott35910,Barbarea vulgaris,photosynthetic_pathway,C3,categorical,Stapley et al. 2017 compilation (LinkageMapIinfo2.csv)
ott35910,Barbarea vulgaris,plant_growth_form,herb,categorical,Stapley et al. 2017 compilation (LinkageMapIinfo2.csv)
ott35910,Barbarea vulgaris,sexual_system,hermaphrodite,categorical,Stapley et al. 2017 compilation (LinkageMapIinfo2.csv)
ott35910,Barbarea vulgaris,woodiness,non-woody,categorical,Stapley et al. 2017 compilation (LinkageMapIinfo2.csv)
ott434483,Begonia plebeja,genus_n_dioecious_species,30.0,numeric,Stapley et al. 2017 compilation (LinkageMapIinfo2.csv)
ott434483,Begonia plebeja,genus_n_species,900.0,numeric,Stapley et al. 2017 compilation (LinkageMapIinfo2.csv)
ott434483,Begonia plebeja,habitat,terrestrial,categorical,Stapley et al. 2017 compilation (LinkageMapIinfo2.csv)
ott434483,Begonia plebeja,parasitic_or_pathogenic,false,boolean,Stapley et al. 2017 compilation (LinkageMapIinfo2.csv)
ott434483,Begonia plebeja,pollination_mode,insects,categorical,Stapley et al. 2017 compilation (LinkageMapIinfo2.csv)
ott434483,Begonia plebeja,sexual_system,monoecious,categorical,Stapley et al. 2017 compilation (LinkageMapIinfo2.csv)
ott273185,Beta vulgaris,habitat,terrestrial,categorical,Stapley et al. 2017 compilation (LinkageMapIinfo2.csv)
ott273185,Beta vulgaris,leaf_compoundness,simple,categorical,Stapley et al. 2017 compilation (LinkageMapIinfo2.csv)
ott273185,Beta vulgaris,leaf_type,broadleaved,categorical,Stapley et al. 2017 compilation (LinkageMapIinfo2.csv)
ott273185,Beta vulgaris,parasitic_or_pathogenic,false,boolean,Stapley et al. 2017 compilation (LinkageMapIinfo2.csv)
ott273185,Beta vulgaris,photosynthetic_pathway,C3,categorical,Stapley et al. 2017 compilation (LinkageMapIinfo2.csv)
ott273185,Beta vulgaris,plant_growth_form,herb,categorical,Stapley et al. 2017 compilation (LinkageMapIinfo2.csv)
ott273185,Beta vulgaris,sexual_system,hermaphrodite,categorical,Stapley et al. 2017 compilation (LinkageMapIinfo2.csv)
ott273185,Beta vulgaris,woodiness,non-woody,categorical,Stapley et al. 2017 compilation (LinkageMapIinfo2.csv)
ott267719,Betula pendula,habitat,terrestrial,categorical,Stapley et al. 2017 compilation (LinkageMapIinfo2.csv)
ott267719,Betula pendula,parasitic_or_pathogenic,false,boolean,Stapley et al. 2017 compilation (LinkageMapIinfo2.csv)
ott731671,Betula platyphylla,habitat,terrestrial,categorical,Stapley et al. 2017 compilation (LinkageMapIinfo2.csv)
ott731671,Betula platyphylla,leaf_compoundness,simple,categorical,Stapley et al. 2017 compilation (LinkageMapIinfo2.csv)
ott731671,Betula platyphylla,leaf_phenology,deciduous,categorical,Stapley et al. 2017 compilation (LinkageMapIinfo2.csv)
ott731671,Betula platyphylla,leaf_type,broadleaved,categorical,Stapley et al. 2017 compilation (LinkageMapIinfo2.csv)
ott731671,Betula platyphylla,parasitic_or_pathogenic,false,boolean,Stapley et al. 2017 compilation (LinkageMapIinfo2.csv)
ott731671,Betula platyphylla,photosynthetic_pathway,C3,categorical,Stapley et al. 2017 compilation (LinkageMapIinfo2.csv)
ott731671,Betula platyphylla,plant_growth_form,tree,categorical,Stapley et al. 2017 compilation (LinkageMapIinfo2.csv)
ott731671,Betula platyphylla,woodiness,woody,categorical,Stapley et al. 2017 compilation (LinkageMapIinfo2.csv)
ott559934,Bicyclus anynana,habitat,terrestrial,categorical,Stapley et al. 2017 compilation (LinkageMapIinfo2.csv)
ott559934,Bicyclus anynana,haplodiploid,false,boolean,Stapley et al. 2017 compilation (LinkageMapIinfo2.csv)
ott559934,Bicyclus anynana,heterochiasmy,A,categorical,Stapley et al. 2017 compilation (LinkageMapIinfo2.csv)
ott559934,Bicyclus anynana,invasive,false,boolean,Stapley et al. 2017 compilation (LinkageMapIinfo2.csv)
ott559934,Bicyclus anynana,parasitic_or_pathogenic,false,boolean,Stapley et al. 2017 compilation (LinkageMapIinfo2.csv)
ott559934,Bicyclus anynana,sexual_system,gonochorous,categorical,Stapley et al. 2017 compilation (LinkageMapIinfo2.csv)
ott907693,Bison bison,habitat,terrestrial,categorical,Stapley et al. 2017 compilation (LinkageMapIinfo2.csv)
ott907693,Bison bison,haplodiploid,false,boolean,Stapley et al. 2017 compilation (LinkageMapIinfo2.csv)
ott907693,Bison bison,invasive,false,boolean,Stapley et al. 2017 compilation (LinkageMapIinfo2.csv)
ott907693,Bison bison,parasitic_or_pathogenic,false,boolean,Stapley et al. 2017 compilation (LinkageMapIinfo2.csv)
ott907693,Bison bison,sex_determination_genotypic,MH,categorical,Stapley et al. 2017 compilation (LinkageMapIinfo2.csv)
ott907693,Bison bison,sex_determination_karyotype,XY,categorical,Stapley et al. 2017 compilation (LinkageMapIinfo2.csv)
ott907693,Bison bison,sexual_system,gonochorous,categorical,Stapley et al. 2017 compilation (LinkageMapIinfo2.csv)
ott968114,Biston betularia,habitat,terrestrial,categorical,Stapley et al. 2017 compilation (LinkageMapIinfo2.csv)
ott968114,Biston betularia,haplodiploid,false,boolean,Stapley et al. 2017 compilation (LinkageMapIinfo2.csv)
ott968114,Biston betularia,heterochiasmy,A,categorical,Stapley et al. 2017 compilation (LinkageMapIinfo2.csv)
ott968114,Biston betularia,invasive,false,boolean,Stapley et al. 2017 compilation (LinkageMapIinfo2.csv)
ott968114,Biston betularia,parasitic_or_pathogenic,false,boolean,Stapley et al. 2017 compilation (LinkageMapIinfo2.csv)
ott968114,Biston betularia,sex_determination_karyotype,ZW,categorical,Stapley et al. 2017 compilation (LinkageMapIinfo2.csv)
ott968114,Biston betularia,sexual_system,gonochorous,categorical,Stapley et al. 2017 compilation (LinkageMapIinfo2.csv)
ott555363,Blumeria graminis,host_type,plants,categorical,Stapley et al. 2017 compilation (LinkageMapIinfo2.csv)
ott555363,Blumeria graminis,parasitic_or_pathogenic,true,boolean,Stapley et al. 2017 compilation (LinkageMapIinfo2.csv)
ott555363,Blumeria graminis,sex_determination_karyotype,H,categorical,Stapley et al. 2017 compilation (LinkageMapIinfo2.csv)
ott594991,Boehmeria nivea,domestication_status,Cultivated,categorical,Stapley et al. 2017 compilation (LinkageMapIinfo2.csv)
ott594991,Boehmeria nivea,genus_n_dioecious_species,40.0,numeric,Stapley et al. 2017 compilation (LinkageMapIinfo2.csv)
ott594991,Boehmeria nivea,genus_n_species,80.0,numeric,Stapley et al. 2017 compilation (LinkageMapIinfo2.csv)
ott594991,Boehmeria nivea,habitat,terrestrial,categorical,Stapley et al. 2017 compilation (LinkageMapIinfo2.csv)
ott594991,Boehmeria nivea,leaf_type,broadleaved,categorical,Stapley et al. 2017 compilation (LinkageMapIinfo2.csv)
ott594991,Boehmeria nivea,parasitic_or_pathogenic,false,boolean,Stapley et al. 2017 compilation (LinkageMapIinfo2.csv)
ott594991,Boehmeria nivea,photosynthetic_pathway,C3,categorical,Stapley et al. 2017 compilation (LinkageMapIinfo2.csv)
ott594991,Boehmeria nivea,plant_growth_form,herb/shrub,categorical,Stapley et al. 2017 compilation (LinkageMapIinfo2.csv)
ott594991,Boehmeria nivea,pollination_mode,wind,categorical,Stapley et al. 2017 compilation (LinkageMapIinfo2.csv)
ott594991,Boehmeria nivea,recombination_index_chiasma,27.06,numeric,Stapley et al. 2017 compilation (LinkageMapIinfo2.csv)
ott594991,Boehmeria nivea,recombination_index_haploid,14.0,numeric,Stapley et al. 2017 compilation (LinkageMapIinfo2.csv)
ott594991,Boehmeria nivea,sexual_system,monoecious,categorical,Stapley et al. 2017 compilation (LinkageMapIinfo2.csv)
ott594991,Boehmeria nivea,woodiness,non-woody/woody,categorical,Stapley et al. 2017 compilation (LinkageMapIinfo2.csv)
ott161197,Bombus terrestris,habitat,terrestrial,categorical,Stapley et al. 2017 compilation (LinkageMapIinfo2.csv)
ott161197,Bombus terrestris,haplodiploid,true,boolean,Stapley et al. 2017 compilation (LinkageMapIinfo2.csv)
ott161197,Bombus terrestris,invasive,false,boolean,Stapley et al. 2017 compilation (LinkageMapIinfo2.csv)
ott161197,Bombus terrestris,parasitic_or_pathogenic,false,boolean,Stapley et al. 2017 compilation (LinkageMapIinfo2.csv)
ott161197,Bombus terrestris,sexual_system,male.haploid,categorical,Stapley et al. 2017 compilation (LinkageMapIinfo2.csv)
ott440274,Bombyx mori,habitat,terrestrial,categorical,Stapley et al. 2017 compilation (LinkageMapIinfo2.csv)
ott440274,Bombyx mori,haplodiploid,false,boolean,Stapley et al. 2017 compilation (LinkageMapIinfo2.csv)
ott440274,Bombyx mori,heterochiasmy,A,categorical,Stapley et al. 2017 compilation (LinkageMapIinfo2.csv)
ott440274,Bombyx mori,invasive,false,boolean,Stapley et al. 2017 compilation (LinkageMapIinfo2.csv)
ott440274,Bombyx mori,parasitic_or_pathogenic,false,boolean,Stapley et al. 2017 compilation (LinkageMapIinfo2.csv)
ott440274,Bombyx mori,sex_determination_genotypic,FH,categorical,Stapley et al. 2017 compilation (LinkageMapIinfo2.csv)
ott440274,Bombyx mori,sex_determination_karyotype,ZW,categorical,Stapley et al. 2017 compilation (LinkageMapIinfo2.csv)
ott440274,Bombyx mori,sexual_system,gonochorous,categorical,Stapley et al. 2017 compilation (LinkageMapIinfo2.csv)
ott490099,Bos taurus,habitat,terrestrial,categorical,Stapley et al. 2017 compilation (LinkageMapIinfo2.csv)
ott490099,Bos taurus,haplodiploid,false,boolean,Stapley et al. 2017 compilation (LinkageMapIinfo2.csv)
ott490099,Bos taurus,invasive,true,boolean,Stapley et al. 2017 compilation (LinkageMapIinfo2.csv)
ott490099,Bos taurus,parasitic_or_pathogenic,false,boolean,Stapley et al. 2017 compilation (LinkageMapIinfo2.csv)
ott490099,Bos taurus,sex_determination_genotypic,MH,categorical,Stapley et al. 2017 compilation (LinkageMapIinfo2.csv)
ott490099,Bos taurus,sex_determination_karyotype,XY,categorical,Stapley et al. 2017 compilation (LinkageMapIinfo2.csv)
ott490099,Bos taurus,sexual_system,gonochorous,categorical,Stapley et al. 2017 compilation (LinkageMapIinfo2.csv)
ott413237,Brachypodium distachyon,habitat,terrestrial,categorical,Stapley et al. 2017 compilation (LinkageMapIinfo2.csv)
ott413237,Brachypodium distachyon,leaf_compoundness,simple,categorical,Stapley et al. 2017 compilation (LinkageMapIinfo2.csv)
ott413237,Brachypodium distachyon,leaf_type,broadleaved,categorical,Stapley et al. 2017 compilation (LinkageMapIinfo2.csv)
ott413237,Brachypodium distachyon,parasitic_or_pathogenic,false,boolean,Stapley et al. 2017 compilation (LinkageMapIinfo2.csv)
ott413237,Brachypodium distachyon,photosynthetic_pathway,C3,categorical,Stapley et al. 2017 compilation (LinkageMapIinfo2.csv)
ott413237,Brachypodium distachyon,plant_growth_form,graminoid,categorical,Stapley et al. 2017 compilation (LinkageMapIinfo2.csv)
ott413237,Brachypodium distachyon,woodiness,non-woody,categorical,Stapley et al. 2017 compilation (LinkageMapIinfo2.csv)
ott41113,Bracon hebetor,haplodiploid,false,boolean,Stapley et al. 2017 compilation (LinkageMapIinfo2.csv)
ott41113,Bracon hebetor,host_type,animals,categorical,Stapley et al. 2017 compilation (LinkageMapIinfo2.csv)
ott41113,Bracon hebetor,invasive,false,boolean,Stapley et al. 2017 compilation (LinkageMapIinfo2.csv)
ott41113,Bracon hebetor,parasitic_or_pathogenic,true,boolean,Stapley et al. 2017 compilation (LinkageMapIinfo2.csv)
ott41113,Bracon hebetor,sexual_system,male.haploid,categorical,Stapley et al. 2017 compilation (LinkageMapIinfo2.csv)
ott240937,Brassica campestris,habitat,terrestrial,categorical,Stapley et al. 2017 compilation (LinkageMapIinfo2.csv)
ott240937,Brassica campestris,parasitic_or_pathogenic,false,boolean,Stapley et al. 2017 compilation (LinkageMapIinfo2.csv)
ott749459,Brassica carinata,habitat,terrestrial,categorical,Stapley et al. 2017 compilation (LinkageMapIinfo2.csv)
ott749459,Brassica carinata,leaf_compoundness,simple,categorical,Stapley et al. 2017 compilation (LinkageMapIinfo2.csv)
ott749459,Brassica carinata,leaf_type,broadleaved,categorical,Stapley et al. 2017 compilation (LinkageMapIinfo2.csv)
ott749459,Brassica carinata,parasitic_or_pathogenic,false,boolean,Stapley et al. 2017 compilation (LinkageMapIinfo2.csv)
ott749459,Brassica carinata,plant_growth_form,herb,categorical,Stapley et al. 2017 compilation (LinkageMapIinfo2.csv)
ott749459,Brassica carinata,woodiness,non-woody,categorical,Stapley et al. 2017 compilation (LinkageMapIinfo2.csv)
ott309279,Brassica juncea,habitat,terrestrial,categorical,Stapley et al. 2017 compilation (LinkageMapIinfo2.csv)
ott309279,Brassica juncea,leaf_compoundness,simple,categorical,Stapley et al. 2017 compilation (LinkageMapIinfo2.csv)
ott309279,Brassica juncea,leaf_type,broadleaved,categorical,Stapley et al. 2017 compilation (LinkageMapIinfo2.csv)
ott309279,Brassica juncea,parasitic_or_pathogenic,false,boolean,Stapley et al. 2017 compilation (LinkageMapIinfo2.csv)
ott309279,Brassica juncea,photosynthetic_pathway,C3,categorical,Stapley et al. 2017 compilation (LinkageMapIinfo2.csv)
ott309279,Brassica juncea,plant_growth_form,herb,categorical,Stapley et al. 2017 compilation (LinkageMapIinfo2.csv)
ott309279,Brassica juncea,selfing,both,categorical,Stapley et al. 2017 compilation (LinkageMapIinfo2.csv)
ott309279,Brassica juncea,sexual_system,hermaphrodite,categorical,Stapley et al. 2017 compilation (LinkageMapIinfo2.csv)
ott309279,Brassica juncea,woodiness,non-woody,categorical,Stapley et al. 2017 compilation (LinkageMapIinfo2.csv)
ott309234,Brassica napus,habitat,terrestrial,categorical,Stapley et al. 2017 compilation (LinkageMapIinfo2.csv)
ott309234,Brassica napus,leaf_compoundness,simple,categorical,Stapley et al. 2017 compilation (LinkageMapIinfo2.csv)
ott309234,Brassica napus,leaf_type,broadleaved,categorical,Stapley et al. 2017 compilation (LinkageMapIinfo2.csv)
ott309234,Brassica napus,parasitic_or_pathogenic,false,boolean,Stapley et al. 2017 compilation (LinkageMapIinfo2.csv)
ott309234,Brassica napus,photosynthetic_pathway,C3,categorical,Stapley et al. 2017 compilation (LinkageMapIinfo2.csv)
ott309234,Brassica napus,plant_growth_form,herb,categorical,Stapley et al. 2017 compilation (LinkageMapIinfo2.csv)
ott309234,Brassica napus,woodiness,non-woody,categorical,Stapley et al. 2017 compilation (LinkageMapIinfo2.csv)
ott833642,Brassica oleracea,habitat,terrestrial,categorical,Stapley et al. 2017 compilation (LinkageMapIinfo2.csv)
ott833642,Brassica oleracea,leaf_compoundness,simple,categorical,Stapley et al. 2017 compilation (LinkageMapIinfo2.csv)
ott833642,Brassica oleracea,leaf_type,broadleaved,categorical,Stapley et al. 2017 compilation (LinkageMapIinfo2.csv)
ott833642,Brassica oleracea,parasitic_or_pathogenic,false,boolean,Stapley et al. 2017 compilation (LinkageMapIinfo2.csv)
ott833642,Brassica oleracea,photosynthetic_pathway,C3,categorical,Stapley et al. 2017 compilation (LinkageMapIinfo2.csv)
ott833642,Brassica oleracea,plant_growth_form,herb,categorical,Stapley et al. 2017 compilation (LinkageMapIinfo2.csv)
ott833642,Brassica oleracea,selfing,SI,categorical,Stapley et al. 2017 compilation (LinkageMapIinfo2.csv)
ott833642,Brassica oleracea,sexual_system,hermaphrodite,categorical,Stapley et al. 2017 compilation (LinkageMapIinfo2.csv)
ott833642,Brassica oleracea,woodiness,non-woody,categorical,Stapley et al. 2017 compilation (LinkageMapIinfo2.csv)
ott833632,Brassica rapa,habitat,terrestrial,categorical,Stapley et al. 2017 compilation (LinkageMapIinfo2.csv)
ott833632,Brassica rapa,leaf_compoundness,simple,categorical,Stapley et al. 2017 compilation (LinkageMapIinfo2.csv)
ott833632,Brassica rapa,leaf_type,broadleaved,categorical,Stapley et al. 2017 compilation (LinkageMapIinfo2.csv)
ott833632,Brassica rapa,parasitic_or_pathogenic,false,boolean,Stapley et al. 2017 compilation (LinkageMapIinfo2.csv)
ott833632,Brassica rapa,photosynthetic_pathway,C3,categorical,Stapley et al. 2017 compilation (LinkageMapIinfo2.csv)
ott833632,Brassica rapa,plant_growth_form,herb,categorical,Stapley et al. 2017 compilation (LinkageMapIinfo2.csv)
ott833632,Brassica rapa,selfing,both,categorical,Stapley et al. 2017 compilation (LinkageMapIinfo2.csv)
ott833632,Brassica rapa,sexual_system,hermaphrodite,categorical,Stapley et al. 2017 compilation (LinkageMapIinfo2.csv)
ott833632,Brassica rapa,woodiness,non-woody,categorical,Stapley et al. 2017 compilation (LinkageMapIinfo2.csv)
ott395053,Caenorhabditis briggsae,habitat,complex,categorical,Stapley et al. 2017 compilation (LinkageMapIinfo2.csv)
ott395053,Caenorhabditis briggsae,haplodiploid,false,boolean,Stapley et al. 2017 compilation (LinkageMapIinfo2.csv)
ott395053,Caenorhabditis briggsae,invasive,false,boolean,Stapley et al. 2017 compilation (LinkageMapIinfo2.csv)
ott395053,Caenorhabditis briggsae,parasitic_or_pathogenic,false,boolean,Stapley et al. 2017 compilation (LinkageMapIinfo2.csv)
ott395048,Caenorhabditis elegans,habitat,complex,categorical,Stapley et al. 2017 compilation (LinkageMapIinfo2.csv)
ott395048,Caenorhabditis elegans,haplodiploid,false,boolean,Stapley et al. 2017 compilation (LinkageMapIinfo2.csv)
ott395048,Caenorhabditis elegans,invasive,false,boolean,Stapley et al. 2017 compilation (LinkageMapIinfo2.csv)
ott395048,Caenorhabditis elegans,parasitic_or_pathogenic,false,boolean,Stapley et al. 2017 compilation (LinkageMapIinfo2.csv)
ott612448,Cajanus cajan,domestication_status,Domesticated,categorical,Stapley et al. 2017 compilation (LinkageMapIinfo2.csv)
ott612448,Cajanus cajan,habitat,terrestrial,categorical,Stapley et al. 2017 compilation (LinkageMapIinfo2.csv)
ott612448,Cajanus cajan,leaf_compoundness,compound,categorical,Stapley et al. 2017 compilation (LinkageMapIinfo2.csv)
ott612448,Cajanus cajan,leaf_type,broadleaved,categorical,Stapley et al. 2017 compilation (LinkageMapIinfo2.csv)
ott612448,Cajanus cajan,parasitic_or_pathogenic,false,boolean,Stapley et al. 2017 compilation (LinkageMapIinfo2.csv)
ott612448,Cajanus cajan,photosynthetic_pathway,C3,categorical,Stapley et al. 2017 compilation (LinkageMapIinfo2.csv)
ott612448,Cajanus cajan,plant_growth_form,shrub,categorical,Stapley et al. 2017 compilation (LinkageMapIinfo2.csv)
ott612448,Cajanus cajan,recombination_index_chiasma,21.02,numeric,Stapley et al. 2017 compilation (LinkageMapIinfo2.csv)
ott612448,Cajanus cajan,recombination_index_haploid,11.0,numeric,Stapley et al. 2017 compilation (LinkageMapIinfo2.csv)
ott612448,Cajanus cajan,woodiness,woody,categorical,Stapley et al. 2017 compilation (LinkageMapIinfo2.csv)
ott615108,Callitris glaucophylla,habitat,terrestrial,categorical,Stapley et al. 2017 compilation (LinkageMapIinfo2.csv)
ott615108,Callitris glaucophylla,leaf_compoundness,simple,categorical,Stapley et al. 2017 compilation (LinkageMapIinfo2.csv)
ott615108,Callitris glaucophylla,leaf_phenology,evergreen,categorical,Stapley et al. 2017 compilation (LinkageMapIinfo2.csv)
ott615108,Callitris glaucophylla,leaf_type,scale-shaped,categorical,Stapley et al. 2017 compilation (LinkageMapIinfo2.csv)
ott615108,Callitris glaucophylla,parasitic_or_pathogenic,false,boolean,Stapley et al. 2017 compilation (LinkageMapIinfo2.csv)
ott615108,Callitris glaucophylla,photosynthetic_pathway,C3,categorical,Stapley et al. 2017 compilation (LinkageMapIinfo2.csv)
ott615108,Callitris glaucophylla,plant_growth_form,tree,categorical,Stapley et al. 2017 compilation (LinkageMapIinfo2.csv)
ott615108,Callitris glaucophylla,woodiness,woody,categorical,Stapley et al. 2017 compilation (LinkageMapIinfo2.csv)
ott776348,Camelina sativa,habitat,terrestrial,categorical,Stapley et al. 2017 compilation (LinkageMapIinfo2.csv)
ott776348,Camelina sativa,leaf_compoundness,simple,categorical,Stapley et al. 2017 compilation (LinkageMapIinfo2.csv)
ott776348,Camelina sativa,leaf_type,broadleaved,categorical,Stapley et al. 2017 compilation (LinkageMapIinfo2.csv)
ott776348,Camelina sativa,parasitic_or_pathogenic,false,boolean,Stapley et al. 2017 compilation (LinkageMapIinfo2.csv)
ott776348,Camelina sativa,photosynthetic_pathway,C3,categorical,Stapley et al. 2017 compilation (LinkageMapIinfo2.csv)
ott776348,Camelina sativa,plant_growth_form,herb,categorical,Stapley et al. 2017 compilation (LinkageMapIinfo2.csv)
ott776348,Camelina sativa,selfing,both,categorical,Stapley et al. 2017 compilation (LinkageMapIinfo2.csv)
ott776348,Camelina sativa,woodiness,non-woody,categorical,Stapley et al. 2017 compilation (LinkageMapIinfo2.csv)
ott1058509,Camellia sinensis,habitat,terrestrial,categorical,Stapley et al. 2017 compilation (LinkageMapIinfo2.csv)
ott1058509,Camellia sinensis,leaf_compoundness,simple,categorical,Stapley et al. 2017 compilation (LinkageMapIinfo2.csv)
ott1058509,Camellia sinensis,leaf_phenology,evergreen,categorical,Stapley et al. 2017 compilation (LinkageMapIinfo2.csv)
ott1058509,Camellia sinensis,leaf_type,broadleaved,categorical,Stapley et al. 2017 compilation (LinkageMapIinfo2.csv)
ott1058509,Camellia sinensis,parasitic_or_pathogenic,false,boolean,Stapley et al. 2017 compilation (LinkageMapIinfo2.csv)
ott1058509,Camellia sinensis,photosynthetic_pathway,C3,categorical,Stapley et al. 2017 compilation (LinkageMapIinfo2.csv)
ott1058509,Camellia sinensis,plant_growth_form,shrub/tree,categorical,Stapley et al. 2017 compilation (LinkageMapIinfo2.csv)
ott1058509,Camellia sinensis,woodiness,woody,categorical,Stapley et al. 2017 compilation (LinkageMapIinfo2.csv)
ott247341,Canis lupus,habitat,terrestrial,categorical,Stapley et al. 2017 compilation (LinkageMapIinfo2.csv)
ott247341,Canis lupus,haplodiploid,false,boolean,Stapley et al. 2017 compilation (LinkageMapIinfo2.csv)
ott247341,Canis lupus,invasive,true,boolean,Stapley et al. 2017 compilation (LinkageMapIinfo2.csv)
ott247341,Canis lupus,parasitic_or_pathogenic,false,boolean,Stapley et al. 2017 compilation (LinkageMapIinfo2.csv)
ott247341,Canis lupus,sex_determination_karyotype,XY,categorical,Stapley et al. 2017 compilation (LinkageMapIinfo2.csv)
ott247341,Canis lupus,sexual_system,gonochorous,categorical,Stapley et al. 2017 compilation (LinkageMapIinfo2.csv)
ott19017,Capra hircus,habitat,terrestrial,categorical,Stapley et al. 2017 compilation (LinkageMapIinfo2.csv)
ott19017,Capra hircus,haplodiploid,false,boolean,Stapley et al. 2017 compilation (LinkageMapIinfo2.csv)
ott19017,Capra hircus,invasive,true,boolean,Stapley et al. 2017 compilation (LinkageMapIinfo2.csv)
ott19017,Capra hircus,parasitic_or_pathogenic,false,boolean,Stapley et al. 2017 compilation (LinkageMapIinfo2.csv)
ott19017,Capra hircus,sex_determination_genotypic,MH,categorical,Stapley et al. 2017 compilation (LinkageMapIinfo2.csv)
ott19017,Capra hircus,sex_determination_karyotype,XY,categorical,Stapley et al. 2017 compilation (LinkageMapIinfo2.csv)
ott19017,Capra hircus,sexual_system,gonochorous,categorical,Stapley et al. 2017 compilation (LinkageMapIinfo2.csv)
ott833644,Capsella bursa-pastoris,habitat,terrestrial,categorical,Stapley et al. 2017 compilation (LinkageMapIinfo2.csv)
ott833644,Capsella bursa-pastoris,leaf_compoundness,simple,categorical,Stapley et al. 2017 compilation (LinkageMapIinfo2.csv)
ott833644,Capsella bursa-pastoris,leaf_type,broadleaved,categorical,Stapley et al. 2017 compilation (LinkageMapIinfo2.csv)
ott833644,Capsella bursa-pastoris,parasitic_or_pathogenic,false,boolean,Stapley et al. 2017 compilation (LinkageMapIinfo2.csv)
ott833644,Capsella bursa-pastoris,photosynthetic_pathway,C3,categorical,Stapley et al. 2017 compilation (LinkageMapIinfo2.csv)
ott833644,Capsella bursa-pastoris,plant_growth_form,herb,categorical,Stapley et al. 2017 compilation (LinkageMapIinfo2.csv)
ott833644,Capsella bursa-pastoris,sexual_system,hermaphrodite,categorical,Stapley et al. 2017 compilation (LinkageMapIinfo2.csv)
ott833644,Capsella bursa-pastoris,woodiness,non-woody,categorical,Stapley et al. 2017 compilation (LinkageMapIinfo2.csv)
ott19798,Capsella rubella,habitat,terrestrial,categorical,Stapley et al. 2017 compilation (LinkageMapIinfo2.csv)
ott19798,Capsella rubella,leaf_type,broadleaved,categorical,Stapley et al. 2017 compilation (LinkageMapIinfo2.csv)
ott19798,Capsella rubella,parasitic_or_pathogenic,false,boolean,Stapley et al. 2017 compilation (LinkageMapIinfo2.csv)
ott19798,Capsella rubella,photosynthetic_pathway,C3,categorical,Stapley et al. 2017 compilation (LinkageMapIinfo2.csv)
ott19798,Capsella rubella,woodiness,non-woody,categorical,Stapley et al. 2017 compilation (LinkageMapIinfo2.csv)
ott473836,Capsicum annuum,domestication_status,Domesticated,categorical,Stapley et al. 2017 compilation (LinkageMapIinfo2.csv)
ott473836,Capsicum annuum,habitat,terrestrial,categorical,Stapley et al. 2017 compilation (LinkageMapIinfo2.csv)
ott473836,Capsicum annuum,leaf_compoundness,simple,categorical,Stapley et al. 2017 compilation (LinkageMapIinfo2.csv)
ott473836,Capsicum annuum,leaf_phenology,evergreen,categorical,Stapley et al. 2017 compilation (LinkageMapIinfo2.csv)
ott473836,Capsicum annuum,leaf_type,broadleaved,categorical,Stapley et al. 2017 compilation (LinkageMapIinfo2.csv)
ott473836,Capsicum annuum,parasitic_or_pathogenic,false,boolean,Stapley et al. 2017 compilation (LinkageMapIinfo2.csv)
ott473836,Capsicum annuum,photosynthetic_pathway,C3,categorical,Stapley et al. 2017 compilation (LinkageMapIinfo2.csv)
ott473836,Capsicum annuum,plant_growth_form,herb/shrub,categorical,Stapley et al. 2017 compilation (LinkageMapIinfo2.csv)
ott473836,Capsicum annuum,recombination_index_chiasma,22.08,numeric,Stapley et al. 2017 compilation (LinkageMapIinfo2.csv)
ott473836,Capsicum annuum,recombination_index_haploid,12.0,numeric,Stapley et al. 2017 compilation (LinkageMapIinfo2.csv)
ott473836,Capsicum annuum,selfing,SC,categorical,Stapley et al. 2017 compilation (LinkageMapIinfo2.csv)
ott473836,Capsicum annuum,woodiness,non-woody/woody,categorical,Stapley et al. 2017 compilation (LinkageMapIinfo2.csv)
ott232458,Capsicum baccatum,domestication_status,Domesticated,categorical,Stapley et al. 2017 compilation (LinkageMapIinfo2.csv)
ott232458,Capsicum baccatum,habitat,terrestrial,categorical,Stapley et al. 2017 compilation (LinkageMapIinfo2.csv)
ott232458,Capsicum baccatum,parasitic_or_pathogenic,false,boolean,Stapley et al. 2017 compilation (LinkageMapIinfo2.csv)
ott232458,Capsicum baccatum,recombination_index_chiasma,22.1,numeric,Stapley et al. 2017 compilation (LinkageMapIinfo2.csv)
ott232458,Capsicum baccatum,recombination_index_haploid,12.0,numeric,Stapley et al. 2017 compilation (LinkageMapIinfo2.csv)
ott1005907,Carassius auratus,habitat,aquatic,categorical,Stapley et al. 2017 compilation (LinkageMapIinfo2.csv)
ott1005907,Carassius auratus,haplodiploid,false,boolean,Stapley et al. 2017 compilation (LinkageMapIinfo2.csv)
ott1005907,Carassius auratus,invasive,true,boolean,Stapley et al. 2017 compilation (LinkageMapIinfo2.csv)
ott1005907,Carassius auratus,parasitic_or_pathogenic,false,boolean,Stapley et al. 2017 compilation (LinkageMapIinfo2.csv)
ott429474,Carica papaya,genus_n_dioecious_species,1.0,numeric,Stapley et al. 2017 compilation (LinkageMapIinfo2.csv)
ott429474,Carica papaya,genus_n_species,1.0,numeric,Stapley et al. 2017 compilation (LinkageMapIinfo2.csv)
ott429474,Carica papaya,habitat,terrestrial,categorical,Stapley et al. 2017 compilation (LinkageMapIinfo2.csv)
ott429474,Carica papaya,leaf_compoundness,simple,categorical,Stapley et al. 2017 compilation (LinkageMapIinfo2.csv)
ott429474,Carica papaya,leaf_phenology,evergreen,categorical,Stapley et al. 2017 compilation (LinkageMapIinfo2.csv)
ott429474,Carica papaya,leaf_type,broadleaved,categorical,Stapley et al. 2017 compilation (LinkageMapIinfo2.csv)
ott429474,Carica papaya,parasitic_or_pathogenic,false,boolean,Stapley et al. 2017 compilation (LinkageMapIinfo2.csv)
ott429474,Carica papaya,photosynthetic_pathway,C3,categorical,Stapley et al. 2017 compilation (LinkageMapIinfo2.csv)
ott429474,Carica papaya,plant_growth_form,tree,categorical,Stapley et al. 2017 compilation (LinkageMapIinfo2.csv)
ott429474,Carica papaya,plant_life_form,P,categorical,Stapley et al. 2017 compilation (LinkageMapIinfo2.csv)
ott429474,Carica papaya,pollination_mode,insects,categorical,Stapley et al. 2017 compilation (LinkageMapIinfo2.csv)
ott429474,Carica papaya,selfing,SC,categorical,Stapley et al. 2017 compilation (LinkageMapIinfo2.csv)
ott429474,Carica papaya,sexual_system,polygamodioecy,categorical,Stapley et al. 2017 compilation (LinkageMapIinfo2.csv)
ott429474,Carica papaya,woodiness,woody,categorical,Stapley et al. 2017 compilation (LinkageMapIinfo2.csv)
ott1061541,Carthamus tinctorius,habitat,terrestrial,categorical,Stapley et al. 2017 compilation (LinkageMapIinfo2.csv)
ott1061541,Carthamus tinctorius,leaf_compoundness,simple,categorical,Stapley et al. 2017 compilation (LinkageMapIinfo2.csv)
ott1061541,Carthamus tinctorius,leaf_type,broadleaved,categorical,Stapley et al. 2017 compilation (LinkageMapIinfo2.csv)
ott1061541,Carthamus tinctorius,parasitic_or_pathogenic,false,boolean,Stapley et al. 2017 compilation (LinkageMapIinfo2.csv)
ott1061541,Carthamus tinctorius,photosynthetic_pathway,C3,categorical,Stapley et al. 2017 compilation (LinkageMapIinfo2.csv)
ott1061541,Carthamus tinctorius,plant_growth_form,herb,categorical,Stapley et al. 2017 compilation (LinkageMapIinfo2.csv)
ott1061541,Carthamus tinctorius,selfing,SC,categorical,Stapley et al. 2017 compilation (LinkageMapIinfo2.csv)
ott1061541,Carthamus tinctorius,sexual_system,hermaphrodite,categorical,Stapley et al. 2017 compilation (LinkageMapIinfo2.csv)
ott1061541,Carthamus tinctorius,woodiness,non-woody,categorical,Stapley et al. 2017 compilation (LinkageMapIinfo2.csv)
ott540978,Castanea mollissima,habitat,terrestrial,categorical,Stapley et al. 2017 compilation (LinkageMapIinfo2.csv)
ott540978,Castanea mollissima,leaf_compoundness,simple,categorical,Stapley et al. 2017 compilation (LinkageMapIinfo2.csv)
ott540978,Castanea mollissima,leaf_phenology,deciduous,categorical,Stapley et al. 2017 compilation (LinkageMapIinfo2.csv)
ott540978,Castanea mollissima,leaf_type,broadleaved,categorical,Stapley et al. 2017 compilation (LinkageMapIinfo2.csv)
ott540978,Castanea mollissima,parasitic_or_pathogenic,false,boolean,Stapley et al. 2017 compilation (LinkageMapIinfo2.csv)
ott540978,Castanea mollissima,photosynthetic_pathway,C3,categorical,Stapley et al. 2017 compilation (LinkageMapIinfo2.csv)
ott540978,Castanea mollissima,plant_growth_form,tree,categorical,Stapley et al. 2017 compilation (LinkageMapIinfo2.csv)
ott540978,Castanea mollissima,woodiness,woody,categorical,Stapley et al. 2017 compilation (LinkageMapIinfo2.csv)
ott524094,Catharanthus roseus,habitat,terrestrial,categorical,Stapley et al. 2017 compilation (LinkageMapIinfo2.csv)
ott524094,Catharanthus roseus,leaf_compoundness,simple,categorical,Stapley et al. 2017 compilation (LinkageMapIinfo2.csv)
ott524094,Catharanthus roseus,leaf_type,broadleaved,categorical,Stapley et al. 2017 compilation (LinkageMapIinfo2.csv)
ott524094,Catharanthus roseus,parasitic_or_pathogenic,false,boolean,Stapley et al. 2017 compilation (LinkageMapIinfo2.csv)
ott524094,Catharanthus roseus,photosynthetic_pathway,C3,categorical,Stapley et al. 2017 compilation (LinkageMapIinfo2.csv)
ott524094,Catharanthus roseus,plant_growth_form,shrub,categorical,Stapley et al. 2017 compilation (LinkageMapIinfo2.csv)
ott524094,Catharanthus roseus,woodiness,woody,categorical,Stapley et al. 2017 compilation (LinkageMapIinfo2.csv)
ott780217,Ceratopteris richardii,habitat,aquatic,categorical,Stapley et al. 2017 compilation (LinkageMapIinfo2.csv)
ott780217,Ceratopteris richardii,haplodiploid,true,boolean,Stapley et al. 2017 compilation (LinkageMapIinfo2.csv)
ott780217,Ceratopteris richardii,parasitic_or_pathogenic,false,boolean,Stapley et al. 2017 compilation (LinkageMapIinfo2.csv)
ott780217,Ceratopteris richardii,sexual_system,hermaphrodite,categorical,Stapley et al. 2017 compilation (LinkageMapIinfo2.csv)
ott936014,Cervus elaphus,habitat,terrestrial,categorical,Stapley et al. 2017 compilation (LinkageMapIinfo2.csv)
ott936014,Cervus elaphus,haplodiploid,false,boolean,Stapley et al. 2017 compilation (LinkageMapIinfo2.csv)
ott936014,Cervus elaphus,invasive,true,boolean,Stapley et al. 2017 compilation (LinkageMapIinfo2.csv)
ott936014,Cervus elaphus,parasitic_or_pathogenic,false,boolean,Stapley et al. 2017 compilation (LinkageMapIinfo2.csv)
ott936014,Cervus elaphus,sex_determination_genotypic,MH,categorical,Stapley et al. 2017 compilation (LinkageMapIinfo2.csv)
ott936014,Cervus elaphus,sex_determination_karyotype,XY,categorical,Stapley et al. 2017 compilation (LinkageMapIinfo2.csv)
ott936014,Cervus elaphus,sexual_system,gonochorous,categorical,Stapley et al. 2017 compilation (LinkageMapIinfo2.csv)
ott117198,Chenopodium quinoa,habitat,terrestrial,categorical,Stapley et al. 2017 compilation (LinkageMapIinfo2.csv)
ott117198,Chenopodium quinoa,leaf_compoundness,simple,categorical,Stapley et al. 2017 compilation (LinkageMapIinfo2.csv)
ott117198,Chenopodium quinoa,leaf_type,broadleaved,categorical,Stapley et al. 2017 compilation (LinkageMapIinfo2.csv)
ott117198,Chenopodium quinoa,parasitic_or_pathogenic,false,boolean,Stapley et al. 2017 compilation (LinkageMapIinfo2.csv)
ott117198,Chenopodium quinoa,photosynthetic_pathway,C3,categorical,Stapley et al. 2017 compilation (LinkageMapIinfo2.csv)
ott117198,Chenopodium quinoa,plant_growth_form,herb,categorical,Stapley et al. 2017 compilation (LinkageMapIinfo2.csv)
ott117198,Chenopodium quinoa,woodiness,non-woody,categorical,Stapley et al. 2017 compilation (LinkageMapIinfo2.csv)
ott324777,Chimonanthus praecox,habitat,terrestrial,categorical,Stapley et al. 2017 compilation (LinkageMapIinfo2.csv)
ott324777,Chimonanthus praecox,leaf_compoundness,simple,categorical,Stapley et al. 2017 compilation (LinkageMapIinfo2.csv)
ott324777,Chimonanthus praecox,leaf_phenology,deciduous,categorical,Stapley et al. 2017 compilation (LinkageMapIinfo2.csv)
ott324777,Chimonanthus praecox,leaf_type,broadleaved,categorical,Stapley et al. 2017 compilation (LinkageMapIinfo2.csv)
ott324777,Chimonanthus praecox,parasitic_or_pathogenic,false,boolean,Stapley et al. 2017 compilation (LinkageMapIinfo2.csv)
ott324777,Chimonanthus praecox,plant_growth_form,shrub/tree,categorical,Stapley et al. 2017 compilation (LinkageMapIinfo2.csv)
ott324777,Chimonanthus praecox,woodiness,woody,categorical,Stapley et al. 2017 compilation (LinkageMapIinfo2.csv)
ott33153,Chlamydomonas reinhardtii,habitat,aquatic,categorical,Stapley et al. 2017 compilation (LinkageMapIinfo2.csv)
ott33153,Chlamydomonas reinhardtii,parasitic_or_pathogenic,false,boolean,Stapley et al. 2017 compilation (LinkageMapIinfo2.csv)
ott56422,Chlamys farreri,habitat,aquatic,categorical,Stapley et al. 2017 compilation (LinkageMapIinfo2.csv)
ott56422,Chlamys farreri,invasive,false,boolean,Stapley et al. 2017 compilation (LinkageMapIinfo2.csv)
ott56422,Chlamys farreri,parasitic_or_pathogenic,false,boolean,Stapley et al. 2017 compilation (LinkageMapIinfo2.csv)
ott1002218,Chlamys noblis,habitat,aquatic,categorical,Stapley et al. 2017 compilation (LinkageMapIinfo2.csv)
ott1002218,Chlamys noblis,invasive,false,boolean,Stapley et al. 2017 compilation (LinkageMapIinfo2.csv)
ott1002218,Chlamys noblis,parasitic_or_pathogenic,false,boolean,Stapley et al. 2017 compilation (LinkageMapIinfo2.csv)
ott3899190,Chrysanthemum morifolium,habitat,terrestrial,categorical,Stapley et al. 2017 compilation (LinkageMapIinfo2.csv)
ott3899190,Chrysanthemum morifolium,leaf_type,broadleaved,categorical,Stapley et al. 2017 compilation (LinkageMapIinfo2.csv)
ott3899190,Chrysanthemum morifolium,parasitic_or_pathogenic,false,boolean,Stapley et al. 2017 compilation (LinkageMapIinfo2.csv)
ott612429,Cicer arietinum,domestication_status,Domesticated,categorical,Stapley et al. 2017 compilation (LinkageMapIinfo2.csv)
ott612429,Cicer arietinum,habitat,terrestrial,categorical,Stapley et al. 2017 compilation (LinkageMapIinfo2.csv)
ott612429,Cicer arietinum,leaf_compoundness,compound,categorical,Stapley et al. 2017 compilation (LinkageMapIinfo2.csv)
ott612429,Cicer arietinum,leaf_type,broadleaved,categorical,Stapley et al. 2017 compilation (LinkageMapIinfo2.csv)
ott612429,Cicer arietinum,parasitic_or_pathogenic,false,boolean,Stapley et al. 2017 compilation (LinkageMapIinfo2.csv)
ott612429,Cicer arietinum,photosynthetic_pathway,C3,categorical,Stapley et al. 2017 compilation (LinkageMapIinfo2.csv)
ott612429,Cicer arietinum,plant_growth_form,herb,categorical,Stapley et al. 2017 compilation (LinkageMapIinfo2.csv)
ott612429,Cicer arietinum,recombination_index_chiasma,10.22,numeric,Stapley et al. 2017 compilation (LinkageMapIinfo2.csv)
ott612429,Cicer arietinum,recombination_index_haploid,8.0,numeric,Stapley et al. 2017 compilation (LinkageMapIinfo2.csv)
ott612429,Cicer arietinum,woodiness,non-woody,categorical,Stapley et al. 2017 compilation (LinkageMapIinfo2.csv)
ott744224,Ciona intestinalis,habitat,aquatic,categorical,Stapley et al. 2017 compilation (LinkageMapIinfo2.csv)
ott744224,Ciona intestinalis,haplodiploid,false,boolean,Stapley et al. 2017 compilation (LinkageMapIinfo2.csv)
ott744224,Ciona intestinalis,invasive,false,boolean,Stapley et al. 2017 compilation (LinkageMapIinfo2.csv)
ott744224,Ciona intestinalis,parasitic_or_pathogenic,false,boolean,Stapley et al. 2017 compilation (LinkageMapIinfo2.csv)
ott744224,Ciona intestinalis,sexual_system,hermaphrodite,categorical,Stapley et al. 2017 compilation (LinkageMapIinfo2.csv)
ott677382,Ciona savignyi,habitat,aquatic,categorical,Stapley et al. 2017 compilation (LinkageMapIinfo2.csv)
ott677382,Ciona savignyi,haplodiploid,false,boolean,Stapley et al. 2017 compilation (LinkageMapIinfo2.csv)
ott677382,Ciona savignyi,invasive,false,boolean,Stapley et al. 2017 compilation (LinkageMapIinfo2.csv)
ott677382,Ciona savignyi,parasitic_or_pathogenic,false,boolean,Stapley et al. 2017 compilation (LinkageMapIinfo2.csv)
ott677382,Ciona savignyi,sexual_system,hermaphrodite,categorical,Stapley et al. 2017 compilation (LinkageMapIinfo2.csv)
ott1006251,Citrullus lanatus,domestication_status,Domesticated,categorical,Stapley et al. 2017 compilation (LinkageMapIinfo2.csv)
ott1006251,Citrullus lanatus,genus_n_dioecious_species,2.0,numeric,Stapley et al. 2017 compilation (LinkageMapIinfo2.csv)
ott1006251,Citrullus lanatus,genus_n_species,7.0,numeric,Stapley et al. 2017 compilation (LinkageMapIinfo2.csv)
ott1006251,Citrullus lanatus,habitat,terrestrial,categorical,Stapley et al. 2017 compilation (LinkageMapIinfo2.csv)
ott1006251,Citrullus lanatus,leaf_compoundness,simple,categorical,Stapley et al. 2017 compilation (LinkageMapIinfo2.csv)
ott1006251,Citrullus lanatus,leaf_type,broadleaved,categorical,Stapley et al. 2017 compilation (LinkageMapIinfo2.csv)
ott1006251,Citrullus lanatus,parasitic_or_pathogenic,false,boolean,Stapley et al. 2017 compilation (LinkageMapIinfo2.csv)
ott1006251,Citrullus lanatus,photosynthetic_pathway,C3,categorical,Stapley et al. 2017 compilation (LinkageMapIinfo2.csv)
ott1006251,Citrullus lanatus,plant_growth_form,herb,categorical,Stapley et al. 2017 compilation (LinkageMapIinfo2.csv)
ott1006251,Citrullus lanatus,pollination_mode,insects,categorical,Stapley et al. 2017 compilation (LinkageMapIinfo2.csv)
ott1006251,Citrullus lanatus,recombination_index_chiasma,20.26,numeric,Stapley et al. 2017 compilation (LinkageMapIinfo2.csv)
ott1006251,Citrullus lanatus,recombination_index_haploid,11.0,numeric,Stapley et al. 2017 compilation (LinkageMapIinfo2.csv)
ott1006251,Citrullus lanatus,sexual_system,monoecious,categorical,Stapley et al. 2017 compilation (LinkageMapIinfo2.csv)
ott1006251,Citrullus lanatus,woodiness,non-woody,categorical,Stapley et al. 2017 compilation (LinkageMapIinfo2.csv)
ott236255,Citrus clementina,habitat,terrestrial,categorical,Stapley et al. 2017 compilation (LinkageMapIinfo2.csv)
ott236255,Citrus clementina,parasitic_or_pathogenic,false,boolean,Stapley et al. 2017 compilation (LinkageMapIinfo2.csv)
ott3942433,Citrus sinensis,habitat,terrestrial,categorical,Stapley et al. 2017 compilation (LinkageMapIinfo2.csv)
ott3942433,Citrus sinensis,leaf_compoundness,compound,categorical,Stapley et al. 2017 compilation (LinkageMapIinfo2.csv)
ott3942433,Citrus sinensis,leaf_phenology,evergreen,categorical,Stapley et al. 2017 compilation (LinkageMapIinfo2.csv)
ott3942433,Citrus sinensis,leaf_type,broadleaved,categorical,Stapley et al. 2017 compilation (LinkageMapIinfo2.csv)
ott3942433,Citrus sinensis,parasitic_or_pathogenic,false,boolean,Stapley et al. 2017 compilation (LinkageMapIinfo2.csv)
ott3942433,Citrus sinensis,photosynthetic_pathway,C3,categorical,Stapley et al. 2017 compilation (LinkageMapIinfo2.csv)
ott3942433,Citrus sinensis,plant_growth_form,tree,categorical,Stapley et al. 2017 compilation (LinkageMapIinfo2.csv)
ott3942433,Citrus sinensis,woodiness,woody,categorical,Stapley et al. 2017 compilation (LinkageMapIinfo2.csv)
ott1011450,Citrus unshiu,habitat,terrestrial,categorical,Stapley et al. 2017 compilation (LinkageMapIinfo2.csv)
ott1011450,Citrus unshiu,leaf_phenology,evergreen,categorical,Stapley et al. 2017 compilation (LinkageMapIinfo2.csv)
ott1011450,Citrus unshiu,leaf_type,broadleaved,categorical,Stapley et al. 2017 compilation (LinkageMapIinfo2.csv)
ott1011450,Citrus unshiu,parasitic_or_pathogenic,false,boolean,Stapley et al. 2017 compilation (LinkageMapIinfo2.csv)
ott1011450,Citrus unshiu,photosynthetic_pathway,C3,categorical,Stapley et al. 2017 compilation (LinkageMapIinfo2.csv)
ott1011450,Citrus unshiu,plant_growth_form,tree,categorical,Stapley et al. 2017 compilation (LinkageMapIinfo2.csv)
ott1011450,Citrus unshiu,woodiness,woody,categorical,Stapley et al. 2017 compilation (LinkageMapIinfo2.csv)
ott192116,Clunio marinus,habitat,terrestrial,categorical,Stapley et al. 2017 compilation (LinkageMapIinfo2.csv)
ott192116,Clunio marinus,haplodiploid,false,boolean,Stapley et al. 2017 compilation (LinkageMapIinfo2.csv)
ott192116,Clunio marinus,invasive,false,boolean,Stapley et al. 2017 compilation (LinkageMapIinfo2.csv)
ott192116,Clunio marinus,parasitic_or_pathogenic,false,boolean,Stapley et al. 2017 compilation (LinkageMapIinfo2.csv)
ott192116,Clunio marinus,sexual_system,gonochorous,categorical,Stapley et al. 2017 compilation (LinkageMapIinfo2.csv)
ott4930749,Cochliobus sativus,host_type,plants,categorical,Stapley et al. 2017 compilation (LinkageMapIinfo2.csv)
ott4930749,Cochliobus sativus,parasitic_or_pathogenic,true,boolean,Stapley et al. 2017 compilation (LinkageMapIinfo2.csv)
ott4930749,Cochliobus sativus,sex_determination_karyotype,H,categorical,Stapley et al. 2017 compilation (LinkageMapIinfo2.csv)
ott366250,Cocos nucifera,habitat,terrestrial,categorical,Stapley et al. 2017 compilation (LinkageMapIinfo2.csv)
ott366250,Cocos nucifera,leaf_compoundness,compound,categorical,Stapley et al. 2017 compilation (LinkageMapIinfo2.csv)
ott366250,Cocos nucifera,leaf_phenology,evergreen,categorical,Stapley et al. 2017 compilation (LinkageMapIinfo2.csv)
ott366250,Cocos nucifera,leaf_type,broadleaved,categorical,Stapley et al. 2017 compilation (LinkageMapIinfo2.csv)
ott366250,Cocos nucifera,parasitic_or_pathogenic,false,boolean,Stapley et al. 2017 compilation (LinkageMapIinfo2.csv)
ott366250,Cocos nucifera,photosynthetic_pathway,C3,categorical,Stapley et al. 2017 compilation (LinkageMapIinfo2.csv)
ott366250,Cocos nucifera,plant_growth_form,tree,categorical,Stapley et al. 2017 compilation (LinkageMapIinfo2.csv)
ott366250,Cocos nucifera,sexual_system,monoecious,categorical,Stapley et al. 2017 compilation (LinkageMapIinfo2.csv)
ott366250,Cocos nucifera,woodiness,woody,categorical,Stapley et al. 2017 compilation (LinkageMapIinfo2.csv)
ott1001050,Coffea arabica,habitat,terrestrial,categorical,Stapley et al. 2017 compilation (LinkageMapIinfo2.csv)
ott1001050,Coffea arabica,leaf_compoundness,simple,categorical,Stapley et al. 2017 compilation (LinkageMapIinfo2.csv)
ott1001050,Coffea arabica,leaf_phenology,evergreen,categorical,Stapley et al. 2017 compilation (LinkageMapIinfo2.csv)
ott1001050,Coffea arabica,leaf_type,broadleaved,categorical,Stapley et al. 2017 compilation (LinkageMapIinfo2.csv)
ott1001050,Coffea arabica,parasitic_or_pathogenic,false,boolean,Stapley et al. 2017 compilation (LinkageMapIinfo2.csv)
ott1001050,Coffea arabica,plant_growth_form,shrub/tree,categorical,Stapley et al. 2017 compilation (LinkageMapIinfo2.csv)
ott1001050,Coffea arabica,selfing,SC,categorical,Stapley et al. 2017 compilation (LinkageMapIinfo2.csv)
ott1001050,Coffea arabica,sexual_system,hermaphrodite,categorical,Stapley et al. 2017 compilation (LinkageMapIinfo2.csv)
ott1001050,Coffea arabica,woodiness,woody,categorical,Stapley et al. 2017 compilation (LinkageMapIinfo2.csv)
ott5304351,Coprinus cinereus,habitat,terrestrial,categorical,Stapley et al. 2017 compilation (LinkageMapIinfo2.csv)
ott5304351,Coprinus cinereus,parasitic_or_pathogenic,false,boolean,Stapley et al. 2017 compilation (LinkageMapIinfo2.csv)
ott5304351,Coprinus cinereus,sex_determination_karyotype,H,categorical,Stapley et al. 2017 compilation (LinkageMapIinfo2.csv)
ott679189,Corchorus capsularis,habitat,terrestrial,categorical,Stapley et al. 2017 compilation (LinkageMapIinfo2.csv)
ott679189,Corchorus capsularis,leaf_compoundness,simple,categorical,Stapley et al. 2017 compilation (LinkageMapIinfo2.csv)
ott679189,Corchorus capsularis,leaf_type,broadleaved,categorical,Stapley et al. 2017 compilation (LinkageMapIinfo2.csv)
ott679189,Corchorus capsularis,parasitic_or_pathogenic,false,boolean,Stapley et al. 2017 compilation (LinkageMapIinfo2.csv)
ott679189,Corchorus capsularis,photosynthetic_pathway,C3,categorical,Stapley et al. 2017 compilation (LinkageMapIinfo2.csv)
ott679189,Corchorus capsularis,plant_growth_form,herb,categorical,Stapley et al. 2017 compilation (LinkageMapIinfo2.csv)
ott679189,Corchorus capsularis,woodiness,non-woody,categorical,Stapley et al. 2017 compilation (LinkageMapIinfo2.csv)
ott578269,Corchorus olitorius,domestication_status,Domesticated,categorical,Stapley et al. 2017 compilation (LinkageMapIinfo2.csv)
ott578269,Corchorus olitorius,habitat,terrestrial,categorical,Stapley et al. 2017 compilation (LinkageMapIinfo2.csv)
ott578269,Corchorus olitorius,leaf_compoundness,simple,categorical,Stapley et al. 2017 compilation (LinkageMapIinfo2.csv)
ott578269,Corchorus olitorius,leaf_phenology,evergreen,categorical,Stapley et al. 2017 compilation (LinkageMapIinfo2.csv)
ott578269,Corchorus olitorius,leaf_type,broadleaved,categorical,Stapley et al. 2017 compilation (LinkageMapIinfo2.csv)
ott578269,Corchorus olitorius,parasitic_or_pathogenic,false,boolean,Stapley et al. 2017 compilation (LinkageMapIinfo2.csv)
ott578269,Corchorus olitorius,photosynthetic_pathway,C3,categorical,Stapley et al. 2017 compilation (LinkageMapIinfo2.csv)
ott578269,Corchorus olitorius,plant_growth_form,herb,categorical,Stapley et al. 2017 compilation (LinkageMapIinfo2.csv)
ott578269,Corchorus olitorius,recombination_index_chiasma,13.65,numeric,Stapley et al. 2017 compilation (LinkageMapIinfo2.csv)
ott578269,Corchorus olitorius,recombination_index_haploid,7.0,numeric,Stapley et al. 2017 compilation (LinkageMapIinfo2.csv)
ott578269,Corchorus olitorius,woodiness,non-woody,categorical,Stapley et al. 2017 compilation (LinkageMapIinfo2.csv)
ott629345,Coregonus clupeaformis,habitat,aquatic,categorical,Stapley et al. 2017 compilation (LinkageMapIinfo2.csv)
ott629345,Coregonus clupeaformis,haplodiploid,false,boolean,Stapley et al. 2017 compilation (LinkageMapIinfo2.csv)
ott629345,Coregonus clupeaformis,invasive,false,boolean,Stapley et al. 2017 compilation (LinkageMapIinfo2.csv)
ott629345,Coregonus clupeaformis,parasitic_or_pathogenic,false,boolean,Stapley et al. 2017 compilation (LinkageMapIinfo2.csv)
ott148264,Cornus florida,genus_n_dioecious_species,1.0,numeric,Stapley et al. 2017 compilation (LinkageMapIinfo2.csv)
ott148264,Cornus florida,genus_n_species,55.0,numeric,Stapley et al. 2017 compilation (LinkageMapIinfo2.csv)
ott148264,Cornus florida,habitat,terrestrial,categorical,Stapley et al. 2017 compilation (LinkageMapIinfo2.csv)
ott148264,Cornus florida,leaf_compoundness,simple,categorical,Stapley et al. 2017 compilation (LinkageMapIinfo2.csv)
ott148264,Cornus florida,leaf_phenology,deciduous,categorical,Stapley et al. 2017 compilation (LinkageMapIinfo2.csv)
ott148264,Cornus florida,leaf_type,broadleaved,categorical,Stapley et al. 2017 compilation (LinkageMapIinfo2.csv)
ott148264,Cornus florida,parasitic_or_pathogenic,false,boolean,Stapley et al. 2017 compilation (LinkageMapIinfo2.csv)
ott148264,Cornus florida,photosynthetic_pathway,C3,categorical,Stapley et al. 2017 compilation (LinkageMapIinfo2.csv)
ott148264,Cornus florida,plant_growth_form,shrub/tree,categorical,Stapley et al. 2017 compilation (LinkageMapIinfo2.csv)
ott148264,Cornus florida,pollination_mode,insects,categorical,Stapley et al. 2017 compilation (LinkageMapIinfo2.csv)
ott148264,Cornus florida,sexual_system,hermaphrodite,categorical,Stapley et al. 2017 compilation (LinkageMapIinfo2.csv)
ott148264,Cornus florida,woodiness,woody,categorical,Stapley et al. 2017 compilation (LinkageMapIinfo2.csv)
ott803622,Coturnix japonica,habitat,terrestrial,categorical,Stapley et al. 2017 compilation (LinkageMapIinfo2.csv)
ott803622,Coturnix japonica,haplodiploid,false,boolean,Stapley et al. 2017 compilation (LinkageMapIinfo2.csv)
ott803622,Coturnix japonica,invasive,false,boolean,Stapley et al. 2017 compilation (LinkageMapIinfo2.csv)
ott803622,Coturnix japonica,parasitic_or_pathogenic,false,boolean,Stapley et al. 2017 compilation (LinkageMapIinfo2.csv)
ott803622,Coturnix japonica,sex_determination_genotypic,FH,categorical,Stapley et al. 2017 compilation (LinkageMapIinfo2.csv)
ott803622,Coturnix japonica,sex_determination_karyotype,ZW,categorical,Stapley et al. 2017 compilation (LinkageMapIinfo2.csv)
ott803622,Coturnix japonica,sexual_system,gonochorous,categorical,Stapley et al. 2017 compilation (LinkageMapIinfo2.csv)
ott987409,Crassostrea gigas,habitat,aquatic,categorical,Stapley et al. 2017 compilation (LinkageMapIinfo2.csv)
ott987409,Crassostrea gigas,invasive,false,boolean,Stapley et al. 2017 compilation (LinkageMapIinfo2.csv)
ott987409,Crassostrea gigas,parasitic_or_pathogenic,false,boolean,Stapley et al. 2017 compilation (LinkageMapIinfo2.csv)
ott987409,Crassostrea gigas,sexual_system,seq.hermaphrodite,categorical,Stapley et al. 2017 compilation (LinkageMapIinfo2.csv)
ott365708,Crassostrea virginica,habitat,aquatic,categorical,Stapley et al. 2017 compilation (LinkageMapIinfo2.csv)
ott365708,Crassostrea virginica,heterochiasmy,H,categorical,Stapley et al. 2017 compilation (LinkageMapIinfo2.csv)
ott365708,Crassostrea virginica,invasive,false,boolean,Stapley et al. 2017 compilation (LinkageMapIinfo2.csv)
ott365708,Crassostrea virginica,parasitic_or_pathogenic,false,boolean,Stapley et al. 2017 compilation (LinkageMapIinfo2.csv)
ott35872,Crocodylus porosus,habitat,aquatic,categorical,Stapley et al. 2017 compilation (LinkageMapIinfo2.csv)
ott35872,Crocodylus porosus,haplodiploid,false,boolean,Stapley et al. 2017 compilation (LinkageMapIinfo2.csv)
ott35872,Crocodylus porosus,heterochiasmy,H,categorical,Stapley et al. 2017 compilation (LinkageMapIinfo2.csv)
ott35872,Crocodylus porosus,invasive,false,boolean,Stapley et al. 2017 compilation (LinkageMapIinfo2.csv)
ott35872,Crocodylus porosus,parasitic_or_pathogenic,false,boolean,Stapley et al. 2017 compilation (LinkageMapIinfo2.csv)
ott35872,Crocodylus porosus,sexual_system,gonochorous,categorical,Stapley et al. 2017 compilation (LinkageMapIinfo2.csv)
ott48333,Cryptococcus neoformans,host_type,animals,categorical,Stapley et al. 2017 compilation (LinkageMapIinfo2.csv)
ott48333,Cryptococcus neoformans,parasitic_or_pathogenic,true,boolean,Stapley et al. 2017 compilation (LinkageMapIinfo2.csv)
ott620749,Cryptomeria japonica,habitat,terrestrial,categorical,Stapley et al. 2017 compilation (LinkageMapIinfo2.csv)
ott620749,Cryptomeria japonica,leaf_compoundness,simple,categorical,Stapley et al. 2017 compilation (LinkageMapIinfo2.csv)
ott620749,Cryptomeria japonica,leaf_phenology,evergreen,categorical,Stapley et al. 2017 compilation (LinkageMapIinfo2.csv)
ott620749,Cryptomeria japonica,leaf_type,needleleaved,categorical,Stapley et al. 2017 compilation (LinkageMapIinfo2.csv)
ott620749,Cryptomeria japonica,parasitic_or_pathogenic,false,boolean,Stapley et al. 2017 compilation (LinkageMapIinfo2.csv)
ott620749,Cryptomeria japonica,photosynthetic_pathway,C3,categorical,Stapley et al. 2017 compilation (LinkageMapIinfo2.csv)
ott620749,Cryptomeria japonica,plant_growth_form,tree,categorical,Stapley et al. 2017 compilation (LinkageMapIinfo2.csv)
ott620749,Cryptomeria japonica,woodiness,woody,categorical,Stapley et al. 2017 compilation (LinkageMapIinfo2.csv)
ott1005936,Ctenopharyngodon idella,habitat,aquatic,categorical,Stapley et al. 2017 compilation (LinkageMapIinfo2.csv)
ott1005936,Ctenopharyngodon idella,haplodiploid,false,boolean,Stapley et al. 2017 compilation (LinkageMapIinfo2.csv)
ott1005936,Ctenopharyngodon idella,heterochiasmy,H,categorical,Stapley et al. 2017 compilation (LinkageMapIinfo2.csv)
ott1005936,Ctenopharyngodon idella,invasive,true,boolean,Stapley et al. 2017 compilation (LinkageMapIinfo2.csv)
ott1005936,Ctenopharyngodon idella,parasitic_or_pathogenic,false,boolean,Stapley et al. 2017 compilation (LinkageMapIinfo2.csv)
ott1005936,Ctenopharyngodon idella,sex_determination_genotypic,MH,categorical,Stapley et al. 2017 compilation (LinkageMapIinfo2.csv)
ott1005936,Ctenopharyngodon idella,sex_determination_karyotype,H,categorical,Stapley et al. 2017 compilation (LinkageMapIinfo2.csv)
ott1005936,Ctenopharyngodon idella,sexual_system,gonochorous,categorical,Stapley et al. 2017 compilation (LinkageMapIinfo2.csv)
ott1006256,Cucumis melo,domestication_status,Domesticated,categorical,Stapley et al. 2017 compilation (LinkageMapIinfo2.csv)
ott1006256,Cucumis melo,genus_n_dioecious_species,25.0,numeric,Stapley et al. 2017 compilation (LinkageMapIinfo2.csv)
ott1006256,Cucumis melo,genus_n_species,66.0,numeric,Stapley et al. 2017 compilation (LinkageMapIinfo2.csv)
ott1006256,Cucumis melo,habitat,terrestrial,categorical,Stapley et al. 2017 compilation (LinkageMapIinfo2.csv)
ott1006256,Cucumis melo,leaf_compoundness,simple,categorical,Stapley et al. 2017 compilation (LinkageMapIinfo2.csv)
ott1006256,Cucumis melo,leaf_type,broadleaved,categorical,Stapley et al. 2017 compilation (LinkageMapIinfo2.csv)
ott1006256,Cucumis melo,parasitic_or_pathogenic,false,boolean,Stapley et al. 2017 compilation (LinkageMapIinfo2.csv)
ott1006256,Cucumis melo,photosynthetic_pathway,C3,categorical,Stapley et al. 2017 compilation (LinkageMapIinfo2.csv)
ott1006256,Cucumis melo,plant_growth_form,herb,categorical,Stapley et al. 2017 compilation (LinkageMapIinfo2.csv)
ott1006256,Cucumis melo,pollination_mode,insects,categorical,Stapley et al. 2017 compilation (LinkageMapIinfo2.csv)
ott1006256,Cucumis melo,recombination_index_haploid,12.0,numeric,Stapley et al. 2017 compilation (LinkageMapIinfo2.csv)
ott1006256,Cucumis melo,selfing,both,categorical,Stapley et al. 2017 compilation (LinkageMapIinfo2.csv)
ott1006256,Cucumis melo,sexual_system,monoecious,categorical,Stapley et al. 2017 compilation (LinkageMapIinfo2.csv)
ott1006256,Cucumis melo,woodiness,non-woody,categorical,Stapley et al. 2017 compilation (LinkageMapIinfo2.csv)
ott1006246,Cucumis sativus,domestication_status,Domesticated,categorical,Stapley et al. 2017 compilation (LinkageMapIinfo2.csv)
ott1006246,Cucumis sativus,genus_n_dioecious_species,25.0,numeric,Stapley et al. 2017 compilation (LinkageMapIinfo2.csv)
ott1006246,Cucumis sativus,genus_n_species,66.0,numeric,Stapley et al. 2017 compilation (LinkageMapIinfo2.csv)
ott1006246,Cucumis sativus,habitat,terrestrial,categorical,Stapley et al. 2017 compilation (LinkageMapIinfo2.csv)
ott1006246,Cucumis sativus,leaf_compoundness,simple,categorical,Stapley et al. 2017 compilation (LinkageMapIinfo2.csv)
ott1006246,Cucumis sativus,leaf_type,broadleaved,categorical,Stapley et al. 2017 compilation (LinkageMapIinfo2.csv)
ott1006246,Cucumis sativus,parasitic_or_pathogenic,false,boolean,Stapley et al. 2017 compilation (LinkageMapIinfo2.csv)
ott1006246,Cucumis sativus,photosynthetic_pathway,C3,categorical,Stapley et al. 2017 compilation (LinkageMapIinfo2.csv)
ott1006246,Cucumis sativus,plant_growth_form,herb,categorical,Stapley et al. 2017 compilation (LinkageMapIinfo2.csv)
ott1006246,Cucumis sativus,pollination_mode,insects,categorical,Stapley et al. 2017 compilation (LinkageMapIinfo2.csv)
ott1006246,Cucumis sativus,recombination_index_chiasma,15.8,numeric,Stapley et al. 2017 compilation (LinkageMapIinfo2.csv)
ott1006246,Cucumis sativus,recombination_index_haploid,7.0,numeric,Stapley et al. 2017 compilation (LinkageMapIinfo2.csv)
ott1006246,Cucumis sativus,sexual_system,monoecious,categorical,Stapley et al. 2017 compilation (LinkageMapIinfo2.csv)
ott1006246,Cucumis sativus,woodiness,non-woody,categorical,Stapley et al. 2017 compilation (LinkageMapIinfo2.csv)
ott379272,Cucurbita maxima,habitat,terrestrial,categorical,Stapley et al. 2017 compilation (LinkageMapIinfo2.csv)
ott379272,Cucurbita maxima,parasitic_or_pathogenic,false,boolean,Stapley et al. 2017 compilation (LinkageMapIinfo2.csv)
ott379272,Cucurbita maxima,sexual_system,monoecious,categorical,Stapley et al. 2017 compilation (LinkageMapIinfo2.csv)
ott84409,Cucurbita moschata,habitat,terrestrial,categorical,Stapley et al. 2017 compilation (LinkageMapIinfo2.csv)
ott84409,Cucurbita moschata,leaf_compoundness,simple,categorical,Stapley et al. 2017 compilation (LinkageMapIinfo2.csv)
ott84409,Cucurbita moschata,leaf_type,broadleaved,categorical,Stapley et al. 2017 compilation (LinkageMapIinfo2.csv)
ott84409,Cucurbita moschata,parasitic_or_pathogenic,false,boolean,Stapley et al. 2017 compilation (LinkageMapIinfo2.csv)
ott84409,Cucurbita moschata,plant_growth_form,herb,categorical,Stapley et al. 2017 compilation (LinkageMapIinfo2.csv)
ott84409,Cucurbita moschata,sexual_system,monoecious,categorical,Stapley et al. 2017 compilation (LinkageMapIinfo2.csv)
ott84409,Cucurbita moschata,woodiness,non-woody,categorical,Stapley et al. 2017 compilation (LinkageMapIinfo2.csv)
ott379282,Cucurbita pepo,habitat,terrestrial,categorical,Stapley et al. 2017 compilation (LinkageMapIinfo2.csv)
ott379282,Cucurbita pepo,leaf_compoundness,simple,categorical,Stapley et al. 2017 compilation (LinkageMapIinfo2.csv)
ott379282,Cucurbita pepo,leaf_type,broadleaved,categorical,Stapley et al. 2017 compilation (LinkageMapIinfo2.csv)
ott379282,Cucurbita pepo,parasitic_or_pathogenic,false,boolean,Stapley et al. 2017 compilation (LinkageMapIinfo2.csv)
ott379282,Cucurbita pepo,photosynthetic_pathway,C3,categorical,Stapley et al. 2017 compilation (LinkageMapIinfo2.csv)
ott379282,Cucurbita pepo,plant_growth_form,herb,categorical,Stapley et al. 2017 compilation (LinkageMapIinfo2.csv)
ott379282,Cucurbita pepo,woodiness,non-woody,categorical,Stapley et al. 2017 compilation (LinkageMapIinfo2.csv)
ott218684,Culex pipiens,habitat,terrestrial,categorical,Stapley et al. 2017 compilation (LinkageMapIinfo2.csv)
ott218684,Culex pipiens,haplodiploid,false,boolean,Stapley et al. 2017 compilation (LinkageMapIinfo2.csv)
ott218684,Culex pipiens,invasive,false,boolean,Stapley et al. 2017 compilation (LinkageMapIinfo2.csv)
ott218684,Culex pipiens,parasitic_or_pathogenic,false,boolean,Stapley et al. 2017 compilation (LinkageMapIinfo2.csv)
ott218684,Culex pipiens,sexual_system,gonochorous,categorical,Stapley et al. 2017 compilation (LinkageMapIinfo2.csv)
ott204596,Culex tarsalis,habitat,terrestrial,categorical,Stapley et al. 2017 compilation (LinkageMapIinfo2.csv)
ott204596,Culex tarsalis,haplodiploid,false,boolean,Stapley et al. 2017 compilation (LinkageMapIinfo2.csv)
ott204596,Culex tarsalis,invasive,false,boolean,Stapley et al. 2017 compilation (LinkageMapIinfo2.csv)
ott204596,Culex tarsalis,parasitic_or_pathogenic,false,boolean,Stapley et al. 2017 compilation (LinkageMapIinfo2.csv)
ott204596,Culex tarsalis,sex_determination_genotypic,MH,categorical,Stapley et al. 2017 compilation (LinkageMapIinfo2.csv)
ott204596,Culex tarsalis,sex_determination_karyotype,XY,categorical,Stapley et al. 2017 compilation (LinkageMapIinfo2.csv)
ott204596,Culex tarsalis,sexual_system,gonochorous,categorical,Stapley et al. 2017 compilation (LinkageMapIinfo2.csv)
ott746120,Cyanistes caeruleus,habitat,terrestrial,categorical,Stapley et al. 2017 compilation (LinkageMapIinfo2.csv)
ott746120,Cyanistes caeruleus,haplodiploid,false,boolean,Stapley et al. 2017 compilation (LinkageMapIinfo2.csv)
ott746120,Cyanistes caeruleus,invasive,false,boolean,Stapley et al. 2017 compilation (LinkageMapIinfo2.csv)
ott746120,Cyanistes caeruleus,parasitic_or_pathogenic,false,boolean,Stapley et al. 2017 compilation (LinkageMapIinfo2.csv)
ott746120,Cyanistes caeruleus,sex_determination_genotypic,FH,categorical,Stapley et al. 2017 compilation (LinkageMapIinfo2.csv)
ott746120,Cyanistes caeruleus,sex_determination_karyotype,ZW,categorical,Stapley et al. 2017 compilation (LinkageMapIinfo2.csv)
ott746120,Cyanistes caeruleus,sexual_system,gonochorous,categorical,Stapley et al. 2017 compilation (LinkageMapIinfo2.csv)
ott991885,Cynara cardunculus,habitat,terrestrial,categorical,Stapley et al. 2017 compilation (LinkageMapIinfo2.csv)
ott991885,Cynara cardunculus,heterochiasmy,H,categorical,Stapley et al. 2017 compilation (LinkageMapIinfo2.csv)
ott991885,Cynara cardunculus,parasitic_or_pathogenic,false,boolean,Stapley et al. 2017 compilation (LinkageMapIinfo2.csv)
ott927435,Cynodon dactylon,habitat,terrestrial,categorical,Stapley et al. 2017 compilation (LinkageMapIinfo2.csv)
ott927435,Cynodon dactylon,leaf_compoundness,simple,categorical,Stapley et al. 2017 compilation (LinkageMapIinfo2.csv)
ott927435,Cynodon dactylon,leaf_type,broadleaved,categorical,Stapley et al. 2017 compilation (LinkageMapIinfo2.csv)
ott927435,Cynodon dactylon,parasitic_or_pathogenic,false,boolean,Stapley et al. 2017 compilation (LinkageMapIinfo2.csv)
ott927435,Cynodon dactylon,photosynthetic_pathway,C4,categorical,Stapley et al. 2017 compilation (LinkageMapIinfo2.csv)
ott927435,Cynodon dactylon,plant_growth_form,graminoid,categorical,Stapley et al. 2017 compilation (LinkageMapIinfo2.csv)
ott927435,Cynodon dactylon,woodiness,non-woody,categorical,Stapley et al. 2017 compilation (LinkageMapIinfo2.csv)
ott906506,Cynoglossus semilaevis,habitat,aquatic,categorical,Stapley et al. 2017 compilation (LinkageMapIinfo2.csv)
ott906506,Cynoglossus semilaevis,haplodiploid,false,boolean,Stapley et al. 2017 compilation (LinkageMapIinfo2.csv)
ott906506,Cynoglossus semilaevis,heterochiasmy,H,categorical,Stapley et al. 2017 compilation (LinkageMapIinfo2.csv)
ott906506,Cynoglossus semilaevis,invasive,false,boolean,Stapley et al. 2017 compilation (LinkageMapIinfo2.csv)
ott906506,Cynoglossus semilaevis,parasitic_or_pathogenic,false,boolean,Stapley et al. 2017 compilation (LinkageMapIinfo2.csv)
ott906506,Cynoglossus semilaevis,sex_determination_genotypic,FH,categorical,Stapley et al. 2017 compilation (LinkageMapIinfo2.csv)
ott906506,Cynoglossus semilaevis,sex_determination_karyotype,ZW,categorical,Stapley et al. 2017 compilation (LinkageMapIinfo2.csv)
ott906506,Cynoglossus semilaevis,sexual_system,gonochorous,categorical,Stapley et al. 2017 compilation (LinkageMapIinfo2.csv)
ott429083,Cyprinus carpio,habitat,aquatic,categorical,Stapley et al. 2017 compilation (LinkageMapIinfo2.csv)
ott429083,Cyprinus carpio,haplodiploid,false,boolean,Stapley et al. 2017 compilation (LinkageMapIinfo2.csv)
ott429083,Cyprinus carpio,invasive,true,boolean,Stapley et al. 2017 compilation (LinkageMapIinfo2.csv)
ott429083,Cyprinus carpio,parasitic_or_pathogenic,false,boolean,Stapley et al. 2017 compilation (LinkageMapIinfo2.csv)
ott429083,Cyprinus carpio,sex_determination_genotypic,MH,categorical,Stapley et al. 2017 compilation (LinkageMapIinfo2.csv)
ott429083,Cyprinus carpio,sex_determination_karyotype,XY,categorical,Stapley et al. 2017 compilation (LinkageMapIinfo2.csv)
ott429083,Cyprinus carpio,sexual_system,gonochorous,categorical,Stapley et al. 2017 compilation (LinkageMapIinfo2.csv)
ott83469,Dactylis glomerata,habitat,terrestrial,categorical,Stapley et al. 2017 compilation (LinkageMapIinfo2.csv)
ott83469,Dactylis glomerata,leaf_compoundness,simple,categorical,Stapley et al. 2017 compilation (LinkageMapIinfo2.csv)
ott83469,Dactylis glomerata,leaf_type,broadleaved,categorical,Stapley et al. 2017 compilation (LinkageMapIinfo2.csv)
ott83469,Dactylis glomerata,parasitic_or_pathogenic,false,boolean,Stapley et al. 2017 compilation (LinkageMapIinfo2.csv)
ott83469,Dactylis glomerata,photosynthetic_pathway,C3,categorical,Stapley et al. 2017 compilation (LinkageMapIinfo2.csv)
ott83469,Dactylis glomerata,plant_growth_form,graminoid,categorical,Stapley et al. 2017 compilation (LinkageMapIinfo2.csv)
ott83469,Dactylis glomerata,sexual_system,hermaphrodite,categorical,Stapley et al. 2017 compilation (LinkageMapIinfo2.csv)
ott83469,Dactylis glomerata,woodiness,non-woody,categorical,Stapley et al. 2017 compilation (LinkageMapIinfo2.csv)
ott1005914,Danio rerio,habitat,aquatic,categorical,Stapley et al. 2017 compilation (LinkageMapIinfo2.csv)
ott1005914,Danio rerio,haplodiploid,false,boolean,Stapley et al. 2017 compilation (LinkageMapIinfo2.csv)
ott1005914,Danio rerio,invasive,false,boolean,Stapley et al. 2017 compilation (LinkageMapIinfo2.csv)
ott1005914,Danio rerio,parasitic_or_pathogenic,false,boolean,Stapley et al. 2017 compilation (LinkageMapIinfo2.csv)
ott1005914,Danio rerio,sex_determination_karyotype,H,categorical,Stapley et al. 2017 compilation (LinkageMapIinfo2.csv)
ott1005914,Danio rerio,sexual_system,gonochorous,categorical,Stapley et al. 2017 compilation (LinkageMapIinfo2.csv)
ott668392,Daphnia magna,habitat,aquatic,categorical,Stapley et al. 2017 compilation (LinkageMapIinfo2.csv)
ott668392,Daphnia magna,haplodiploid,false,boolean,Stapley et al. 2017 compilation (LinkageMapIinfo2.csv)
ott668392,Daphnia magna,invasive,false,boolean,Stapley et al. 2017 compilation (LinkageMapIinfo2.csv)
ott668392,Daphnia magna,parasitic_or_pathogenic,false,boolean,Stapley et al. 2017 compilation (LinkageMapIinfo2.csv)
ott668392,Daphnia magna,sexual_system,parthenogenic,categorical,Stapley et al. 2017 compilation (LinkageMapIinfo2.csv)
ott59086,Daphnia pulex,habitat,aquatic,categorical,Stapley et al. 2017 compilation (LinkageMapIinfo2.csv)
ott59086,Daphnia pulex,haplodiploid,false,boolean,Stapley et al. 2017 compilation (LinkageMapIinfo2.csv)
ott59086,Daphnia pulex,invasive,false,boolean,Stapley et al. 2017 compilation (LinkageMapIinfo2.csv)
ott59086,Daphnia pulex,parasitic_or_pathogenic,false,boolean,Stapley et al. 2017 compilation (LinkageMapIinfo2.csv)
ott59086,Daphnia pulex,sexual_system,parthenogenic,categorical,Stapley et al. 2017 compilation (LinkageMapIinfo2.csv)
ott372836,Daucus carota,domestication_status,Domesticated,categorical,Stapley et al. 2017 compilation (LinkageMapIinfo2.csv)
ott372836,Daucus carota,habitat,terrestrial,categorical,Stapley et al. 2017 compilation (LinkageMapIinfo2.csv)
ott372836,Daucus carota,leaf_compoundness,compound,categorical,Stapley et al. 2017 compilation (LinkageMapIinfo2.csv)
ott372836,Daucus carota,leaf_type,broadleaved,categorical,Stapley et al. 2017 compilation (LinkageMapIinfo2.csv)
ott372836,Daucus carota,parasitic_or_pathogenic,false,boolean,Stapley et al. 2017 compilation (LinkageMapIinfo2.csv)
ott372836,Daucus carota,photosynthetic_pathway,C3,categorical,Stapley et al. 2017 compilation (LinkageMapIinfo2.csv)
ott372836,Daucus carota,plant_growth_form,herb,categorical,Stapley et al. 2017 compilation (LinkageMapIinfo2.csv)
ott372836,Daucus carota,recombination_index_chiasma,16.2,numeric,Stapley et al. 2017 compilation (LinkageMapIinfo2.csv)
ott372836,Daucus carota,recombination_index_haploid,9.0,numeric,Stapley et al. 2017 compilation (LinkageMapIinfo2.csv)
ott372836,Daucus carota,selfing,SC,categorical,Stapley et al. 2017 compilation (LinkageMapIinfo2.csv)
ott372836,Daucus carota,sexual_system,hermaphrodite,categorical,Stapley et al. 2017 compilation (LinkageMapIinfo2.csv)
ott372836,Daucus carota,woodiness,non-woody,categorical,Stapley et al. 2017 compilation (LinkageMapIinfo2.csv)
ott171951,Dendrobium moniliforme,habitat,terrestrial,categorical,Stapley et al. 2017 compilation (LinkageMapIinfo2.csv)
ott171951,Dendrobium moniliforme,parasitic_or_pathogenic,false,boolean,Stapley et al. 2017 compilation (LinkageMapIinfo2.csv)
ott508208,Dendrobium nobile,habitat,terrestrial,categorical,Stapley et al. 2017 compilation (LinkageMapIinfo2.csv)
ott508208,Dendrobium nobile,parasitic_or_pathogenic,false,boolean,Stapley et al. 2017 compilation (LinkageMapIinfo2.csv)
ott7046610,Dendrobium officinale,habitat,terrestrial,categorical,Stapley et al. 2017 compilation (LinkageMapIinfo2.csv)
ott7046610,Dendrobium officinale,parasitic_or_pathogenic,false,boolean,Stapley et al. 2017 compilation (LinkageMapIinfo2.csv)
ott842200,Dianthus caryophyllus,habitat,terrestrial,categorical,Stapley et al. 2017 compilation (LinkageMapIinfo2.csv)
ott842200,Dianthus caryophyllus,leaf_compoundness,simple,categorical,Stapley et al. 2017 compilation (LinkageMapIinfo2.csv)
ott842200,Dianthus caryophyllus,leaf_type,broadleaved,categorical,Stapley et al. 2017 compilation (LinkageMapIinfo2.csv)
ott842200,Dianthus caryophyllus,parasitic_or_pathogenic,false,boolean,Stapley et al. 2017 compilation (LinkageMapIinfo2.csv)
ott842200,Dianthus caryophyllus,photosynthetic_pathway,C3,categorical,Stapley et al. 2017 compilation (LinkageMapIinfo2.csv)
ott842200,Dianthus caryophyllus,plant_growth_form,herb,categorical,Stapley et al. 2017 compilation (LinkageMapIinfo2.csv)
ott842200,Dianthus caryophyllus,woodiness,non-woody,categorical,Stapley et al. 2017 compilation (LinkageMapIinfo2.csv)
ott3549,Dicentrarchus labrax,habitat,aquatic,categorical,Stapley et al. 2017 compilation (LinkageMapIinfo2.csv)
ott3549,Dicentrarchus labrax,haplodiploid,false,boolean,Stapley et al. 2017 compilation (LinkageMapIinfo2.csv)
ott3549,Dicentrarchus labrax,heterochiasmy,H,categorical,Stapley et al. 2017 compilation (LinkageMapIinfo2.csv)
ott3549,Dicentrarchus labrax,invasive,false,boolean,Stapley et al. 2017 compilation (LinkageMapIinfo2.csv)
ott3549,Dicentrarchus labrax,parasitic_or_pathogenic,false,boolean,Stapley et al. 2017 compilation (LinkageMapIinfo2.csv)
ott327730,Drosophila mediopunctata,habitat,terrestrial,categorical,Stapley et al. 2017 compilation (LinkageMapIinfo2.csv)
ott327730,Drosophila mediopunctata,haplodiploid,false,boolean,Stapley et al. 2017 compilation (LinkageMapIinfo2.csv)
ott327730,Drosophila mediopunctata,heterochiasmy,A,categorical,Stapley et al. 2017 compilation (LinkageMapIinfo2.csv)
ott327730,Drosophila mediopunctata,invasive,false,boolean,Stapley et al. 2017 compilation (LinkageMapIinfo2.csv)
ott327730,Drosophila mediopunctata,parasitic_or_pathogenic,false,boolean,Stapley et al. 2017 compilation (LinkageMapIinfo2.csv)
ott327730,Drosophila mediopunctata,sex_determination_genotypic,MH,categorical,Stapley et al. 2017 compilation (LinkageMapIinfo2.csv)
ott327730,Drosophila mediopunctata,sex_determination_karyotype,XY,categorical,Stapley et al. 2017 compilation (LinkageMapIinfo2.csv)
ott327730,Drosophila mediopunctata,sexual_system,gonochorous,categorical,Stapley et al. 2017 compilation (LinkageMapIinfo2.csv)
ott505714,Drosophila melanogaster,habitat,terrestrial,categorical,Stapley et al. 2017 compilation (LinkageMapIinfo2.csv)
ott505714,Drosophila melanogaster,haplodiploid,false,boolean,Stapley et al. 2017 compilation (LinkageMapIinfo2.csv)
ott505714,Drosophila melanogaster,heterochiasmy,A,categorical,Stapley et al. 2017 compilation (LinkageMapIinfo2.csv)
ott505714,Drosophila melanogaster,invasive,false,boolean,Stapley et al. 2017 compilation (LinkageMapIinfo2.csv)
ott505714,Drosophila melanogaster,parasitic_or_pathogenic,false,boolean,Stapley et al. 2017 compilation (LinkageMapIinfo2.csv)
ott505714,Drosophila melanogaster,sex_determination_genotypic,MH,categorical,Stapley et al. 2017 compilation (LinkageMapIinfo2.csv)
ott505714,Drosophila melanogaster,sex_determination_karyotype,XY,categorical,Stapley et al. 2017 compilation (LinkageMapIinfo2.csv)
ott505714,Drosophila melanogaster,sexual_system,gonochorous,categorical,Stapley et al. 2017 compilation (LinkageMapIinfo2.csv)
ott1082272,Drosophila pseudoobscura,habitat,terrestrial,categorical,Stapley et al. 2017 compilation (LinkageMapIinfo2.csv)
ott1082272,Drosophila pseudoobscura,haplodiploid,false,boolean,Stapley et al. 2017 compilation (LinkageMapIinfo2.csv)
ott1082272,Drosophila pseudoobscura,heterochiasmy,A,categorical,Stapley et al. 2017 compilation (LinkageMapIinfo2.csv)
ott1082272,Drosophila pseudoobscura,invasive,false,boolean,Stapley et al. 2017 compilation (LinkageMapIinfo2.csv)
ott1082272,Drosophila pseudoobscura,parasitic_or_pathogenic,false,boolean,Stapley et al. 2017 compilation (LinkageMapIinfo2.csv)
ott1082272,Drosophila pseudoobscura,sex_determination_genotypic,MH,categorical,Stapley et al. 2017 compilation (LinkageMapIinfo2.csv)
ott1082272,Drosophila pseudoobscura,sex_determination_karyotype,XY,categorical,Stapley et al. 2017 compilation (LinkageMapIinfo2.csv)
ott1082272,Drosophila pseudoobscura,sexual_system,gonochorous,categorical,Stapley et al. 2017 compilation (LinkageMapIinfo2.csv)
ott86632,Drosophila serrata,habitat,terrestrial,categorical,Stapley et al. 2017 compilation (LinkageMapIinfo2.csv)
ott86632,Drosophila serrata,haplodiploid,false,boolean,Stapley et al. 2017 compilation (LinkageMapIinfo2.csv)
ott86632,Drosophila serrata,heterochiasmy,A,categorical,Stapley et al. 2017 compilation (LinkageMapIinfo2.csv)
ott86632,Drosophila serrata,invasive,false,boolean,Stapley et al. 2017 compilation (LinkageMapIinfo2.csv)
ott86632,Drosophila serrata,parasitic_or_pathogenic,false,boolean,Stapley et al. 2017 compilation (LinkageMapIinfo2.csv)
ott86632,Drosophila serrata,sex_determination_genotypic,MH,categorical,Stapley et al. 2017 compilation (LinkageMapIinfo2.csv)
ott86632,Drosophila serrata,sex_determination_karyotype,XY,categorical,Stapley et al. 2017 compilation (LinkageMapIinfo2.csv)
ott86632,Drosophila serrata,sexual_system,gonochorous,categorical,Stapley et al. 2017 compilation (LinkageMapIinfo2.csv)
ott878345,Ectocarpus siliculosus,habitat,aquatic,categorical,Stapley et al. 2017 compilation (LinkageMapIinfo2.csv)
ott878345,Ectocarpus siliculosus,parasitic_or_pathogenic,false,boolean,Stapley et al. 2017 compilation (LinkageMapIinfo2.csv)
ott775254,Eimeria maxima,host_type,animals,categorical,Stapley et al. 2017 compilation (LinkageMapIinfo2.csv)
ott775254,Eimeria maxima,parasitic_or_pathogenic,true,boolean,Stapley et al. 2017 compilation (LinkageMapIinfo2.csv)
ott775246,Eimeria tenella,host_type,animals,categorical,Stapley et al. 2017 compilation (LinkageMapIinfo2.csv)
ott775246,Eimeria tenella,parasitic_or_pathogenic,true,boolean,Stapley et al. 2017 compilation (LinkageMapIinfo2.csv)
ott947656,Elaeis guineensis,habitat,terrestrial,categorical,Stapley et al. 2017 compilation (LinkageMapIinfo2.csv)
ott947656,Elaeis guineensis,leaf_compoundness,compound,categorical,Stapley et al. 2017 compilation (LinkageMapIinfo2.csv)
ott947656,Elaeis guineensis,leaf_phenology,evergreen,categorical,Stapley et al. 2017 compilation (LinkageMapIinfo2.csv)
ott947656,Elaeis guineensis,leaf_type,broadleaved,categorical,Stapley et al. 2017 compilation (LinkageMapIinfo2.csv)
ott947656,Elaeis guineensis,parasitic_or_pathogenic,false,boolean,Stapley et al. 2017 compilation (LinkageMapIinfo2.csv)
ott947656,Elaeis guineensis,photosynthetic_pathway,C3,categorical,Stapley et al. 2017 compilation (LinkageMapIinfo2.csv)
ott947656,Elaeis guineensis,plant_growth_form,tree,categorical,Stapley et al. 2017 compilation (LinkageMapIinfo2.csv)
ott947656,Elaeis guineensis,sexual_system,monoecious,categorical,Stapley et al. 2017 compilation (LinkageMapIinfo2.csv)
ott947656,Elaeis guineensis,woodiness,woody,categorical,Stapley et al. 2017 compilation (LinkageMapIinfo2.csv)
ott210313,Elaeis oleifera,habitat,terrestrial,categorical,Stapley et al. 2017 compilation (LinkageMapIinfo2.csv)
ott210313,Elaeis oleifera,leaf_compoundness,compound,categorical,Stapley et al. 2017 compilation (LinkageMapIinfo2.csv)
ott210313,Elaeis oleifera,leaf_phenology,evergreen,categorical,Stapley et al. 2017 compilation (LinkageMapIinfo2.csv)
ott210313,Elaeis oleifera,leaf_type,broadleaved,categorical,Stapley et al. 2017 compilation (LinkageMapIinfo2.csv)
ott210313,Elaeis oleifera,parasitic_or_pathogenic,false,boolean,Stapley et al. 2017 compilation (LinkageMapIinfo2.csv)
ott210313,Elaeis oleifera,photosynthetic_pathway,C3,categorical,Stapley et al. 2017 compilation (LinkageMapIinfo2.csv)
ott210313,Elaeis oleifera,plant_growth_form,tree,categorical,Stapley et al. 2017 compilation (LinkageMapIinfo2.csv)
ott210313,Elaeis oleifera,woodiness,woody,categorical,Stapley et al. 2017 compilation (LinkageMapIinfo2.csv)
ott173152,Elymus lanceolatus,habitat,terrestrial,categorical,Stapley et al. 2017 compilation (LinkageMapIinfo2.csv)
ott173152,Elymus lanceolatus,parasitic_or_pathogenic,false,boolean,Stapley et al. 2017 compilation (LinkageMapIinfo2.csv)
ott306171,Epinephelus aeneus,habitat,aquatic,categorical,Stapley et al. 2017 compilation (LinkageMapIinfo2.csv)
ott306171,Epinephelus aeneus,haplodiploid,false,boolean,Stapley et al. 2017 compilation (LinkageMapIinfo2.csv)
ott306171,Epinephelus aeneus,heterochiasmy,H,categorical,Stapley et al. 2017 compilation (LinkageMapIinfo2.csv)
ott306171,Epinephelus aeneus,invasive,false,boolean,Stapley et al. 2017 compilation (LinkageMapIinfo2.csv)
ott306171,Epinephelus aeneus,parasitic_or_pathogenic,false,boolean,Stapley et al. 2017 compilation (LinkageMapIinfo2.csv)
ott306171,Epinephelus aeneus,sexual_system,hermaphrodite,categorical,Stapley et al. 2017 compilation (LinkageMapIinfo2.csv)
ott876088,Epinephelus bruneus,habitat,aquatic,categorical,Stapley et al. 2017 compilation (LinkageMapIinfo2.csv)
ott876088,Epinephelus bruneus,haplodiploid,false,boolean,Stapley et al. 2017 compilation (LinkageMapIinfo2.csv)
ott876088,Epinephelus bruneus,heterochiasmy,H,categorical,Stapley et al. 2017 compilation (LinkageMapIinfo2.csv)
ott876088,Epinephelus bruneus,invasive,false,boolean,Stapley et al. 2017 compilation (LinkageMapIinfo2.csv)
ott876088,Epinephelus bruneus,parasitic_or_pathogenic,false,boolean,Stapley et al. 2017 compilation (LinkageMapIinfo2.csv)
ott876088,Epinephelus bruneus,sexual_system,hermaphrodite,categorical,Stapley et al. 2017 compilation (LinkageMapIinfo2.csv)
ott457795,Epinephelus coioides,habitat,aquatic,categorical,Stapley et al. 2017 compilation (LinkageMapIinfo2.csv)
ott457795,Epinephelus coioides,haplodiploid,false,boolean,Stapley et al. 2017 compilation (LinkageMapIinfo2.csv)
ott457795,Epinephelus coioides,heterochiasmy,H,categorical,Stapley et al. 2017 compilation (LinkageMapIinfo2.csv)
ott457795,Epinephelus coioides,invasive,false,boolean,Stapley et al. 2017 compilation (LinkageMapIinfo2.csv)
ott457795,Epinephelus coioides,parasitic_or_pathogenic,false,boolean,Stapley et al. 2017 compilation (LinkageMapIinfo2.csv)
ott457795,Epinephelus coioides,sexual_system,hermaphrodite,categorical,Stapley et al. 2017 compilation (LinkageMapIinfo2.csv)
ott1068218,Equus caballus,habitat,terrestrial,categorical,Stapley et al. 2017 compilation (LinkageMapIinfo2.csv)
ott1068218,Equus caballus,haplodiploid,false,boolean,Stapley et al. 2017 compilation (LinkageMapIinfo2.csv)
ott1068218,Equus caballus,invasive,true,boolean,Stapley et al. 2017 compilation (LinkageMapIinfo2.csv)
ott1068218,Equus caballus,parasitic_or_pathogenic,false,boolean,Stapley et al. 2017 compilation (LinkageMapIinfo2.csv)
ott1068218,Equus caballus,sex_determination_karyotype,XY,categorical,Stapley et al. 2017 compilation (LinkageMapIinfo2.csv)
ott1068218,Equus caballus,sexual_system,gonochorous,categorical,Stapley et al. 2017 compilation (LinkageMapIinfo2.csv)
ott1094963,Eragrostis tef,habitat,terrestrial,categorical,Stapley et al. 2017 compilation (LinkageMapIinfo2.csv)
ott1094963,Eragrostis tef,leaf_compoundness,simple,categorical,Stapley et al. 2017 compilation (LinkageMapIinfo2.csv)
ott1094963,Eragrostis tef,leaf_type,broadleaved,categorical,Stapley et al. 2017 compilation (LinkageMapIinfo2.csv)
ott1094963,Eragrostis tef,parasitic_or_pathogenic,false,boolean,Stapley et al. 2017 compilation (LinkageMapIinfo2.csv)
ott1094963,Eragrostis tef,photosynthetic_pathway,C4,categorical,Stapley et al. 2017 compilation (LinkageMapIinfo2.csv)
ott1094963,Eragrostis tef,plant_growth_form,graminoid,categorical,Stapley et al. 2017 compilation (LinkageMapIinfo2.csv)
ott1094963,Eragrostis tef,woodiness,non-woody,categorical,Stapley et al. 2017 compilation (LinkageMapIinfo2.csv)
ott843929,Eremochloa ophiuroides,habitat,terrestrial,categorical,Stapley et al. 2017 compilation (LinkageMapIinfo2.csv)
ott843929,Eremochloa ophiuroides,leaf_compoundness,simple,categorical,Stapley et al. 2017 compilation (LinkageMapIinfo2.csv)
ott843929,Eremochloa ophiuroides,leaf_type,broadleaved,categorical,Stapley et al. 2017 compilation (LinkageMapIinfo2.csv)
ott843929,Eremochloa ophiuroides,parasitic_or_pathogenic,false,boolean,Stapley et al. 2017 compilation (LinkageMapIinfo2.csv)
ott843929,Eremochloa ophiuroides,photosynthetic_pathway,C4,categorical,Stapley et al. 2017 compilation (LinkageMapIinfo2.csv)
ott843929,Eremochloa ophiuroides,plant_growth_form,graminoid,categorical,Stapley et al. 2017 compilation (LinkageMapIinfo2.csv)
ott843929,Eremochloa ophiuroides,woodiness,non-woody,categorical,Stapley et al. 2017 compilation (LinkageMapIinfo2.csv)
ott207983,Eriobotrya japonica,habitat,terrestrial,categorical,Stapley et al. 2017 compilation (LinkageMapIinfo2.csv)
ott207983,Eriobotrya japonica,leaf_compoundness,simple,categorical,Stapley et al. 2017 compilation (LinkageMapIinfo2.csv)
ott207983,Eriobotrya japonica,leaf_phenology,evergreen,categorical,Stapley et al. 2017 compilation (LinkageMapIinfo2.csv)
ott207983,Eriobotrya japonica,leaf_type,broadleaved,categorical,Stapley et al. 2017 compilation (LinkageMapIinfo2.csv)
ott207983,Eriobotrya japonica,parasitic_or_pathogenic,false,boolean,Stapley et al. 2017 compilation (LinkageMapIinfo2.csv)
ott207983,Eriobotrya japonica,photosynthetic_pathway,C3,categorical,Stapley et al. 2017 compilation (LinkageMapIinfo2.csv)
ott207983,Eriobotrya japonica,plant_growth_form,tree,categorical,Stapley et al. 2017 compilation (LinkageMapIinfo2.csv)
ott207983,Eriobotrya japonica,woodiness,woody,categorical,Stapley et al. 2017 compilation (LinkageMapIinfo2.csv)
ott566723,Eriocheir sinensis,habitat,aquatic,categorical,Stapley et al. 2017 compilation (LinkageMapIinfo2.csv)
ott566723,Eriocheir sinensis,haplodiploid,false,boolean,Stapley et al. 2017 compilation (LinkageMapIinfo2.csv)
ott566723,Eriocheir sinensis,heterochiasmy,H,categorical,Stapley et al. 2017 compilation (LinkageMapIinfo2.csv)
ott566723,Eriocheir sinensis,invasive,false,boolean,Stapley et al. 2017 compilation (LinkageMapIinfo2.csv)
ott566723,Eriocheir sinensis,parasitic_or_pathogenic,false,boolean,Stapley et al. 2017 compilation (LinkageMapIinfo2.csv)
ott566723,Eriocheir sinensis,sex_determination_genotypic,MH,categorical,Stapley et al. 2017 compilation (LinkageMapIinfo2.csv)
ott566723,Eriocheir sinensis,sex_determination_karyotype,ZW,categorical,Stapley et al. 2017 compilation (LinkageMapIinfo2.csv)
ott566723,Eriocheir sinensis,sexual_system,gonochorous,categorical,Stapley et al. 2017 compilation (LinkageMapIinfo2.csv)
ott739941,Esox lucius,habitat,aquatic,categorical,Stapley et al. 2017 compilation (LinkageMapIinfo2.csv)
ott739941,Esox lucius,haplodiploid,false,boolean,Stapley et al. 2017 compilation (LinkageMapIinfo2.csv)
ott739941,Esox lucius,heterochiasmy,H,categorical,Stapley et al. 2017 compilation (LinkageMapIinfo2.csv)
ott739941,Esox lucius,invasive,true,boolean,Stapley et al. 2017 compilation (LinkageMapIinfo2.csv)
ott739941,Esox lucius,parasitic_or_pathogenic,false,boolean,Stapley et al. 2017 compilation (LinkageMapIinfo2.csv)
ott739941,Esox lucius,sexual_system,gonochorous,categorical,Stapley et al. 2017 compilation (LinkageMapIinfo2.csv)
ott505234,Eucalyptus camaldulensis,habitat,terrestrial,categorical,Stapley et al. 2017 compilation (LinkageMapIinfo2.csv)
ott505234,Eucalyptus camaldulensis,leaf_compoundness,simple,categorical,Stapley et al. 2017 compilation (LinkageMapIinfo2.csv)
ott505234,Eucalyptus camaldulensis,leaf_phenology,evergreen,categorical,Stapley et al. 2017 compilation (LinkageMapIinfo2.csv)
ott505234,Eucalyptus camaldulensis,leaf_type,broadleaved,categorical,Stapley et al. 2017 compilation (LinkageMapIinfo2.csv)
ott505234,Eucalyptus camaldulensis,parasitic_or_pathogenic,false,boolean,Stapley et al. 2017 compilation (LinkageMapIinfo2.csv)
ott505234,Eucalyptus camaldulensis,photosynthetic_pathway,C3,categorical,Stapley et al. 2017 compilation (LinkageMapIinfo2.csv)
ott505234,Eucalyptus camaldulensis,plant_growth_form,tree,categorical,Stapley et al. 2017 compilation (LinkageMapIinfo2.csv)
ott505234,Eucalyptus camaldulensis,selfing,SC,categorical,Stapley et al. 2017 compilation (LinkageMapIinfo2.csv)
ott505234,Eucalyptus camaldulensis,woodiness,woody,categorical,Stapley et al. 2017 compilation (LinkageMapIinfo2.csv)
ott847929,Eucalyptus globulus,habitat,terrestrial,categorical,Stapley et al. 2017 compilation (LinkageMapIinfo2.csv)
ott847929,Eucalyptus globulus,heterochiasmy,H,categorical,Stapley et al. 2017 compilation (LinkageMapIinfo2.csv)
ott847929,Eucalyptus globulus,leaf_compoundness,simple,categorical,Stapley et al. 2017 compilation (LinkageMapIinfo2.csv)
ott847929,Eucalyptus globulus,leaf_phenology,evergreen,categorical,Stapley et al. 2017 compilation (LinkageMapIinfo2.csv)
ott847929,Eucalyptus globulus,leaf_type,broadleaved,categorical,Stapley et al. 2017 compilation (LinkageMapIinfo2.csv)
ott847929,Eucalyptus globulus,parasitic_or_pathogenic,false,boolean,Stapley et al. 2017 compilation (LinkageMapIinfo2.csv)
ott847929,Eucalyptus globulus,photosynthetic_pathway,C3,categorical,Stapley et al. 2017 compilation (LinkageMapIinfo2.csv)
ott847929,Eucalyptus globulus,plant_growth_form,tree,categorical,Stapley et al. 2017 compilation (LinkageMapIinfo2.csv)
ott847929,Eucalyptus globulus,selfing,both,categorical,Stapley et al. 2017 compilation (LinkageMapIinfo2.csv)
ott847929,Eucalyptus globulus,woodiness,woody,categorical,Stapley et al. 2017 compilation (LinkageMapIinfo2.csv)
ott40959,Eucalyptus grandis,habitat,terrestrial,categorical,Stapley et al. 2017 compilation (LinkageMapIinfo2.csv)
ott40959,Eucalyptus grandis,leaf_compoundness,simple,categorical,Stapley et al. 2017 compilation (LinkageMapIinfo2.csv)
ott40959,Eucalyptus grandis,leaf_phenology,evergreen,categorical,Stapley et al. 2017 compilation (LinkageMapIinfo2.csv)
ott40959,Eucalyptus grandis,leaf_type,broadleaved,categorical,Stapley et al. 2017 compilation (LinkageMapIinfo2.csv)
ott40959,Eucalyptus grandis,parasitic_or_pathogenic,false,boolean,Stapley et al. 2017 compilation (LinkageMapIinfo2.csv)
ott40959,Eucalyptus grandis,photosynthetic_pathway,C3,categorical,Stapley et al. 2017 compilation (LinkageMapIinfo2.csv)
ott40959,Eucalyptus grandis,plant_growth_form,tree,categorical,Stapley et al. 2017 compilation (LinkageMapIinfo2.csv)
ott40959,Eucalyptus grandis,selfing,SC,categorical,Stapley et al. 2017 compilation (LinkageMapIinfo2.csv)
ott40959,Eucalyptus grandis,woodiness,woody,categorical,Stapley et al. 2017 compilation (LinkageMapIinfo2.csv)
ott173799,Eucalyptus tereticornis,habitat,terrestrial,categorical,Stapley et al. 2017 compilation (LinkageMapIinfo2.csv)
ott173799,Eucalyptus tereticornis,leaf_compoundness,simple,categorical,Stapley et al. 2017 compilation (LinkageMapIinfo2.csv)
ott173799,Eucalyptus tereticornis,leaf_phenology,evergreen,categorical,Stapley et al. 2017 compilation (LinkageMapIinfo2.csv)
ott173799,Eucalyptus tereticornis,leaf_type,broadleaved,categorical,Stapley et al. 2017 compilation (LinkageMapIinfo2.csv)
ott173799,Eucalyptus tereticornis,parasitic_or_pathogenic,false,boolean,Stapley et al. 2017 compilation (LinkageMapIinfo2.csv)
ott173799,Eucalyptus tereticornis,photosynthetic_pathway,C3,categorical,Stapley et al. 2017 compilation (LinkageMapIinfo2.csv)
ott173799,Eucalyptus tereticornis,plant_growth_form,tree,categorical,Stapley et al. 2017 compilation (LinkageMapIinfo2.csv)
ott173799,Eucalyptus tereticornis,woodiness,woody,categorical,Stapley et al. 2017 compilation (LinkageMapIinfo2.csv)
ott1049231,Eucalyptus urophylla,habitat,terrestrial,categorical,Stapley et al. 2017 compilation (LinkageMapIinfo2.csv)
ott1049231,Eucalyptus urophylla,leaf_compoundness,simple,categorical,Stapley et al. 2017 compilation (LinkageMapIinfo2.csv)
ott1049231,Eucalyptus urophylla,leaf_phenology,evergreen,categorical,Stapley et al. 2017 compilation (LinkageMapIinfo2.csv)
ott1049231,Eucalyptus urophylla,leaf_type,broadleaved,categorical,Stapley et al. 2017 compilation (LinkageMapIinfo2.csv)
ott1049231,Eucalyptus urophylla,parasitic_or_pathogenic,false,boolean,Stapley et al. 2017 compilation (LinkageMapIinfo2.csv)
ott1049231,Eucalyptus urophylla,photosynthetic_pathway,C3,categorical,Stapley et al. 2017 compilation (LinkageMapIinfo2.csv)
ott1049231,Eucalyptus urophylla,plant_growth_form,tree,categorical,Stapley et al. 2017 compilation (LinkageMapIinfo2.csv)
ott1049231,Eucalyptus urophylla,selfing,both,categorical,Stapley et al. 2017 compilation (LinkageMapIinfo2.csv)
ott1049231,Eucalyptus urophylla,woodiness,woody,categorical,Stapley et al. 2017 compilation (LinkageMapIinfo2.csv)
ott743836,Eucommia ulmoides,genus_n_dioecious_species,1.0,numeric,Stapley et al. 2017 compilation (LinkageMapIinfo2.csv)
ott743836,Eucommia ulmoides,genus_n_species,1.0,numeric,Stapley et al. 2017 compilation (LinkageMapIinfo2.csv)
ott743836,Eucommia ulmoides,habitat,terrestrial,categorical,Stapley et al. 2017 compilation (LinkageMapIinfo2.csv)
ott743836,Eucommia ulmoides,leaf_phenology,deciduous,categorical,Stapley et al. 2017 compilation (LinkageMapIinfo2.csv)
ott743836,Eucommia ulmoides,leaf_type,broadleaved,categorical,Stapley et al. 2017 compilation (LinkageMapIinfo2.csv)
ott743836,Eucommia ulmoides,parasitic_or_pathogenic,false,boolean,Stapley et al. 2017 compilation (LinkageMapIinfo2.csv)
ott743836,Eucommia ulmoides,plant_growth_form,tree,categorical,Stapley et al. 2017 compilation (LinkageMapIinfo2.csv)
ott743836,Eucommia ulmoides,pollination_mode,wind,categorical,Stapley et al. 2017 compilation (LinkageMapIinfo2.csv)
ott743836,Eucommia ulmoides,woodiness,woody,categorical,Stapley et al. 2017 compilation (LinkageMapIinfo2.csv)
ott904381,Fagopyrum esculentum,habitat,terrestrial,categorical,Stapley et al. 2017 compilation (LinkageMapIinfo2.csv)
ott904381,Fagopyrum esculentum,leaf_compoundness,simple,categorical,Stapley et al. 2017 compilation (LinkageMapIinfo2.csv)
ott904381,Fagopyrum esculentum,leaf_type,broadleaved,categorical,Stapley et al. 2017 compilation (LinkageMapIinfo2.csv)
ott904381,Fagopyrum esculentum,parasitic_or_pathogenic,false,boolean,Stapley et al. 2017 compilation (LinkageMapIinfo2.csv)
ott904381,Fagopyrum esculentum,photosynthetic_pathway,C3,categorical,Stapley et al. 2017 compilation (LinkageMapIinfo2.csv)
ott904381,Fagopyrum esculentum,plant_growth_form,herb,categorical,Stapley et al. 2017 compilation (LinkageMapIinfo2.csv)
ott904381,Fagopyrum esculentum,woodiness,non-woody,categorical,Stapley et al. 2017 compilation (LinkageMapIinfo2.csv)
ott563163,Felis silvestris,habitat,terrestrial,categorical,Stapley et al. 2017 compilation (LinkageMapIinfo2.csv)
ott563163,Felis silvestris,haplodiploid,false,boolean,Stapley et al. 2017 compilation (LinkageMapIinfo2.csv)
ott563163,Felis silvestris,invasive,false,boolean,Stapley et al. 2017 compilation (LinkageMapIinfo2.csv)
ott563163,Felis silvestris,parasitic_or_pathogenic,false,boolean,Stapley et al. 2017 compilation (LinkageMapIinfo2.csv)
ott563163,Felis silvestris,sex_determination_genotypic,MH,categorical,Stapley et al. 2017 compilation (LinkageMapIinfo2.csv)
ott563163,Felis silvestris,sex_determination_karyotype,XY,categorical,Stapley et al. 2017 compilation (LinkageMapIinfo2.csv)
ott563163,Felis silvestris,sexual_system,gonochorous,categorical,Stapley et al. 2017 compilation (LinkageMapIinfo2.csv)
ott475468,Fenneropenaeus chinensis,habitat,aquatic,categorical,Stapley et al. 2017 compilation (LinkageMapIinfo2.csv)
ott475468,Fenneropenaeus chinensis,haplodiploid,false,boolean,Stapley et al. 2017 compilation (LinkageMapIinfo2.csv)
ott475468,Fenneropenaeus chinensis,heterochiasmy,H,categorical,Stapley et al. 2017 compilation (LinkageMapIinfo2.csv)
ott475468,Fenneropenaeus chinensis,invasive,false,boolean,Stapley et al. 2017 compilation (LinkageMapIinfo2.csv)
ott475468,Fenneropenaeus chinensis,parasitic_or_pathogenic,false,boolean,Stapley et al. 2017 compilation (LinkageMapIinfo2.csv)
ott475468,Fenneropenaeus chinensis,sexual_system,gonochorous,categorical,Stapley et al. 2017 compilation (LinkageMapIinfo2.csv)
ott105576,Festuca arundinacea,genus_n_dioecious_species,10.0,numeric,Stapley et al. 2017 compilation (LinkageMapIinfo2.csv)
ott105576,Festuca arundinacea,genus_n_species,450.0,numeric,Stapley et al. 2017 compilation (LinkageMapIinfo2.csv)
ott105576,Festuca arundinacea,habitat,terrestrial,categorical,Stapley et al. 2017 compilation (LinkageMapIinfo2.csv)
ott105576,Festuca arundinacea,heterochiasmy,H,categorical,Stapley et al. 2017 compilation (LinkageMapIinfo2.csv)
ott105576,Festuca arundinacea,leaf_compoundness,simple,categorical,Stapley et al. 2017 compilation (LinkageMapIinfo2.csv)
ott105576,Festuca arundinacea,leaf_type,broadleaved,categorical,Stapley et al. 2017 compilation (LinkageMapIinfo2.csv)
ott105576,Festuca arundinacea,parasitic_or_pathogenic,false,boolean,Stapley et al. 2017 compilation (LinkageMapIinfo2.csv)
ott105576,Festuca arundinacea,photosynthetic_pathway,C3,categorical,Stapley et al. 2017 compilation (LinkageMapIinfo2.csv)
ott105576,Festuca arundinacea,plant_growth_form,graminoid,categorical,Stapley et al. 2017 compilation (LinkageMapIinfo2.csv)
ott105576,Festuca arundinacea,pollination_mode,wind,categorical,Stapley et al. 2017 compilation (LinkageMapIinfo2.csv)
ott105576,Festuca arundinacea,sexual_system,hermaphrodite,categorical,Stapley et al. 2017 compilation (LinkageMapIinfo2.csv)
ott105576,Festuca arundinacea,woodiness,non-woody,categorical,Stapley et al. 2017 compilation (LinkageMapIinfo2.csv)
ott107840,Ficedula albicollis,habitat,terrestrial,categorical,Stapley et al. 2017 compilation (LinkageMapIinfo2.csv)
ott107840,Ficedula albicollis,haplodiploid,false,boolean,Stapley et al. 2017 compilation (LinkageMapIinfo2.csv)
ott107840,Ficedula albicollis,invasive,false,boolean,Stapley et al. 2017 compilation (LinkageMapIinfo2.csv)
ott107840,Ficedula albicollis,parasitic_or_pathogenic,false,boolean,Stapley et al. 2017 compilation (LinkageMapIinfo2.csv)
ott107840,Ficedula albicollis,sex_determination_genotypic,FH,categorical,Stapley et al. 2017 compilation (LinkageMapIinfo2.csv)
ott107840,Ficedula albicollis,sex_determination_karyotype,ZW,categorical,Stapley et al. 2017 compilation (LinkageMapIinfo2.csv)
ott107840,Ficedula albicollis,sexual_system,gonochorous,categorical,Stapley et al. 2017 compilation (LinkageMapIinfo2.csv)
ott555467,Fragaria iinumae,genus_n_dioecious_species,42795.0,numeric,Stapley et al. 2017 compilation (LinkageMapIinfo2.csv)
ott555467,Fragaria iinumae,genus_n_species,12.0,numeric,Stapley et al. 2017 compilation (LinkageMapIinfo2.csv)
ott555467,Fragaria iinumae,habitat,terrestrial,categorical,Stapley et al. 2017 compilation (LinkageMapIinfo2.csv)
ott555467,Fragaria iinumae,parasitic_or_pathogenic,false,boolean,Stapley et al. 2017 compilation (LinkageMapIinfo2.csv)
ott555467,Fragaria iinumae,plant_life_form,P,categorical,Stapley et al. 2017 compilation (LinkageMapIinfo2.csv)
ott555467,Fragaria iinumae,pollination_mode,insects,categorical,Stapley et al. 2017 compilation (LinkageMapIinfo2.csv)
ott555467,Fragaria iinumae,selfing,SC,categorical,Stapley et al. 2017 compilation (LinkageMapIinfo2.csv)
ott555467,Fragaria iinumae,sexual_system,hermaphrodite,categorical,Stapley et al. 2017 compilation (LinkageMapIinfo2.csv)
ott852873,Fragaria vesca,genus_n_dioecious_species,42795.0,numeric,Stapley et al. 2017 compilation (LinkageMapIinfo2.csv)
ott852873,Fragaria vesca,genus_n_species,12.0,numeric,Stapley et al. 2017 compilation (LinkageMapIinfo2.csv)
ott852873,Fragaria vesca,habitat,terrestrial,categorical,Stapley et al. 2017 compilation (LinkageMapIinfo2.csv)
ott852873,Fragaria vesca,leaf_compoundness,compound,categorical,Stapley et al. 2017 compilation (LinkageMapIinfo2.csv)
ott852873,Fragaria vesca,leaf_type,broadleaved,categorical,Stapley et al. 2017 compilation (LinkageMapIinfo2.csv)
ott852873,Fragaria vesca,parasitic_or_pathogenic,false,boolean,Stapley et al. 2017 compilation (LinkageMapIinfo2.csv)
ott852873,Fragaria vesca,photosynthetic_pathway,C3,categorical,Stapley et al. 2017 compilation (LinkageMapIinfo2.csv)
ott852873,Fragaria vesca,plant_growth_form,herb,categorical,Stapley et al. 2017 compilation (LinkageMapIinfo2.csv)
ott852873,Fragaria vesca,plant_life_form,P,categorical,Stapley et al. 2017 compilation (LinkageMapIinfo2.csv)
ott852873,Fragaria vesca,pollination_mode,insects,categorical,Stapley et al. 2017 compilation (LinkageMapIinfo2.csv)
ott852873,Fragaria vesca,selfing,SC,categorical,Stapley et al. 2017 compilation (LinkageMapIinfo2.csv)
ott852873,Fragaria vesca,sexual_system,hermaphrodite,categorical,Stapley et al. 2017 compilation (LinkageMapIinfo2.csv)
ott852873,Fragaria vesca,woodiness,non-woody,categorical,Stapley et al. 2017 compilation (LinkageMapIinfo2.csv)
ott3904118,Fragaria xananassa,genus_n_dioecious_species,42795.0,numeric,Stapley et al. 2017 compilation (LinkageMapIinfo2.csv)
ott3904118,Fragaria xananassa,genus_n_species,12.0,numeric,Stapley et al. 2017 compilation (LinkageMapIinfo2.csv)
ott3904118,Fragaria xananassa,habitat,terrestrial,categorical,Stapley et al. 2017 compilation (LinkageMapIinfo2.csv)
ott3904118,Fragaria xananassa,parasitic_or_pathogenic,false,boolean,Stapley et al. 2017 compilation (LinkageMapIinfo2.csv)
ott3904118,Fragaria xananassa,pollination_mode,insects,categorical,Stapley et al. 2017 compilation (LinkageMapIinfo2.csv)
ott3904118,Fragaria xananassa,sexual_system,hermaphrodite,categorical,Stapley et al. 2017 compilation (LinkageMapIinfo2.csv)
ott955281,Fusarium circinatum,host_type,plants,categorical,Stapley et al. 2017 compilation (LinkageMapIinfo2.csv)
ott955281,Fusarium circinatum,parasitic_or_pathogenic,true,boolean,Stapley et al. 2017 compilation (LinkageMapIinfo2.csv)
ott955281,Fusarium circinatum,sexual_system,parthenogenic,categorical,Stapley et al. 2017 compilation (LinkageMapIinfo2.csv)
ott264388,Fusarium graminearum,host_type,plants,categorical,Stapley et al. 2017 compilation (LinkageMapIinfo2.csv)
ott264388,Fusarium graminearum,parasitic_or_pathogenic,true,boolean,Stapley et al. 2017 compilation (LinkageMapIinfo2.csv)
ott264388,Fusarium graminearum,sexual_system,parthenogenic,categorical,Stapley et al. 2017 compilation (LinkageMapIinfo2.csv)
ott404217,Fusarium oxysporum,habitat,soil,categorical,Stapley et al. 2017 compilation (LinkageMapIinfo2.csv)
ott404217,Fusarium oxysporum,parasitic_or_pathogenic,false,boolean,Stapley et al. 2017 compilation (LinkageMapIinfo2.csv)
ott404217,Fusarium oxysporum,sexual_system,parthenogenic,categorical,Stapley et al. 2017 compilation (LinkageMapIinfo2.csv)
ott584890,Fusarium verticillioides,host_type,plants,categorical,Stapley et al. 2017 compilation (LinkageMapIinfo2.csv)
ott584890,Fusarium verticillioides,parasitic_or_pathogenic,true,boolean,Stapley et al. 2017 compilation (LinkageMapIinfo2.csv)
ott584890,Fusarium verticillioides,sexual_system,parthenogenic,categorical,Stapley et al. 2017 compilation (LinkageMapIinfo2.csv)
ott114170,Gadus morhua,habitat,aquatic,categorical,Stapley et al. 2017 compilation (LinkageMapIinfo2.csv)
ott114170,Gadus morhua,haplodiploid,false,boolean,Stapley et al. 2017 compilation (LinkageMapIinfo2.csv)
ott114170,Gadus morhua,heterochiasmy,H,categorical,Stapley et al. 2017 compilation (LinkageMapIinfo2.csv)
ott114170,Gadus morhua,invasive,false,boolean,Stapley et al. 2017 compilation (LinkageMapIinfo2.csv)
ott114170,Gadus morhua,parasitic_or_pathogenic,false,boolean,Stapley et al. 2017 compilation (LinkageMapIinfo2.csv)
ott114170,Gadus morhua,sex_determination_genotypic,MH,categorical,Stapley et al. 2017 compilation (LinkageMapIinfo2.csv)
ott114170,Gadus morhua,sex_determination_karyotype,XY,categorical,Stapley et al. 2017 compilation (LinkageMapIinfo2.csv)
ott114170,Gadus morhua,sexual_system,gonochorous,categorical,Stapley et al. 2017 compilation (LinkageMapIinfo2.csv)
ott153563,Gallus gallus,habitat,terrestrial,categorical,Stapley et al. 2017 compilation (LinkageMapIinfo2.csv)
ott153563,Gallus gallus,haplodiploid,false,boolean,Stapley et al. 2017 compilation (LinkageMapIinfo2.csv)
ott153563,Gallus gallus,invasive,true,boolean,Stapley et al. 2017 compilation (LinkageMapIinfo2.csv)
ott153563,Gallus gallus,parasitic_or_pathogenic,false,boolean,Stapley et al. 2017 compilation (LinkageMapIinfo2.csv)
ott153563,Gallus gallus,sex_determination_genotypic,FH,categorical,Stapley et al. 2017 compilation (LinkageMapIinfo2.csv)
ott153563,Gallus gallus,sex_determination_karyotype,ZW,categorical,Stapley et al. 2017 compilation (LinkageMapIinfo2.csv)
ott153563,Gallus gallus,sexual_system,gonochorous,categorical,Stapley et al. 2017 compilation (LinkageMapIinfo2.csv)
ott401066,Gasterosteus aculeatus,habitat,aquatic,categorical,Stapley et al. 2017 compilation (LinkageMapIinfo2.csv)
ott401066,Gasterosteus aculeatus,haplodiploid,false,boolean,Stapley et al. 2017 compilation (LinkageMapIinfo2.csv)
ott401066,Gasterosteus aculeatus,invasive,false,boolean,Stapley et al. 2017 compilation (LinkageMapIinfo2.csv)
ott401066,Gasterosteus aculeatus,parasitic_or_pathogenic,false,boolean,Stapley et al. 2017 compilation (LinkageMapIinfo2.csv)
ott401066,Gasterosteus aculeatus,sex_determination_genotypic,MH,categorical,Stapley et al. 2017 compilation (LinkageMapIinfo2.csv)
ott401066,Gasterosteus aculeatus,sex_determination_karyotype,XY,categorical,Stapley et al. 2017 compilation (LinkageMapIinfo2.csv)
ott401066,Gasterosteus aculeatus,sexual_system,gonochorous,categorical,Stapley et al. 2017 compilation (LinkageMapIinfo2.csv)
ott717875,Gentiana scabra,habitat,terrestrial,categorical,Stapley et al. 2017 compilation (LinkageMapIinfo2.csv)
ott717875,Gentiana scabra,parasitic_or_pathogenic,false,boolean,Stapley et al. 2017 compilation (LinkageMapIinfo2.csv)
ott232963,Globodera rostochiensis,haplodiploid,false,boolean,Stapley et al. 2017 compilation (LinkageMapIinfo2.csv)
ott232963,Globodera rostochiensis,host_type,plants,categorical,Stapley et al. 2017 compilation (LinkageMapIinfo2.csv)
ott232963,Globodera rostochiensis,invasive,false,boolean,Stapley et al. 2017 compilation (LinkageMapIinfo2.csv)
ott232963,Globodera rostochiensis,parasitic_or_pathogenic,true,boolean,Stapley et al. 2017 compilation (LinkageMapIinfo2.csv)
ott232963,Globodera rostochiensis,sexual_system,gonochorous,categorical,Stapley et al. 2017 compilation (LinkageMapIinfo2.csv)
ott681762,Glycine max,habitat,terrestrial,categorical,Stapley et al. 2017 compilation (LinkageMapIinfo2.csv)
ott681762,Glycine max,leaf_compoundness,compound,categorical,Stapley et al. 2017 compilation (LinkageMapIinfo2.csv)
ott681762,Glycine max,leaf_type,broadleaved,categorical,Stapley et al. 2017 compilation (LinkageMapIinfo2.csv)
ott681762,Glycine max,parasitic_or_pathogenic,false,boolean,Stapley et al. 2017 compilation (LinkageMapIinfo2.csv)
ott681762,Glycine max,photosynthetic_pathway,C3,categorical,Stapley et al. 2017 compilation (LinkageMapIinfo2.csv)
ott681762,Glycine max,plant_growth_form,herb,categorical,Stapley et al. 2017 compilation (LinkageMapIinfo2.csv)
ott681762,Glycine max,selfing,SC,categorical,Stapley et al. 2017 compilation (LinkageMapIinfo2.csv)
ott681762,Glycine max,sexual_system,hermaphrodite,categorical,Stapley et al. 2017 compilation (LinkageMapIinfo2.csv)
ott681762,Glycine max,woodiness,non-woody,categorical,Stapley et al. 2017 compilation (LinkageMapIinfo2.csv)
ott325187,Gnathopogon caerulescens,habitat,aquatic,categorical,Stapley et al. 2017 compilation (LinkageMapIinfo2.csv)
ott325187,Gnathopogon caerulescens,haplodiploid,false,boolean,Stapley et al. 2017 compilation (LinkageMapIinfo2.csv)
ott325187,Gnathopogon caerulescens,invasive,false,boolean,Stapley et al. 2017 compilation (LinkageMapIinfo2.csv)
ott325187,Gnathopogon caerulescens,parasitic_or_pathogenic,false,boolean,Stapley et al. 2017 compilation (LinkageMapIinfo2.csv)
ott625750,Gossypium arboreum,habitat,terrestrial,categorical,Stapley et al. 2017 compilation (LinkageMapIinfo2.csv)
ott625750,Gossypium arboreum,parasitic_or_pathogenic,false,boolean,Stapley et al. 2017 compilation (LinkageMapIinfo2.csv)
ott625750,Gossypium arboreum,photosynthetic_pathway,C3,categorical,Stapley et al. 2017 compilation (LinkageMapIinfo2.csv)
ott625750,Gossypium arboreum,selfing,both,categorical,Stapley et al. 2017 compilation (LinkageMapIinfo2.csv)
ott625750,Gossypium arboreum,sexual_system,hermaphrodite,categorical,Stapley et al. 2017 compilation (LinkageMapIinfo2.csv)
ott854476,Gossypium barbadense,habitat,terrestrial,categorical,Stapley et al. 2017 compilation (LinkageMapIinfo2.csv)
ott854476,Gossypium barbadense,leaf_compoundness,simple,categorical,Stapley et al. 2017 compilation (LinkageMapIinfo2.csv)
ott854476,Gossypium barbadense,leaf_type,broadleaved,categorical,Stapley et al. 2017 compilation (LinkageMapIinfo2.csv)
ott854476,Gossypium barbadense,parasitic_or_pathogenic,false,boolean,Stapley et al. 2017 compilation (LinkageMapIinfo2.csv)
ott854476,Gossypium barbadense,photosynthetic_pathway,C3,categorical,Stapley et al. 2017 compilation (LinkageMapIinfo2.csv)
ott854476,Gossypium barbadense,plant_growth_form,herb,categorical,Stapley et al. 2017 compilation (LinkageMapIinfo2.csv)
ott854476,Gossypium barbadense,selfing,both,categorical,Stapley et al. 2017 compilation (LinkageMapIinfo2.csv)
ott854476,Gossypium barbadense,sexual_system,hermaphrodite,categorical,Stapley et al. 2017 compilation (LinkageMapIinfo2.csv)
ott854476,Gossypium barbadense,woodiness,non-woody,categorical,Stapley et al. 2017 compilation (LinkageMapIinfo2.csv)
ott854480,Gossypium hirsutum,habitat,terrestrial,categorical,Stapley et al. 2017 compilation (LinkageMapIinfo2.csv)
ott854480,Gossypium hirsutum,leaf_compoundness,simple,categorical,Stapley et al. 2017 compilation (LinkageMapIinfo2.csv)
ott854480,Gossypium hirsutum,leaf_type,broadleaved,categorical,Stapley et al. 2017 compilation (LinkageMapIinfo2.csv)
ott854480,Gossypium hirsutum,parasitic_or_pathogenic,false,boolean,Stapley et al. 2017 compilation (LinkageMapIinfo2.csv)
ott854480,Gossypium hirsutum,photosynthetic_pathway,C3,categorical,Stapley et al. 2017 compilation (LinkageMapIinfo2.csv)
ott854480,Gossypium hirsutum,plant_growth_form,shrub/tree,categorical,Stapley et al. 2017 compilation (LinkageMapIinfo2.csv)
ott854480,Gossypium hirsutum,selfing,both,categorical,Stapley et al. 2017 compilation (LinkageMapIinfo2.csv)
ott854480,Gossypium hirsutum,sexual_system,hermaphrodite,categorical,Stapley et al. 2017 compilation (LinkageMapIinfo2.csv)
ott854480,Gossypium hirsutum,woodiness,woody,categorical,Stapley et al. 2017 compilation (LinkageMapIinfo2.csv)
ott79347,Gossypium raimondii,habitat,terrestrial,categorical,Stapley et al. 2017 compilation (LinkageMapIinfo2.csv)
ott79347,Gossypium raimondii,parasitic_or_pathogenic,false,boolean,Stapley et al. 2017 compilation (LinkageMapIinfo2.csv)
ott733231,Gossypium tomentosum,habitat,terrestrial,categorical,Stapley et al. 2017 compilation (LinkageMapIinfo2.csv)
ott733231,Gossypium tomentosum,leaf_compoundness,simple,categorical,Stapley et al. 2017 compilation (LinkageMapIinfo2.csv)
ott733231,Gossypium tomentosum,leaf_type,broadleaved,categorical,Stapley et al. 2017 compilation (LinkageMapIinfo2.csv)
ott733231,Gossypium tomentosum,parasitic_or_pathogenic,false,boolean,Stapley et al. 2017 compilation (LinkageMapIinfo2.csv)
ott733231,Gossypium tomentosum,photosynthetic_pathway,C3,categorical,Stapley et al. 2017 compilation (LinkageMapIinfo2.csv)
ott733231,Gossypium tomentosum,plant_growth_form,shrub,categorical,Stapley et al. 2017 compilation (LinkageMapIinfo2.csv)
ott733231,Gossypium tomentosum,woodiness,woody,categorical,Stapley et al. 2017 compilation (LinkageMapIinfo2.csv)
ott780542,Haliotis diversicolor,habitat,aquatic,categorical,Stapley et al. 2017 compilation (LinkageMapIinfo2.csv)
ott780542,Haliotis diversicolor,heterochiasmy,H,categorical,Stapley et al. 2017 compilation (LinkageMapIinfo2.csv)
ott780542,Haliotis diversicolor,invasive,false,boolean,Stapley et al. 2017 compilation (LinkageMapIinfo2.csv)
ott780542,Haliotis diversicolor,parasitic_or_pathogenic,false,boolean,Stapley et al. 2017 compilation (LinkageMapIinfo2.csv)
ott780532,Haliotis midae,habitat,aquatic,categorical,Stapley et al. 2017 compilation (LinkageMapIinfo2.csv)
ott780532,Haliotis midae,invasive,false,boolean,Stapley et al. 2017 compilation (LinkageMapIinfo2.csv)
ott780532,Haliotis midae,parasitic_or_pathogenic,false,boolean,Stapley et al. 2017 compilation (LinkageMapIinfo2.csv)
ott695282,Haliotis rubra,habitat,aquatic,categorical,Stapley et al. 2017 compilation (LinkageMapIinfo2.csv)
ott695282,Haliotis rubra,heterochiasmy,H,categorical,Stapley et al. 2017 compilation (LinkageMapIinfo2.csv)
ott695282,Haliotis rubra,invasive,false,boolean,Stapley et al. 2017 compilation (LinkageMapIinfo2.csv)
ott695282,Haliotis rubra,parasitic_or_pathogenic,false,boolean,Stapley et al. 2017 compilation (LinkageMapIinfo2.csv)
ott138490,Haplochromis chilotes,habitat,aquatic,categorical,Stapley et al. 2017 compilation (LinkageMapIinfo2.csv)
ott138490,Haplochromis chilotes,haplodiploid,false,boolean,Stapley et al. 2017 compilation (LinkageMapIinfo2.csv)
ott138490,Haplochromis chilotes,invasive,false,boolean,Stapley et al. 2017 compilation (LinkageMapIinfo2.csv)
ott138490,Haplochromis chilotes,parasitic_or_pathogenic,false,boolean,Stapley et al. 2017 compilation (LinkageMapIinfo2.csv)
ott685068,Haplochromis sauvagei,habitat,aquatic,categorical,Stapley et al. 2017 compilation (LinkageMapIinfo2.csv)
ott685068,Haplochromis sauvagei,haplodiploid,false,boolean,Stapley et al. 2017 compilation (LinkageMapIinfo2.csv)
ott685068,Haplochromis sauvagei,invasive,false,boolean,Stapley et al. 2017 compilation (LinkageMapIinfo2.csv)
ott685068,Haplochromis sauvagei,parasitic_or_pathogenic,false,boolean,Stapley et al. 2017 compilation (LinkageMapIinfo2.csv)
ott515712,Helianthus annuus,domestication_status,Domesticated,categorical,Stapley et al. 2017 compilation (LinkageMapIinfo2.csv)
ott515712,Helianthus annuus,habitat,terrestrial,categorical,Stapley et al. 2017 compilation (LinkageMapIinfo2.csv)
ott515712,Helianthus annuus,leaf_compoundness,simple,categorical,Stapley et al. 2017 compilation (LinkageMapIinfo2.csv)
ott515712,Helianthus annuus,leaf_type,broadleaved,categorical,Stapley et al. 2017 compilation (LinkageMapIinfo2.csv)
ott515712,Helianthus annuus,parasitic_or_pathogenic,false,boolean,Stapley et al. 2017 compilation (LinkageMapIinfo2.csv)
ott515712,Helianthus annuus,photosynthetic_pathway,C3,categorical,Stapley et al. 2017 compilation (LinkageMapIinfo2.csv)
ott515712,Helianthus annuus,plant_growth_form,herb,categorical,Stapley et al. 2017 compilation (LinkageMapIinfo2.csv)
ott515712,Helianthus annuus,recombination_index_chiasma,27.71,numeric,Stapley et al. 2017 compilation (LinkageMapIinfo2.csv)
ott515712,Helianthus annuus,recombination_index_haploid,17.0,numeric,Stapley et al. 2017 compilation (LinkageMapIinfo2.csv)
ott515712,Helianthus annuus,selfing,both,categorical,Stapley et al. 2017 compilation (LinkageMapIinfo2.csv)
ott515712,Helianthus annuus,sexual_system,hermaphrodite,categorical,Stapley et al. 2017 compilation (LinkageMapIinfo2.csv)
ott515712,Helianthus annuus,woodiness,non-woody,categorical,Stapley et al. 2017 compilation (LinkageMapIinfo2.csv)
ott896444,Heliconius melpomene,habitat,terrestrial,categorical,Stapley et al. 2017 compilation (LinkageMapIinfo2.csv)
ott896444,Heliconius melpomene,haplodiploid,false,boolean,Stapley et al. 2017 compilation (LinkageMapIinfo2.csv)
ott896444,Heliconius melpomene,heterochiasmy,A,categorical,Stapley et al. 2017 compilation (LinkageMapIinfo2.csv)
ott896444,Heliconius melpomene,invasive,false,boolean,Stapley et al. 2017 compilation (LinkageMapIinfo2.csv)
ott896444,Heliconius melpomene,parasitic_or_pathogenic,false,boolean,Stapley et al. 2017 compilation (LinkageMapIinfo2.csv)
ott896444,Heliconius melpomene,sex_determination_karyotype,ZW,categorical,Stapley et al. 2017 compilation (LinkageMapIinfo2.csv)
ott896444,Heliconius melpomene,sexual_system,gonochorous,categorical,Stapley et al. 2017 compilation (LinkageMapIinfo2.csv)
ott1072058,Heterobasidion annosum,host_type,plants,categorical,Stapley et al. 2017 compilation (LinkageMapIinfo2.csv)
ott1072058,Heterobasidion annosum,parasitic_or_pathogenic,true,boolean,Stapley et al. 2017 compilation (LinkageMapIinfo2.csv)
ott1072058,Heterobasidion annosum,sex_determination_karyotype,H,categorical,Stapley et al. 2017 compilation (LinkageMapIinfo2.csv)
ott332065,Heterodera glycines,haplodiploid,false,boolean,Stapley et al. 2017 compilation (LinkageMapIinfo2.csv)
ott332065,Heterodera glycines,host_type,plants,categorical,Stapley et al. 2017 compilation (LinkageMapIinfo2.csv)
ott332065,Heterodera glycines,invasive,false,boolean,Stapley et al. 2017 compilation (LinkageMapIinfo2.csv)
ott332065,Heterodera glycines,parasitic_or_pathogenic,true,boolean,Stapley et al. 2017 compilation (LinkageMapIinfo2.csv)
ott332065,Heterodera glycines,sexual_system,gonochorous,categorical,Stapley et al. 2017 compilation (LinkageMapIinfo2.csv)
ott339361,Hevea brasiliensis,habitat,terrestrial,categorical,Stapley et al. 2017 compilation (LinkageMapIinfo2.csv)
ott339361,Hevea brasiliensis,leaf_compoundness,compound,categorical,Stapley et al. 2017 compilation (LinkageMapIinfo2.csv)
ott339361,Hevea brasiliensis,leaf_phenology,deciduous,categorical,Stapley et al. 2017 compilation (LinkageMapIinfo2.csv)
ott339361,Hevea brasiliensis,leaf_type,broadleaved,categorical,Stapley et al. 2017 compilation (LinkageMapIinfo2.csv)
ott339361,Hevea brasiliensis,parasitic_or_pathogenic,false,boolean,Stapley et al. 2017 compilation (LinkageMapIinfo2.csv)
ott339361,Hevea brasiliensis,photosynthetic_pathway,C3,categorical,Stapley et al. 2017 compilation (LinkageMapIinfo2.csv)
ott339361,Hevea brasiliensis,plant_growth_form,tree,categorical,Stapley et al. 2017 compilation (LinkageMapIinfo2.csv)
ott339361,Hevea brasiliensis,sexual_system,monoecious,categorical,Stapley et al. 2017 compilation (LinkageMapIinfo2.csv)
ott339361,Hevea brasiliensis,woodiness,woody,categorical,Stapley et al. 2017 compilation (LinkageMapIinfo2.csv)
ott393745,Hibiscus cannabinus,habitat,terrestrial,categorical,Stapley et al. 2017 compilation (LinkageMapIinfo2.csv)
ott393745,Hibiscus cannabinus,parasitic_or_pathogenic,false,boolean,Stapley et al. 2017 compilation (LinkageMapIinfo2.csv)
ott23821,Hieracium,habitat,terrestrial,categorical,Stapley et al. 2017 compilation (LinkageMapIinfo2.csv)
ott23821,Hieracium,leaf_compoundness,simple,categorical,Stapley et al. 2017 compilation (LinkageMapIinfo2.csv)
ott23821,Hieracium,leaf_type,broadleaved,categorical,Stapley et al. 2017 compilation (LinkageMapIinfo2.csv)
ott23821,Hieracium,parasitic_or_pathogenic,false,boolean,Stapley et al. 2017 compilation (LinkageMapIinfo2.csv)
ott23821,Hieracium,photosynthetic_pathway,C3,categorical,Stapley et al. 2017 compilation (LinkageMapIinfo2.csv)
ott23821,Hieracium,plant_growth_form,herb,categorical,Stapley et al. 2017 compilation (LinkageMapIinfo2.csv)
ott23821,Hieracium,sexual_system,hermaphrodite,categorical,Stapley et al. 2017 compilation (LinkageMapIinfo2.csv)
ott23821,Hieracium,woodiness,non-woody,categorical,Stapley et al. 2017 compilation (LinkageMapIinfo2.csv)
ott408328,Hippoglossus hippoglossus,habitat,aquatic,categorical,Stapley et al. 2017 compilation (LinkageMapIinfo2.csv)
ott408328,Hippoglossus hippoglossus,haplodiploid,false,boolean,Stapley et al. 2017 compilation (LinkageMapIinfo2.csv)
ott408328,Hippoglossus hippoglossus,heterochiasmy,H,categorical,Stapley et al. 2017 compilation (LinkageMapIinfo2.csv)
ott408328,Hippoglossus hippoglossus,invasive,false,boolean,Stapley et al. 2017 compilation (LinkageMapIinfo2.csv)
ott408328,Hippoglossus hippoglossus,parasitic_or_pathogenic,false,boolean,Stapley et al. 2017 compilation (LinkageMapIinfo2.csv)
ott408328,Hippoglossus hippoglossus,sex_determination_genotypic,MH,categorical,Stapley et al. 2017 compilation (LinkageMapIinfo2.csv)
ott408328,Hippoglossus hippoglossus,sex_determination_karyotype,XY,categorical,Stapley et al. 2017 compilation (LinkageMapIinfo2.csv)
ott408328,Hippoglossus hippoglossus,sexual_system,gonochorous,categorical,Stapley et al. 2017 compilation (LinkageMapIinfo2.csv)
ott770315,Homo sapiens,habitat,terrestrial,categorical,Stapley et al. 2017 compilation (LinkageMapIinfo2.csv)
ott770315,Homo sapiens,haplodiploid,false,boolean,Stapley et al. 2017 compilation (LinkageMapIinfo2.csv)
ott770315,Homo sapiens,invasive,false,boolean,Stapley et al. 2017 compilation (LinkageMapIinfo2.csv)
ott770315,Homo sapiens,parasitic_or_pathogenic,false,boolean,Stapley et al. 2017 compilation (LinkageMapIinfo2.csv)
ott770315,Homo sapiens,sex_determination_genotypic,MH,categorical,Stapley et al. 2017 compilation (LinkageMapIinfo2.csv)
ott770315,Homo sapiens,sex_determination_karyotype,XY,categorical,Stapley et al. 2017 compilation (LinkageMapIinfo2.csv)
ott770315,Homo sapiens,sexual_system,gonochorous,categorical,Stapley et al. 2017 compilation (LinkageMapIinfo2.csv)
ott657948,Hordeum vulgare,domestication_status,Domesticated,categorical,Stapley et al. 2017 compilation (LinkageMapIinfo2.csv)
ott657948,Hordeum vulgare,habitat,terrestrial,categorical,Stapley et al. 2017 compilation (LinkageMapIinfo2.csv)
ott657948,Hordeum vulgare,leaf_compoundness,simple,categorical,Stapley et al. 2017 compilation (LinkageMapIinfo2.csv)
ott657948,Hordeum vulgare,leaf_type,broadleaved,categorical,Stapley et al. 2017 compilation (LinkageMapIinfo2.csv)
ott657948,Hordeum vulgare,parasitic_or_pathogenic,false,boolean,Stapley et al. 2017 compilation (LinkageMapIinfo2.csv)
ott657948,Hordeum vulgare,photosynthetic_pathway,C3,categorical,Stapley et al. 2017 compilation (LinkageMapIinfo2.csv)
ott657948,Hordeum vulgare,plant_growth_form,graminoid,categorical,Stapley et al. 2017 compilation (LinkageMapIinfo2.csv)
ott657948,Hordeum vulgare,recombination_index_chiasma,16.9,numeric,Stapley et al. 2017 compilation (LinkageMapIinfo2.csv)
ott657948,Hordeum vulgare,recombination_index_haploid,7.0,numeric,Stapley et al. 2017 compilation (LinkageMapIinfo2.csv)
ott657948,Hordeum vulgare,selfing,SC,categorical,Stapley et al. 2017 compilation (LinkageMapIinfo2.csv)
ott657948,Hordeum vulgare,sexual_system,hermaphrodite,categorical,Stapley et al. 2017 compilation (LinkageMapIinfo2.csv)
ott657948,Hordeum vulgare,woodiness,non-woody,categorical,Stapley et al. 2017 compilation (LinkageMapIinfo2.csv)
ott84020,Humulus lupulus,genus_n_dioecious_species,2.0,numeric,Stapley et al. 2017 compilation (LinkageMapIinfo2.csv)
ott84020,Humulus lupulus,genus_n_species,2.0,numeric,Stapley et al. 2017 compilation (LinkageMapIinfo2.csv)
ott84020,Humulus lupulus,habitat,terrestrial,categorical,Stapley et al. 2017 compilation (LinkageMapIinfo2.csv)
ott84020,Humulus lupulus,parasitic_or_pathogenic,false,boolean,Stapley et al. 2017 compilation (LinkageMapIinfo2.csv)
ott84020,Humulus lupulus,pollination_mode,wind,categorical,Stapley et al. 2017 compilation (LinkageMapIinfo2.csv)
ott84020,Humulus lupulus,sexual_system,dioecy,categorical,Stapley et al. 2017 compilation (LinkageMapIinfo2.csv)
ott677266,Hyla aborea,habitat,terrestrial,categorical,Stapley et al. 2017 compilation (LinkageMapIinfo2.csv)
ott677266,Hyla aborea,haplodiploid,false,boolean,Stapley et al. 2017 compilation (LinkageMapIinfo2.csv)
ott677266,Hyla aborea,heterochiasmy,H,categorical,Stapley et al. 2017 compilation (LinkageMapIinfo2.csv)
ott677266,Hyla aborea,invasive,false,boolean,Stapley et al. 2017 compilation (LinkageMapIinfo2.csv)
ott677266,Hyla aborea,parasitic_or_pathogenic,false,boolean,Stapley et al. 2017 compilation (LinkageMapIinfo2.csv)
ott677266,Hyla aborea,sexual_system,gonochorous,categorical,Stapley et al. 2017 compilation (LinkageMapIinfo2.csv)
ott35786,Hypophthalmichthys molitrix,habitat,aquatic,categorical,Stapley et al. 2017 compilation (LinkageMapIinfo2.csv)
ott35786,Hypophthalmichthys molitrix,haplodiploid,false,boolean,Stapley et al. 2017 compilation (LinkageMapIinfo2.csv)
ott35786,Hypophthalmichthys molitrix,invasive,true,boolean,Stapley et al. 2017 compilation (LinkageMapIinfo2.csv)
ott35786,Hypophthalmichthys molitrix,parasitic_or_pathogenic,false,boolean,Stapley et al. 2017 compilation (LinkageMapIinfo2.csv)
ott35786,Hypophthalmichthys molitrix,sex_determination_genotypic,MH,categorical,Stapley et al. 2017 compilation (LinkageMapIinfo2.csv)
ott35786,Hypophthalmichthys molitrix,sex_determination_karyotype,XY,categorical,Stapley et al. 2017 compilation (LinkageMapIinfo2.csv)
ott35786,Hypophthalmichthys molitrix,sexual_system,gonochorous,categorical,Stapley et al. 2017 compilation (LinkageMapIinfo2.csv)
ott762099,Hypsizygus marmoreus,habitat,terrestrial,categorical,Stapley et al. 2017 compilation (LinkageMapIinfo2.csv)
ott762099,Hypsizygus marmoreus,parasitic_or_pathogenic,false,boolean,Stapley et al. 2017 compilation (LinkageMapIinfo2.csv)
ott762099,Hypsizygus marmoreus,sex_determination_karyotype,H,categorical,Stapley et al. 2017 compilation (LinkageMapIinfo2.csv)
ott351029,Hyriopsis cumingii,habitat,aquatic,categorical,Stapley et al. 2017 compilation (LinkageMapIinfo2.csv)
ott351029,Hyriopsis cumingii,heterochiasmy,H,categorical,Stapley et al. 2017 compilation (LinkageMapIinfo2.csv)
ott351029,Hyriopsis cumingii,invasive,false,boolean,Stapley et al. 2017 compilation (LinkageMapIinfo2.csv)
ott351029,Hyriopsis cumingii,parasitic_or_pathogenic,false,boolean,Stapley et al. 2017 compilation (LinkageMapIinfo2.csv)
ott701523,Ictalurus punctatus,habitat,aquatic,categorical,Stapley et al. 2017 compilation (LinkageMapIinfo2.csv)
ott701523,Ictalurus punctatus,haplodiploid,false,boolean,Stapley et al. 2017 compilation (LinkageMapIinfo2.csv)
ott701523,Ictalurus punctatus,invasive,false,boolean,Stapley et al. 2017 compilation (LinkageMapIinfo2.csv)
ott701523,Ictalurus punctatus,parasitic_or_pathogenic,false,boolean,Stapley et al. 2017 compilation (LinkageMapIinfo2.csv)
ott701523,Ictalurus punctatus,sex_determination_genotypic,FH,categorical,Stapley et al. 2017 compilation (LinkageMapIinfo2.csv)
ott701523,Ictalurus punctatus,sexual_system,gonochorous,categorical,Stapley et al. 2017 compilation (LinkageMapIinfo2.csv)
ott1071040,Ipomoea batatas,habitat,terrestrial,categorical,Stapley et al. 2017 compilation (LinkageMapIinfo2.csv)
ott1071040,Ipomoea batatas,leaf_compoundness,simple,categorical,Stapley et al. 2017 compilation (LinkageMapIinfo2.csv)
ott1071040,Ipomoea batatas,leaf_type,broadleaved,categorical,Stapley et al. 2017 compilation (LinkageMapIinfo2.csv)
ott1071040,Ipomoea batatas,parasitic_or_pathogenic,false,boolean,Stapley et al. 2017 compilation (LinkageMapIinfo2.csv)
ott1071040,Ipomoea batatas,photosynthetic_pathway,C3,categorical,Stapley et al. 2017 compilation (LinkageMapIinfo2.csv)
ott1071040,Ipomoea batatas,plant_growth_form,herb,categorical,Stapley et al. 2017 compilation (LinkageMapIinfo2.csv)
ott1071040,Ipomoea batatas,selfing,both,categorical,Stapley et al. 2017 compilation (LinkageMapIinfo2.csv)
ott1071040,Ipomoea batatas,sexual_system,hermaphrodite,categorical,Stapley et al. 2017 compilation (LinkageMapIinfo2.csv)
ott1071040,Ipomoea batatas,woodiness,non-woody,categorical,Stapley et al. 2017 compilation (LinkageMapIinfo2.csv)
ott253311,Ischnura elegans,habitat,terrestrial,categorical,Stapley et al. 2017 compilation (LinkageMapIinfo2.csv)
ott253311,Ischnura elegans,haplodiploid,false,boolean,Stapley et al. 2017 compilation (LinkageMapIinfo2.csv)
ott253311,Ischnura elegans,heterochiasmy,H,categorical,Stapley et al. 2017 compilation (LinkageMapIinfo2.csv)
ott253311,Ischnura elegans,invasive,false,boolean,Stapley et al. 2017 compilation (LinkageMapIinfo2.csv)
ott253311,Ischnura elegans,parasitic_or_pathogenic,false,boolean,Stapley et al. 2017 compilation (LinkageMapIinfo2.csv)
ott253311,Ischnura elegans,sex_determination_genotypic,MH,categorical,Stapley et al. 2017 compilation (LinkageMapIinfo2.csv)
ott253311,Ischnura elegans,sex_determination_karyotype,XO,categorical,Stapley et al. 2017 compilation (LinkageMapIinfo2.csv)
ott253311,Ischnura elegans,sexual_system,gonochorous,categorical,Stapley et al. 2017 compilation (LinkageMapIinfo2.csv)
ott621065,Ixodes scapularis,habitat,terrestrial,categorical,Stapley et al. 2017 compilation (LinkageMapIinfo2.csv)
ott621065,Ixodes scapularis,haplodiploid,false,boolean,Stapley et al. 2017 compilation (LinkageMapIinfo2.csv)
ott621065,Ixodes scapularis,invasive,false,boolean,Stapley et al. 2017 compilation (LinkageMapIinfo2.csv)
ott621065,Ixodes scapularis,parasitic_or_pathogenic,false,boolean,Stapley et al. 2017 compilation (LinkageMapIinfo2.csv)
ott621065,Ixodes scapularis,sex_determination_genotypic,MH,categorical,Stapley et al. 2017 compilation (LinkageMapIinfo2.csv)
ott621065,Ixodes scapularis,sex_determination_karyotype,XY,categorical,Stapley et al. 2017 compilation (LinkageMapIinfo2.csv)
ott621065,Ixodes scapularis,sexual_system,gonochorous,categorical,Stapley et al. 2017 compilation (LinkageMapIinfo2.csv)
ott916001,Jatropha curcas,genus_n_dioecious_species,70.0,numeric,Stapley et al. 2017 compilation (LinkageMapIinfo2.csv)
ott916001,Jatropha curcas,genus_n_species,170.0,numeric,Stapley et al. 2017 compilation (LinkageMapIinfo2.csv)
ott916001,Jatropha curcas,habitat,terrestrial,categorical,Stapley et al. 2017 compilation (LinkageMapIinfo2.csv)
ott916001,Jatropha curcas,leaf_compoundness,simple,categorical,Stapley et al. 2017 compilation (LinkageMapIinfo2.csv)
ott916001,Jatropha curcas,leaf_type,broadleaved,categorical,Stapley et al. 2017 compilation (LinkageMapIinfo2.csv)
ott916001,Jatropha curcas,parasitic_or_pathogenic,false,boolean,Stapley et al. 2017 compilation (LinkageMapIinfo2.csv)
ott916001,Jatropha curcas,plant_growth_form,shrub,categorical,Stapley et al. 2017 compilation (LinkageMapIinfo2.csv)
ott916001,Jatropha curcas,pollination_mode,insects,categorical,Stapley et al. 2017 compilation (LinkageMapIinfo2.csv)
ott916001,Jatropha curcas,sexual_system,monoecious,categorical,Stapley et al. 2017 compilation (LinkageMapIinfo2.csv)
ott916001,Jatropha curcas,woodiness,woody,categorical,Stapley et al. 2017 compilation (LinkageMapIinfo2.csv)
ott138717,Juglans regia,habitat,terrestrial,categorical,Stapley et al. 2017 compilation (LinkageMapIinfo2.csv)
ott138717,Juglans regia,heterochiasmy,H,categorical,Stapley et al. 2017 compilation (LinkageMapIinfo2.csv)
ott138717,Juglans regia,leaf_compoundness,compound,categorical,Stapley et al. 2017 compilation (LinkageMapIinfo2.csv)
ott138717,Juglans regia,leaf_phenology,deciduous,categorical,Stapley et al. 2017 compilation (LinkageMapIinfo2.csv)
ott138717,Juglans regia,leaf_type,broadleaved,categorical,Stapley et al. 2017 compilation (LinkageMapIinfo2.csv)
ott138717,Juglans regia,parasitic_or_pathogenic,false,boolean,Stapley et al. 2017 compilation (LinkageMapIinfo2.csv)
ott138717,Juglans regia,photosynthetic_pathway,C3,categorical,Stapley et al. 2017 compilation (LinkageMapIinfo2.csv)
ott138717,Juglans regia,plant_growth_form,tree,categorical,Stapley et al. 2017 compilation (LinkageMapIinfo2.csv)
ott138717,Juglans regia,sexual_system,monoecious,categorical,Stapley et al. 2017 compilation (LinkageMapIinfo2.csv)
ott138717,Juglans regia,woodiness,woody,categorical,Stapley et al. 2017 compilation (LinkageMapIinfo2.csv)
ott229709,Kryptolebias marmoratus,habitat,aquatic,categorical,Stapley et al. 2017 compilation (LinkageMapIinfo2.csv)
ott229709,Kryptolebias marmoratus,haplodiploid,false,boolean,Stapley et al. 2017 compilation (LinkageMapIinfo2.csv)
ott229709,Kryptolebias marmoratus,invasive,false,boolean,Stapley et al. 2017 compilation (LinkageMapIinfo2.csv)
ott229709,Kryptolebias marmoratus,parasitic_or_pathogenic,false,boolean,Stapley et al. 2017 compilation (LinkageMapIinfo2.csv)
ott160616,Labeo rohita,habitat,aquatic,categorical,Stapley et al. 2017 compilation (LinkageMapIinfo2.csv)
ott160616,Labeo rohita,haplodiploid,false,boolean,Stapley et al. 2017 compilation (LinkageMapIinfo2.csv)
ott160616,Labeo rohita,heterochiasmy,H,categorical,Stapley et al. 2017 compilation (LinkageMapIinfo2.csv)
ott160616,Labeo rohita,invasive,false,boolean,Stapley et al. 2017 compilation (LinkageMapIinfo2.csv)
ott160616,Labeo rohita,parasitic_or_pathogenic,false,boolean,Stapley et al. 2017 compilation (LinkageMapIinfo2.csv)
ott985685,Laccaria bicolor,habitat,terrestrial,categorical,Stapley et al. 2017 compilation (LinkageMapIinfo2.csv)
ott985685,Laccaria bicolor,parasitic_or_pathogenic,false,boolean,Stapley et al. 2017 compilation (LinkageMapIinfo2.csv)
ott985685,Laccaria bicolor,sex_determination_karyotype,H,categorical,Stapley et al. 2017 compilation (LinkageMapIinfo2.csv)
ott515700,Lactuca sativa,domestication_status,Domesticated,categorical,Stapley et al. 2017 compilation (LinkageMapIinfo2.csv)
ott515700,Lactuca sativa,habitat,terrestrial,categorical,Stapley et al. 2017 compilation (LinkageMapIinfo2.csv)
ott515700,Lactuca sativa,leaf_compoundness,simple,categorical,Stapley et al. 2017 compilation (LinkageMapIinfo2.csv)
ott515700,Lactuca sativa,leaf_type,broadleaved,categorical,Stapley et al. 2017 compilation (LinkageMapIinfo2.csv)
ott515700,Lactuca sativa,parasitic_or_pathogenic,false,boolean,Stapley et al. 2017 compilation (LinkageMapIinfo2.csv)
ott515700,Lactuca sativa,photosynthetic_pathway,C3,categorical,Stapley et al. 2017 compilation (LinkageMapIinfo2.csv)
ott515700,Lactuca sativa,plant_growth_form,herb,categorical,Stapley et al. 2017 compilation (LinkageMapIinfo2.csv)
ott515700,Lactuca sativa,recombination_index_chiasma,20.2,numeric,Stapley et al. 2017 compilation (LinkageMapIinfo2.csv)
ott515700,Lactuca sativa,recombination_index_haploid,9.0,numeric,Stapley et al. 2017 compilation (LinkageMapIinfo2.csv)
ott515700,Lactuca sativa,sex_determination_genotypic,SC,categorical,Stapley et al. 2017 compilation (LinkageMapIinfo2.csv)
ott515700,Lactuca sativa,sexual_system,hermaphrodite,categorical,Stapley et al. 2017 compilation (LinkageMapIinfo2.csv)
ott515700,Lactuca sativa,woodiness,non-woody,categorical,Stapley et al. 2017 compilation (LinkageMapIinfo2.csv)
ott264011,Lagerstroemia,habitat,terrestrial,categorical,Stapley et al. 2017 compilation (LinkageMapIinfo2.csv)
ott264011,Lagerstroemia,parasitic_or_pathogenic,false,boolean,Stapley et al. 2017 compilation (LinkageMapIinfo2.csv)
ott679823,Larimichthys crocea,habitat,aquatic,categorical,Stapley et al. 2017 compilation (LinkageMapIinfo2.csv)
ott679823,Larimichthys crocea,haplodiploid,false,boolean,Stapley et al. 2017 compilation (LinkageMapIinfo2.csv)
ott679823,Larimichthys crocea,invasive,false,boolean,Stapley et al. 2017 compilation (LinkageMapIinfo2.csv)
ott679823,Larimichthys crocea,parasitic_or_pathogenic,false,boolean,Stapley et al. 2017 compilation (LinkageMapIinfo2.csv)
ott154040,Larix kaempferi,habitat,terrestrial,categorical,Stapley et al. 2017 compilation (LinkageMapIinfo2.csv)
ott154040,Larix kaempferi,parasitic_or_pathogenic,false,boolean,Stapley et al. 2017 compilation (LinkageMapIinfo2.csv)
ott154040,Larix kaempferi,sex_determination_karyotype,H,categorical,Stapley et al. 2017 compilation (LinkageMapIinfo2.csv)
ott154040,Larix kaempferi,sexual_system,monoecious,categorical,Stapley et al. 2017 compilation (LinkageMapIinfo2.csv)
ott186480,Lateolabrax japonicus,habitat,aquatic,categorical,Stapley et al. 2017 compilation (LinkageMapIinfo2.csv)
ott186480,Lateolabrax japonicus,haplodiploid,false,boolean,Stapley et al. 2017 compilation (LinkageMapIinfo2.csv)
ott186480,Lateolabrax japonicus,invasive,false,boolean,Stapley et al. 2017 compilation (LinkageMapIinfo2.csv)
ott186480,Lateolabrax japonicus,parasitic_or_pathogenic,false,boolean,Stapley et al. 2017 compilation (LinkageMapIinfo2.csv)
ott437601,Lates calcarifer,habitat,aquatic,categorical,Stapley et al. 2017 compilation (LinkageMapIinfo2.csv)
ott437601,Lates calcarifer,haplodiploid,false,boolean,Stapley et al. 2017 compilation (LinkageMapIinfo2.csv)
ott437601,Lates calcarifer,invasive,false,boolean,Stapley et al. 2017 compilation (LinkageMapIinfo2.csv)
ott437601,Lates calcarifer,parasitic_or_pathogenic,false,boolean,Stapley et al. 2017 compilation (LinkageMapIinfo2.csv)
ott437601,Lates calcarifer,sexual_system,hermaphrodite,categorical,Stapley et al. 2017 compilation (LinkageMapIinfo2.csv)
ott743052,Laupala,habitat,terrestrial,categorical,Stapley et al. 2017 compilation (LinkageMapIinfo2.csv)
ott743052,Laupala,haplodiploid,false,boolean,Stapley et al. 2017 compilation (LinkageMapIinfo2.csv)
ott743052,Laupala,invasive,false,boolean,Stapley et al. 2017 compilation (LinkageMapIinfo2.csv)
ott743052,Laupala,parasitic_or_pathogenic,false,boolean,Stapley et al. 2017 compilation (LinkageMapIinfo2.csv)
ott743052,Laupala,sex_determination_karyotype,XY,categorical,Stapley et al. 2017 compilation (LinkageMapIinfo2.csv)
ott743052,Laupala,sexual_system,gonochorous,categorical,Stapley et al. 2017 compilation (LinkageMapIinfo2.csv)
ott156245,Lens culinaris,domestication_status,Domesticated,categorical,Stapley et al. 2017 compilation (LinkageMapIinfo2.csv)
ott156245,Lens culinaris,habitat,terrestrial,categorical,Stapley et al. 2017 compilation (LinkageMapIinfo2.csv)
ott156245,Lens culinaris,leaf_compoundness,compound,categorical,Stapley et al. 2017 compilation (LinkageMapIinfo2.csv)
ott156245,Lens culinaris,leaf_type,broadleaved,categorical,Stapley et al. 2017 compilation (LinkageMapIinfo2.csv)
ott156245,Lens culinaris,parasitic_or_pathogenic,false,boolean,Stapley et al. 2017 compilation (LinkageMapIinfo2.csv)
ott156245,Lens culinaris,photosynthetic_pathway,C3,categorical,Stapley et al. 2017 compilation (LinkageMapIinfo2.csv)
ott156245,Lens culinaris,plant_growth_form,herb,categorical,Stapley et al. 2017 compilation (LinkageMapIinfo2.csv)
ott156245,Lens culinaris,recombination_index_chiasma,13.038,numeric,Stapley et al. 2017 compilation (LinkageMapIinfo2.csv)
ott156245,Lens culinaris,recombination_index_haploid,7.0,numeric,Stapley et al. 2017 compilation (LinkageMapIinfo2.csv)
ott156245,Lens culinaris,selfing,SC,categorical,Stapley et al. 2017 compilation (LinkageMapIinfo2.csv)
ott156245,Lens culinaris,sexual_system,hermaphrodite,categorical,Stapley et al. 2017 compilation (LinkageMapIinfo2.csv)
ott156245,Lens culinaris,woodiness,non-woody,categorical,Stapley et al. 2017 compilation (LinkageMapIinfo2.csv)
ott162647,Lentinula edodes,habitat,terrestrial,categorical,Stapley et al. 2017 compilation (LinkageMapIinfo2.csv)
ott162647,Lentinula edodes,parasitic_or_pathogenic,false,boolean,Stapley et al. 2017 compilation (LinkageMapIinfo2.csv)
ott162647,Lentinula edodes,sex_determination_karyotype,H,categorical,Stapley et al. 2017 compilation (LinkageMapIinfo2.csv)
ott1028028,Lepisosteus oculatus,habitat,aquatic,categorical,Stapley et al. 2017 compilation (LinkageMapIinfo2.csv)
ott1028028,Lepisosteus oculatus,haplodiploid,false,boolean,Stapley et al. 2017 compilation (LinkageMapIinfo2.csv)
ott1028028,Lepisosteus oculatus,invasive,false,boolean,Stapley et al. 2017 compilation (LinkageMapIinfo2.csv)
ott1028028,Lepisosteus oculatus,parasitic_or_pathogenic,false,boolean,Stapley et al. 2017 compilation (LinkageMapIinfo2.csv)
ott836783,Lepomis macrochirus,habitat,aquatic,categorical,Stapley et al. 2017 compilation (LinkageMapIinfo2.csv)
ott836783,Lepomis macrochirus,haplodiploid,false,boolean,Stapley et al. 2017 compilation (LinkageMapIinfo2.csv)
ott836783,Lepomis macrochirus,heterochiasmy,H,categorical,Stapley et al. 2017 compilation (LinkageMapIinfo2.csv)
ott836783,Lepomis macrochirus,invasive,true,boolean,Stapley et al. 2017 compilation (LinkageMapIinfo2.csv)
ott836783,Lepomis macrochirus,parasitic_or_pathogenic,false,boolean,Stapley et al. 2017 compilation (LinkageMapIinfo2.csv)
ott185597,Leptinotarsa decemlineata,habitat,terrestrial,categorical,Stapley et al. 2017 compilation (LinkageMapIinfo2.csv)
ott185597,Leptinotarsa decemlineata,haplodiploid,false,boolean,Stapley et al. 2017 compilation (LinkageMapIinfo2.csv)
ott185597,Leptinotarsa decemlineata,invasive,true,boolean,Stapley et al. 2017 compilation (LinkageMapIinfo2.csv)
ott185597,Leptinotarsa decemlineata,parasitic_or_pathogenic,false,boolean,Stapley et al. 2017 compilation (LinkageMapIinfo2.csv)
ott185597,Leptinotarsa decemlineata,sexual_system,gonochorous,categorical,Stapley et al. 2017 compilation (LinkageMapIinfo2.csv)
ott1061491,Leptopilina clavipes,haplodiploid,true,boolean,Stapley et al. 2017 compilation (LinkageMapIinfo2.csv)
ott1061491,Leptopilina clavipes,host_type,animals,categorical,Stapley et al. 2017 compilation (LinkageMapIinfo2.csv)
ott1061491,Leptopilina clavipes,invasive,false,boolean,Stapley et al. 2017 compilation (LinkageMapIinfo2.csv)
ott1061491,Leptopilina clavipes,parasitic_or_pathogenic,true,boolean,Stapley et al. 2017 compilation (LinkageMapIinfo2.csv)
ott1061491,Leptopilina clavipes,sexual_system,male.haploid,categorical,Stapley et al. 2017 compilation (LinkageMapIinfo2.csv)
ott748393,Lilium,habitat,terrestrial,categorical,Stapley et al. 2017 compilation (LinkageMapIinfo2.csv)
ott748393,Lilium,parasitic_or_pathogenic,false,boolean,Stapley et al. 2017 compilation (LinkageMapIinfo2.csv)
ott1000262,Linum usitatissimum,domestication_status,Domesticated,categorical,Stapley et al. 2017 compilation (LinkageMapIinfo2.csv)
ott1000262,Linum usitatissimum,habitat,terrestrial,categorical,Stapley et al. 2017 compilation (LinkageMapIinfo2.csv)
ott1000262,Linum usitatissimum,leaf_compoundness,simple,categorical,Stapley et al. 2017 compilation (LinkageMapIinfo2.csv)
ott1000262,Linum usitatissimum,leaf_type,broadleaved,categorical,Stapley et al. 2017 compilation (LinkageMapIinfo2.csv)
ott1000262,Linum usitatissimum,parasitic_or_pathogenic,false,boolean,Stapley et al. 2017 compilation (LinkageMapIinfo2.csv)
ott1000262,Linum usitatissimum,photosynthetic_pathway,C3,categorical,Stapley et al. 2017 compilation (LinkageMapIinfo2.csv)
ott1000262,Linum usitatissimum,plant_growth_form,herb,categorical,Stapley et al. 2017 compilation (LinkageMapIinfo2.csv)
ott1000262,Linum usitatissimum,recombination_index_chiasma,27.29,numeric,Stapley et al. 2017 compilation (LinkageMapIinfo2.csv)
ott1000262,Linum usitatissimum,recombination_index_haploid,15.0,numeric,Stapley et al. 2017 compilation (LinkageMapIinfo2.csv)
ott1000262,Linum usitatissimum,selfing,SC,categorical,Stapley et al. 2017 compilation (LinkageMapIinfo2.csv)
ott1000262,Linum usitatissimum,sexual_system,hermaphrodite,categorical,Stapley et al. 2017 compilation (LinkageMapIinfo2.csv)
ott1000262,Linum usitatissimum,woodiness,non-woody,categorical,Stapley et al. 2017 compilation (LinkageMapIinfo2.csv)
ott169168,Litopenaeus vannamei,habitat,aquatic,categorical,Stapley et al. 2017 compilation (LinkageMapIinfo2.csv)
ott169168,Litopenaeus vannamei,haplodiploid,false,boolean,Stapley et al. 2017 compilation (LinkageMapIinfo2.csv)
ott169168,Litopenaeus vannamei,invasive,false,boolean,Stapley et al. 2017 compilation (LinkageMapIinfo2.csv)
ott169168,Litopenaeus vannamei,parasitic_or_pathogenic,false,boolean,Stapley et al. 2017 compilation (LinkageMapIinfo2.csv)
ott169168,Litopenaeus vannamei,sex_determination_genotypic,FH,categorical,Stapley et al. 2017 compilation (LinkageMapIinfo2.csv)
ott169168,Litopenaeus vannamei,sex_determination_karyotype,ZW,categorical,Stapley et al. 2017 compilation (LinkageMapIinfo2.csv)
ott169168,Litopenaeus vannamei,sexual_system,gonochorous,categorical,Stapley et al. 2017 compilation (LinkageMapIinfo2.csv)
ott135777,Lolium multiflorum,domestication_status,Cultivated,categorical,Stapley et al. 2017 compilation (LinkageMapIinfo2.csv)
ott135777,Lolium multiflorum,habitat,terrestrial,categorical,Stapley et al. 2017 compilation (LinkageMapIinfo2.csv)
ott135777,Lolium multiflorum,leaf_compoundness,simple,categorical,Stapley et al. 2017 compilation (LinkageMapIinfo2.csv)
ott135777,Lolium multiflorum,leaf_type,broadleaved,categorical,Stapley et al. 2017 compilation (LinkageMapIinfo2.csv)
ott135777,Lolium multiflorum,parasitic_or_pathogenic,false,boolean,Stapley et al. 2017 compilation (LinkageMapIinfo2.csv)
ott135777,Lolium multiflorum,photosynthetic_pathway,C3,categorical,Stapley et al. 2017 compilation (LinkageMapIinfo2.csv)
ott135777,Lolium multiflorum,plant_growth_form,graminoid,categorical,Stapley et al. 2017 compilation (LinkageMapIinfo2.csv)
ott135777,Lolium multiflorum,recombination_index_chiasma,12.77,numeric,Stapley et al. 2017 compilation (LinkageMapIinfo2.csv)
ott135777,Lolium multiflorum,recombination_index_haploid,7.0,numeric,Stapley et al. 2017 compilation (LinkageMapIinfo2.csv)
ott135777,Lolium multiflorum,sexual_system,hermaphrodite,categorical,Stapley et al. 2017 compilation (LinkageMapIinfo2.csv)
ott135777,Lolium multiflorum,woodiness,non-woody,categorical,Stapley et al. 2017 compilation (LinkageMapIinfo2.csv)
ott135774,Lolium perenne,domestication_status,Cultivated,categorical,Stapley et al. 2017 compilation (LinkageMapIinfo2.csv)
ott135774,Lolium perenne,habitat,terrestrial,categorical,Stapley et al. 2017 compilation (LinkageMapIinfo2.csv)
ott135774,Lolium perenne,leaf_compoundness,simple,categorical,Stapley et al. 2017 compilation (LinkageMapIinfo2.csv)
ott135774,Lolium perenne,leaf_type,broadleaved,categorical,Stapley et al. 2017 compilation (LinkageMapIinfo2.csv)
ott135774,Lolium perenne,parasitic_or_pathogenic,false,boolean,Stapley et al. 2017 compilation (LinkageMapIinfo2.csv)
ott135774,Lolium perenne,photosynthetic_pathway,C3,categorical,Stapley et al. 2017 compilation (LinkageMapIinfo2.csv)
ott135774,Lolium perenne,plant_growth_form,graminoid,categorical,Stapley et al. 2017 compilation (LinkageMapIinfo2.csv)
ott135774,Lolium perenne,recombination_index_chiasma,0.0,numeric,Stapley et al. 2017 compilation (LinkageMapIinfo2.csv)
ott135774,Lolium perenne,recombination_index_haploid,7.0,numeric,Stapley et al. 2017 compilation (LinkageMapIinfo2.csv)
ott135774,Lolium perenne,sexual_system,hermaphrodite,categorical,Stapley et al. 2017 compilation (LinkageMapIinfo2.csv)
ott135774,Lolium perenne,woodiness,non-woody,categorical,Stapley et al. 2017 compilation (LinkageMapIinfo2.csv)
ott1081728,Lotus japonicus,habitat,terrestrial,categorical,Stapley et al. 2017 compilation (LinkageMapIinfo2.csv)
ott1081728,Lotus japonicus,leaf_compoundness,compound,categorical,Stapley et al. 2017 compilation (LinkageMapIinfo2.csv)
ott1081728,Lotus japonicus,leaf_type,broadleaved,categorical,Stapley et al. 2017 compilation (LinkageMapIinfo2.csv)
ott1081728,Lotus japonicus,parasitic_or_pathogenic,false,boolean,Stapley et al. 2017 compilation (LinkageMapIinfo2.csv)
ott1081728,Lotus japonicus,photosynthetic_pathway,C3,categorical,Stapley et al. 2017 compilation (LinkageMapIinfo2.csv)
ott84261,Lucania goodei,habitat,aquatic,categorical,Stapley et al. 2017 compilation (LinkageMapIinfo2.csv)
ott84261,Lucania goodei,haplodiploid,false,boolean,Stapley et al. 2017 compilation (LinkageMapIinfo2.csv)
ott84261,Lucania goodei,invasive,false,boolean,Stapley et al. 2017 compilation (LinkageMapIinfo2.csv)
ott84261,Lucania goodei,parasitic_or_pathogenic,false,boolean,Stapley et al. 2017 compilation (LinkageMapIinfo2.csv)
ott84261,Lucania goodei,sex_determination_karyotype,H,categorical,Stapley et al. 2017 compilation (LinkageMapIinfo2.csv)
ott84261,Lucania goodei,sexual_system,gonochorous,categorical,Stapley et al. 2017 compilation (LinkageMapIinfo2.csv)
ott839518,Lucania parva,habitat,aquatic,categorical,Stapley et al. 2017 compilation (LinkageMapIinfo2.csv)
ott839518,Lucania parva,haplodiploid,false,boolean,Stapley et al. 2017 compilation (LinkageMapIinfo2.csv)
ott839518,Lucania parva,invasive,false,boolean,Stapley et al. 2017 compilation (LinkageMapIinfo2.csv)
ott839518,Lucania parva,parasitic_or_pathogenic,false,boolean,Stapley et al. 2017 compilation (LinkageMapIinfo2.csv)
ott839518,Lucania parva,sex_determination_karyotype,H,categorical,Stapley et al. 2017 compilation (LinkageMapIinfo2.csv)
ott839518,Lucania parva,sexual_system,gonochorous,categorical,Stapley et al. 2017 compilation (LinkageMapIinfo2.csv)
ott565719,Luffa acutangula,genus_n_dioecious_species,1.0,numeric,Stapley et al. 2017 compilation (LinkageMapIinfo2.csv)
ott565719,Luffa acutangula,genus_n_species,8.0,numeric,Stapley et al. 2017 compilation (LinkageMapIinfo2.csv)
ott565719,Luffa acutangula,habitat,terrestrial,categorical,Stapley et al. 2017 compilation (LinkageMapIinfo2.csv)
ott565719,Luffa acutangula,parasitic_or_pathogenic,false,boolean,Stapley et al. 2017 compilation (LinkageMapIinfo2.csv)
ott565719,Luffa acutangula,pollination_mode,insects,categorical,Stapley et al. 2017 compilation (LinkageMapIinfo2.csv)
ott565719,Luffa acutangula,sexual_system,monoecious,categorical,Stapley et al. 2017 compilation (LinkageMapIinfo2.csv)
ott1030424,Lupinus albus,habitat,terrestrial,categorical,Stapley et al. 2017 compilation (LinkageMapIinfo2.csv)
ott1030424,Lupinus albus,leaf_compoundness,compound,categorical,Stapley et al. 2017 compilation (LinkageMapIinfo2.csv)
ott1030424,Lupinus albus,leaf_type,broadleaved,categorical,Stapley et al. 2017 compilation (LinkageMapIinfo2.csv)
ott1030424,Lupinus albus,parasitic_or_pathogenic,false,boolean,Stapley et al. 2017 compilation (LinkageMapIinfo2.csv)
ott1030424,Lupinus albus,photosynthetic_pathway,C3,categorical,Stapley et al. 2017 compilation (LinkageMapIinfo2.csv)
ott1030424,Lupinus albus,plant_growth_form,herb,categorical,Stapley et al. 2017 compilation (LinkageMapIinfo2.csv)
ott1030424,Lupinus albus,woodiness,non-woody,categorical,Stapley et al. 2017 compilation (LinkageMapIinfo2.csv)
ott1030433,Lupinus angustifolius,habitat,terrestrial,categorical,Stapley et al. 2017 compilation (LinkageMapIinfo2.csv)
ott1030433,Lupinus angustifolius,leaf_compoundness,compound,categorical,Stapley et al. 2017 compilation (LinkageMapIinfo2.csv)
ott1030433,Lupinus angustifolius,leaf_type,broadleaved,categorical,Stapley et al. 2017 compilation (LinkageMapIinfo2.csv)
ott1030433,Lupinus angustifolius,parasitic_or_pathogenic,false,boolean,Stapley et al. 2017 compilation (LinkageMapIinfo2.csv)
ott1030433,Lupinus angustifolius,photosynthetic_pathway,C3,categorical,Stapley et al. 2017 compilation (LinkageMapIinfo2.csv)
ott1030433,Lupinus angustifolius,plant_growth_form,herb,categorical,Stapley et al. 2017 compilation (LinkageMapIinfo2.csv)
ott1030433,Lupinus angustifolius,sexual_system,hermaphrodite,categorical,Stapley et al. 2017 compilation (LinkageMapIinfo2.csv)
ott1030433,Lupinus angustifolius,woodiness,non-woody,categorical,Stapley et al. 2017 compilation (LinkageMapIinfo2.csv)
ott689650,Macaca mulatta,habitat,terrestrial,categorical,Stapley et al. 2017 compilation (LinkageMapIinfo2.csv)
ott689650,Macaca mulatta,haplodiploid,false,boolean,Stapley et al. 2017 compilation (LinkageMapIinfo2.csv)
ott689650,Macaca mulatta,invasive,true,boolean,Stapley et al. 2017 compilation (LinkageMapIinfo2.csv)
ott689650,Macaca mulatta,parasitic_or_pathogenic,false,boolean,Stapley et al. 2017 compilation (LinkageMapIinfo2.csv)
ott689650,Macaca mulatta,sex_determination_karyotype,XY,categorical,Stapley et al. 2017 compilation (LinkageMapIinfo2.csv)
ott689650,Macaca mulatta,sexual_system,gonochorous,categorical,Stapley et al. 2017 compilation (LinkageMapIinfo2.csv)
ott539171,Macropus eugenii,habitat,terrestrial,categorical,Stapley et al. 2017 compilation (LinkageMapIinfo2.csv)
ott539171,Macropus eugenii,haplodiploid,false,boolean,Stapley et al. 2017 compilation (LinkageMapIinfo2.csv)
ott539171,Macropus eugenii,heterochiasmy,H,categorical,Stapley et al. 2017 compilation (LinkageMapIinfo2.csv)
ott539171,Macropus eugenii,invasive,true,boolean,Stapley et al. 2017 compilation (LinkageMapIinfo2.csv)
ott539171,Macropus eugenii,parasitic_or_pathogenic,false,boolean,Stapley et al. 2017 compilation (LinkageMapIinfo2.csv)
ott539171,Macropus eugenii,sex_determination_karyotype,XY,categorical,Stapley et al. 2017 compilation (LinkageMapIinfo2.csv)
ott539171,Macropus eugenii,sexual_system,gonochorous,categorical,Stapley et al. 2017 compilation (LinkageMapIinfo2.csv)
ott258235,Magnaporthe grisea,host_type,plants,categorical,Stapley et al. 2017 compilation (LinkageMapIinfo2.csv)
ott258235,Magnaporthe grisea,parasitic_or_pathogenic,true,boolean,Stapley et al. 2017 compilation (LinkageMapIinfo2.csv)
ott3902985,Malus domestica,habitat,terrestrial,categorical,Stapley et al. 2017 compilation (LinkageMapIinfo2.csv)
ott3902985,Malus domestica,leaf_compoundness,simple,categorical,Stapley et al. 2017 compilation (LinkageMapIinfo2.csv)
ott3902985,Malus domestica,leaf_phenology,deciduous,categorical,Stapley et al. 2017 compilation (LinkageMapIinfo2.csv)
ott3902985,Malus domestica,leaf_type,broadleaved,categorical,Stapley et al. 2017 compilation (LinkageMapIinfo2.csv)
ott3902985,Malus domestica,parasitic_or_pathogenic,false,boolean,Stapley et al. 2017 compilation (LinkageMapIinfo2.csv)
ott3902985,Malus domestica,photosynthetic_pathway,C3,categorical,Stapley et al. 2017 compilation (LinkageMapIinfo2.csv)
ott3902985,Malus domestica,plant_growth_form,tree,categorical,Stapley et al. 2017 compilation (LinkageMapIinfo2.csv)
ott3902985,Malus domestica,selfing,SI,categorical,Stapley et al. 2017 compilation (LinkageMapIinfo2.csv)
ott3902985,Malus domestica,sexual_system,hermaphrodite,categorical,Stapley et al. 2017 compilation (LinkageMapIinfo2.csv)
ott3902985,Malus domestica,woodiness,woody,categorical,Stapley et al. 2017 compilation (LinkageMapIinfo2.csv)
ott854961,Malus pumila,habitat,terrestrial,categorical,Stapley et al. 2017 compilation (LinkageMapIinfo2.csv)
ott854961,Malus pumila,parasitic_or_pathogenic,false,boolean,Stapley et al. 2017 compilation (LinkageMapIinfo2.csv)
ott854961,Malus pumila,selfing,SI,categorical,Stapley et al. 2017 compilation (LinkageMapIinfo2.csv)
ott854961,Malus pumila,sexual_system,hermaphrodite,categorical,Stapley et al. 2017 compilation (LinkageMapIinfo2.csv)
ott321926,Malus sieversii,habitat,terrestrial,categorical,Stapley et al. 2017 compilation (LinkageMapIinfo2.csv)
ott321926,Malus sieversii,parasitic_or_pathogenic,false,boolean,Stapley et al. 2017 compilation (LinkageMapIinfo2.csv)
ott807634,Mangifera indica,habitat,terrestrial,categorical,Stapley et al. 2017 compilation (LinkageMapIinfo2.csv)
ott807634,Mangifera indica,leaf_phenology,evergreen,categorical,Stapley et al. 2017 compilation (LinkageMapIinfo2.csv)
ott807634,Mangifera indica,leaf_type,broadleaved,categorical,Stapley et al. 2017 compilation (LinkageMapIinfo2.csv)
ott807634,Mangifera indica,parasitic_or_pathogenic,false,boolean,Stapley et al. 2017 compilation (LinkageMapIinfo2.csv)
ott807634,Mangifera indica,photosynthetic_pathway,C3,categorical,Stapley et al. 2017 compilation (LinkageMapIinfo2.csv)
ott807634,Mangifera indica,plant_growth_form,tree,categorical,Stapley et al. 2017 compilation (LinkageMapIinfo2.csv)
ott807634,Mangifera indica,sexual_system,monoecious,categorical,Stapley et al. 2017 compilation (LinkageMapIinfo2.csv)
ott807634,Mangifera indica,woodiness,woody,categorical,Stapley et al. 2017 compilation (LinkageMapIinfo2.csv)
ott339369,Manihot esculenta,habitat,terrestrial,categorical,Stapley et al. 2017 compilation (LinkageMapIinfo2.csv)
ott339369,Manihot esculenta,leaf_compoundness,simple,categorical,Stapley et al. 2017 compilation (LinkageMapIinfo2.csv)
ott339369,Manihot esculenta,leaf_phenology,evergreen,categorical,Stapley et al. 2017 compilation (LinkageMapIinfo2.csv)
ott339369,Manihot esculenta,leaf_type,broadleaved,categorical,Stapley et al. 2017 compilation (LinkageMapIinfo2.csv)
ott339369,Manihot esculenta,parasitic_or_pathogenic,false,boolean,Stapley et al. 2017 compilation (LinkageMapIinfo2.csv)
ott339369,Manihot esculenta,photosynthetic_pathway,C3,categorical,Stapley et al. 2017 compilation (LinkageMapIinfo2.csv)
ott339369,Manihot esculenta,plant_growth_form,shrub,categorical,Stapley et al. 2017 compilation (LinkageMapIinfo2.csv)
ott339369,Manihot esculenta,sexual_system,monoecious,categorical,Stapley et al. 2017 compilation (LinkageMapIinfo2.csv)
ott339369,Manihot esculenta,woodiness,woody,categorical,Stapley et al. 2017 compilation (LinkageMapIinfo2.csv)
ott5787510,Marsupenaeus japonicus,habitat,aquatic,categorical,Stapley et al. 2017 compilation (LinkageMapIinfo2.csv)
ott5787510,Marsupenaeus japonicus,haplodiploid,false,boolean,Stapley et al. 2017 compilation (LinkageMapIinfo2.csv)
ott5787510,Marsupenaeus japonicus,heterochiasmy,H,categorical,Stapley et al. 2017 compilation (LinkageMapIinfo2.csv)
ott5787510,Marsupenaeus japonicus,invasive,false,boolean,Stapley et al. 2017 compilation (LinkageMapIinfo2.csv)
ott5787510,Marsupenaeus japonicus,parasitic_or_pathogenic,false,boolean,Stapley et al. 2017 compilation (LinkageMapIinfo2.csv)
ott5787510,Marsupenaeus japonicus,sexual_system,gonochorous,categorical,Stapley et al. 2017 compilation (LinkageMapIinfo2.csv)
ott1086789,Medicago sativa,domestication_status,Domesticated,categorical,Stapley et al. 2017 compilation (LinkageMapIinfo2.csv)
ott1086789,Medicago sativa,habitat,terrestrial,categorical,Stapley et al. 2017 compilation (LinkageMapIinfo2.csv)
ott1086789,Medicago sativa,leaf_compoundness,compound,categorical,Stapley et al. 2017 compilation (LinkageMapIinfo2.csv)
ott1086789,Medicago sativa,leaf_type,broadleaved,categorical,Stapley et al. 2017 compilation (LinkageMapIinfo2.csv)
ott1086789,Medicago sativa,parasitic_or_pathogenic,false,boolean,Stapley et al. 2017 compilation (LinkageMapIinfo2.csv)
ott1086789,Medicago sativa,photosynthetic_pathway,C3,categorical,Stapley et al. 2017 compilation (LinkageMapIinfo2.csv)
ott1086789,Medicago sativa,plant_growth_form,herb,categorical,Stapley et al. 2017 compilation (LinkageMapIinfo2.csv)
ott1086789,Medicago sativa,recombination_index_chiasma,17.36,numeric,Stapley et al. 2017 compilation (LinkageMapIinfo2.csv)
ott1086789,Medicago sativa,recombination_index_haploid,16.0,numeric,Stapley et al. 2017 compilation (LinkageMapIinfo2.csv)
ott1086789,Medicago sativa,selfing,SI,categorical,Stapley et al. 2017 compilation (LinkageMapIinfo2.csv)
ott1086789,Medicago sativa,sexual_system,hermaphrodite,categorical,Stapley et al. 2017 compilation (LinkageMapIinfo2.csv)
ott1086789,Medicago sativa,woodiness,non-woody,categorical,Stapley et al. 2017 compilation (LinkageMapIinfo2.csv)
ott1060499,Medicago truncatula,habitat,terrestrial,categorical,Stapley et al. 2017 compilation (LinkageMapIinfo2.csv)
ott1060499,Medicago truncatula,leaf_compoundness,compound,categorical,Stapley et al. 2017 compilation (LinkageMapIinfo2.csv)
ott1060499,Medicago truncatula,leaf_type,broadleaved,categorical,Stapley et al. 2017 compilation (LinkageMapIinfo2.csv)
ott1060499,Medicago truncatula,parasitic_or_pathogenic,false,boolean,Stapley et al. 2017 compilation (LinkageMapIinfo2.csv)
ott1060499,Medicago truncatula,photosynthetic_pathway,C3,categorical,Stapley et al. 2017 compilation (LinkageMapIinfo2.csv)
ott809207,Melampsora lini,host_type,plants,categorical,Stapley et al. 2017 compilation (LinkageMapIinfo2.csv)
ott809207,Melampsora lini,parasitic_or_pathogenic,true,boolean,Stapley et al. 2017 compilation (LinkageMapIinfo2.csv)
ott446482,Meleagris gallopavo,habitat,terrestrial,categorical,Stapley et al. 2017 compilation (LinkageMapIinfo2.csv)
ott446482,Meleagris gallopavo,haplodiploid,false,boolean,Stapley et al. 2017 compilation (LinkageMapIinfo2.csv)
ott446482,Meleagris gallopavo,invasive,true,boolean,Stapley et al. 2017 compilation (LinkageMapIinfo2.csv)
ott446482,Meleagris gallopavo,parasitic_or_pathogenic,false,boolean,Stapley et al. 2017 compilation (LinkageMapIinfo2.csv)
ott446482,Meleagris gallopavo,sex_determination_genotypic,FH,categorical,Stapley et al. 2017 compilation (LinkageMapIinfo2.csv)
ott446482,Meleagris gallopavo,sex_determination_karyotype,ZW,categorical,Stapley et al. 2017 compilation (LinkageMapIinfo2.csv)
ott446482,Meleagris gallopavo,sexual_system,gonochorous,categorical,Stapley et al. 2017 compilation (LinkageMapIinfo2.csv)
ott1043271,Meloidogyne hapla,haplodiploid,false,boolean,Stapley et al. 2017 compilation (LinkageMapIinfo2.csv)
ott1043271,Meloidogyne hapla,host_type,plants,categorical,Stapley et al. 2017 compilation (LinkageMapIinfo2.csv)
ott1043271,Meloidogyne hapla,invasive,false,boolean,Stapley et al. 2017 compilation (LinkageMapIinfo2.csv)
ott1043271,Meloidogyne hapla,parasitic_or_pathogenic,true,boolean,Stapley et al. 2017 compilation (LinkageMapIinfo2.csv)
ott1043271,Meloidogyne hapla,sexual_system,parthenogenic,categorical,Stapley et al. 2017 compilation (LinkageMapIinfo2.csv)
ott265548,Melospiza melodia,habitat,terrestrial,categorical,Stapley et al. 2017 compilation (LinkageMapIinfo2.csv)
ott265548,Melospiza melodia,haplodiploid,false,boolean,Stapley et al. 2017 compilation (LinkageMapIinfo2.csv)
ott265548,Melospiza melodia,invasive,false,boolean,Stapley et al. 2017 compilation (LinkageMapIinfo2.csv)
ott265548,Melospiza melodia,parasitic_or_pathogenic,false,boolean,Stapley et al. 2017 compilation (LinkageMapIinfo2.csv)
ott265548,Melospiza melodia,sex_determination_genotypic,FH,categorical,Stapley et al. 2017 compilation (LinkageMapIinfo2.csv)
ott265548,Melospiza melodia,sex_determination_karyotype,ZW,categorical,Stapley et al. 2017 compilation (LinkageMapIinfo2.csv)
ott265548,Melospiza melodia,sexual_system,gonochorous,categorical,Stapley et al. 2017 compilation (LinkageMapIinfo2.csv)
ott677719,Metriaclima zebra,habitat,aquatic,categorical,Stapley et al. 2017 compilation (LinkageMapIinfo2.csv)
ott677719,Metriaclima zebra,haplodiploid,false,boolean,Stapley et al. 2017 compilation (LinkageMapIinfo2.csv)
ott677719,Metriaclima zebra,invasive,false,boolean,Stapley et al. 2017 compilation (LinkageMapIinfo2.csv)
ott677719,Metriaclima zebra,parasitic_or_pathogenic,false,boolean,Stapley et al. 2017 compilation (LinkageMapIinfo2.csv)
ott927240,Microtus ochrogaster,habitat,terrestrial,categorical,Stapley et al. 2017 compilation (LinkageMapIinfo2.csv)
ott927240,Microtus ochrogaster,haplodiploid,false,boolean,Stapley et al. 2017 compilation (LinkageMapIinfo2.csv)
ott927240,Microtus ochrogaster,invasive,false,boolean,Stapley et al. 2017 compilation (LinkageMapIinfo2.csv)
ott927240,Microtus ochrogaster,parasitic_or_pathogenic,false,boolean,Stapley et al. 2017 compilation (LinkageMapIinfo2.csv)
ott927240,Microtus ochrogaster,sex_determination_karyotype,XY,categorical,Stapley et al. 2017 compilation (LinkageMapIinfo2.csv)
ott927240,Microtus ochrogaster,sexual_system,gonochorous,categorical,Stapley et al. 2017 compilation (LinkageMapIinfo2.csv)
ott504496,Mimulus guttatus,habitat,terrestrial,categorical,Stapley et al. 2017 compilation (LinkageMapIinfo2.csv)
ott504496,Mimulus guttatus,leaf_compoundness,simple,categorical,Stapley et al. 2017 compilation (LinkageMapIinfo2.csv)
ott504496,Mimulus guttatus,leaf_type,broadleaved,categorical,Stapley et al. 2017 compilation (LinkageMapIinfo2.csv)
ott504496,Mimulus guttatus,parasitic_or_pathogenic,false,boolean,Stapley et al. 2017 compilation (LinkageMapIinfo2.csv)
ott504496,Mimulus guttatus,photosynthetic_pathway,C3,categorical,Stapley et al. 2017 compilation (LinkageMapIinfo2.csv)
ott504496,Mimulus guttatus,plant_growth_form,herb,categorical,Stapley et al. 2017 compilation (LinkageMapIinfo2.csv)
ott504496,Mimulus guttatus,sexual_system,hermaphrodite,categorical,Stapley et al. 2017 compilation (LinkageMapIinfo2.csv)
ott504496,Mimulus guttatus,woodiness,non-woody,categorical,Stapley et al. 2017 compilation (LinkageMapIinfo2.csv)
ott764796,Miscanthus sinensis,habitat,terrestrial,categorical,Stapley et al. 2017 compilation (LinkageMapIinfo2.csv)
ott764796,Miscanthus sinensis,heterochiasmy,H,categorical,Stapley et al. 2017 compilation (LinkageMapIinfo2.csv)
ott764796,Miscanthus sinensis,parasitic_or_pathogenic,false,boolean,Stapley et al. 2017 compilation (LinkageMapIinfo2.csv)
ott312382,Misgurnus anguillicaudatus,habitat,aquatic,categorical,Stapley et al. 2017 compilation (LinkageMapIinfo2.csv)
ott312382,Misgurnus anguillicaudatus,haplodiploid,false,boolean,Stapley et al. 2017 compilation (LinkageMapIinfo2.csv)
ott312382,Misgurnus anguillicaudatus,heterochiasmy,H,categorical,Stapley et al. 2017 compilation (LinkageMapIinfo2.csv)
ott312382,Misgurnus anguillicaudatus,invasive,true,boolean,Stapley et al. 2017 compilation (LinkageMapIinfo2.csv)
ott312382,Misgurnus anguillicaudatus,parasitic_or_pathogenic,false,boolean,Stapley et al. 2017 compilation (LinkageMapIinfo2.csv)
ott312382,Misgurnus anguillicaudatus,sex_determination_genotypic,MH,categorical,Stapley et al. 2017 compilation (LinkageMapIinfo2.csv)
ott312382,Misgurnus anguillicaudatus,sexual_system,gonochorous,categorical,Stapley et al. 2017 compilation (LinkageMapIinfo2.csv)
ott122362,Monodelphis domestica,habitat,terrestrial,categorical,Stapley et al. 2017 compilation (LinkageMapIinfo2.csv)
ott122362,Monodelphis domestica,haplodiploid,false,boolean,Stapley et al. 2017 compilation (LinkageMapIinfo2.csv)
ott122362,Monodelphis domestica,heterochiasmy,H,categorical,Stapley et al. 2017 compilation (LinkageMapIinfo2.csv)
ott122362,Monodelphis domestica,invasive,false,boolean,Stapley et al. 2017 compilation (LinkageMapIinfo2.csv)
ott122362,Monodelphis domestica,parasitic_or_pathogenic,false,boolean,Stapley et al. 2017 compilation (LinkageMapIinfo2.csv)
ott122362,Monodelphis domestica,sex_determination_karyotype,XY,categorical,Stapley et al. 2017 compilation (LinkageMapIinfo2.csv)
ott122362,Monodelphis domestica,sexual_system,gonochorous,categorical,Stapley et al. 2017 compilation (LinkageMapIinfo2.csv)
ott542509,Mus musculus,habitat,terrestrial,categorical,Stapley et al. 2017 compilation (LinkageMapIinfo2.csv)
ott542509,Mus musculus,haplodiploid,false,boolean,Stapley et al. 2017 compilation (LinkageMapIinfo2.csv)
ott542509,Mus musculus,invasive,true,boolean,Stapley et al. 2017 compilation (LinkageMapIinfo2.csv)
ott542509,Mus musculus,parasitic_or_pathogenic,false,boolean,Stapley et al. 2017 compilation (LinkageMapIinfo2.csv)
ott542509,Mus musculus,sex_determination_genotypic,MH,categorical,Stapley et al. 2017 compilation (LinkageMapIinfo2.csv)
ott542509,Mus musculus,sex_determination_karyotype,XY,categorical,Stapley et al. 2017 compilation (LinkageMapIinfo2.csv)
ott542509,Mus musculus,sexual_system,gonochorous,categorical,Stapley et al. 2017 compilation (LinkageMapIinfo2.csv)
ott207474,Musa acuminata,habitat,terrestrial,categorical,Stapley et al. 2017 compilation (LinkageMapIinfo2.csv)
ott207474,Musa acuminata,leaf_compoundness,simple,categorical,Stapley et al. 2017 compilation (LinkageMapIinfo2.csv)
ott207474,Musa acuminata,leaf_phenology,evergreen,categorical,Stapley et al. 2017 compilation (LinkageMapIinfo2.csv)
ott207474,Musa acuminata,leaf_type,broadleaved,categorical,Stapley et al. 2017 compilation (LinkageMapIinfo2.csv)
ott207474,Musa acuminata,parasitic_or_pathogenic,false,boolean,Stapley et al. 2017 compilation (LinkageMapIinfo2.csv)
ott207474,Musa acuminata,photosynthetic_pathway,C3,categorical,Stapley et al. 2017 compilation (LinkageMapIinfo2.csv)
ott207474,Musa acuminata,plant_growth_form,herb,categorical,Stapley et al. 2017 compilation (LinkageMapIinfo2.csv)
ott207474,Musa acuminata,sexual_system,monoecious,categorical,Stapley et al. 2017 compilation (LinkageMapIinfo2.csv)
ott207474,Musa acuminata,woodiness,non-woody,categorical,Stapley et al. 2017 compilation (LinkageMapIinfo2.csv)
ott1011010,Musca domestica,habitat,terrestrial,categorical,Stapley et al. 2017 compilation (LinkageMapIinfo2.csv)
ott1011010,Musca domestica,haplodiploid,false,boolean,Stapley et al. 2017 compilation (LinkageMapIinfo2.csv)
ott1011010,Musca domestica,invasive,false,boolean,Stapley et al. 2017 compilation (LinkageMapIinfo2.csv)
ott1011010,Musca domestica,parasitic_or_pathogenic,false,boolean,Stapley et al. 2017 compilation (LinkageMapIinfo2.csv)
ott1011010,Musca domestica,sexual_system,gonochorous,categorical,Stapley et al. 2017 compilation (LinkageMapIinfo2.csv)
ott310482,Mustela vison,habitat,terrestrial,categorical,Stapley et al. 2017 compilation (LinkageMapIinfo2.csv)
ott310482,Mustela vison,haplodiploid,false,boolean,Stapley et al. 2017 compilation (LinkageMapIinfo2.csv)
ott310482,Mustela vison,invasive,true,boolean,Stapley et al. 2017 compilation (LinkageMapIinfo2.csv)
ott310482,Mustela vison,parasitic_or_pathogenic,false,boolean,Stapley et al. 2017 compilation (LinkageMapIinfo2.csv)
ott310482,Mustela vison,sex_determination_genotypic,MH,categorical,Stapley et al. 2017 compilation (LinkageMapIinfo2.csv)
ott310482,Mustela vison,sex_determination_karyotype,XY,categorical,Stapley et al. 2017 compilation (LinkageMapIinfo2.csv)
ott310482,Mustela vison,sexual_system,gonochorous,categorical,Stapley et al. 2017 compilation (LinkageMapIinfo2.csv)
ott857565,Mycosphaerella fijiensis,host_type,plants,categorical,Stapley et al. 2017 compilation (LinkageMapIinfo2.csv)
ott857565,Mycosphaerella fijiensis,parasitic_or_pathogenic,true,boolean,Stapley et al. 2017 compilation (LinkageMapIinfo2.csv)
ott857565,Mycosphaerella fijiensis,sex_determination_karyotype,H,categorical,Stapley et al. 2017 compilation (LinkageMapIinfo2.csv)
ott5319573,Mycosphaerella graminicola,host_type,plants,categorical,Stapley et al. 2017 compilation (LinkageMapIinfo2.csv)
ott5319573,Mycosphaerella graminicola,parasitic_or_pathogenic,true,boolean,Stapley et al. 2017 compilation (LinkageMapIinfo2.csv)
ott5319573,Mycosphaerella graminicola,sex_determination_karyotype,H,categorical,Stapley et al. 2017 compilation (LinkageMapIinfo2.csv)
ott729592,Nasonia giraulti,habitat,terrestrial,categorical,Stapley et al. 2017 compilation (LinkageMapIinfo2.csv)
ott729592,Nasonia giraulti,haplodiploid,true,boolean,Stapley et al. 2017 compilation (LinkageMapIinfo2.csv)
ott729592,Nasonia giraulti,invasive,false,boolean,Stapley et al. 2017 compilation (LinkageMapIinfo2.csv)
ott729592,Nasonia giraulti,parasitic_or_pathogenic,false,boolean,Stapley et al. 2017 compilation (LinkageMapIinfo2.csv)
ott729592,Nasonia giraulti,sexual_system,male.haploid,categorical,Stapley et al. 2017 compilation (LinkageMapIinfo2.csv)
ott729593,Nasonia vitripennis,haplodiploid,true,boolean,Stapley et al. 2017 compilation (LinkageMapIinfo2.csv)
ott729593,Nasonia vitripennis,host_type,animals,categorical,Stapley et al. 2017 compilation (LinkageMapIinfo2.csv)
ott729593,Nasonia vitripennis,invasive,false,boolean,Stapley et al. 2017 compilation (LinkageMapIinfo2.csv)
ott729593,Nasonia vitripennis,parasitic_or_pathogenic,true,boolean,Stapley et al. 2017 compilation (LinkageMapIinfo2.csv)
ott729593,Nasonia vitripennis,sexual_system,male.haploid,categorical,Stapley et al. 2017 compilation (LinkageMapIinfo2.csv)
ott532278,Nelumbo lutea,habitat,terrestrial,categorical,Stapley et al. 2017 compilation (LinkageMapIinfo2.csv)
ott532278,Nelumbo lutea,leaf_compoundness,simple,categorical,Stapley et al. 2017 compilation (LinkageMapIinfo2.csv)
ott532278,Nelumbo lutea,leaf_type,broadleaved,categorical,Stapley et al. 2017 compilation (LinkageMapIinfo2.csv)
ott532278,Nelumbo lutea,parasitic_or_pathogenic,false,boolean,Stapley et al. 2017 compilation (LinkageMapIinfo2.csv)
ott532278,Nelumbo lutea,photosynthetic_pathway,C3,categorical,Stapley et al. 2017 compilation (LinkageMapIinfo2.csv)
ott532278,Nelumbo lutea,plant_growth_form,herb,categorical,Stapley et al. 2017 compilation (LinkageMapIinfo2.csv)
ott532278,Nelumbo lutea,woodiness,non-woody,categorical,Stapley et al. 2017 compilation (LinkageMapIinfo2.csv)
ott532288,Nelumbo nucifera,domestication_status,Cultivated,categorical,Stapley et al. 2017 compilation (LinkageMapIinfo2.csv)
ott532288,Nelumbo nucifera,habitat,terrestrial,categorical,Stapley et al. 2017 compilation (LinkageMapIinfo2.csv)
ott532288,Nelumbo nucifera,parasitic_or_pathogenic,false,boolean,Stapley et al. 2017 compilation (LinkageMapIinfo2.csv)
ott532288,Nelumbo nucifera,photosynthetic_pathway,C3,categorical,Stapley et al. 2017 compilation (LinkageMapIinfo2.csv)
ott532288,Nelumbo nucifera,recombination_index_chiasma,11.3,numeric,Stapley et al. 2017 compilation (LinkageMapIinfo2.csv)
ott532288,Nelumbo nucifera,recombination_index_haploid,8.0,numeric,Stapley et al. 2017 compilation (LinkageMapIinfo2.csv)
ott733968,Nicotiana langsdorffii,habitat,terrestrial,categorical,Stapley et al. 2017 compilation (LinkageMapIinfo2.csv)
ott733968,Nicotiana langsdorffii,parasitic_or_pathogenic,false,boolean,Stapley et al. 2017 compilation (LinkageMapIinfo2.csv)
ott222787,Nicotiana tabacum,habitat,terrestrial,categorical,Stapley et al. 2017 compilation (LinkageMapIinfo2.csv)
ott222787,Nicotiana tabacum,leaf_compoundness,simple,categorical,Stapley et al. 2017 compilation (LinkageMapIinfo2.csv)
ott222787,Nicotiana tabacum,leaf_type,broadleaved,categorical,Stapley et al. 2017 compilation (LinkageMapIinfo2.csv)
ott222787,Nicotiana tabacum,parasitic_or_pathogenic,false,boolean,Stapley et al. 2017 compilation (LinkageMapIinfo2.csv)
ott222787,Nicotiana tabacum,photosynthetic_pathway,C3,categorical,Stapley et al. 2017 compilation (LinkageMapIinfo2.csv)
ott222787,Nicotiana tabacum,plant_growth_form,herb,categorical,Stapley et al. 2017 compilation (LinkageMapIinfo2.csv)
ott222787,Nicotiana tabacum,selfing,SC,categorical,Stapley et al. 2017 compilation (LinkageMapIinfo2.csv)
ott222787,Nicotiana tabacum,sexual_system,hermaphrodite,categorical,Stapley et al. 2017 compilation (LinkageMapIinfo2.csv)
ott222787,Nicotiana tabacum,woodiness,non-woody,categorical,Stapley et al. 2017 compilation (LinkageMapIinfo2.csv)
ott876508,Nilaparvata lugens,habitat,terrestrial,categorical,Stapley et al. 2017 compilation (LinkageMapIinfo2.csv)
ott876508,Nilaparvata lugens,haplodiploid,false,boolean,Stapley et al. 2017 compilation (LinkageMapIinfo2.csv)
ott876508,Nilaparvata lugens,invasive,false,boolean,Stapley et al. 2017 compilation (LinkageMapIinfo2.csv)
ott876508,Nilaparvata lugens,parasitic_or_pathogenic,false,boolean,Stapley et al. 2017 compilation (LinkageMapIinfo2.csv)
ott876508,Nilaparvata lugens,sexual_system,gonochorous,categorical,Stapley et al. 2017 compilation (LinkageMapIinfo2.csv)
ott547026,Nodipecten subnodosus,habitat,aquatic,categorical,Stapley et al. 2017 compilation (LinkageMapIinfo2.csv)
ott547026,Nodipecten subnodosus,heterochiasmy,H,categorical,Stapley et al. 2017 compilation (LinkageMapIinfo2.csv)
ott547026,Nodipecten subnodosus,invasive,false,boolean,Stapley et al. 2017 compilation (LinkageMapIinfo2.csv)
ott547026,Nodipecten subnodosus,parasitic_or_pathogenic,false,boolean,Stapley et al. 2017 compilation (LinkageMapIinfo2.csv)
ott513643,Nothobranchius furzeri,habitat,aquatic,categorical,Stapley et al. 2017 compilation (LinkageMapIinfo2.csv)
ott513643,Nothobranchius furzeri,haplodiploid,false,boolean,Stapley et al. 2017 compilation (LinkageMapIinfo2.csv)
ott513643,Nothobranchius furzeri,invasive,false,boolean,Stapley et al. 2017 compilation (LinkageMapIinfo2.csv)
ott513643,Nothobranchius furzeri,parasitic_or_pathogenic,false,boolean,Stapley et al. 2017 compilation (LinkageMapIinfo2.csv)
ott23729,Olea europaea,genus_n_dioecious_species,1.0,numeric,Stapley et al. 2017 compilation (LinkageMapIinfo2.csv)
ott23729,Olea europaea,genus_n_species,20.0,numeric,Stapley et al. 2017 compilation (LinkageMapIinfo2.csv)
ott23729,Olea europaea,habitat,terrestrial,categorical,Stapley et al. 2017 compilation (LinkageMapIinfo2.csv)
ott23729,Olea europaea,leaf_compoundness,simple,categorical,Stapley et al. 2017 compilation (LinkageMapIinfo2.csv)
ott23729,Olea europaea,leaf_phenology,evergreen,categorical,Stapley et al. 2017 compilation (LinkageMapIinfo2.csv)
ott23729,Olea europaea,leaf_type,broadleaved,categorical,Stapley et al. 2017 compilation (LinkageMapIinfo2.csv)
ott23729,Olea europaea,parasitic_or_pathogenic,false,boolean,Stapley et al. 2017 compilation (LinkageMapIinfo2.csv)
ott23729,Olea europaea,photosynthetic_pathway,C3,categorical,Stapley et al. 2017 compilation (LinkageMapIinfo2.csv)
ott23729,Olea europaea,plant_growth_form,shrub/tree,categorical,Stapley et al. 2017 compilation (LinkageMapIinfo2.csv)
ott23729,Olea europaea,pollination_mode,insects,categorical,Stapley et al. 2017 compilation (LinkageMapIinfo2.csv)
ott23729,Olea europaea,sexual_system,andromonoecy,categorical,Stapley et al. 2017 compilation (LinkageMapIinfo2.csv)
ott23729,Olea europaea,woodiness,woody,categorical,Stapley et al. 2017 compilation (LinkageMapIinfo2.csv)
ott739917,Oncorhynchus kisutch,habitat,aquatic,categorical,Stapley et al. 2017 compilation (LinkageMapIinfo2.csv)
ott739917,Oncorhynchus kisutch,haplodiploid,false,boolean,Stapley et al. 2017 compilation (LinkageMapIinfo2.csv)
ott739917,Oncorhynchus kisutch,heterochiasmy,H,categorical,Stapley et al. 2017 compilation (LinkageMapIinfo2.csv)
ott739917,Oncorhynchus kisutch,invasive,false,boolean,Stapley et al. 2017 compilation (LinkageMapIinfo2.csv)
ott739917,Oncorhynchus kisutch,parasitic_or_pathogenic,false,boolean,Stapley et al. 2017 compilation (LinkageMapIinfo2.csv)
ott739917,Oncorhynchus kisutch,sex_determination_genotypic,MH,categorical,Stapley et al. 2017 compilation (LinkageMapIinfo2.csv)
ott739917,Oncorhynchus kisutch,sex_determination_karyotype,H,categorical,Stapley et al. 2017 compilation (LinkageMapIinfo2.csv)
ott739917,Oncorhynchus kisutch,sexual_system,gonochorous,categorical,Stapley et al. 2017 compilation (LinkageMapIinfo2.csv)
ott165368,Oncorhynchus mykiss,habitat,aquatic,categorical,Stapley et al. 2017 compilation (LinkageMapIinfo2.csv)
ott165368,Oncorhynchus mykiss,haplodiploid,false,boolean,Stapley et al. 2017 compilation (LinkageMapIinfo2.csv)
ott165368,Oncorhynchus mykiss,invasive,true,boolean,Stapley et al. 2017 compilation (LinkageMapIinfo2.csv)
ott165368,Oncorhynchus mykiss,parasitic_or_pathogenic,false,boolean,Stapley et al. 2017 compilation (LinkageMapIinfo2.csv)
ott165368,Oncorhynchus mykiss,sex_determination_genotypic,MH,categorical,Stapley et al. 2017 compilation (LinkageMapIinfo2.csv)
ott165368,Oncorhynchus mykiss,sex_determination_karyotype,H,categorical,Stapley et al. 2017 compilation (LinkageMapIinfo2.csv)
ott165368,Oncorhynchus mykiss,sexual_system,gonochorous,categorical,Stapley et al. 2017 compilation (LinkageMapIinfo2.csv)
ott165375,Oncorhynchus nerka,habitat,aquatic,categorical,Stapley et al. 2017 compilation (LinkageMapIinfo2.csv)
ott165375,Oncorhynchus nerka,haplodiploid,false,boolean,Stapley et al. 2017 compilation (LinkageMapIinfo2.csv)
ott165375,Oncorhynchus nerka,heterochiasmy,H,categorical,Stapley et al. 2017 compilation (LinkageMapIinfo2.csv)
ott165375,Oncorhynchus nerka,invasive,false,boolean,Stapley et al. 2017 compilation (LinkageMapIinfo2.csv)
ott165375,Oncorhynchus nerka,parasitic_or_pathogenic,false,boolean,Stapley et al. 2017 compilation (LinkageMapIinfo2.csv)
ott730762,Oncorhynchus tshawytscha,habitat,aquatic,categorical,Stapley et al. 2017 compilation (LinkageMapIinfo2.csv)
ott730762,Oncorhynchus tshawytscha,haplodiploid,false,boolean,Stapley et al. 2017 compilation (LinkageMapIinfo2.csv)
ott730762,Oncorhynchus tshawytscha,heterochiasmy,H,categorical,Stapley et al. 2017 compilation (LinkageMapIinfo2.csv)
ott730762,Oncorhynchus tshawytscha,invasive,false,boolean,Stapley et al. 2017 compilation (LinkageMapIinfo2.csv)
ott730762,Oncorhynchus tshawytscha,parasitic_or_pathogenic,false,boolean,Stapley et al. 2017 compilation (LinkageMapIinfo2.csv)
ott730762,Oncorhynchus tshawytscha,sex_determination_genotypic,MH,categorical,Stapley et al. 2017 compilation (LinkageMapIinfo2.csv)
ott730762,Oncorhynchus tshawytscha,sex_determination_karyotype,H,categorical,Stapley et al. 2017 compilation (LinkageMapIinfo2.csv)
ott730762,Oncorhynchus tshawytscha,sexual_system,gonochorous,categorical,Stapley et al. 2017 compilation (LinkageMapIinfo2.csv)
ott288069,Oreochromis mossambicus,habitat,aquatic,categorical,Stapley et al. 2017 compilation (LinkageMapIinfo2.csv)
ott288069,Oreochromis mossambicus,haplodiploid,false,boolean,Stapley et al. 2017 compilation (LinkageMapIinfo2.csv)
ott288069,Oreochromis mossambicus,invasive,true,boolean,Stapley et al. 2017 compilation (LinkageMapIinfo2.csv)
ott288069,Oreochromis mossambicus,parasitic_or_pathogenic,false,boolean,Stapley et al. 2017 compilation (LinkageMapIinfo2.csv)
ott288063,Oreochromis niloticus,habitat,aquatic,categorical,Stapley et al. 2017 compilation (LinkageMapIinfo2.csv)
ott288063,Oreochromis niloticus,haplodiploid,false,boolean,Stapley et al. 2017 compilation (LinkageMapIinfo2.csv)
ott288063,Oreochromis niloticus,invasive,true,boolean,Stapley et al. 2017 compilation (LinkageMapIinfo2.csv)
ott288063,Oreochromis niloticus,parasitic_or_pathogenic,false,boolean,Stapley et al. 2017 compilation (LinkageMapIinfo2.csv)
ott288063,Oreochromis niloticus,sex_determination_genotypic,MH,categorical,Stapley et al. 2017 compilation (LinkageMapIinfo2.csv)
ott288063,Oreochromis niloticus,sex_determination_karyotype,XY,categorical,Stapley et al. 2017 compilation (LinkageMapIinfo2.csv)
ott288063,Oreochromis niloticus,sexual_system,gonochorous,categorical,Stapley et al. 2017 compilation (LinkageMapIinfo2.csv)
ott864596,Oryctolagus cuniculus,habitat,terrestrial,categorical,Stapley et al. 2017 compilation (LinkageMapIinfo2.csv)
ott864596,Oryctolagus cuniculus,haplodiploid,false,boolean,Stapley et al. 2017 compilation (LinkageMapIinfo2.csv)
ott864596,Oryctolagus cuniculus,invasive,true,boolean,Stapley et al. 2017 compilation (LinkageMapIinfo2.csv)
ott864596,Oryctolagus cuniculus,parasitic_or_pathogenic,false,boolean,Stapley et al. 2017 compilation (LinkageMapIinfo2.csv)
ott864596,Oryctolagus cuniculus,sex_determination_genotypic,MH,categorical,Stapley et al. 2017 compilation (LinkageMapIinfo2.csv)
ott864596,Oryctolagus cuniculus,sex_determination_karyotype,XY,categorical,Stapley et al. 2017 compilation (LinkageMapIinfo2.csv)
ott864596,Oryctolagus cuniculus,sexual_system,gonochorous,categorical,Stapley et al. 2017 compilation (LinkageMapIinfo2.csv)
ott135756,Oryza rufipogon,domestication_status,Wild,categorical,Stapley et al. 2017 compilation (LinkageMapIinfo2.csv)
ott135756,Oryza rufipogon,habitat,terrestrial,categorical,Stapley et al. 2017 compilation (LinkageMapIinfo2.csv)
ott135756,Oryza rufipogon,leaf_type,broadleaved,categorical,Stapley et al. 2017 compilation (LinkageMapIinfo2.csv)
ott135756,Oryza rufipogon,parasitic_or_pathogenic,false,boolean,Stapley et al. 2017 compilation (LinkageMapIinfo2.csv)
ott135756,Oryza rufipogon,photosynthetic_pathway,C3,categorical,Stapley et al. 2017 compilation (LinkageMapIinfo2.csv)
ott135756,Oryza rufipogon,plant_growth_form,graminoid,categorical,Stapley et al. 2017 compilation (LinkageMapIinfo2.csv)
ott135756,Oryza rufipogon,recombination_index_chiasma,23.91,numeric,Stapley et al. 2017 compilation (LinkageMapIinfo2.csv)
ott135756,Oryza rufipogon,recombination_index_haploid,12.0,numeric,Stapley et al. 2017 compilation (LinkageMapIinfo2.csv)
ott135756,Oryza rufipogon,woodiness,non-woody,categorical,Stapley et al. 2017 compilation (LinkageMapIinfo2.csv)
ott709894,Oryza sativa,domestication_status,Domesticated,categorical,Stapley et al. 2017 compilation (LinkageMapIinfo2.csv)
ott709894,Oryza sativa,habitat,terrestrial,categorical,Stapley et al. 2017 compilation (LinkageMapIinfo2.csv)
ott709894,Oryza sativa,leaf_compoundness,simple,categorical,Stapley et al. 2017 compilation (LinkageMapIinfo2.csv)
ott709894,Oryza sativa,leaf_type,broadleaved,categorical,Stapley et al. 2017 compilation (LinkageMapIinfo2.csv)
ott709894,Oryza sativa,parasitic_or_pathogenic,false,boolean,Stapley et al. 2017 compilation (LinkageMapIinfo2.csv)
ott709894,Oryza sativa,photosynthetic_pathway,C3,categorical,Stapley et al. 2017 compilation (LinkageMapIinfo2.csv)
ott709894,Oryza sativa,plant_growth_form,graminoid,categorical,Stapley et al. 2017 compilation (LinkageMapIinfo2.csv)
ott709894,Oryza sativa,recombination_index_chiasma,31.17,numeric,Stapley et al. 2017 compilation (LinkageMapIinfo2.csv)
ott709894,Oryza sativa,recombination_index_haploid,12.0,numeric,Stapley et al. 2017 compilation (LinkageMapIinfo2.csv)
ott709894,Oryza sativa,selfing,SC,categorical,Stapley et al. 2017 compilation (LinkageMapIinfo2.csv)
ott709894,Oryza sativa,sexual_system,hermaphrodite,categorical,Stapley et al. 2017 compilation (LinkageMapIinfo2.csv)
ott709894,Oryza sativa,woodiness,non-woody,categorical,Stapley et al. 2017 compilation (LinkageMapIinfo2.csv)
ott942673,Oryzias latipes,habitat,aquatic,categorical,Stapley et al. 2017 compilation (LinkageMapIinfo2.csv)
ott942673,Oryzias latipes,haplodiploid,false,boolean,Stapley et al. 2017 compilation (LinkageMapIinfo2.csv)
ott942673,Oryzias latipes,invasive,false,boolean,Stapley et al. 2017 compilation (LinkageMapIinfo2.csv)
ott942673,Oryzias latipes,parasitic_or_pathogenic,false,boolean,Stapley et al. 2017 compilation (LinkageMapIinfo2.csv)
ott942673,Oryzias latipes,sex_determination_genotypic,MH,categorical,Stapley et al. 2017 compilation (LinkageMapIinfo2.csv)
ott942673,Oryzias latipes,sex_determination_karyotype,H,categorical,Stapley et al. 2017 compilation (LinkageMapIinfo2.csv)
ott942673,Oryzias latipes,sexual_system,gonochorous,categorical,Stapley et al. 2017 compilation (LinkageMapIinfo2.csv)
ott1033104,Ostrea edulis,habitat,aquatic,categorical,Stapley et al. 2017 compilation (LinkageMapIinfo2.csv)
ott1033104,Ostrea edulis,invasive,false,boolean,Stapley et al. 2017 compilation (LinkageMapIinfo2.csv)
ott1033104,Ostrea edulis,parasitic_or_pathogenic,false,boolean,Stapley et al. 2017 compilation (LinkageMapIinfo2.csv)
ott1058331,Ostrinia nubilalis,habitat,terrestrial,categorical,Stapley et al. 2017 compilation (LinkageMapIinfo2.csv)
ott1058331,Ostrinia nubilalis,haplodiploid,false,boolean,Stapley et al. 2017 compilation (LinkageMapIinfo2.csv)
ott1058331,Ostrinia nubilalis,heterochiasmy,A,categorical,Stapley et al. 2017 compilation (LinkageMapIinfo2.csv)
ott1058331,Ostrinia nubilalis,invasive,false,boolean,Stapley et al. 2017 compilation (LinkageMapIinfo2.csv)
ott1058331,Ostrinia nubilalis,parasitic_or_pathogenic,false,boolean,Stapley et al. 2017 compilation (LinkageMapIinfo2.csv)
ott70819,Ovis aries,habitat,terrestrial,categorical,Stapley et al. 2017 compilation (LinkageMapIinfo2.csv)
ott70819,Ovis aries,haplodiploid,false,boolean,Stapley et al. 2017 compilation (LinkageMapIinfo2.csv)
ott70819,Ovis aries,heterochiasmy,H,categorical,Stapley et al. 2017 compilation (LinkageMapIinfo2.csv)
ott70819,Ovis aries,invasive,true,boolean,Stapley et al. 2017 compilation (LinkageMapIinfo2.csv)
ott70819,Ovis aries,parasitic_or_pathogenic,false,boolean,Stapley et al. 2017 compilation (LinkageMapIinfo2.csv)
ott70819,Ovis aries,sex_determination_genotypic,MH,categorical,Stapley et al. 2017 compilation (LinkageMapIinfo2.csv)
ott70819,Ovis aries,sex_determination_karyotype,XY,categorical,Stapley et al. 2017 compilation (LinkageMapIinfo2.csv)
ott70819,Ovis aries,sexual_system,gonochorous,categorical,Stapley et al. 2017 compilation (LinkageMapIinfo2.csv)
ott123206,Ovis canadensis,habitat,terrestrial,categorical,Stapley et al. 2017 compilation (LinkageMapIinfo2.csv)
ott123206,Ovis canadensis,haplodiploid,false,boolean,Stapley et al. 2017 compilation (LinkageMapIinfo2.csv)
ott123206,Ovis canadensis,heterochiasmy,H,categorical,Stapley et al. 2017 compilation (LinkageMapIinfo2.csv)
ott123206,Ovis canadensis,invasive,false,boolean,Stapley et al. 2017 compilation (LinkageMapIinfo2.csv)
ott123206,Ovis canadensis,parasitic_or_pathogenic,false,boolean,Stapley et al. 2017 compilation (LinkageMapIinfo2.csv)
ott123206,Ovis canadensis,sex_determination_karyotype,XY,categorical,Stapley et al. 2017 compilation (LinkageMapIinfo2.csv)
ott123206,Ovis canadensis,sexual_system,gonochorous,categorical,Stapley et al. 2017 compilation (LinkageMapIinfo2.csv)
ott271163,Pagellus erythrinus,habitat,aquatic,categorical,Stapley et al. 2017 compilation (LinkageMapIinfo2.csv)
ott271163,Pagellus erythrinus,haplodiploid,false,boolean,Stapley et al. 2017 compilation (LinkageMapIinfo2.csv)
ott271163,Pagellus erythrinus,invasive,false,boolean,Stapley et al. 2017 compilation (LinkageMapIinfo2.csv)
ott271163,Pagellus erythrinus,parasitic_or_pathogenic,false,boolean,Stapley et al. 2017 compilation (LinkageMapIinfo2.csv)
ott271163,Pagellus erythrinus,sexual_system,hermaphrodite,categorical,Stapley et al. 2017 compilation (LinkageMapIinfo2.csv)
ott205619,Panicum virgatum,habitat,terrestrial,categorical,Stapley et al. 2017 compilation (LinkageMapIinfo2.csv)
ott205619,Panicum virgatum,leaf_compoundness,simple,categorical,Stapley et al. 2017 compilation (LinkageMapIinfo2.csv)
ott205619,Panicum virgatum,leaf_type,broadleaved,categorical,Stapley et al. 2017 compilation (LinkageMapIinfo2.csv)
ott205619,Panicum virgatum,parasitic_or_pathogenic,false,boolean,Stapley et al. 2017 compilation (LinkageMapIinfo2.csv)
ott205619,Panicum virgatum,photosynthetic_pathway,C4,categorical,Stapley et al. 2017 compilation (LinkageMapIinfo2.csv)
ott205619,Panicum virgatum,plant_growth_form,graminoid,categorical,Stapley et al. 2017 compilation (LinkageMapIinfo2.csv)
ott205619,Panicum virgatum,woodiness,non-woody,categorical,Stapley et al. 2017 compilation (LinkageMapIinfo2.csv)
ott947948,Papilio glaucus,habitat,terrestrial,categorical,Stapley et al. 2017 compilation (LinkageMapIinfo2.csv)
ott947948,Papilio glaucus,haplodiploid,false,boolean,Stapley et al. 2017 compilation (LinkageMapIinfo2.csv)
ott947948,Papilio glaucus,heterochiasmy,A,categorical,Stapley et al. 2017 compilation (LinkageMapIinfo2.csv)
ott947948,Papilio glaucus,invasive,false,boolean,Stapley et al. 2017 compilation (LinkageMapIinfo2.csv)
ott947948,Papilio glaucus,parasitic_or_pathogenic,false,boolean,Stapley et al. 2017 compilation (LinkageMapIinfo2.csv)
ott947948,Papilio glaucus,sex_determination_karyotype,XY,categorical,Stapley et al. 2017 compilation (LinkageMapIinfo2.csv)
ott947948,Papilio glaucus,sexual_system,gonochorous,categorical,Stapley et al. 2017 compilation (LinkageMapIinfo2.csv)
ott115449,Papio anubis,habitat,terrestrial,categorical,Stapley et al. 2017 compilation (LinkageMapIinfo2.csv)
ott115449,Papio anubis,haplodiploid,false,boolean,Stapley et al. 2017 compilation (LinkageMapIinfo2.csv)
ott115449,Papio anubis,invasive,false,boolean,Stapley et al. 2017 compilation (LinkageMapIinfo2.csv)
ott115449,Papio anubis,parasitic_or_pathogenic,false,boolean,Stapley et al. 2017 compilation (LinkageMapIinfo2.csv)
ott115449,Papio anubis,sex_determination_karyotype,XY,categorical,Stapley et al. 2017 compilation (LinkageMapIinfo2.csv)
ott115449,Papio anubis,sexual_system,gonochorous,categorical,Stapley et al. 2017 compilation (LinkageMapIinfo2.csv)
ott115463,Papio hamadryas,habitat,terrestrial,categorical,Stapley et al. 2017 compilation (LinkageMapIinfo2.csv)
ott115463,Papio hamadryas,haplodiploid,false,boolean,Stapley et al. 2017 compilation (LinkageMapIinfo2.csv)
ott115463,Papio hamadryas,invasive,false,boolean,Stapley et al. 2017 compilation (LinkageMapIinfo2.csv)
ott115463,Papio hamadryas,parasitic_or_pathogenic,false,boolean,Stapley et al. 2017 compilation (LinkageMapIinfo2.csv)
ott115463,Papio hamadryas,sex_determination_karyotype,XY,categorical,Stapley et al. 2017 compilation (LinkageMapIinfo2.csv)
ott115463,Papio hamadryas,sexual_system,gonochorous,categorical,Stapley et al. 2017 compilation (LinkageMapIinfo2.csv)
ott883392,Paralichthys olivaceus,habitat,aquatic,categorical,Stapley et al. 2017 compilation (LinkageMapIinfo2.csv)
ott883392,Paralichthys olivaceus,haplodiploid,false,boolean,Stapley et al. 2017 compilation (LinkageMapIinfo2.csv)
ott883392,Paralichthys olivaceus,heterochiasmy,H,categorical,Stapley et al. 2017 compilation (LinkageMapIinfo2.csv)
ott883392,Paralichthys olivaceus,invasive,false,boolean,Stapley et al. 2017 compilation (LinkageMapIinfo2.csv)
ott883392,Paralichthys olivaceus,parasitic_or_pathogenic,false,boolean,Stapley et al. 2017 compilation (LinkageMapIinfo2.csv)
ott883392,Paralichthys olivaceus,sex_determination_genotypic,MH,categorical,Stapley et al. 2017 compilation (LinkageMapIinfo2.csv)
ott883392,Paralichthys olivaceus,sex_determination_karyotype,H,categorical,Stapley et al. 2017 compilation (LinkageMapIinfo2.csv)
ott883392,Paralichthys olivaceus,sexual_system,gonochorous,categorical,Stapley et al. 2017 compilation (LinkageMapIinfo2.csv)
ott515143,Parus major,habitat,terrestrial,categorical,Stapley et al. 2017 compilation (LinkageMapIinfo2.csv)
ott515143,Parus major,haplodiploid,false,boolean,Stapley et al. 2017 compilation (LinkageMapIinfo2.csv)
ott515143,Parus major,heterochiasmy,H,categorical,Stapley et al. 2017 compilation (LinkageMapIinfo2.csv)
ott515143,Parus major,invasive,false,boolean,Stapley et al. 2017 compilation (LinkageMapIinfo2.csv)
ott515143,Parus major,parasitic_or_pathogenic,false,boolean,Stapley et al. 2017 compilation (LinkageMapIinfo2.csv)
ott515143,Parus major,sex_determination_genotypic,FH,categorical,Stapley et al. 2017 compilation (LinkageMapIinfo2.csv)
ott515143,Parus major,sex_determination_karyotype,ZW,categorical,Stapley et al. 2017 compilation (LinkageMapIinfo2.csv)
ott515143,Parus major,sexual_system,gonochorous,categorical,Stapley et al. 2017 compilation (LinkageMapIinfo2.csv)
ott449027,Patinopecten yessoensis,habitat,aquatic,categorical,Stapley et al. 2017 compilation (LinkageMapIinfo2.csv)
ott449027,Patinopecten yessoensis,invasive,false,boolean,Stapley et al. 2017 compilation (LinkageMapIinfo2.csv)
ott449027,Patinopecten yessoensis,parasitic_or_pathogenic,false,boolean,Stapley et al. 2017 compilation (LinkageMapIinfo2.csv)
ott475468,Penaeus chinensis,habitat,aquatic,categorical,Stapley et al. 2017 compilation (LinkageMapIinfo2.csv)
ott475468,Penaeus chinensis,haplodiploid,false,boolean,Stapley et al. 2017 compilation (LinkageMapIinfo2.csv)
ott475468,Penaeus chinensis,invasive,false,boolean,Stapley et al. 2017 compilation (LinkageMapIinfo2.csv)
ott475468,Penaeus chinensis,parasitic_or_pathogenic,false,boolean,Stapley et al. 2017 compilation (LinkageMapIinfo2.csv)
ott475468,Penaeus chinensis,sexual_system,gonochorous,categorical,Stapley et al. 2017 compilation (LinkageMapIinfo2.csv)
ott212713,Penaeus monodon,habitat,aquatic,categorical,Stapley et al. 2017 compilation (LinkageMapIinfo2.csv)
ott212713,Penaeus monodon,haplodiploid,false,boolean,Stapley et al. 2017 compilation (LinkageMapIinfo2.csv)
ott212713,Penaeus monodon,heterochiasmy,H,categorical,Stapley et al. 2017 compilation (LinkageMapIinfo2.csv)
ott212713,Penaeus monodon,invasive,false,boolean,Stapley et al. 2017 compilation (LinkageMapIinfo2.csv)
ott212713,Penaeus monodon,parasitic_or_pathogenic,false,boolean,Stapley et al. 2017 compilation (LinkageMapIinfo2.csv)
ott212713,Penaeus monodon,sex_determination_genotypic,FH,categorical,Stapley et al. 2017 compilation (LinkageMapIinfo2.csv)
ott212713,Penaeus monodon,sex_determination_karyotype,ZW,categorical,Stapley et al. 2017 compilation (LinkageMapIinfo2.csv)
ott212713,Penaeus monodon,sexual_system,gonochorous,categorical,Stapley et al. 2017 compilation (LinkageMapIinfo2.csv)
ott1079449,Pennisetum glaucum,domestication_status,Domesticated,categorical,Stapley et al. 2017 compilation (LinkageMapIinfo2.csv)
ott1079449,Pennisetum glaucum,habitat,terrestrial,categorical,Stapley et al. 2017 compilation (LinkageMapIinfo2.csv)
ott1079449,Pennisetum glaucum,leaf_compoundness,simple,categorical,Stapley et al. 2017 compilation (LinkageMapIinfo2.csv)
ott1079449,Pennisetum glaucum,leaf_type,broadleaved,categorical,Stapley et al. 2017 compilation (LinkageMapIinfo2.csv)
ott1079449,Pennisetum glaucum,parasitic_or_pathogenic,false,boolean,Stapley et al. 2017 compilation (LinkageMapIinfo2.csv)
ott1079449,Pennisetum glaucum,photosynthetic_pathway,C4,categorical,Stapley et al. 2017 compilation (LinkageMapIinfo2.csv)
ott1079449,Pennisetum glaucum,plant_growth_form,graminoid,categorical,Stapley et al. 2017 compilation (LinkageMapIinfo2.csv)
ott1079449,Pennisetum glaucum,recombination_index_chiasma,11.33,numeric,Stapley et al. 2017 compilation (LinkageMapIinfo2.csv)
ott1079449,Pennisetum glaucum,recombination_index_haploid,7.0,numeric,Stapley et al. 2017 compilation (LinkageMapIinfo2.csv)
ott1079449,Pennisetum glaucum,selfing,SC,categorical,Stapley et al. 2017 compilation (LinkageMapIinfo2.csv)
ott1079449,Pennisetum glaucum,sexual_system,hermaphrodite,categorical,Stapley et al. 2017 compilation (LinkageMapIinfo2.csv)
ott1079449,Pennisetum glaucum,woodiness,non-woody,categorical,Stapley et al. 2017 compilation (LinkageMapIinfo2.csv)
ott140438,Perisoreus infaustus,habitat,terrestrial,categorical,Stapley et al. 2017 compilation (LinkageMapIinfo2.csv)
ott140438,Perisoreus infaustus,haplodiploid,false,boolean,Stapley et al. 2017 compilation (LinkageMapIinfo2.csv)
ott140438,Perisoreus infaustus,heterochiasmy,H,categorical,Stapley et al. 2017 compilation (LinkageMapIinfo2.csv)
ott140438,Perisoreus infaustus,invasive,false,boolean,Stapley et al. 2017 compilation (LinkageMapIinfo2.csv)
ott140438,Perisoreus infaustus,parasitic_or_pathogenic,false,boolean,Stapley et al. 2017 compilation (LinkageMapIinfo2.csv)
ott140438,Perisoreus infaustus,sex_determination_genotypic,FH,categorical,Stapley et al. 2017 compilation (LinkageMapIinfo2.csv)
ott140438,Perisoreus infaustus,sex_determination_karyotype,ZW,categorical,Stapley et al. 2017 compilation (LinkageMapIinfo2.csv)
ott140438,Perisoreus infaustus,sexual_system,gonochorous,categorical,Stapley et al. 2017 compilation (LinkageMapIinfo2.csv)
ott377525,Peromyscus maniculatus,habitat,terrestrial,categorical,Stapley et al. 2017 compilation (LinkageMapIinfo2.csv)
ott377525,Peromyscus maniculatus,haplodiploid,false,boolean,Stapley et al. 2017 compilation (LinkageMapIinfo2.csv)
ott377525,Peromyscus maniculatus,invasive,true,boolean,Stapley et al. 2017 compilation (LinkageMapIinfo2.csv)
ott377525,Peromyscus maniculatus,parasitic_or_pathogenic,false,boolean,Stapley et al. 2017 compilation (LinkageMapIinfo2.csv)
ott377525,Peromyscus maniculatus,sex_determination_karyotype,XY,categorical,Stapley et al. 2017 compilation (LinkageMapIinfo2.csv)
ott377525,Peromyscus maniculatus,sexual_system,gonochorous,categorical,Stapley et al. 2017 compilation (LinkageMapIinfo2.csv)
ott913249,Persea americana,habitat,terrestrial,categorical,Stapley et al. 2017 compilation (LinkageMapIinfo2.csv)
ott913249,Persea americana,leaf_compoundness,simple,categorical,Stapley et al. 2017 compilation (LinkageMapIinfo2.csv)
ott913249,Persea americana,leaf_phenology,evergreen,categorical,Stapley et al. 2017 compilation (LinkageMapIinfo2.csv)
ott913249,Persea americana,leaf_type,broadleaved,categorical,Stapley et al. 2017 compilation (LinkageMapIinfo2.csv)
ott913249,Persea americana,parasitic_or_pathogenic,false,boolean,Stapley et al. 2017 compilation (LinkageMapIinfo2.csv)
ott913249,Persea americana,photosynthetic_pathway,C3,categorical,Stapley et al. 2017 compilation (LinkageMapIinfo2.csv)
ott913249,Persea americana,plant_growth_form,tree,categorical,Stapley et al. 2017 compilation (LinkageMapIinfo2.csv)
ott913249,Persea americana,selfing,SC,categorical,Stapley et al. 2017 compilation (LinkageMapIinfo2.csv)
ott913249,Persea americana,sexual_system,hermaphrodite,categorical,Stapley et al. 2017 compilation (LinkageMapIinfo2.csv)
ott913249,Persea americana,woodiness,woody,categorical,Stapley et al. 2017 compilation (LinkageMapIinfo2.csv)
ott232467,Petunia axillaris,domestication_status,Cultivated,categorical,Stapley et al. 2017 compilation (LinkageMapIinfo2.csv)
ott232467,Petunia axillaris,habitat,terrestrial,categorical,Stapley et al. 2017 compilation (LinkageMapIinfo2.csv)
ott232467,Petunia axillaris,parasitic_or_pathogenic,false,boolean,Stapley et al. 2017 compilation (LinkageMapIinfo2.csv)
ott232467,Petunia axillaris,recombination_index_chiasma,11.67,numeric,Stapley et al. 2017 compilation (LinkageMapIinfo2.csv)
ott232467,Petunia axillaris,recombination_index_haploid,7.0,numeric,Stapley et al. 2017 compilation (LinkageMapIinfo2.csv)
ott5346507,Phaeosphaeria nodorum,host_type,plants,categorical,Stapley et al. 2017 compilation (LinkageMapIinfo2.csv)
ott5346507,Phaeosphaeria nodorum,parasitic_or_pathogenic,true,boolean,Stapley et al. 2017 compilation (LinkageMapIinfo2.csv)
ott5346507,Phaeosphaeria nodorum,sex_determination_karyotype,H,categorical,Stapley et al. 2017 compilation (LinkageMapIinfo2.csv)
ott808637,Phalloceros caudimaculatus,habitat,aquatic,categorical,Stapley et al. 2017 compilation (LinkageMapIinfo2.csv)
ott808637,Phalloceros caudimaculatus,haplodiploid,false,boolean,Stapley et al. 2017 compilation (LinkageMapIinfo2.csv)
ott808637,Phalloceros caudimaculatus,invasive,true,boolean,Stapley et al. 2017 compilation (LinkageMapIinfo2.csv)
ott808637,Phalloceros caudimaculatus,parasitic_or_pathogenic,false,boolean,Stapley et al. 2017 compilation (LinkageMapIinfo2.csv)
ott825707,Phaseolus vulgaris,domestication_status,Domesticated,categorical,Stapley et al. 2017 compilation (LinkageMapIinfo2.csv)
ott825707,Phaseolus vulgaris,habitat,terrestrial,categorical,Stapley et al. 2017 compilation (LinkageMapIinfo2.csv)
ott825707,Phaseolus vulgaris,leaf_compoundness,compound,categorical,Stapley et al. 2017 compilation (LinkageMapIinfo2.csv)
ott825707,Phaseolus vulgaris,leaf_type,broadleaved,categorical,Stapley et al. 2017 compilation (LinkageMapIinfo2.csv)
ott825707,Phaseolus vulgaris,parasitic_or_pathogenic,false,boolean,Stapley et al. 2017 compilation (LinkageMapIinfo2.csv)
ott825707,Phaseolus vulgaris,photosynthetic_pathway,C3,categorical,Stapley et al. 2017 compilation (LinkageMapIinfo2.csv)
ott825707,Phaseolus vulgaris,plant_growth_form,herb,categorical,Stapley et al. 2017 compilation (LinkageMapIinfo2.csv)
ott825707,Phaseolus vulgaris,recombination_index_chiasma,21.8,numeric,Stapley et al. 2017 compilation (LinkageMapIinfo2.csv)
ott825707,Phaseolus vulgaris,recombination_index_haploid,11.0,numeric,Stapley et al. 2017 compilation (LinkageMapIinfo2.csv)
ott825707,Phaseolus vulgaris,selfing,SC,categorical,Stapley et al. 2017 compilation (LinkageMapIinfo2.csv)
ott825707,Phaseolus vulgaris,sexual_system,hermaphrodite,categorical,Stapley et al. 2017 compilation (LinkageMapIinfo2.csv)
ott825707,Phaseolus vulgaris,woodiness,non-woody,categorical,Stapley et al. 2017 compilation (LinkageMapIinfo2.csv)
ott1090732,Philomachus pugnax,habitat,terrestrial,categorical,Stapley et al. 2017 compilation (LinkageMapIinfo2.csv)
ott1090732,Philomachus pugnax,haplodiploid,false,boolean,Stapley et al. 2017 compilation (LinkageMapIinfo2.csv)
ott1090732,Philomachus pugnax,invasive,false,boolean,Stapley et al. 2017 compilation (LinkageMapIinfo2.csv)
ott1090732,Philomachus pugnax,parasitic_or_pathogenic,false,boolean,Stapley et al. 2017 compilation (LinkageMapIinfo2.csv)
ott1090732,Philomachus pugnax,sex_determination_genotypic,FH,categorical,Stapley et al. 2017 compilation (LinkageMapIinfo2.csv)
ott1090732,Philomachus pugnax,sex_determination_karyotype,ZW,categorical,Stapley et al. 2017 compilation (LinkageMapIinfo2.csv)
ott1090732,Philomachus pugnax,sexual_system,gonochorous,categorical,Stapley et al. 2017 compilation (LinkageMapIinfo2.csv)
ott789008,Phoenix dactylifera,genus_n_dioecious_species,17.0,numeric,Stapley et al. 2017 compilation (LinkageMapIinfo2.csv)
ott789008,Phoenix dactylifera,genus_n_species,17.0,numeric,Stapley et al. 2017 compilation (LinkageMapIinfo2.csv)
ott789008,Phoenix dactylifera,habitat,terrestrial,categorical,Stapley et al. 2017 compilation (LinkageMapIinfo2.csv)
ott789008,Phoenix dactylifera,leaf_compoundness,compound,categorical,Stapley et al. 2017 compilation (LinkageMapIinfo2.csv)
ott789008,Phoenix dactylifera,leaf_phenology,evergreen,categorical,Stapley et al. 2017 compilation (LinkageMapIinfo2.csv)
ott789008,Phoenix dactylifera,leaf_type,broadleaved,categorical,Stapley et al. 2017 compilation (LinkageMapIinfo2.csv)
ott789008,Phoenix dactylifera,parasitic_or_pathogenic,false,boolean,Stapley et al. 2017 compilation (LinkageMapIinfo2.csv)
ott789008,Phoenix dactylifera,photosynthetic_pathway,C3,categorical,Stapley et al. 2017 compilation (LinkageMapIinfo2.csv)
ott789008,Phoenix dactylifera,plant_growth_form,tree,categorical,Stapley et al. 2017 compilation (LinkageMapIinfo2.csv)
ott789008,Phoenix dactylifera,plant_life_form,P,categorical,Stapley et al. 2017 compilation (LinkageMapIinfo2.csv)
ott789008,Phoenix dactylifera,pollination_mode,variable,categorical,Stapley et al. 2017 compilation (LinkageMapIinfo2.csv)
ott789008,Phoenix dactylifera,selfing,SI,categorical,Stapley et al. 2017 compilation (LinkageMapIinfo2.csv)
ott789008,Phoenix dactylifera,sexual_system,dioecy,categorical,Stapley et al. 2017 compilation (LinkageMapIinfo2.csv)
ott789008,Phoenix dactylifera,woodiness,woody,categorical,Stapley et al. 2017 compilation (LinkageMapIinfo2.csv)
ott735973,Phycomyces blakesleeanus,habitat,terrestrial,categorical,Stapley et al. 2017 compilation (LinkageMapIinfo2.csv)
ott735973,Phycomyces blakesleeanus,parasitic_or_pathogenic,false,boolean,Stapley et al. 2017 compilation (LinkageMapIinfo2.csv)
ott735973,Phycomyces blakesleeanus,sex_determination_karyotype,H,categorical,Stapley et al. 2017 compilation (LinkageMapIinfo2.csv)
ott821359,Physcomitrella patens,habitat,terrestrial,categorical,Stapley et al. 2017 compilation (LinkageMapIinfo2.csv)
ott821359,Physcomitrella patens,parasitic_or_pathogenic,false,boolean,Stapley et al. 2017 compilation (LinkageMapIinfo2.csv)
ott775738,Phytophthora capsici,host_type,plants,categorical,Stapley et al. 2017 compilation (LinkageMapIinfo2.csv)
ott775738,Phytophthora capsici,parasitic_or_pathogenic,true,boolean,Stapley et al. 2017 compilation (LinkageMapIinfo2.csv)
ott775725,Phytophthora infestans,host_type,plants,categorical,Stapley et al. 2017 compilation (LinkageMapIinfo2.csv)
ott775725,Phytophthora infestans,parasitic_or_pathogenic,true,boolean,Stapley et al. 2017 compilation (LinkageMapIinfo2.csv)
ott517943,Picea abies,habitat,terrestrial,categorical,Stapley et al. 2017 compilation (LinkageMapIinfo2.csv)
ott517943,Picea abies,leaf_compoundness,simple,categorical,Stapley et al. 2017 compilation (LinkageMapIinfo2.csv)
ott517943,Picea abies,leaf_phenology,evergreen,categorical,Stapley et al. 2017 compilation (LinkageMapIinfo2.csv)
ott517943,Picea abies,leaf_type,needleleaved,categorical,Stapley et al. 2017 compilation (LinkageMapIinfo2.csv)
ott517943,Picea abies,parasitic_or_pathogenic,false,boolean,Stapley et al. 2017 compilation (LinkageMapIinfo2.csv)
ott517943,Picea abies,photosynthetic_pathway,C3,categorical,Stapley et al. 2017 compilation (LinkageMapIinfo2.csv)
ott517943,Picea abies,plant_growth_form,tree,categorical,Stapley et al. 2017 compilation (LinkageMapIinfo2.csv)
ott517943,Picea abies,sex_determination_karyotype,H,categorical,Stapley et al. 2017 compilation (LinkageMapIinfo2.csv)
ott517943,Picea abies,sexual_system,monoecious,categorical,Stapley et al. 2017 compilation (LinkageMapIinfo2.csv)
ott517943,Picea abies,woodiness,woody,categorical,Stapley et al. 2017 compilation (LinkageMapIinfo2.csv)
ott771681,Picea glauca,habitat,terrestrial,categorical,Stapley et al. 2017 compilation (LinkageMapIinfo2.csv)
ott771681,Picea glauca,leaf_compoundness,simple,categorical,Stapley et al. 2017 compilation (LinkageMapIinfo2.csv)
ott771681,Picea glauca,leaf_phenology,evergreen,categorical,Stapley et al. 2017 compilation (LinkageMapIinfo2.csv)
ott771681,Picea glauca,leaf_type,needleleaved,categorical,Stapley et al. 2017 compilation (LinkageMapIinfo2.csv)
ott771681,Picea glauca,parasitic_or_pathogenic,false,boolean,Stapley et al. 2017 compilation (LinkageMapIinfo2.csv)
ott771681,Picea glauca,photosynthetic_pathway,C3,categorical,Stapley et al. 2017 compilation (LinkageMapIinfo2.csv)
ott771681,Picea glauca,plant_growth_form,tree,categorical,Stapley et al. 2017 compilation (LinkageMapIinfo2.csv)
ott771681,Picea glauca,sex_determination_karyotype,H,categorical,Stapley et al. 2017 compilation (LinkageMapIinfo2.csv)
ott771681,Picea glauca,sexual_system,monoecious,categorical,Stapley et al. 2017 compilation (LinkageMapIinfo2.csv)
ott771681,Picea glauca,woodiness,woody,categorical,Stapley et al. 2017 compilation (LinkageMapIinfo2.csv)
ott363879,Picea mariana,habitat,terrestrial,categorical,Stapley et al. 2017 compilation (LinkageMapIinfo2.csv)
ott363879,Picea mariana,heterochiasmy,H,categorical,Stapley et al. 2017 compilation (LinkageMapIinfo2.csv)
ott363879,Picea mariana,leaf_compoundness,simple,categorical,Stapley et al. 2017 compilation (LinkageMapIinfo2.csv)
ott363879,Picea mariana,leaf_phenology,evergreen,categorical,Stapley et al. 2017 compilation (LinkageMapIinfo2.csv)
ott363879,Picea mariana,leaf_type,needleleaved,categorical,Stapley et al. 2017 compilation (LinkageMapIinfo2.csv)
ott363879,Picea mariana,parasitic_or_pathogenic,false,boolean,Stapley et al. 2017 compilation (LinkageMapIinfo2.csv)
ott363879,Picea mariana,photosynthetic_pathway,C3,categorical,Stapley et al. 2017 compilation (LinkageMapIinfo2.csv)
ott363879,Picea mariana,plant_growth_form,tree,categorical,Stapley et al. 2017 compilation (LinkageMapIinfo2.csv)
ott363879,Picea mariana,sex_determination_karyotype,H,categorical,Stapley et al. 2017 compilation (LinkageMapIinfo2.csv)
ott363879,Picea mariana,sexual_system,monoecious,categorical,Stapley et al. 2017 compilation (LinkageMapIinfo2.csv)
ott363879,Picea mariana,woodiness,woody,categorical,Stapley et al. 2017 compilation (LinkageMapIinfo2.csv)
ott763333,Pinctada martensii,habitat,aquatic,categorical,Stapley et al. 2017 compilation (LinkageMapIinfo2.csv)
ott763333,Pinctada martensii,invasive,false,boolean,Stapley et al. 2017 compilation (LinkageMapIinfo2.csv)
ott763333,Pinctada martensii,parasitic_or_pathogenic,false,boolean,Stapley et al. 2017 compilation (LinkageMapIinfo2.csv)
ott855589,Pinctada maxima,habitat,aquatic,categorical,Stapley et al. 2017 compilation (LinkageMapIinfo2.csv)
ott855589,Pinctada maxima,invasive,false,boolean,Stapley et al. 2017 compilation (LinkageMapIinfo2.csv)
ott855589,Pinctada maxima,parasitic_or_pathogenic,false,boolean,Stapley et al. 2017 compilation (LinkageMapIinfo2.csv)
ott1044480,Pinus balfouriana,habitat,terrestrial,categorical,Stapley et al. 2017 compilation (LinkageMapIinfo2.csv)
ott1044480,Pinus balfouriana,leaf_compoundness,simple,categorical,Stapley et al. 2017 compilation (LinkageMapIinfo2.csv)
ott1044480,Pinus balfouriana,leaf_phenology,evergreen,categorical,Stapley et al. 2017 compilation (LinkageMapIinfo2.csv)
ott1044480,Pinus balfouriana,leaf_type,needleleaved,categorical,Stapley et al. 2017 compilation (LinkageMapIinfo2.csv)
ott1044480,Pinus balfouriana,parasitic_or_pathogenic,false,boolean,Stapley et al. 2017 compilation (LinkageMapIinfo2.csv)
ott1044480,Pinus balfouriana,photosynthetic_pathway,C3,categorical,Stapley et al. 2017 compilation (LinkageMapIinfo2.csv)
ott1044480,Pinus balfouriana,plant_growth_form,tree,categorical,Stapley et al. 2017 compilation (LinkageMapIinfo2.csv)
ott1044480,Pinus balfouriana,sex_determination_karyotype,H,categorical,Stapley et al. 2017 compilation (LinkageMapIinfo2.csv)
ott1044480,Pinus balfouriana,sexual_system,monoecious,categorical,Stapley et al. 2017 compilation (LinkageMapIinfo2.csv)
ott1044480,Pinus balfouriana,woodiness,woody,categorical,Stapley et al. 2017 compilation (LinkageMapIinfo2.csv)
ott245809,Pinus elliottii,habitat,terrestrial,categorical,Stapley et al. 2017 compilation (LinkageMapIinfo2.csv)
ott245809,Pinus elliottii,heterochiasmy,H,categorical,Stapley et al. 2017 compilation (LinkageMapIinfo2.csv)
ott245809,Pinus elliottii,parasitic_or_pathogenic,false,boolean,Stapley et al. 2017 compilation (LinkageMapIinfo2.csv)
ott245809,Pinus elliottii,sex_determination_karyotype,H,categorical,Stapley et al. 2017 compilation (LinkageMapIinfo2.csv)
ott245809,Pinus elliottii,sexual_system,monoecious,categorical,Stapley et al. 2017 compilation (LinkageMapIinfo2.csv)
ott830806,Pinus koraiensis,habitat,terrestrial,categorical,Stapley et al. 2017 compilation (LinkageMapIinfo2.csv)
ott830806,Pinus koraiensis,leaf_compoundness,simple,categorical,Stapley et al. 2017 compilation (LinkageMapIinfo2.csv)
ott830806,Pinus koraiensis,leaf_phenology,evergreen,categorical,Stapley et al. 2017 compilation (LinkageMapIinfo2.csv)
ott830806,Pinus koraiensis,leaf_type,needleleaved,categorical,Stapley et al. 2017 compilation (LinkageMapIinfo2.csv)
ott830806,Pinus koraiensis,parasitic_or_pathogenic,false,boolean,Stapley et al. 2017 compilation (LinkageMapIinfo2.csv)
ott830806,Pinus koraiensis,photosynthetic_pathway,C3,categorical,Stapley et al. 2017 compilation (LinkageMapIinfo2.csv)
ott830806,Pinus koraiensis,plant_growth_form,tree,categorical,Stapley et al. 2017 compilation (LinkageMapIinfo2.csv)
ott830806,Pinus koraiensis,sex_determination_karyotype,H,categorical,Stapley et al. 2017 compilation (LinkageMapIinfo2.csv)
ott830806,Pinus koraiensis,sexual_system,monoecious,categorical,Stapley et al. 2017 compilation (LinkageMapIinfo2.csv)
ott830806,Pinus koraiensis,woodiness,woody,categorical,Stapley et al. 2017 compilation (LinkageMapIinfo2.csv)
ott568626,Pinus lambertiana,habitat,terrestrial,categorical,Stapley et al. 2017 compilation (LinkageMapIinfo2.csv)
ott568626,Pinus lambertiana,leaf_compoundness,simple,categorical,Stapley et al. 2017 compilation (LinkageMapIinfo2.csv)
ott568626,Pinus lambertiana,leaf_phenology,evergreen,categorical,Stapley et al. 2017 compilation (LinkageMapIinfo2.csv)
ott568626,Pinus lambertiana,leaf_type,needleleaved,categorical,Stapley et al. 2017 compilation (LinkageMapIinfo2.csv)
ott568626,Pinus lambertiana,parasitic_or_pathogenic,false,boolean,Stapley et al. 2017 compilation (LinkageMapIinfo2.csv)
ott568626,Pinus lambertiana,photosynthetic_pathway,C3,categorical,Stapley et al. 2017 compilation (LinkageMapIinfo2.csv)
ott568626,Pinus lambertiana,plant_growth_form,tree,categorical,Stapley et al. 2017 compilation (LinkageMapIinfo2.csv)
ott568626,Pinus lambertiana,sex_determination_karyotype,H,categorical,Stapley et al. 2017 compilation (LinkageMapIinfo2.csv)
ott568626,Pinus lambertiana,sexual_system,monoecious,categorical,Stapley et al. 2017 compilation (LinkageMapIinfo2.csv)
ott568626,Pinus lambertiana,woodiness,woody,categorical,Stapley et al. 2017 compilation (LinkageMapIinfo2.csv)
ott714296,Pinus massoniana,habitat,terrestrial,categorical,Stapley et al. 2017 compilation (LinkageMapIinfo2.csv)
ott714296,Pinus massoniana,leaf_compoundness,simple,categorical,Stapley et al. 2017 compilation (LinkageMapIinfo2.csv)
ott714296,Pinus massoniana,leaf_phenology,evergreen,categorical,Stapley et al. 2017 compilation (LinkageMapIinfo2.csv)
ott714296,Pinus massoniana,leaf_type,needleleaved,categorical,Stapley et al. 2017 compilation (LinkageMapIinfo2.csv)
ott714296,Pinus massoniana,parasitic_or_pathogenic,false,boolean,Stapley et al. 2017 compilation (LinkageMapIinfo2.csv)
ott714296,Pinus massoniana,photosynthetic_pathway,C3,categorical,Stapley et al. 2017 compilation (LinkageMapIinfo2.csv)
ott714296,Pinus massoniana,plant_growth_form,tree,categorical,Stapley et al. 2017 compilation (LinkageMapIinfo2.csv)
ott714296,Pinus massoniana,sex_determination_karyotype,H,categorical,Stapley et al. 2017 compilation (LinkageMapIinfo2.csv)
ott714296,Pinus massoniana,sexual_system,monoecious,categorical,Stapley et al. 2017 compilation (LinkageMapIinfo2.csv)
ott714296,Pinus massoniana,woodiness,woody,categorical,Stapley et al. 2017 compilation (LinkageMapIinfo2.csv)
ott837883,Pinus pinaster,habitat,terrestrial,categorical,Stapley et al. 2017 compilation (LinkageMapIinfo2.csv)
ott837883,Pinus pinaster,leaf_compoundness,simple,categorical,Stapley et al. 2017 compilation (LinkageMapIinfo2.csv)
ott837883,Pinus pinaster,leaf_phenology,evergreen,categorical,Stapley et al. 2017 compilation (LinkageMapIinfo2.csv)
ott837883,Pinus pinaster,leaf_type,needleleaved,categorical,Stapley et al. 2017 compilation (LinkageMapIinfo2.csv)
ott837883,Pinus pinaster,parasitic_or_pathogenic,false,boolean,Stapley et al. 2017 compilation (LinkageMapIinfo2.csv)
ott837883,Pinus pinaster,photosynthetic_pathway,C3,categorical,Stapley et al. 2017 compilation (LinkageMapIinfo2.csv)
ott837883,Pinus pinaster,plant_growth_form,tree,categorical,Stapley et al. 2017 compilation (LinkageMapIinfo2.csv)
ott837883,Pinus pinaster,sex_determination_karyotype,H,categorical,Stapley et al. 2017 compilation (LinkageMapIinfo2.csv)
ott837883,Pinus pinaster,sexual_system,monoecious,categorical,Stapley et al. 2017 compilation (LinkageMapIinfo2.csv)
ott837883,Pinus pinaster,woodiness,woody,categorical,Stapley et al. 2017 compilation (LinkageMapIinfo2.csv)
ott568644,Pinus radiata,habitat,terrestrial,categorical,Stapley et al. 2017 compilation (LinkageMapIinfo2.csv)
ott568644,Pinus radiata,leaf_compoundness,simple,categorical,Stapley et al. 2017 compilation (LinkageMapIinfo2.csv)
ott568644,Pinus radiata,leaf_phenology,evergreen,categorical,Stapley et al. 2017 compilation (LinkageMapIinfo2.csv)
ott568644,Pinus radiata,leaf_type,needleleaved,categorical,Stapley et al. 2017 compilation (LinkageMapIinfo2.csv)
ott568644,Pinus radiata,parasitic_or_pathogenic,false,boolean,Stapley et al. 2017 compilation (LinkageMapIinfo2.csv)
ott568644,Pinus radiata,photosynthetic_pathway,C3,categorical,Stapley et al. 2017 compilation (LinkageMapIinfo2.csv)
ott568644,Pinus radiata,plant_growth_form,tree,categorical,Stapley et al. 2017 compilation (LinkageMapIinfo2.csv)
ott568644,Pinus radiata,sex_determination_karyotype,H,categorical,Stapley et al. 2017 compilation (LinkageMapIinfo2.csv)
ott568644,Pinus radiata,sexual_system,monoecious,categorical,Stapley et al. 2017 compilation (LinkageMapIinfo2.csv)
ott568644,Pinus radiata,woodiness,woody,categorical,Stapley et al. 2017 compilation (LinkageMapIinfo2.csv)
ott568619,Pinus sylvestris,habitat,terrestrial,categorical,Stapley et al. 2017 compilation (LinkageMapIinfo2.csv)
ott568619,Pinus sylvestris,leaf_compoundness,simple,categorical,Stapley et al. 2017 compilation (LinkageMapIinfo2.csv)
ott568619,Pinus sylvestris,leaf_phenology,evergreen,categorical,Stapley et al. 2017 compilation (LinkageMapIinfo2.csv)
ott568619,Pinus sylvestris,leaf_type,needleleaved,categorical,Stapley et al. 2017 compilation (LinkageMapIinfo2.csv)
ott568619,Pinus sylvestris,parasitic_or_pathogenic,false,boolean,Stapley et al. 2017 compilation (LinkageMapIinfo2.csv)
ott568619,Pinus sylvestris,photosynthetic_pathway,C3,categorical,Stapley et al. 2017 compilation (LinkageMapIinfo2.csv)
ott568619,Pinus sylvestris,plant_growth_form,tree,categorical,Stapley et al. 2017 compilation (LinkageMapIinfo2.csv)
ott568619,Pinus sylvestris,sex_determination_karyotype,H,categorical,Stapley et al. 2017 compilation (LinkageMapIinfo2.csv)
ott568619,Pinus sylvestris,sexual_system,monoecious,categorical,Stapley et al. 2017 compilation (LinkageMapIinfo2.csv)
ott568619,Pinus sylvestris,woodiness,woody,categorical,Stapley et al. 2017 compilation (LinkageMapIinfo2.csv)
ott1075736,Pinus taeda,habitat,terrestrial,categorical,Stapley et al. 2017 compilation (LinkageMapIinfo2.csv)
ott1075736,Pinus taeda,leaf_compoundness,simple,categorical,Stapley et al. 2017 compilation (LinkageMapIinfo2.csv)
ott1075736,Pinus taeda,leaf_phenology,evergreen,categorical,Stapley et al. 2017 compilation (LinkageMapIinfo2.csv)
ott1075736,Pinus taeda,leaf_type,needleleaved,categorical,Stapley et al. 2017 compilation (LinkageMapIinfo2.csv)
ott1075736,Pinus taeda,parasitic_or_pathogenic,false,boolean,Stapley et al. 2017 compilation (LinkageMapIinfo2.csv)
ott1075736,Pinus taeda,photosynthetic_pathway,C3,categorical,Stapley et al. 2017 compilation (LinkageMapIinfo2.csv)
ott1075736,Pinus taeda,plant_growth_form,tree,categorical,Stapley et al. 2017 compilation (LinkageMapIinfo2.csv)
ott1075736,Pinus taeda,sex_determination_karyotype,H,categorical,Stapley et al. 2017 compilation (LinkageMapIinfo2.csv)
ott1075736,Pinus taeda,sexual_system,monoecious,categorical,Stapley et al. 2017 compilation (LinkageMapIinfo2.csv)
ott1075736,Pinus taeda,woodiness,woody,categorical,Stapley et al. 2017 compilation (LinkageMapIinfo2.csv)
ott200787,Pistacia vera,genus_n_dioecious_species,9.0,numeric,Stapley et al. 2017 compilation (LinkageMapIinfo2.csv)
ott200787,Pistacia vera,genus_n_species,9.0,numeric,Stapley et al. 2017 compilation (LinkageMapIinfo2.csv)
ott200787,Pistacia vera,habitat,terrestrial,categorical,Stapley et al. 2017 compilation (LinkageMapIinfo2.csv)
ott200787,Pistacia vera,leaf_compoundness,compound,categorical,Stapley et al. 2017 compilation (LinkageMapIinfo2.csv)
ott200787,Pistacia vera,leaf_phenology,deciduous,categorical,Stapley et al. 2017 compilation (LinkageMapIinfo2.csv)
ott200787,Pistacia vera,leaf_type,broadleaved,categorical,Stapley et al. 2017 compilation (LinkageMapIinfo2.csv)
ott200787,Pistacia vera,parasitic_or_pathogenic,false,boolean,Stapley et al. 2017 compilation (LinkageMapIinfo2.csv)
ott200787,Pistacia vera,photosynthetic_pathway,C3,categorical,Stapley et al. 2017 compilation (LinkageMapIinfo2.csv)
ott200787,Pistacia vera,plant_growth_form,tree,categorical,Stapley et al. 2017 compilation (LinkageMapIinfo2.csv)
ott200787,Pistacia vera,pollination_mode,wind,categorical,Stapley et al. 2017 compilation (LinkageMapIinfo2.csv)
ott200787,Pistacia vera,woodiness,woody,categorical,Stapley et al. 2017 compilation (LinkageMapIinfo2.csv)
ott359905,Pisum sativum,domestication_status,Domesticated,categorical,Stapley et al. 2017 compilation (LinkageMapIinfo2.csv)
ott359905,Pisum sativum,habitat,terrestrial,categorical,Stapley et al. 2017 compilation (LinkageMapIinfo2.csv)
ott359905,Pisum sativum,leaf_compoundness,compound,categorical,Stapley et al. 2017 compilation (LinkageMapIinfo2.csv)
ott359905,Pisum sativum,leaf_type,broadleaved,categorical,Stapley et al. 2017 compilation (LinkageMapIinfo2.csv)
ott359905,Pisum sativum,parasitic_or_pathogenic,false,boolean,Stapley et al. 2017 compilation (LinkageMapIinfo2.csv)
ott359905,Pisum sativum,photosynthetic_pathway,C3,categorical,Stapley et al. 2017 compilation (LinkageMapIinfo2.csv)
ott359905,Pisum sativum,plant_growth_form,herb,categorical,Stapley et al. 2017 compilation (LinkageMapIinfo2.csv)
ott359905,Pisum sativum,recombination_index_chiasma,16.26,numeric,Stapley et al. 2017 compilation (LinkageMapIinfo2.csv)
ott359905,Pisum sativum,recombination_index_haploid,7.0,numeric,Stapley et al. 2017 compilation (LinkageMapIinfo2.csv)
ott359905,Pisum sativum,selfing,SC,categorical,Stapley et al. 2017 compilation (LinkageMapIinfo2.csv)
ott359905,Pisum sativum,sexual_system,hermaphrodite,categorical,Stapley et al. 2017 compilation (LinkageMapIinfo2.csv)
ott359905,Pisum sativum,woodiness,non-woody,categorical,Stapley et al. 2017 compilation (LinkageMapIinfo2.csv)
ott724404,Plasmodium chabaudi,host_type,animals,categorical,Stapley et al. 2017 compilation (LinkageMapIinfo2.csv)
ott724404,Plasmodium chabaudi,parasitic_or_pathogenic,true,boolean,Stapley et al. 2017 compilation (LinkageMapIinfo2.csv)
ott201128,Plasmodium falciparum,host_type,animals,categorical,Stapley et al. 2017 compilation (LinkageMapIinfo2.csv)
ott201128,Plasmodium falciparum,parasitic_or_pathogenic,true,boolean,Stapley et al. 2017 compilation (LinkageMapIinfo2.csv)
ott826551,Plasmodium yoelii,host_type,animals,categorical,Stapley et al. 2017 compilation (LinkageMapIinfo2.csv)
ott826551,Plasmodium yoelii,parasitic_or_pathogenic,true,boolean,Stapley et al. 2017 compilation (LinkageMapIinfo2.csv)
ott216726,Pleurotus eryngii,habitat,terrestrial,categorical,Stapley et al. 2017 compilation (LinkageMapIinfo2.csv)
ott216726,Pleurotus eryngii,parasitic_or_pathogenic,false,boolean,Stapley et al. 2017 compilation (LinkageMapIinfo2.csv)
ott216726,Pleurotus eryngii,sex_determination_karyotype,H,categorical,Stapley et al. 2017 compilation (LinkageMapIinfo2.csv)
ott17230,Pleurotus pulmonarius,habitat,terrestrial,categorical,Stapley et al. 2017 compilation (LinkageMapIinfo2.csv)
ott17230,Pleurotus pulmonarius,parasitic_or_pathogenic,false,boolean,Stapley et al. 2017 compilation (LinkageMapIinfo2.csv)
ott17230,Pleurotus pulmonarius,sex_determination_karyotype,H,categorical,Stapley et al. 2017 compilation (LinkageMapIinfo2.csv)
ott312452,Poecilia reticulata,habitat,aquatic,categorical,Stapley et al. 2017 compilation (LinkageMapIinfo2.csv)
ott312452,Poecilia reticulata,haplodiploid,false,boolean,Stapley et al. 2017 compilation (LinkageMapIinfo2.csv)
ott312452,Poecilia reticulata,invasive,true,boolean,Stapley et al. 2017 compilation (LinkageMapIinfo2.csv)
ott312452,Poecilia reticulata,parasitic_or_pathogenic,false,boolean,Stapley et al. 2017 compilation (LinkageMapIinfo2.csv)
ott312452,Poecilia reticulata,sex_determination_genotypic,MH,categorical,Stapley et al. 2017 compilation (LinkageMapIinfo2.csv)
ott312452,Poecilia reticulata,sex_determination_karyotype,H,categorical,Stapley et al. 2017 compilation (LinkageMapIinfo2.csv)
ott312452,Poecilia reticulata,sexual_system,gonochorous,categorical,Stapley et al. 2017 compilation (LinkageMapIinfo2.csv)
ott1042743,Pogonomyrmex rugosus,habitat,terrestrial,categorical,Stapley et al. 2017 compilation (LinkageMapIinfo2.csv)
ott1042743,Pogonomyrmex rugosus,haplodiploid,true,boolean,Stapley et al. 2017 compilation (LinkageMapIinfo2.csv)
ott1042743,Pogonomyrmex rugosus,invasive,false,boolean,Stapley et al. 2017 compilation (LinkageMapIinfo2.csv)
ott1042743,Pogonomyrmex rugosus,parasitic_or_pathogenic,false,boolean,Stapley et al. 2017 compilation (LinkageMapIinfo2.csv)
ott1042743,Pogonomyrmex rugosus,sexual_system,male.haploid,categorical,Stapley et al. 2017 compilation (LinkageMapIinfo2.csv)
ott5763644,Populus adenopoda,genus_n_dioecious_species,35.0,numeric,Stapley et al. 2017 compilation (LinkageMapIinfo2.csv)
ott5763644,Populus adenopoda,genus_n_species,35.0,numeric,Stapley et al. 2017 compilation (LinkageMapIinfo2.csv)
ott5763644,Populus adenopoda,habitat,terrestrial,categorical,Stapley et al. 2017 compilation (LinkageMapIinfo2.csv)
ott5763644,Populus adenopoda,parasitic_or_pathogenic,false,boolean,Stapley et al. 2017 compilation (LinkageMapIinfo2.csv)
ott5763644,Populus adenopoda,plant_life_form,P,categorical,Stapley et al. 2017 compilation (LinkageMapIinfo2.csv)
ott5763644,Populus adenopoda,pollination_mode,wind,categorical,Stapley et al. 2017 compilation (LinkageMapIinfo2.csv)
ott5763644,Populus adenopoda,sexual_system,dioecy,categorical,Stapley et al. 2017 compilation (LinkageMapIinfo2.csv)
ott1030862,Populus alba,genus_n_dioecious_species,35.0,numeric,Stapley et al. 2017 compilation (LinkageMapIinfo2.csv)
ott1030862,Populus alba,genus_n_species,35.0,numeric,Stapley et al. 2017 compilation (LinkageMapIinfo2.csv)
ott1030862,Populus alba,habitat,terrestrial,categorical,Stapley et al. 2017 compilation (LinkageMapIinfo2.csv)
ott1030862,Populus alba,leaf_compoundness,simple,categorical,Stapley et al. 2017 compilation (LinkageMapIinfo2.csv)
ott1030862,Populus alba,leaf_phenology,deciduous,categorical,Stapley et al. 2017 compilation (LinkageMapIinfo2.csv)
ott1030862,Populus alba,leaf_type,broadleaved,categorical,Stapley et al. 2017 compilation (LinkageMapIinfo2.csv)
ott1030862,Populus alba,parasitic_or_pathogenic,false,boolean,Stapley et al. 2017 compilation (LinkageMapIinfo2.csv)
ott1030862,Populus alba,photosynthetic_pathway,C3,categorical,Stapley et al. 2017 compilation (LinkageMapIinfo2.csv)
ott1030862,Populus alba,plant_growth_form,tree,categorical,Stapley et al. 2017 compilation (LinkageMapIinfo2.csv)
ott1030862,Populus alba,plant_life_form,P,categorical,Stapley et al. 2017 compilation (LinkageMapIinfo2.csv)
ott1030862,Populus alba,pollination_mode,wind,categorical,Stapley et al. 2017 compilation (LinkageMapIinfo2.csv)
ott1030862,Populus alba,sexual_system,dioecy,categorical,Stapley et al. 2017 compilation (LinkageMapIinfo2.csv)
ott1030862,Populus alba,woodiness,woody,categorical,Stapley et al. 2017 compilation (LinkageMapIinfo2.csv)
ott8867,Populus deltoides,genus_n_dioecious_species,35.0,numeric,Stapley et al. 2017 compilation (LinkageMapIinfo2.csv)
ott8867,Populus deltoides,genus_n_species,35.0,numeric,Stapley et al. 2017 compilation (LinkageMapIinfo2.csv)
ott8867,Populus deltoides,habitat,terrestrial,categorical,Stapley et al. 2017 compilation (LinkageMapIinfo2.csv)
ott8867,Populus deltoides,leaf_compoundness,simple,categorical,Stapley et al. 2017 compilation (LinkageMapIinfo2.csv)
ott8867,Populus deltoides,leaf_phenology,deciduous,categorical,Stapley et al. 2017 compilation (LinkageMapIinfo2.csv)
ott8867,Populus deltoides,leaf_type,broadleaved,categorical,Stapley et al. 2017 compilation (LinkageMapIinfo2.csv)
ott8867,Populus deltoides,parasitic_or_pathogenic,false,boolean,Stapley et al. 2017 compilation (LinkageMapIinfo2.csv)
ott8867,Populus deltoides,photosynthetic_pathway,C3,categorical,Stapley et al. 2017 compilation (LinkageMapIinfo2.csv)
ott8867,Populus deltoides,plant_growth_form,tree,categorical,Stapley et al. 2017 compilation (LinkageMapIinfo2.csv)
ott8867,Populus deltoides,plant_life_form,P,categorical,Stapley et al. 2017 compilation (LinkageMapIinfo2.csv)
ott8867,Populus deltoides,pollination_mode,wind,categorical,Stapley et al. 2017 compilation (LinkageMapIinfo2.csv)
ott8867,Populus deltoides,sexual_system,dioecy,categorical,Stapley et al. 2017 compilation (LinkageMapIinfo2.csv)
ott8867,Populus deltoides,woodiness,woody,categorical,Stapley et al. 2017 compilation (LinkageMapIinfo2.csv)
ott980995,Populus fremontii,genus_n_dioecious_species,35.0,numeric,Stapley et al. 2017 compilation (LinkageMapIinfo2.csv)
ott980995,Populus fremontii,genus_n_species,35.0,numeric,Stapley et al. 2017 compilation (LinkageMapIinfo2.csv)
ott980995,Populus fremontii,habitat,terrestrial,categorical,Stapley et al. 2017 compilation (LinkageMapIinfo2.csv)
ott980995,Populus fremontii,parasitic_or_pathogenic,false,boolean,Stapley et al. 2017 compilation (LinkageMapIinfo2.csv)
ott980995,Populus fremontii,plant_life_form,P,categorical,Stapley et al. 2017 compilation (LinkageMapIinfo2.csv)
ott980995,Populus fremontii,pollination_mode,wind,categorical,Stapley et al. 2017 compilation (LinkageMapIinfo2.csv)
ott980995,Populus fremontii,sexual_system,dioecy,categorical,Stapley et al. 2017 compilation (LinkageMapIinfo2.csv)
ott8848,Populus nigra,genus_n_dioecious_species,35.0,numeric,Stapley et al. 2017 compilation (LinkageMapIinfo2.csv)
ott8848,Populus nigra,genus_n_species,35.0,numeric,Stapley et al. 2017 compilation (LinkageMapIinfo2.csv)
ott8848,Populus nigra,habitat,terrestrial,categorical,Stapley et al. 2017 compilation (LinkageMapIinfo2.csv)
ott8848,Populus nigra,heterochiasmy,H,categorical,Stapley et al. 2017 compilation (LinkageMapIinfo2.csv)
ott8848,Populus nigra,leaf_compoundness,simple,categorical,Stapley et al. 2017 compilation (LinkageMapIinfo2.csv)
ott8848,Populus nigra,leaf_phenology,deciduous,categorical,Stapley et al. 2017 compilation (LinkageMapIinfo2.csv)
ott8848,Populus nigra,leaf_type,broadleaved,categorical,Stapley et al. 2017 compilation (LinkageMapIinfo2.csv)
ott8848,Populus nigra,parasitic_or_pathogenic,false,boolean,Stapley et al. 2017 compilation (LinkageMapIinfo2.csv)
ott8848,Populus nigra,photosynthetic_pathway,C3,categorical,Stapley et al. 2017 compilation (LinkageMapIinfo2.csv)
ott8848,Populus nigra,plant_growth_form,tree,categorical,Stapley et al. 2017 compilation (LinkageMapIinfo2.csv)
ott8848,Populus nigra,plant_life_form,P,categorical,Stapley et al. 2017 compilation (LinkageMapIinfo2.csv)
ott8848,Populus nigra,pollination_mode,wind,categorical,Stapley et al. 2017 compilation (LinkageMapIinfo2.csv)
ott8848,Populus nigra,sexual_system,dioecy,categorical,Stapley et al. 2017 compilation (LinkageMapIinfo2.csv)
ott8848,Populus nigra,woodiness,woody,categorical,Stapley et al. 2017 compilation (LinkageMapIinfo2.csv)
ott980993,Populus simonii,genus_n_dioecious_species,35.0,numeric,Stapley et al. 2017 compilation (LinkageMapIinfo2.csv)
ott980993,Populus simonii,genus_n_species,35.0,numeric,Stapley et al. 2017 compilation (LinkageMapIinfo2.csv)
ott980993,Populus simonii,habitat,terrestrial,categorical,Stapley et al. 2017 compilation (LinkageMapIinfo2.csv)
ott980993,Populus simonii,leaf_compoundness,simple,categorical,Stapley et al. 2017 compilation (LinkageMapIinfo2.csv)
ott980993,Populus simonii,leaf_phenology,deciduous,categorical,Stapley et al. 2017 compilation (LinkageMapIinfo2.csv)
ott980993,Populus simonii,leaf_type,broadleaved,categorical,Stapley et al. 2017 compilation (LinkageMapIinfo2.csv)
ott980993,Populus simonii,parasitic_or_pathogenic,false,boolean,Stapley et al. 2017 compilation (LinkageMapIinfo2.csv)
ott980993,Populus simonii,photosynthetic_pathway,C3,categorical,Stapley et al. 2017 compilation (LinkageMapIinfo2.csv)
ott980993,Populus simonii,plant_growth_form,tree,categorical,Stapley et al. 2017 compilation (LinkageMapIinfo2.csv)
ott980993,Populus simonii,plant_life_form,P,categorical,Stapley et al. 2017 compilation (LinkageMapIinfo2.csv)
ott980993,Populus simonii,pollination_mode,wind,categorical,Stapley et al. 2017 compilation (LinkageMapIinfo2.csv)
ott980993,Populus simonii,sexual_system,dioecy,categorical,Stapley et al. 2017 compilation (LinkageMapIinfo2.csv)
ott980993,Populus simonii,woodiness,woody,categorical,Stapley et al. 2017 compilation (LinkageMapIinfo2.csv)
ott839584,Populus tremula,genus_n_dioecious_species,35.0,numeric,Stapley et al. 2017 compilation (LinkageMapIinfo2.csv)
ott839584,Populus tremula,genus_n_species,35.0,numeric,Stapley et al. 2017 compilation (LinkageMapIinfo2.csv)
ott839584,Populus tremula,habitat,terrestrial,categorical,Stapley et al. 2017 compilation (LinkageMapIinfo2.csv)
ott839584,Populus tremula,heterochiasmy,H,categorical,Stapley et al. 2017 compilation (LinkageMapIinfo2.csv)
ott839584,Populus tremula,parasitic_or_pathogenic,false,boolean,Stapley et al. 2017 compilation (LinkageMapIinfo2.csv)
ott839584,Populus tremula,plant_life_form,P,categorical,Stapley et al. 2017 compilation (LinkageMapIinfo2.csv)
ott839584,Populus tremula,pollination_mode,wind,categorical,Stapley et al. 2017 compilation (LinkageMapIinfo2.csv)
ott839584,Populus tremula,sexual_system,dioecy,categorical,Stapley et al. 2017 compilation (LinkageMapIinfo2.csv)
ott8861,Populus trichocarpa,genus_n_dioecious_species,35.0,numeric,Stapley et al. 2017 compilation (LinkageMapIinfo2.csv)
ott8861,Populus trichocarpa,genus_n_species,35.0,numeric,Stapley et al. 2017 compilation (LinkageMapIinfo2.csv)
ott8861,Populus trichocarpa,habitat,terrestrial,categorical,Stapley et al. 2017 compilation (LinkageMapIinfo2.csv)
ott8861,Populus trichocarpa,leaf_compoundness,simple,categorical,Stapley et al. 2017 compilation (LinkageMapIinfo2.csv)
ott8861,Populus trichocarpa,leaf_phenology,deciduous,categorical,Stapley et al. 2017 compilation (LinkageMapIinfo2.csv)
ott8861,Populus trichocarpa,leaf_type,broadleaved,categorical,Stapley et al. 2017 compilation (LinkageMapIinfo2.csv)
ott8861,Populus trichocarpa,parasitic_or_pathogenic,false,boolean,Stapley et al. 2017 compilation (LinkageMapIinfo2.csv)
ott8861,Populus trichocarpa,photosynthetic_pathway,C3,categorical,Stapley et al. 2017 compilation (LinkageMapIinfo2.csv)
ott8861,Populus trichocarpa,plant_growth_form,tree,categorical,Stapley et al. 2017 compilation (LinkageMapIinfo2.csv)
ott8861,Populus trichocarpa,plant_life_form,P,categorical,Stapley et al. 2017 compilation (LinkageMapIinfo2.csv)
ott8861,Populus trichocarpa,pollination_mode,wind,categorical,Stapley et al. 2017 compilation (LinkageMapIinfo2.csv)
ott8861,Populus trichocarpa,sexual_system,dioecy,categorical,Stapley et al. 2017 compilation (LinkageMapIinfo2.csv)
ott8861,Populus trichocarpa,woodiness,woody,categorical,Stapley et al. 2017 compilation (LinkageMapIinfo2.csv)
ott718120,Portunus trituberculatus,habitat,aquatic,categorical,Stapley et al. 2017 compilation (LinkageMapIinfo2.csv)
ott718120,Portunus trituberculatus,haplodiploid,false,boolean,Stapley et al. 2017 compilation (LinkageMapIinfo2.csv)
ott718120,Portunus trituberculatus,heterochiasmy,H,categorical,Stapley et al. 2017 compilation (LinkageMapIinfo2.csv)
ott718120,Portunus trituberculatus,invasive,false,boolean,Stapley et al. 2017 compilation (LinkageMapIinfo2.csv)
ott718120,Portunus trituberculatus,parasitic_or_pathogenic,false,boolean,Stapley et al. 2017 compilation (LinkageMapIinfo2.csv)
ott718120,Portunus trituberculatus,sexual_system,gonochorous,categorical,Stapley et al. 2017 compilation (LinkageMapIinfo2.csv)
ott3885394,Primulina eburnea,habitat,terrestrial,categorical,Stapley et al. 2017 compilation (LinkageMapIinfo2.csv)
ott3885394,Primulina eburnea,parasitic_or_pathogenic,false,boolean,Stapley et al. 2017 compilation (LinkageMapIinfo2.csv)
ott197875,Pristionchus pacificus,habitat,terrestrial,categorical,Stapley et al. 2017 compilation (LinkageMapIinfo2.csv)
ott197875,Pristionchus pacificus,haplodiploid,false,boolean,Stapley et al. 2017 compilation (LinkageMapIinfo2.csv)
ott197875,Pristionchus pacificus,invasive,false,boolean,Stapley et al. 2017 compilation (LinkageMapIinfo2.csv)
ott197875,Pristionchus pacificus,parasitic_or_pathogenic,false,boolean,Stapley et al. 2017 compilation (LinkageMapIinfo2.csv)
ott217632,Prunus armeniaca,genus_n_dioecious_species,5.0,numeric,Stapley et al. 2017 compilation (LinkageMapIinfo2.csv)
ott217632,Prunus armeniaca,genus_n_species,400.0,numeric,Stapley et al. 2017 compilation (LinkageMapIinfo2.csv)
ott217632,Prunus armeniaca,habitat,terrestrial,categorical,Stapley et al. 2017 compilation (LinkageMapIinfo2.csv)
ott217632,Prunus armeniaca,leaf_compoundness,simple,categorical,Stapley et al. 2017 compilation (LinkageMapIinfo2.csv)
ott217632,Prunus armeniaca,leaf_phenology,deciduous,categorical,Stapley et al. 2017 compilation (LinkageMapIinfo2.csv)
ott217632,Prunus armeniaca,leaf_type,broadleaved,categorical,Stapley et al. 2017 compilation (LinkageMapIinfo2.csv)
ott217632,Prunus armeniaca,parasitic_or_pathogenic,false,boolean,Stapley et al. 2017 compilation (LinkageMapIinfo2.csv)
ott217632,Prunus armeniaca,photosynthetic_pathway,C3,categorical,Stapley et al. 2017 compilation (LinkageMapIinfo2.csv)
ott217632,Prunus armeniaca,plant_growth_form,tree,categorical,Stapley et al. 2017 compilation (LinkageMapIinfo2.csv)
ott217632,Prunus armeniaca,pollination_mode,insects,categorical,Stapley et al. 2017 compilation (LinkageMapIinfo2.csv)
ott217632,Prunus armeniaca,selfing,both,categorical,Stapley et al. 2017 compilation (LinkageMapIinfo2.csv)
ott217632,Prunus armeniaca,sexual_system,monoecious,categorical,Stapley et al. 2017 compilation (LinkageMapIinfo2.csv)
ott217632,Prunus armeniaca,woodiness,woody,categorical,Stapley et al. 2017 compilation (LinkageMapIinfo2.csv)
ott162547,Prunus avium,genus_n_dioecious_species,5.0,numeric,Stapley et al. 2017 compilation (LinkageMapIinfo2.csv)
ott162547,Prunus avium,genus_n_species,400.0,numeric,Stapley et al. 2017 compilation (LinkageMapIinfo2.csv)
ott162547,Prunus avium,habitat,terrestrial,categorical,Stapley et al. 2017 compilation (LinkageMapIinfo2.csv)
ott162547,Prunus avium,leaf_compoundness,simple,categorical,Stapley et al. 2017 compilation (LinkageMapIinfo2.csv)
ott162547,Prunus avium,leaf_phenology,deciduous,categorical,Stapley et al. 2017 compilation (LinkageMapIinfo2.csv)
ott162547,Prunus avium,leaf_type,broadleaved,categorical,Stapley et al. 2017 compilation (LinkageMapIinfo2.csv)
ott162547,Prunus avium,parasitic_or_pathogenic,false,boolean,Stapley et al. 2017 compilation (LinkageMapIinfo2.csv)
ott162547,Prunus avium,photosynthetic_pathway,C3,categorical,Stapley et al. 2017 compilation (LinkageMapIinfo2.csv)
ott162547,Prunus avium,plant_growth_form,tree,categorical,Stapley et al. 2017 compilation (LinkageMapIinfo2.csv)
ott162547,Prunus avium,pollination_mode,insects,categorical,Stapley et al. 2017 compilation (LinkageMapIinfo2.csv)
ott162547,Prunus avium,sexual_system,hermaphrodite,categorical,Stapley et al. 2017 compilation (LinkageMapIinfo2.csv)
ott162547,Prunus avium,woodiness,woody,categorical,Stapley et al. 2017 compilation (LinkageMapIinfo2.csv)
ott731568,Prunus dulcis,domestication_status,Domesticated,categorical,Stapley et al. 2017 compilation (LinkageMapIinfo2.csv)
ott731568,Prunus dulcis,genus_n_dioecious_species,5.0,numeric,Stapley et al. 2017 compilation (LinkageMapIinfo2.csv)
ott731568,Prunus dulcis,genus_n_species,400.0,numeric,Stapley et al. 2017 compilation (LinkageMapIinfo2.csv)
ott731568,Prunus dulcis,habitat,terrestrial,categorical,Stapley et al. 2017 compilation (LinkageMapIinfo2.csv)
ott731568,Prunus dulcis,leaf_compoundness,simple,categorical,Stapley et al. 2017 compilation (LinkageMapIinfo2.csv)
ott731568,Prunus dulcis,leaf_type,broadleaved,categorical,Stapley et al. 2017 compilation (LinkageMapIinfo2.csv)
ott731568,Prunus dulcis,parasitic_or_pathogenic,false,boolean,Stapley et al. 2017 compilation (LinkageMapIinfo2.csv)
ott731568,Prunus dulcis,photosynthetic_pathway,C3,categorical,Stapley et al. 2017 compilation (LinkageMapIinfo2.csv)
ott731568,Prunus dulcis,pollination_mode,insects,categorical,Stapley et al. 2017 compilation (LinkageMapIinfo2.csv)
ott731568,Prunus dulcis,recombination_index_chiasma,9.1,numeric,Stapley et al. 2017 compilation (LinkageMapIinfo2.csv)
ott731568,Prunus dulcis,recombination_index_haploid,8.0,numeric,Stapley et al. 2017 compilation (LinkageMapIinfo2.csv)
ott731568,Prunus dulcis,sexual_system,monoecious,categorical,Stapley et al. 2017 compilation (LinkageMapIinfo2.csv)
ott731568,Prunus dulcis,woodiness,woody,categorical,Stapley et al. 2017 compilation (LinkageMapIinfo2.csv)
ott1020749,Prunus kansuensis,genus_n_dioecious_species,5.0,numeric,Stapley et al. 2017 compilation (LinkageMapIinfo2.csv)
ott1020749,Prunus kansuensis,genus_n_species,400.0,numeric,Stapley et al. 2017 compilation (LinkageMapIinfo2.csv)
ott1020749,Prunus kansuensis,habitat,terrestrial,categorical,Stapley et al. 2017 compilation (LinkageMapIinfo2.csv)
ott1020749,Prunus kansuensis,parasitic_or_pathogenic,false,boolean,Stapley et al. 2017 compilation (LinkageMapIinfo2.csv)
ott1020749,Prunus kansuensis,photosynthetic_pathway,C3,categorical,Stapley et al. 2017 compilation (LinkageMapIinfo2.csv)
ott1020749,Prunus kansuensis,pollination_mode,insects,categorical,Stapley et al. 2017 compilation (LinkageMapIinfo2.csv)
ott1020749,Prunus kansuensis,sexual_system,monoecious,categorical,Stapley et al. 2017 compilation (LinkageMapIinfo2.csv)
ott426562,Prunus mume,genus_n_dioecious_species,5.0,numeric,Stapley et al. 2017 compilation (LinkageMapIinfo2.csv)
ott426562,Prunus mume,genus_n_species,400.0,numeric,Stapley et al. 2017 compilation (LinkageMapIinfo2.csv)
ott426562,Prunus mume,habitat,terrestrial,categorical,Stapley et al. 2017 compilation (LinkageMapIinfo2.csv)
ott426562,Prunus mume,leaf_compoundness,simple,categorical,Stapley et al. 2017 compilation (LinkageMapIinfo2.csv)
ott426562,Prunus mume,leaf_phenology,deciduous,categorical,Stapley et al. 2017 compilation (LinkageMapIinfo2.csv)
ott426562,Prunus mume,leaf_type,broadleaved,categorical,Stapley et al. 2017 compilation (LinkageMapIinfo2.csv)
ott426562,Prunus mume,parasitic_or_pathogenic,false,boolean,Stapley et al. 2017 compilation (LinkageMapIinfo2.csv)
ott426562,Prunus mume,photosynthetic_pathway,C3,categorical,Stapley et al. 2017 compilation (LinkageMapIinfo2.csv)
ott426562,Prunus mume,pollination_mode,insects,categorical,Stapley et al. 2017 compilation (LinkageMapIinfo2.csv)
ott426562,Prunus mume,sexual_system,monoecious,categorical,Stapley et al. 2017 compilation (LinkageMapIinfo2.csv)
ott426562,Prunus mume,woodiness,woody,categorical,Stapley et al. 2017 compilation (LinkageMapIinfo2.csv)
ott259054,Prunus persica,domestication_status,Domesticated,categorical,Stapley et al. 2017 compilation (LinkageMapIinfo2.csv)
ott259054,Prunus persica,genus_n_dioecious_species,5.0,numeric,Stapley et al. 2017 compilation (LinkageMapIinfo2.csv)
ott259054,Prunus persica,genus_n_species,400.0,numeric,Stapley et al. 2017 compilation (LinkageMapIinfo2.csv)
ott259054,Prunus persica,habitat,terrestrial,categorical,Stapley et al. 2017 compilation (LinkageMapIinfo2.csv)
ott259054,Prunus persica,leaf_compoundness,simple,categorical,Stapley et al. 2017 compilation (LinkageMapIinfo2.csv)
ott259054,Prunus persica,leaf_phenology,deciduous,categorical,Stapley et al. 2017 compilation (LinkageMapIinfo2.csv)
ott259054,Prunus persica,leaf_type,broadleaved,categorical,Stapley et al. 2017 compilation (LinkageMapIinfo2.csv)
ott259054,Prunus persica,parasitic_or_pathogenic,false,boolean,Stapley et al. 2017 compilation (LinkageMapIinfo2.csv)
ott259054,Prunus persica,photosynthetic_pathway,C3,categorical,Stapley et al. 2017 compilation (LinkageMapIinfo2.csv)
ott259054,Prunus persica,plant_growth_form,tree,categorical,Stapley et al. 2017 compilation (LinkageMapIinfo2.csv)
ott259054,Prunus persica,pollination_mode,insects,categorical,Stapley et al. 2017 compilation (LinkageMapIinfo2.csv)
ott259054,Prunus persica,recombination_index_chiasma,10.8,numeric,Stapley et al. 2017 compilation (LinkageMapIinfo2.csv)
ott259054,Prunus persica,recombination_index_haploid,8.0,numeric,Stapley et al. 2017 compilation (LinkageMapIinfo2.csv)
ott259054,Prunus persica,selfing,SC,categorical,Stapley et al. 2017 compilation (LinkageMapIinfo2.csv)
ott259054,Prunus persica,sexual_system,hermaphrodite,categorical,Stapley et al. 2017 compilation (LinkageMapIinfo2.csv)
ott259054,Prunus persica,woodiness,woody,categorical,Stapley et al. 2017 compilation (LinkageMapIinfo2.csv)
ott769156,Prunus virginiana,genus_n_dioecious_species,5.0,numeric,Stapley et al. 2017 compilation (LinkageMapIinfo2.csv)
ott769156,Prunus virginiana,genus_n_species,400.0,numeric,Stapley et al. 2017 compilation (LinkageMapIinfo2.csv)
ott769156,Prunus virginiana,habitat,terrestrial,categorical,Stapley et al. 2017 compilation (LinkageMapIinfo2.csv)
ott769156,Prunus virginiana,leaf_phenology,deciduous,categorical,Stapley et al. 2017 compilation (LinkageMapIinfo2.csv)
ott769156,Prunus virginiana,leaf_type,broadleaved,categorical,Stapley et al. 2017 compilation (LinkageMapIinfo2.csv)
ott769156,Prunus virginiana,parasitic_or_pathogenic,false,boolean,Stapley et al. 2017 compilation (LinkageMapIinfo2.csv)
ott769156,Prunus virginiana,photosynthetic_pathway,C3,categorical,Stapley et al. 2017 compilation (LinkageMapIinfo2.csv)
ott769156,Prunus virginiana,plant_growth_form,shrub/tree,categorical,Stapley et al. 2017 compilation (LinkageMapIinfo2.csv)
ott769156,Prunus virginiana,pollination_mode,insects,categorical,Stapley et al. 2017 compilation (LinkageMapIinfo2.csv)
ott769156,Prunus virginiana,selfing,both,categorical,Stapley et al. 2017 compilation (LinkageMapIinfo2.csv)
ott769156,Prunus virginiana,sexual_system,hermaphrodite,categorical,Stapley et al. 2017 compilation (LinkageMapIinfo2.csv)
ott769156,Prunus virginiana,woodiness,woody,categorical,Stapley et al. 2017 compilation (LinkageMapIinfo2.csv)
ott857565,Pseudocercospora fijiensis,host_type,plants,categorical,Stapley et al. 2017 compilation (LinkageMapIinfo2.csv)
ott857565,Pseudocercospora fijiensis,parasitic_or_pathogenic,true,boolean,Stapley et al. 2017 compilation (LinkageMapIinfo2.csv)
ott857565,Pseudocercospora fijiensis,sex_determination_karyotype,H,categorical,Stapley et al. 2017 compilation (LinkageMapIinfo2.csv)
ott1075713,Pseudotsuga menziesii,habitat,terrestrial,categorical,Stapley et al. 2017 compilation (LinkageMapIinfo2.csv)
ott1075713,Pseudotsuga menziesii,leaf_compoundness,simple,categorical,Stapley et al. 2017 compilation (LinkageMapIinfo2.csv)
ott1075713,Pseudotsuga menziesii,leaf_phenology,evergreen,categorical,Stapley et al. 2017 compilation (LinkageMapIinfo2.csv)
ott1075713,Pseudotsuga menziesii,leaf_type,needleleaved,categorical,Stapley et al. 2017 compilation (LinkageMapIinfo2.csv)
ott1075713,Pseudotsuga menziesii,parasitic_or_pathogenic,false,boolean,Stapley et al. 2017 compilation (LinkageMapIinfo2.csv)
ott1075713,Pseudotsuga menziesii,photosynthetic_pathway,C3,categorical,Stapley et al. 2017 compilation (LinkageMapIinfo2.csv)
ott1075713,Pseudotsuga menziesii,plant_growth_form,tree,categorical,Stapley et al. 2017 compilation (LinkageMapIinfo2.csv)
ott1075713,Pseudotsuga menziesii,sex_determination_karyotype,H,categorical,Stapley et al. 2017 compilation (LinkageMapIinfo2.csv)
ott1075713,Pseudotsuga menziesii,sexual_system,monoecious,categorical,Stapley et al. 2017 compilation (LinkageMapIinfo2.csv)
ott1075713,Pseudotsuga menziesii,woodiness,woody,categorical,Stapley et al. 2017 compilation (LinkageMapIinfo2.csv)
ott561269,Pungitius pungitius,habitat,aquatic,categorical,Stapley et al. 2017 compilation (LinkageMapIinfo2.csv)
ott561269,Pungitius pungitius,haplodiploid,false,boolean,Stapley et al. 2017 compilation (LinkageMapIinfo2.csv)
ott561269,Pungitius pungitius,heterochiasmy,H,categorical,Stapley et al. 2017 compilation (LinkageMapIinfo2.csv)
ott561269,Pungitius pungitius,invasive,false,boolean,Stapley et al. 2017 compilation (LinkageMapIinfo2.csv)
ott561269,Pungitius pungitius,parasitic_or_pathogenic,false,boolean,Stapley et al. 2017 compilation (LinkageMapIinfo2.csv)
ott561269,Pungitius pungitius,sex_determination_genotypic,MH,categorical,Stapley et al. 2017 compilation (LinkageMapIinfo2.csv)
ott561269,Pungitius pungitius,sex_determination_karyotype,XY,categorical,Stapley et al. 2017 compilation (LinkageMapIinfo2.csv)
ott561269,Pungitius pungitius,sexual_system,gonochorous,categorical,Stapley et al. 2017 compilation (LinkageMapIinfo2.csv)
ott646814,Punica granatum,habitat,terrestrial,categorical,Stapley et al. 2017 compilation (LinkageMapIinfo2.csv)
ott646814,Punica granatum,leaf_compoundness,simple,categorical,Stapley et al. 2017 compilation (LinkageMapIinfo2.csv)
ott646814,Punica granatum,leaf_phenology,deciduous,categorical,Stapley et al. 2017 compilation (LinkageMapIinfo2.csv)
ott646814,Punica granatum,leaf_type,broadleaved,categorical,Stapley et al. 2017 compilation (LinkageMapIinfo2.csv)
ott646814,Punica granatum,parasitic_or_pathogenic,false,boolean,Stapley et al. 2017 compilation (LinkageMapIinfo2.csv)
ott646814,Punica granatum,photosynthetic_pathway,C3,categorical,Stapley et al. 2017 compilation (LinkageMapIinfo2.csv)
ott646814,Punica granatum,plant_growth_form,shrub/tree,categorical,Stapley et al. 2017 compilation (LinkageMapIinfo2.csv)
ott646814,Punica granatum,woodiness,woody,categorical,Stapley et al. 2017 compilation (LinkageMapIinfo2.csv)
ott411919,Pyrenophora teres,host_type,plants,categorical,Stapley et al. 2017 compilation (LinkageMapIinfo2.csv)
ott411919,Pyrenophora teres,parasitic_or_pathogenic,true,boolean,Stapley et al. 2017 compilation (LinkageMapIinfo2.csv)
ott411919,Pyrenophora teres,sex_determination_karyotype,H,categorical,Stapley et al. 2017 compilation (LinkageMapIinfo2.csv)
ott314016,Pyropia haitanensis,habitat,aquatic,categorical,Stapley et al. 2017 compilation (LinkageMapIinfo2.csv)
ott314016,Pyropia haitanensis,parasitic_or_pathogenic,false,boolean,Stapley et al. 2017 compilation (LinkageMapIinfo2.csv)
ott972654,Pyrus communis,habitat,terrestrial,categorical,Stapley et al. 2017 compilation (LinkageMapIinfo2.csv)
ott972654,Pyrus communis,parasitic_or_pathogenic,false,boolean,Stapley et al. 2017 compilation (LinkageMapIinfo2.csv)
ott443418,Pyrus pyrifolia,habitat,terrestrial,categorical,Stapley et al. 2017 compilation (LinkageMapIinfo2.csv)
ott443418,Pyrus pyrifolia,leaf_compoundness,simple,categorical,Stapley et al. 2017 compilation (LinkageMapIinfo2.csv)
ott443418,Pyrus pyrifolia,leaf_type,broadleaved,categorical,Stapley et al. 2017 compilation (LinkageMapIinfo2.csv)
ott443418,Pyrus pyrifolia,parasitic_or_pathogenic,false,boolean,Stapley et al. 2017 compilation (LinkageMapIinfo2.csv)
ott443418,Pyrus pyrifolia,photosynthetic_pathway,C3,categorical,Stapley et al. 2017 compilation (LinkageMapIinfo2.csv)
ott443418,Pyrus pyrifolia,plant_growth_form,tree,categorical,Stapley et al. 2017 compilation (LinkageMapIinfo2.csv)
ott443418,Pyrus pyrifolia,woodiness,woody,categorical,Stapley et al. 2017 compilation (LinkageMapIinfo2.csv)
ott259068,Pyrus x,habitat,terrestrial,categorical,Stapley et al. 2017 compilation (LinkageMapIinfo2.csv)
ott259068,Pyrus x,parasitic_or_pathogenic,false,boolean,Stapley et al. 2017 compilation (LinkageMapIinfo2.csv)
ott791121,Quercus,habitat,terrestrial,categorical,Stapley et al. 2017 compilation (LinkageMapIinfo2.csv)
ott791121,Quercus,parasitic_or_pathogenic,false,boolean,Stapley et al. 2017 compilation (LinkageMapIinfo2.csv)
ott14718,Rana temporaria,habitat,terrestrial,categorical,Stapley et al. 2017 compilation (LinkageMapIinfo2.csv)
ott14718,Rana temporaria,haplodiploid,false,boolean,Stapley et al. 2017 compilation (LinkageMapIinfo2.csv)
ott14718,Rana temporaria,heterochiasmy,H,categorical,Stapley et al. 2017 compilation (LinkageMapIinfo2.csv)
ott14718,Rana temporaria,invasive,false,boolean,Stapley et al. 2017 compilation (LinkageMapIinfo2.csv)
ott14718,Rana temporaria,parasitic_or_pathogenic,false,boolean,Stapley et al. 2017 compilation (LinkageMapIinfo2.csv)
ott14718,Rana temporaria,sexual_system,gonochorous,categorical,Stapley et al. 2017 compilation (LinkageMapIinfo2.csv)
ott359073,Raphanus sativus,domestication_status,Domesticated,categorical,Stapley et al. 2017 compilation (LinkageMapIinfo2.csv)
ott359073,Raphanus sativus,habitat,terrestrial,categorical,Stapley et al. 2017 compilation (LinkageMapIinfo2.csv)
ott359073,Raphanus sativus,leaf_compoundness,simple,categorical,Stapley et al. 2017 compilation (LinkageMapIinfo2.csv)
ott359073,Raphanus sativus,leaf_type,broadleaved,categorical,Stapley et al. 2017 compilation (LinkageMapIinfo2.csv)
ott359073,Raphanus sativus,parasitic_or_pathogenic,false,boolean,Stapley et al. 2017 compilation (LinkageMapIinfo2.csv)
ott359073,Raphanus sativus,photosynthetic_pathway,C3,categorical,Stapley et al. 2017 compilation (LinkageMapIinfo2.csv)
ott359073,Raphanus sativus,plant_growth_form,herb,categorical,Stapley et al. 2017 compilation (LinkageMapIinfo2.csv)
ott359073,Raphanus sativus,recombination_index_chiasma,17.46,numeric,Stapley et al. 2017 compilation (LinkageMapIinfo2.csv)
ott359073,Raphanus sativus,recombination_index_haploid,9.0,numeric,Stapley et al. 2017 compilation (LinkageMapIinfo2.csv)
ott359073,Raphanus sativus,selfing,SI,categorical,Stapley et al. 2017 compilation (LinkageMapIinfo2.csv)
ott359073,Raphanus sativus,sexual_system,hermaphrodite,categorical,Stapley et al. 2017 compilation (LinkageMapIinfo2.csv)
ott359073,Raphanus sativus,woodiness,non-woody,categorical,Stapley et al. 2017 compilation (LinkageMapIinfo2.csv)
ott271555,Rattus norvegicus,habitat,terrestrial,categorical,Stapley et al. 2017 compilation (LinkageMapIinfo2.csv)
ott271555,Rattus norvegicus,haplodiploid,false,boolean,Stapley et al. 2017 compilation (LinkageMapIinfo2.csv)
ott271555,Rattus norvegicus,invasive,true,boolean,Stapley et al. 2017 compilation (LinkageMapIinfo2.csv)
ott271555,Rattus norvegicus,parasitic_or_pathogenic,false,boolean,Stapley et al. 2017 compilation (LinkageMapIinfo2.csv)
ott271555,Rattus norvegicus,sex_determination_genotypic,MH,categorical,Stapley et al. 2017 compilation (LinkageMapIinfo2.csv)
ott271555,Rattus norvegicus,sex_determination_karyotype,XY,categorical,Stapley et al. 2017 compilation (LinkageMapIinfo2.csv)
ott271555,Rattus norvegicus,sexual_system,gonochorous,categorical,Stapley et al. 2017 compilation (LinkageMapIinfo2.csv)
ott633644,Rhyzopertha dominica,habitat,terrestrial,categorical,Stapley et al. 2017 compilation (LinkageMapIinfo2.csv)
ott633644,Rhyzopertha dominica,haplodiploid,false,boolean,Stapley et al. 2017 compilation (LinkageMapIinfo2.csv)
ott633644,Rhyzopertha dominica,invasive,true,boolean,Stapley et al. 2017 compilation (LinkageMapIinfo2.csv)
ott633644,Rhyzopertha dominica,parasitic_or_pathogenic,false,boolean,Stapley et al. 2017 compilation (LinkageMapIinfo2.csv)
ott248647,Ribes nigrum,genus_n_dioecious_species,61.0,numeric,Stapley et al. 2017 compilation (LinkageMapIinfo2.csv)
ott248647,Ribes nigrum,genus_n_species,150.0,numeric,Stapley et al. 2017 compilation (LinkageMapIinfo2.csv)
ott248647,Ribes nigrum,habitat,terrestrial,categorical,Stapley et al. 2017 compilation (LinkageMapIinfo2.csv)
ott248647,Ribes nigrum,leaf_compoundness,simple,categorical,Stapley et al. 2017 compilation (LinkageMapIinfo2.csv)
ott248647,Ribes nigrum,leaf_phenology,deciduous,categorical,Stapley et al. 2017 compilation (LinkageMapIinfo2.csv)
ott248647,Ribes nigrum,leaf_type,broadleaved,categorical,Stapley et al. 2017 compilation (LinkageMapIinfo2.csv)
ott248647,Ribes nigrum,parasitic_or_pathogenic,false,boolean,Stapley et al. 2017 compilation (LinkageMapIinfo2.csv)
ott248647,Ribes nigrum,photosynthetic_pathway,C3,categorical,Stapley et al. 2017 compilation (LinkageMapIinfo2.csv)
ott248647,Ribes nigrum,plant_growth_form,shrub,categorical,Stapley et al. 2017 compilation (LinkageMapIinfo2.csv)
ott248647,Ribes nigrum,pollination_mode,insects,categorical,Stapley et al. 2017 compilation (LinkageMapIinfo2.csv)
ott248647,Ribes nigrum,sexual_system,hermaphrodite,categorical,Stapley et al. 2017 compilation (LinkageMapIinfo2.csv)
ott248647,Ribes nigrum,woodiness,woody,categorical,Stapley et al. 2017 compilation (LinkageMapIinfo2.csv)
ott339346,Ricinus communis,habitat,terrestrial,categorical,Stapley et al. 2017 compilation (LinkageMapIinfo2.csv)
ott339346,Ricinus communis,leaf_compoundness,simple,categorical,Stapley et al. 2017 compilation (LinkageMapIinfo2.csv)
ott339346,Ricinus communis,leaf_phenology,evergreen,categorical,Stapley et al. 2017 compilation (LinkageMapIinfo2.csv)
ott339346,Ricinus communis,leaf_type,broadleaved,categorical,Stapley et al. 2017 compilation (LinkageMapIinfo2.csv)
ott339346,Ricinus communis,parasitic_or_pathogenic,false,boolean,Stapley et al. 2017 compilation (LinkageMapIinfo2.csv)
ott339346,Ricinus communis,photosynthetic_pathway,C3,categorical,Stapley et al. 2017 compilation (LinkageMapIinfo2.csv)
ott339346,Ricinus communis,plant_growth_form,shrub/tree,categorical,Stapley et al. 2017 compilation (LinkageMapIinfo2.csv)
ott339346,Ricinus communis,sexual_system,monoecious,categorical,Stapley et al. 2017 compilation (LinkageMapIinfo2.csv)
ott339346,Ricinus communis,woodiness,woody,categorical,Stapley et al. 2017 compilation (LinkageMapIinfo2.csv)
ott3905012,Rosa hybrida,habitat,terrestrial,categorical,Stapley et al. 2017 compilation (LinkageMapIinfo2.csv)
ott3905012,Rosa hybrida,parasitic_or_pathogenic,false,boolean,Stapley et al. 2017 compilation (LinkageMapIinfo2.csv)
ott156929,Rubus idaeus,genus_n_dioecious_species,5.0,numeric,Stapley et al. 2017 compilation (LinkageMapIinfo2.csv)
ott156929,Rubus idaeus,genus_n_species,250.0,numeric,Stapley et al. 2017 compilation (LinkageMapIinfo2.csv)
ott156929,Rubus idaeus,habitat,terrestrial,categorical,Stapley et al. 2017 compilation (LinkageMapIinfo2.csv)
ott156929,Rubus idaeus,leaf_compoundness,compound,categorical,Stapley et al. 2017 compilation (LinkageMapIinfo2.csv)
ott156929,Rubus idaeus,leaf_phenology,deciduous,categorical,Stapley et al. 2017 compilation (LinkageMapIinfo2.csv)
ott156929,Rubus idaeus,leaf_type,broadleaved,categorical,Stapley et al. 2017 compilation (LinkageMapIinfo2.csv)
ott156929,Rubus idaeus,parasitic_or_pathogenic,false,boolean,Stapley et al. 2017 compilation (LinkageMapIinfo2.csv)
ott156929,Rubus idaeus,photosynthetic_pathway,C3,categorical,Stapley et al. 2017 compilation (LinkageMapIinfo2.csv)
ott156929,Rubus idaeus,plant_growth_form,shrub,categorical,Stapley et al. 2017 compilation (LinkageMapIinfo2.csv)
ott156929,Rubus idaeus,pollination_mode,insects,categorical,Stapley et al. 2017 compilation (LinkageMapIinfo2.csv)
ott156929,Rubus idaeus,sexual_system,monoecious,categorical,Stapley et al. 2017 compilation (LinkageMapIinfo2.csv)
ott156929,Rubus idaeus,woodiness,woody,categorical,Stapley et al. 2017 compilation (LinkageMapIinfo2.csv)
ott670811,Rubus occidentalis,genus_n_dioecious_species,5.0,numeric,Stapley et al. 2017 compilation (LinkageMapIinfo2.csv)
ott670811,Rubus occidentalis,genus_n_species,250.0,numeric,Stapley et al. 2017 compilation (LinkageMapIinfo2.csv)
ott670811,Rubus occidentalis,habitat,terrestrial,categorical,Stapley et al. 2017 compilation (LinkageMapIinfo2.csv)
ott670811,Rubus occidentalis,leaf_compoundness,compound,categorical,Stapley et al. 2017 compilation (LinkageMapIinfo2.csv)
ott670811,Rubus occidentalis,leaf_phenology,deciduous,categorical,Stapley et al. 2017 compilation (LinkageMapIinfo2.csv)
ott670811,Rubus occidentalis,leaf_type,broadleaved,categorical,Stapley et al. 2017 compilation (LinkageMapIinfo2.csv)
ott670811,Rubus occidentalis,parasitic_or_pathogenic,false,boolean,Stapley et al. 2017 compilation (LinkageMapIinfo2.csv)
ott670811,Rubus occidentalis,photosynthetic_pathway,C3,categorical,Stapley et al. 2017 compilation (LinkageMapIinfo2.csv)
ott670811,Rubus occidentalis,plant_growth_form,shrub,categorical,Stapley et al. 2017 compilation (LinkageMapIinfo2.csv)
ott670811,Rubus occidentalis,pollination_mode,insects,categorical,Stapley et al. 2017 compilation (LinkageMapIinfo2.csv)
ott670811,Rubus occidentalis,sexual_system,monoecious,categorical,Stapley et al. 2017 compilation (LinkageMapIinfo2.csv)
ott670811,Rubus occidentalis,woodiness,woody,categorical,Stapley et al. 2017 compilation (LinkageMapIinfo2.csv)
ott913666,Ruditapes philippinarum,habitat,aquatic,categorical,Stapley et al. 2017 compilation (LinkageMapIinfo2.csv)
ott913666,Ruditapes philippinarum,haplodiploid,false,boolean,Stapley et al. 2017 compilation (LinkageMapIinfo2.csv)
ott913666,Ruditapes philippinarum,invasive,false,boolean,Stapley et al. 2017 compilation (LinkageMapIinfo2.csv)
ott913666,Ruditapes philippinarum,parasitic_or_pathogenic,false,boolean,Stapley et al. 2017 compilation (LinkageMapIinfo2.csv)
ott246789,Saccharina japonica,habitat,aquatic,categorical,Stapley et al. 2017 compilation (LinkageMapIinfo2.csv)
ott246789,Saccharina japonica,parasitic_or_pathogenic,false,boolean,Stapley et al. 2017 compilation (LinkageMapIinfo2.csv)
ott895796,Saccharum spp,habitat,terrestrial,categorical,Stapley et al. 2017 compilation (LinkageMapIinfo2.csv)
ott895796,Saccharum spp,parasitic_or_pathogenic,false,boolean,Stapley et al. 2017 compilation (LinkageMapIinfo2.csv)
ott895796,Saccharum spp,selfing,SC,categorical,Stapley et al. 2017 compilation (LinkageMapIinfo2.csv)
ott895796,Saccharum spp,sexual_system,hermaphrodite,categorical,Stapley et al. 2017 compilation (LinkageMapIinfo2.csv)
ott688328,Salmo salar,habitat,aquatic,categorical,Stapley et al. 2017 compilation (LinkageMapIinfo2.csv)
ott688328,Salmo salar,haplodiploid,false,boolean,Stapley et al. 2017 compilation (LinkageMapIinfo2.csv)
ott688328,Salmo salar,heterochiasmy,H,categorical,Stapley et al. 2017 compilation (LinkageMapIinfo2.csv)
ott688328,Salmo salar,invasive,true,boolean,Stapley et al. 2017 compilation (LinkageMapIinfo2.csv)
ott688328,Salmo salar,parasitic_or_pathogenic,false,boolean,Stapley et al. 2017 compilation (LinkageMapIinfo2.csv)
ott688328,Salmo salar,sex_determination_genotypic,MH,categorical,Stapley et al. 2017 compilation (LinkageMapIinfo2.csv)
ott688328,Salmo salar,sex_determination_karyotype,H,categorical,Stapley et al. 2017 compilation (LinkageMapIinfo2.csv)
ott688328,Salmo salar,sexual_system,gonochorous,categorical,Stapley et al. 2017 compilation (LinkageMapIinfo2.csv)
ott688332,Salmo trutta,habitat,aquatic,categorical,Stapley et al. 2017 compilation (LinkageMapIinfo2.csv)
ott688332,Salmo trutta,haplodiploid,false,boolean,Stapley et al. 2017 compilation (LinkageMapIinfo2.csv)
ott688332,Salmo trutta,invasive,true,boolean,Stapley et al. 2017 compilation (LinkageMapIinfo2.csv)
ott688332,Salmo trutta,parasitic_or_pathogenic,false,boolean,Stapley et al. 2017 compilation (LinkageMapIinfo2.csv)
ott688332,Salmo trutta,sex_determination_genotypic,MH,categorical,Stapley et al. 2017 compilation (LinkageMapIinfo2.csv)
ott688332,Salmo trutta,sex_determination_karyotype,H,categorical,Stapley et al. 2017 compilation (LinkageMapIinfo2.csv)
ott688332,Salmo trutta,sexual_system,gonochorous,categorical,Stapley et al. 2017 compilation (LinkageMapIinfo2.csv)
ott847543,Salvia miltiorrhiza,habitat,terrestrial,categorical,Stapley et al. 2017 compilation (LinkageMapIinfo2.csv)
ott847543,Salvia miltiorrhiza,parasitic_or_pathogenic,false,boolean,Stapley et al. 2017 compilation (LinkageMapIinfo2.csv)
ott191483,Schistosoma mansoni,haplodiploid,false,boolean,Stapley et al. 2017 compilation (LinkageMapIinfo2.csv)
ott191483,Schistosoma mansoni,heterochiasmy,H,categorical,Stapley et al. 2017 compilation (LinkageMapIinfo2.csv)
ott191483,Schistosoma mansoni,host_type,animals,categorical,Stapley et al. 2017 compilation (LinkageMapIinfo2.csv)
ott191483,Schistosoma mansoni,invasive,false,boolean,Stapley et al. 2017 compilation (LinkageMapIinfo2.csv)
ott191483,Schistosoma mansoni,parasitic_or_pathogenic,true,boolean,Stapley et al. 2017 compilation (LinkageMapIinfo2.csv)
ott191483,Schistosoma mansoni,sex_determination_karyotype,ZW,categorical,Stapley et al. 2017 compilation (LinkageMapIinfo2.csv)
ott191483,Schistosoma mansoni,sexual_system,gonochorous,categorical,Stapley et al. 2017 compilation (LinkageMapIinfo2.csv)
ott433079,Sciaenops ocellatus,habitat,aquatic,categorical,Stapley et al. 2017 compilation (LinkageMapIinfo2.csv)
ott433079,Sciaenops ocellatus,haplodiploid,false,boolean,Stapley et al. 2017 compilation (LinkageMapIinfo2.csv)
ott433079,Sciaenops ocellatus,invasive,false,boolean,Stapley et al. 2017 compilation (LinkageMapIinfo2.csv)
ott433079,Sciaenops ocellatus,parasitic_or_pathogenic,false,boolean,Stapley et al. 2017 compilation (LinkageMapIinfo2.csv)
ott335717,Scleropages formosus,habitat,aquatic,categorical,Stapley et al. 2017 compilation (LinkageMapIinfo2.csv)
ott335717,Scleropages formosus,haplodiploid,false,boolean,Stapley et al. 2017 compilation (LinkageMapIinfo2.csv)
ott335717,Scleropages formosus,heterochiasmy,H,categorical,Stapley et al. 2017 compilation (LinkageMapIinfo2.csv)
ott335717,Scleropages formosus,invasive,false,boolean,Stapley et al. 2017 compilation (LinkageMapIinfo2.csv)
ott335717,Scleropages formosus,parasitic_or_pathogenic,false,boolean,Stapley et al. 2017 compilation (LinkageMapIinfo2.csv)
ott335717,Scleropages formosus,sex_determination_genotypic,FH,categorical,Stapley et al. 2017 compilation (LinkageMapIinfo2.csv)
ott335717,Scleropages formosus,sex_determination_karyotype,ZW,categorical,Stapley et al. 2017 compilation (LinkageMapIinfo2.csv)
ott335717,Scleropages formosus,sexual_system,gonochorous,categorical,Stapley et al. 2017 compilation (LinkageMapIinfo2.csv)
ott778695,Scophthalmus maximus,habitat,aquatic,categorical,Stapley et al. 2017 compilation (LinkageMapIinfo2.csv)
ott778695,Scophthalmus maximus,haplodiploid,false,boolean,Stapley et al. 2017 compilation (LinkageMapIinfo2.csv)
ott778695,Scophthalmus maximus,invasive,false,boolean,Stapley et al. 2017 compilation (LinkageMapIinfo2.csv)
ott778695,Scophthalmus maximus,parasitic_or_pathogenic,false,boolean,Stapley et al. 2017 compilation (LinkageMapIinfo2.csv)
ott807488,Scophthalmus rhombus,habitat,aquatic,categorical,Stapley et al. 2017 compilation (LinkageMapIinfo2.csv)
ott807488,Scophthalmus rhombus,haplodiploid,false,boolean,Stapley et al. 2017 compilation (LinkageMapIinfo2.csv)
ott807488,Scophthalmus rhombus,invasive,false,boolean,Stapley et al. 2017 compilation (LinkageMapIinfo2.csv)
ott807488,Scophthalmus rhombus,parasitic_or_pathogenic,false,boolean,Stapley et al. 2017 compilation (LinkageMapIinfo2.csv)
ott807488,Scophthalmus rhombus,sex_determination_genotypic,FH,categorical,Stapley et al. 2017 compilation (LinkageMapIinfo2.csv)
ott807488,Scophthalmus rhombus,sex_determination_karyotype,ZW,categorical,Stapley et al. 2017 compilation (LinkageMapIinfo2.csv)
ott807488,Scophthalmus rhombus,sexual_system,gonochorous,categorical,Stapley et al. 2017 compilation (LinkageMapIinfo2.csv)
ott1084541,Scylla paramamosain,habitat,aquatic,categorical,Stapley et al. 2017 compilation (LinkageMapIinfo2.csv)
ott1084541,Scylla paramamosain,haplodiploid,false,boolean,Stapley et al. 2017 compilation (LinkageMapIinfo2.csv)
ott1084541,Scylla paramamosain,invasive,false,boolean,Stapley et al. 2017 compilation (LinkageMapIinfo2.csv)
ott1084541,Scylla paramamosain,parasitic_or_pathogenic,false,boolean,Stapley et al. 2017 compilation (LinkageMapIinfo2.csv)
ott1084541,Scylla paramamosain,sexual_system,gonochorous,categorical,Stapley et al. 2017 compilation (LinkageMapIinfo2.csv)
ott206127,Sebastes schlegelii,habitat,aquatic,categorical,Stapley et al. 2017 compilation (LinkageMapIinfo2.csv)
ott206127,Sebastes schlegelii,haplodiploid,false,boolean,Stapley et al. 2017 compilation (LinkageMapIinfo2.csv)
ott206127,Sebastes schlegelii,heterochiasmy,H,categorical,Stapley et al. 2017 compilation (LinkageMapIinfo2.csv)
ott206127,Sebastes schlegelii,invasive,false,boolean,Stapley et al. 2017 compilation (LinkageMapIinfo2.csv)
ott206127,Sebastes schlegelii,parasitic_or_pathogenic,false,boolean,Stapley et al. 2017 compilation (LinkageMapIinfo2.csv)
ott206127,Sebastes schlegelii,sexual_system,seq.hermaphrodite,categorical,Stapley et al. 2017 compilation (LinkageMapIinfo2.csv)
ott553015,Secale cereale,domestication_status,Domesticated,categorical,Stapley et al. 2017 compilation (LinkageMapIinfo2.csv)
ott553015,Secale cereale,habitat,terrestrial,categorical,Stapley et al. 2017 compilation (LinkageMapIinfo2.csv)
ott553015,Secale cereale,leaf_compoundness,simple,categorical,Stapley et al. 2017 compilation (LinkageMapIinfo2.csv)
ott553015,Secale cereale,leaf_type,broadleaved,categorical,Stapley et al. 2017 compilation (LinkageMapIinfo2.csv)
ott553015,Secale cereale,parasitic_or_pathogenic,false,boolean,Stapley et al. 2017 compilation (LinkageMapIinfo2.csv)
ott553015,Secale cereale,photosynthetic_pathway,C3,categorical,Stapley et al. 2017 compilation (LinkageMapIinfo2.csv)
ott553015,Secale cereale,plant_growth_form,graminoid,categorical,Stapley et al. 2017 compilation (LinkageMapIinfo2.csv)
ott553015,Secale cereale,recombination_index_chiasma,13.5,numeric,Stapley et al. 2017 compilation (LinkageMapIinfo2.csv)
ott553015,Secale cereale,recombination_index_haploid,7.0,numeric,Stapley et al. 2017 compilation (LinkageMapIinfo2.csv)
ott553015,Secale cereale,woodiness,non-woody,categorical,Stapley et al. 2017 compilation (LinkageMapIinfo2.csv)
ott186469,Seriola quinqueradiata,habitat,aquatic,categorical,Stapley et al. 2017 compilation (LinkageMapIinfo2.csv)
ott186469,Seriola quinqueradiata,haplodiploid,false,boolean,Stapley et al. 2017 compilation (LinkageMapIinfo2.csv)
ott186469,Seriola quinqueradiata,heterochiasmy,H,categorical,Stapley et al. 2017 compilation (LinkageMapIinfo2.csv)
ott186469,Seriola quinqueradiata,invasive,false,boolean,Stapley et al. 2017 compilation (LinkageMapIinfo2.csv)
ott186469,Seriola quinqueradiata,parasitic_or_pathogenic,false,boolean,Stapley et al. 2017 compilation (LinkageMapIinfo2.csv)
ott504628,Sesamum indicum,habitat,terrestrial,categorical,Stapley et al. 2017 compilation (LinkageMapIinfo2.csv)
ott504628,Sesamum indicum,leaf_compoundness,simple,categorical,Stapley et al. 2017 compilation (LinkageMapIinfo2.csv)
ott504628,Sesamum indicum,leaf_type,broadleaved,categorical,Stapley et al. 2017 compilation (LinkageMapIinfo2.csv)
ott504628,Sesamum indicum,parasitic_or_pathogenic,false,boolean,Stapley et al. 2017 compilation (LinkageMapIinfo2.csv)
ott504628,Sesamum indicum,plant_growth_form,herb,categorical,Stapley et al. 2017 compilation (LinkageMapIinfo2.csv)
ott504628,Sesamum indicum,selfing,SC,categorical,Stapley et al. 2017 compilation (LinkageMapIinfo2.csv)
ott504628,Sesamum indicum,sexual_system,hermaphrodite,categorical,Stapley et al. 2017 compilation (LinkageMapIinfo2.csv)
ott504628,Sesamum indicum,woodiness,non-woody,categorical,Stapley et al. 2017 compilation (LinkageMapIinfo2.csv)
ott553005,Setaria italica,domestication_status,Domesticated,categorical,Stapley et al. 2017 compilation (LinkageMapIinfo2.csv)
ott553005,Setaria italica,habitat,terrestrial,categorical,Stapley et al. 2017 compilation (LinkageMapIinfo2.csv)
ott553005,Setaria italica,leaf_compoundness,simple,categorical,Stapley et al. 2017 compilation (LinkageMapIinfo2.csv)
ott553005,Setaria italica,leaf_type,broadleaved,categorical,Stapley et al. 2017 compilation (LinkageMapIinfo2.csv)
ott553005,Setaria italica,parasitic_or_pathogenic,false,boolean,Stapley et al. 2017 compilation (LinkageMapIinfo2.csv)
ott553005,Setaria italica,photosynthetic_pathway,C4,categorical,Stapley et al. 2017 compilation (LinkageMapIinfo2.csv)
ott553005,Setaria italica,plant_growth_form,graminoid,categorical,Stapley et al. 2017 compilation (LinkageMapIinfo2.csv)
ott553005,Setaria italica,recombination_index_chiasma,17.28,numeric,Stapley et al. 2017 compilation (LinkageMapIinfo2.csv)
ott553005,Setaria italica,recombination_index_haploid,9.0,numeric,Stapley et al. 2017 compilation (LinkageMapIinfo2.csv)
ott553005,Setaria italica,woodiness,non-woody,categorical,Stapley et al. 2017 compilation (LinkageMapIinfo2.csv)
ott609504,Silene latifolia,genus_n_dioecious_species,10.0,numeric,Stapley et al. 2017 compilation (LinkageMapIinfo2.csv)
ott609504,Silene latifolia,genus_n_species,600.0,numeric,Stapley et al. 2017 compilation (LinkageMapIinfo2.csv)
ott609504,Silene latifolia,habitat,terrestrial,categorical,Stapley et al. 2017 compilation (LinkageMapIinfo2.csv)
ott609504,Silene latifolia,leaf_compoundness,simple,categorical,Stapley et al. 2017 compilation (LinkageMapIinfo2.csv)
ott609504,Silene latifolia,leaf_type,broadleaved,categorical,Stapley et al. 2017 compilation (LinkageMapIinfo2.csv)
ott609504,Silene latifolia,parasitic_or_pathogenic,false,boolean,Stapley et al. 2017 compilation (LinkageMapIinfo2.csv)
ott609504,Silene latifolia,photosynthetic_pathway,C3,categorical,Stapley et al. 2017 compilation (LinkageMapIinfo2.csv)
ott609504,Silene latifolia,plant_growth_form,herb,categorical,Stapley et al. 2017 compilation (LinkageMapIinfo2.csv)
ott609504,Silene latifolia,pollination_mode,insects,categorical,Stapley et al. 2017 compilation (LinkageMapIinfo2.csv)
ott609504,Silene latifolia,sexual_system,dioecy,categorical,Stapley et al. 2017 compilation (LinkageMapIinfo2.csv)
ott609504,Silene latifolia,woodiness,non-woody,categorical,Stapley et al. 2017 compilation (LinkageMapIinfo2.csv)
ott359058,Sinapis alba,habitat,terrestrial,categorical,Stapley et al. 2017 compilation (LinkageMapIinfo2.csv)
ott359058,Sinapis alba,leaf_compoundness,simple,categorical,Stapley et al. 2017 compilation (LinkageMapIinfo2.csv)
ott359058,Sinapis alba,leaf_type,broadleaved,categorical,Stapley et al. 2017 compilation (LinkageMapIinfo2.csv)
ott359058,Sinapis alba,parasitic_or_pathogenic,false,boolean,Stapley et al. 2017 compilation (LinkageMapIinfo2.csv)
ott359058,Sinapis alba,photosynthetic_pathway,C3,categorical,Stapley et al. 2017 compilation (LinkageMapIinfo2.csv)
ott359058,Sinapis alba,plant_growth_form,herb,categorical,Stapley et al. 2017 compilation (LinkageMapIinfo2.csv)
ott359058,Sinapis alba,sexual_system,hermaphrodite,categorical,Stapley et al. 2017 compilation (LinkageMapIinfo2.csv)
ott359058,Sinapis alba,woodiness,non-woody,categorical,Stapley et al. 2017 compilation (LinkageMapIinfo2.csv)
ott532954,Siraitia grosvenorii,habitat,terrestrial,categorical,Stapley et al. 2017 compilation (LinkageMapIinfo2.csv)
ott532954,Siraitia grosvenorii,parasitic_or_pathogenic,false,boolean,Stapley et al. 2017 compilation (LinkageMapIinfo2.csv)
ott475230,Solanum bulbocastanum,genus_n_dioecious_species,11.0,numeric,Stapley et al. 2017 compilation (LinkageMapIinfo2.csv)
ott475230,Solanum bulbocastanum,genus_n_species,1000.0,numeric,Stapley et al. 2017 compilation (LinkageMapIinfo2.csv)
ott475230,Solanum bulbocastanum,habitat,terrestrial,categorical,Stapley et al. 2017 compilation (LinkageMapIinfo2.csv)
ott475230,Solanum bulbocastanum,parasitic_or_pathogenic,false,boolean,Stapley et al. 2017 compilation (LinkageMapIinfo2.csv)
ott475230,Solanum bulbocastanum,photosynthetic_pathway,C3,categorical,Stapley et al. 2017 compilation (LinkageMapIinfo2.csv)
ott475230,Solanum bulbocastanum,plant_life_form,P,categorical,Stapley et al. 2017 compilation (LinkageMapIinfo2.csv)
ott475230,Solanum bulbocastanum,pollination_mode,insects,categorical,Stapley et al. 2017 compilation (LinkageMapIinfo2.csv)
ott475230,Solanum bulbocastanum,selfing,both,categorical,Stapley et al. 2017 compilation (LinkageMapIinfo2.csv)
ott475230,Solanum bulbocastanum,sexual_system,hermaphrodite,categorical,Stapley et al. 2017 compilation (LinkageMapIinfo2.csv)
ott885264,Solanum habrochaites,genus_n_dioecious_species,11.0,numeric,Stapley et al. 2017 compilation (LinkageMapIinfo2.csv)
ott885264,Solanum habrochaites,genus_n_species,1000.0,numeric,Stapley et al. 2017 compilation (LinkageMapIinfo2.csv)
ott885264,Solanum habrochaites,habitat,terrestrial,categorical,Stapley et al. 2017 compilation (LinkageMapIinfo2.csv)
ott885264,Solanum habrochaites,parasitic_or_pathogenic,false,boolean,Stapley et al. 2017 compilation (LinkageMapIinfo2.csv)
ott885264,Solanum habrochaites,plant_life_form,P,categorical,Stapley et al. 2017 compilation (LinkageMapIinfo2.csv)
ott885264,Solanum habrochaites,pollination_mode,insects,categorical,Stapley et al. 2017 compilation (LinkageMapIinfo2.csv)
ott885264,Solanum habrochaites,selfing,both,categorical,Stapley et al. 2017 compilation (LinkageMapIinfo2.csv)
ott885264,Solanum habrochaites,sexual_system,hermaphrodite,categorical,Stapley et al. 2017 compilation (LinkageMapIinfo2.csv)
ott378964,Solanum lycopersicum,genus_n_dioecious_species,11.0,numeric,Stapley et al. 2017 compilation (LinkageMapIinfo2.csv)
ott378964,Solanum lycopersicum,genus_n_species,1000.0,numeric,Stapley et al. 2017 compilation (LinkageMapIinfo2.csv)
ott378964,Solanum lycopersicum,habitat,terrestrial,categorical,Stapley et al. 2017 compilation (LinkageMapIinfo2.csv)
ott378964,Solanum lycopersicum,leaf_compoundness,simple,categorical,Stapley et al. 2017 compilation (LinkageMapIinfo2.csv)
ott378964,Solanum lycopersicum,leaf_phenology,evergreen,categorical,Stapley et al. 2017 compilation (LinkageMapIinfo2.csv)
ott378964,Solanum lycopersicum,leaf_type,broadleaved,categorical,Stapley et al. 2017 compilation (LinkageMapIinfo2.csv)
ott378964,Solanum lycopersicum,parasitic_or_pathogenic,false,boolean,Stapley et al. 2017 compilation (LinkageMapIinfo2.csv)
ott378964,Solanum lycopersicum,photosynthetic_pathway,C3,categorical,Stapley et al. 2017 compilation (LinkageMapIinfo2.csv)
ott378964,Solanum lycopersicum,plant_growth_form,herb,categorical,Stapley et al. 2017 compilation (LinkageMapIinfo2.csv)
ott378964,Solanum lycopersicum,plant_life_form,PA,categorical,Stapley et al. 2017 compilation (LinkageMapIinfo2.csv)
ott378964,Solanum lycopersicum,pollination_mode,insects,categorical,Stapley et al. 2017 compilation (LinkageMapIinfo2.csv)
ott378964,Solanum lycopersicum,selfing,SC,categorical,Stapley et al. 2017 compilation (LinkageMapIinfo2.csv)
ott378964,Solanum lycopersicum,sexual_system,hermaphrodite,categorical,Stapley et al. 2017 compilation (LinkageMapIinfo2.csv)
ott378964,Solanum lycopersicum,woodiness,non-woody,categorical,Stapley et al. 2017 compilation (LinkageMapIinfo2.csv)
ott494843,Solanum melongena,domestication_status,Domesticated,categorical,Stapley et al. 2017 compilation (LinkageMapIinfo2.csv)
ott494843,Solanum melongena,genus_n_dioecious_species,11.0,numeric,Stapley et al. 2017 compilation (LinkageMapIinfo2.csv)
ott494843,Solanum melongena,genus_n_species,1000.0,numeric,Stapley et al. 2017 compilation (LinkageMapIinfo2.csv)
ott494843,Solanum melongena,habitat,terrestrial,categorical,Stapley et al. 2017 compilation (LinkageMapIinfo2.csv)
ott494843,Solanum melongena,leaf_compoundness,simple,categorical,Stapley et al. 2017 compilation (LinkageMapIinfo2.csv)
ott494843,Solanum melongena,leaf_phenology,evergreen,categorical,Stapley et al. 2017 compilation (LinkageMapIinfo2.csv)
ott494843,Solanum melongena,leaf_type,broadleaved,categorical,Stapley et al. 2017 compilation (LinkageMapIinfo2.csv)
ott494843,Solanum melongena,parasitic_or_pathogenic,false,boolean,Stapley et al. 2017 compilation (LinkageMapIinfo2.csv)
ott494843,Solanum melongena,photosynthetic_pathway,C3,categorical,Stapley et al. 2017 compilation (LinkageMapIinfo2.csv)
ott494843,Solanum melongena,plant_growth_form,herb/shrub,categorical,Stapley et al. 2017 compilation (LinkageMapIinfo2.csv)
ott494843,Solanum melongena,plant_life_form,PA,categorical,Stapley et al. 2017 compilation (LinkageMapIinfo2.csv)
ott494843,Solanum melongena,pollination_mode,insects,categorical,Stapley et al. 2017 compilation (LinkageMapIinfo2.csv)
ott494843,Solanum melongena,recombination_index_chiasma,17.3,numeric,Stapley et al. 2017 compilation (LinkageMapIinfo2.csv)
ott494843,Solanum melongena,recombination_index_haploid,12.0,numeric,Stapley et al. 2017 compilation (LinkageMapIinfo2.csv)
ott494843,Solanum melongena,selfing,SC,categorical,Stapley et al. 2017 compilation (LinkageMapIinfo2.csv)
ott494843,Solanum melongena,sexual_system,andromonoecy,categorical,Stapley et al. 2017 compilation (LinkageMapIinfo2.csv)
ott494843,Solanum melongena,woodiness,non-woody/woody,categorical,Stapley et al. 2017 compilation (LinkageMapIinfo2.csv)
ott1069768,Solanum pennellii,genus_n_dioecious_species,11.0,numeric,Stapley et al. 2017 compilation (LinkageMapIinfo2.csv)
ott1069768,Solanum pennellii,genus_n_species,1000.0,numeric,Stapley et al. 2017 compilation (LinkageMapIinfo2.csv)
ott1069768,Solanum pennellii,habitat,terrestrial,categorical,Stapley et al. 2017 compilation (LinkageMapIinfo2.csv)
ott1069768,Solanum pennellii,parasitic_or_pathogenic,false,boolean,Stapley et al. 2017 compilation (LinkageMapIinfo2.csv)
ott1069768,Solanum pennellii,plant_life_form,P,categorical,Stapley et al. 2017 compilation (LinkageMapIinfo2.csv)
ott1069768,Solanum pennellii,pollination_mode,insects,categorical,Stapley et al. 2017 compilation (LinkageMapIinfo2.csv)
ott1069768,Solanum pennellii,selfing,both,categorical,Stapley et al. 2017 compilation (LinkageMapIinfo2.csv)
ott1069768,Solanum pennellii,sexual_system,hermaphrodite,categorical,Stapley et al. 2017 compilation (LinkageMapIinfo2.csv)
ott797186,Solanum pimpinellifolium,genus_n_dioecious_species,11.0,numeric,Stapley et al. 2017 compilation (LinkageMapIinfo2.csv)
ott797186,Solanum pimpinellifolium,genus_n_species,1000.0,numeric,Stapley et al. 2017 compilation (LinkageMapIinfo2.csv)
ott797186,Solanum pimpinellifolium,habitat,terrestrial,categorical,Stapley et al. 2017 compilation (LinkageMapIinfo2.csv)
ott797186,Solanum pimpinellifolium,parasitic_or_pathogenic,false,boolean,Stapley et al. 2017 compilation (LinkageMapIinfo2.csv)
ott797186,Solanum pimpinellifolium,plant_life_form,PA,categorical,Stapley et al. 2017 compilation (LinkageMapIinfo2.csv)
ott797186,Solanum pimpinellifolium,pollination_mode,insects,categorical,Stapley et al. 2017 compilation (LinkageMapIinfo2.csv)
ott797186,Solanum pimpinellifolium,selfing,SC,categorical,Stapley et al. 2017 compilation (LinkageMapIinfo2.csv)
ott797186,Solanum pimpinellifolium,sexual_system,hermaphrodite,categorical,Stapley et al. 2017 compilation (LinkageMapIinfo2.csv)
ott494835,Solanum tuberosum,genus_n_dioecious_species,11.0,numeric,Stapley et al. 2017 compilation (LinkageMapIinfo2.csv)
ott494835,Solanum tuberosum,genus_n_species,1000.0,numeric,Stapley et al. 2017 compilation (LinkageMapIinfo2.csv)
ott494835,Solanum tuberosum,habitat,terrestrial,categorical,Stapley et al. 2017 compilation (LinkageMapIinfo2.csv)
ott494835,Solanum tuberosum,leaf_compoundness,simple,categorical,Stapley et al. 2017 compilation (LinkageMapIinfo2.csv)
ott494835,Solanum tuberosum,leaf_type,broadleaved,categorical,Stapley et al. 2017 compilation (LinkageMapIinfo2.csv)
ott494835,Solanum tuberosum,parasitic_or_pathogenic,false,boolean,Stapley et al. 2017 compilation (LinkageMapIinfo2.csv)
ott494835,Solanum tuberosum,photosynthetic_pathway,C3,categorical,Stapley et al. 2017 compilation (LinkageMapIinfo2.csv)
ott494835,Solanum tuberosum,plant_growth_form,herb,categorical,Stapley et al. 2017 compilation (LinkageMapIinfo2.csv)
ott494835,Solanum tuberosum,plant_life_form,P,categorical,Stapley et al. 2017 compilation (LinkageMapIinfo2.csv)
ott494835,Solanum tuberosum,pollination_mode,insects,categorical,Stapley et al. 2017 compilation (LinkageMapIinfo2.csv)
ott494835,Solanum tuberosum,selfing,both,categorical,Stapley et al. 2017 compilation (LinkageMapIinfo2.csv)
ott494835,Solanum tuberosum,sexual_system,hermaphrodite,categorical,Stapley et al. 2017 compilation (LinkageMapIinfo2.csv)
ott494835,Solanum tuberosum,woodiness,non-woody,categorical,Stapley et al. 2017 compilation (LinkageMapIinfo2.csv)
ott366998,Solea senegalensis,habitat,aquatic,categorical,Stapley et al. 2017 compilation (LinkageMapIinfo2.csv)
ott366998,Solea senegalensis,haplodiploid,false,boolean,Stapley et al. 2017 compilation (LinkageMapIinfo2.csv)
ott366998,Solea senegalensis,invasive,false,boolean,Stapley et al. 2017 compilation (LinkageMapIinfo2.csv)
ott366998,Solea senegalensis,parasitic_or_pathogenic,false,boolean,Stapley et al. 2017 compilation (LinkageMapIinfo2.csv)
ott710233,Solea solea,habitat,aquatic,categorical,Stapley et al. 2017 compilation (LinkageMapIinfo2.csv)
ott710233,Solea solea,haplodiploid,false,boolean,Stapley et al. 2017 compilation (LinkageMapIinfo2.csv)
ott710233,Solea solea,invasive,false,boolean,Stapley et al. 2017 compilation (LinkageMapIinfo2.csv)
ott710233,Solea solea,parasitic_or_pathogenic,false,boolean,Stapley et al. 2017 compilation (LinkageMapIinfo2.csv)
ott552986,Sorghum bicolor,domestication_status,Domesticated,categorical,Stapley et al. 2017 compilation (LinkageMapIinfo2.csv)
ott552986,Sorghum bicolor,habitat,terrestrial,categorical,Stapley et al. 2017 compilation (LinkageMapIinfo2.csv)
ott552986,Sorghum bicolor,leaf_compoundness,simple,categorical,Stapley et al. 2017 compilation (LinkageMapIinfo2.csv)
ott552986,Sorghum bicolor,leaf_type,broadleaved,categorical,Stapley et al. 2017 compilation (LinkageMapIinfo2.csv)
ott552986,Sorghum bicolor,parasitic_or_pathogenic,false,boolean,Stapley et al. 2017 compilation (LinkageMapIinfo2.csv)
ott552986,Sorghum bicolor,photosynthetic_pathway,C4,categorical,Stapley et al. 2017 compilation (LinkageMapIinfo2.csv)
ott552986,Sorghum bicolor,plant_growth_form,graminoid,categorical,Stapley et al. 2017 compilation (LinkageMapIinfo2.csv)
ott552986,Sorghum bicolor,recombination_index_chiasma,20.91,numeric,Stapley et al. 2017 compilation (LinkageMapIinfo2.csv)
ott552986,Sorghum bicolor,recombination_index_haploid,10.0,numeric,Stapley et al. 2017 compilation (LinkageMapIinfo2.csv)
ott552986,Sorghum bicolor,selfing,both,categorical,Stapley et al. 2017 compilation (LinkageMapIinfo2.csv)
ott552986,Sorghum bicolor,sexual_system,hermaphrodite,categorical,Stapley et al. 2017 compilation (LinkageMapIinfo2.csv)
ott552986,Sorghum bicolor,woodiness,non-woody,categorical,Stapley et al. 2017 compilation (LinkageMapIinfo2.csv)
ott778648,Spartina pectinata,habitat,terrestrial,categorical,Stapley et al. 2017 compilation (LinkageMapIinfo2.csv)
ott778648,Spartina pectinata,leaf_compoundness,simple,categorical,Stapley et al. 2017 compilation (LinkageMapIinfo2.csv)
ott778648,Spartina pectinata,leaf_type,broadleaved,categorical,Stapley et al. 2017 compilation (LinkageMapIinfo2.csv)
ott778648,Spartina pectinata,parasitic_or_pathogenic,false,boolean,Stapley et al. 2017 compilation (LinkageMapIinfo2.csv)
ott778648,Spartina pectinata,photosynthetic_pathway,C4,categorical,Stapley et al. 2017 compilation (LinkageMapIinfo2.csv)
ott778648,Spartina pectinata,plant_growth_form,graminoid,categorical,Stapley et al. 2017 compilation (LinkageMapIinfo2.csv)
ott778648,Spartina pectinata,woodiness,non-woody,categorical,Stapley et al. 2017 compilation (LinkageMapIinfo2.csv)
ott760723,Sparus aurata,habitat,aquatic,categorical,Stapley et al. 2017 compilation (LinkageMapIinfo2.csv)
ott760723,Sparus aurata,haplodiploid,false,boolean,Stapley et al. 2017 compilation (LinkageMapIinfo2.csv)
ott760723,Sparus aurata,heterochiasmy,H,categorical,Stapley et al. 2017 compilation (LinkageMapIinfo2.csv)
ott760723,Sparus aurata,invasive,true,boolean,Stapley et al. 2017 compilation (LinkageMapIinfo2.csv)
ott760723,Sparus aurata,parasitic_or_pathogenic,false,boolean,Stapley et al. 2017 compilation (LinkageMapIinfo2.csv)
ott760723,Sparus aurata,sexual_system,hermaphrodite,categorical,Stapley et al. 2017 compilation (LinkageMapIinfo2.csv)
ott317784,Spinacia oleracea,genus_n_dioecious_species,3.0,numeric,Stapley et al. 2017 compilation (LinkageMapIinfo2.csv)
ott317784,Spinacia oleracea,genus_n_species,3.0,numeric,Stapley et al. 2017 compilation (LinkageMapIinfo2.csv)
ott317784,Spinacia oleracea,habitat,terrestrial,categorical,Stapley et al. 2017 compilation (LinkageMapIinfo2.csv)
ott317784,Spinacia oleracea,leaf_compoundness,simple,categorical,Stapley et al. 2017 compilation (LinkageMapIinfo2.csv)
ott317784,Spinacia oleracea,leaf_type,broadleaved,categorical,Stapley et al. 2017 compilation (LinkageMapIinfo2.csv)
ott317784,Spinacia oleracea,parasitic_or_pathogenic,false,boolean,Stapley et al. 2017 compilation (LinkageMapIinfo2.csv)
ott317784,Spinacia oleracea,photosynthetic_pathway,C3,categorical,Stapley et al. 2017 compilation (LinkageMapIinfo2.csv)
ott317784,Spinacia oleracea,plant_growth_form,herb,categorical,Stapley et al. 2017 compilation (LinkageMapIinfo2.csv)
ott317784,Spinacia oleracea,pollination_mode,wind,categorical,Stapley et al. 2017 compilation (LinkageMapIinfo2.csv)
ott317784,Spinacia oleracea,sexual_system,polygamodioecy,categorical,Stapley et al. 2017 compilation (LinkageMapIinfo2.csv)
ott317784,Spinacia oleracea,woodiness,non-woody,categorical,Stapley et al. 2017 compilation (LinkageMapIinfo2.csv)
ott1040287,Strongyloides ratti,haplodiploid,false,boolean,Stapley et al. 2017 compilation (LinkageMapIinfo2.csv)
ott1040287,Strongyloides ratti,host_type,animals,categorical,Stapley et al. 2017 compilation (LinkageMapIinfo2.csv)
ott1040287,Strongyloides ratti,invasive,false,boolean,Stapley et al. 2017 compilation (LinkageMapIinfo2.csv)
ott1040287,Strongyloides ratti,parasitic_or_pathogenic,true,boolean,Stapley et al. 2017 compilation (LinkageMapIinfo2.csv)
ott1040287,Strongyloides ratti,sex_determination_karyotype,XO,categorical,Stapley et al. 2017 compilation (LinkageMapIinfo2.csv)
ott1040287,Strongyloides ratti,sexual_system,parthenogenic,categorical,Stapley et al. 2017 compilation (LinkageMapIinfo2.csv)
ott647692,Struthio camelus,habitat,terrestrial,categorical,Stapley et al. 2017 compilation (LinkageMapIinfo2.csv)
ott647692,Struthio camelus,haplodiploid,false,boolean,Stapley et al. 2017 compilation (LinkageMapIinfo2.csv)
ott647692,Struthio camelus,invasive,false,boolean,Stapley et al. 2017 compilation (LinkageMapIinfo2.csv)
ott647692,Struthio camelus,parasitic_or_pathogenic,false,boolean,Stapley et al. 2017 compilation (LinkageMapIinfo2.csv)
ott647692,Struthio camelus,sex_determination_genotypic,FH,categorical,Stapley et al. 2017 compilation (LinkageMapIinfo2.csv)
ott647692,Struthio camelus,sex_determination_karyotype,ZW,categorical,Stapley et al. 2017 compilation (LinkageMapIinfo2.csv)
ott647692,Struthio camelus,sexual_system,gonochorous,categorical,Stapley et al. 2017 compilation (LinkageMapIinfo2.csv)
ott226396,Suncus murinus,habitat,terrestrial,categorical,Stapley et al. 2017 compilation (LinkageMapIinfo2.csv)
ott226396,Suncus murinus,haplodiploid,false,boolean,Stapley et al. 2017 compilation (LinkageMapIinfo2.csv)
ott226396,Suncus murinus,invasive,true,boolean,Stapley et al. 2017 compilation (LinkageMapIinfo2.csv)
ott226396,Suncus murinus,parasitic_or_pathogenic,false,boolean,Stapley et al. 2017 compilation (LinkageMapIinfo2.csv)
ott226396,Suncus murinus,sex_determination_genotypic,MH,categorical,Stapley et al. 2017 compilation (LinkageMapIinfo2.csv)
ott226396,Suncus murinus,sex_determination_karyotype,XY,categorical,Stapley et al. 2017 compilation (LinkageMapIinfo2.csv)
ott226396,Suncus murinus,sexual_system,gonochorous,categorical,Stapley et al. 2017 compilation (LinkageMapIinfo2.csv)
ott730013,Sus scrofa,habitat,terrestrial,categorical,Stapley et al. 2017 compilation (LinkageMapIinfo2.csv)
ott730013,Sus scrofa,haplodiploid,false,boolean,Stapley et al. 2017 compilation (LinkageMapIinfo2.csv)
ott730013,Sus scrofa,invasive,true,boolean,Stapley et al. 2017 compilation (LinkageMapIinfo2.csv)
ott730013,Sus scrofa,parasitic_or_pathogenic,false,boolean,Stapley et al. 2017 compilation (LinkageMapIinfo2.csv)
ott730013,Sus scrofa,sex_determination_genotypic,MH,categorical,Stapley et al. 2017 compilation (LinkageMapIinfo2.csv)
ott730013,Sus scrofa,sex_determination_karyotype,XY,categorical,Stapley et al. 2017 compilation (LinkageMapIinfo2.csv)
ott730013,Sus scrofa,sexual_system,gonochorous,categorical,Stapley et al. 2017 compilation (LinkageMapIinfo2.csv)
ott708327,Taeniopygia guttata,habitat,terrestrial,categorical,Stapley et al. 2017 compilation (LinkageMapIinfo2.csv)
ott708327,Taeniopygia guttata,haplodiploid,false,boolean,Stapley et al. 2017 compilation (LinkageMapIinfo2.csv)
ott708327,Taeniopygia guttata,heterochiasmy,H,categorical,Stapley et al. 2017 compilation (LinkageMapIinfo2.csv)
ott708327,Taeniopygia guttata,invasive,true,boolean,Stapley et al. 2017 compilation (LinkageMapIinfo2.csv)
ott708327,Taeniopygia guttata,parasitic_or_pathogenic,false,boolean,Stapley et al. 2017 compilation (LinkageMapIinfo2.csv)
ott708327,Taeniopygia guttata,sex_determination_genotypic,FH,categorical,Stapley et al. 2017 compilation (LinkageMapIinfo2.csv)
ott708327,Taeniopygia guttata,sex_determination_karyotype,ZW,categorical,Stapley et al. 2017 compilation (LinkageMapIinfo2.csv)
ott708327,Taeniopygia guttata,sexual_system,gonochorous,categorical,Stapley et al. 2017 compilation (LinkageMapIinfo2.csv)
ott65341,Takifugu rubripes,habitat,aquatic,categorical,Stapley et al. 2017 compilation (LinkageMapIinfo2.csv)
ott65341,Takifugu rubripes,haplodiploid,false,boolean,Stapley et al. 2017 compilation (LinkageMapIinfo2.csv)
ott65341,Takifugu rubripes,heterochiasmy,H,categorical,Stapley et al. 2017 compilation (LinkageMapIinfo2.csv)
ott65341,Takifugu rubripes,invasive,false,boolean,Stapley et al. 2017 compilation (LinkageMapIinfo2.csv)
ott65341,Takifugu rubripes,parasitic_or_pathogenic,false,boolean,Stapley et al. 2017 compilation (LinkageMapIinfo2.csv)
ott65341,Takifugu rubripes,sex_determination_genotypic,MH,categorical,Stapley et al. 2017 compilation (LinkageMapIinfo2.csv)
ott65341,Takifugu rubripes,sex_determination_karyotype,H,categorical,Stapley et al. 2017 compilation (LinkageMapIinfo2.csv)
ott65341,Takifugu rubripes,sexual_system,gonochorous,categorical,Stapley et al. 2017 compilation (LinkageMapIinfo2.csv)
ott843397,Taraxacum koksaghyz,habitat,terrestrial,categorical,Stapley et al. 2017 compilation (LinkageMapIinfo2.csv)
ott843397,Taraxacum koksaghyz,parasitic_or_pathogenic,false,boolean,Stapley et al. 2017 compilation (LinkageMapIinfo2.csv)
ott309291,Taxodium mucronatum,habitat,terrestrial,categorical,Stapley et al. 2017 compilation (LinkageMapIinfo2.csv)
ott309291,Taxodium mucronatum,parasitic_or_pathogenic,false,boolean,Stapley et al. 2017 compilation (LinkageMapIinfo2.csv)
ott302422,Theileria parva,host_type,animals,categorical,Stapley et al. 2017 compilation (LinkageMapIinfo2.csv)
ott302422,Theileria parva,parasitic_or_pathogenic,true,boolean,Stapley et al. 2017 compilation (LinkageMapIinfo2.csv)
ott388185,Theobroma cacao,habitat,terrestrial,categorical,Stapley et al. 2017 compilation (LinkageMapIinfo2.csv)
ott388185,Theobroma cacao,leaf_compoundness,simple,categorical,Stapley et al. 2017 compilation (LinkageMapIinfo2.csv)
ott388185,Theobroma cacao,leaf_phenology,evergreen,categorical,Stapley et al. 2017 compilation (LinkageMapIinfo2.csv)
ott388185,Theobroma cacao,leaf_type,broadleaved,categorical,Stapley et al. 2017 compilation (LinkageMapIinfo2.csv)
ott388185,Theobroma cacao,parasitic_or_pathogenic,false,boolean,Stapley et al. 2017 compilation (LinkageMapIinfo2.csv)
ott388185,Theobroma cacao,photosynthetic_pathway,C3,categorical,Stapley et al. 2017 compilation (LinkageMapIinfo2.csv)
ott388185,Theobroma cacao,plant_growth_form,tree,categorical,Stapley et al. 2017 compilation (LinkageMapIinfo2.csv)
ott388185,Theobroma cacao,selfing,SI,categorical,Stapley et al. 2017 compilation (LinkageMapIinfo2.csv)
ott388185,Theobroma cacao,sexual_system,hermaphrodite,categorical,Stapley et al. 2017 compilation (LinkageMapIinfo2.csv)
ott388185,Theobroma cacao,woodiness,woody,categorical,Stapley et al. 2017 compilation (LinkageMapIinfo2.csv)
ott833202,Thunnus orientalis,habitat,aquatic,categorical,Stapley et al. 2017 compilation (LinkageMapIinfo2.csv)
ott833202,Thunnus orientalis,haplodiploid,false,boolean,Stapley et al. 2017 compilation (LinkageMapIinfo2.csv)
ott833202,Thunnus orientalis,heterochiasmy,H,categorical,Stapley et al. 2017 compilation (LinkageMapIinfo2.csv)
ott833202,Thunnus orientalis,invasive,false,boolean,Stapley et al. 2017 compilation (LinkageMapIinfo2.csv)
ott833202,Thunnus orientalis,parasitic_or_pathogenic,false,boolean,Stapley et al. 2017 compilation (LinkageMapIinfo2.csv)
ott833202,Thunnus orientalis,sexual_system,gonochorous,categorical,Stapley et al. 2017 compilation (LinkageMapIinfo2.csv)
ott461524,Tigriopus californicus,habitat,aquatic,categorical,Stapley et al. 2017 compilation (LinkageMapIinfo2.csv)
ott461524,Tigriopus californicus,haplodiploid,false,boolean,Stapley et al. 2017 compilation (LinkageMapIinfo2.csv)
ott461524,Tigriopus californicus,heterochiasmy,A,categorical,Stapley et al. 2017 compilation (LinkageMapIinfo2.csv)
ott461524,Tigriopus californicus,invasive,false,boolean,Stapley et al. 2017 compilation (LinkageMapIinfo2.csv)
ott461524,Tigriopus californicus,parasitic_or_pathogenic,false,boolean,Stapley et al. 2017 compilation (LinkageMapIinfo2.csv)
ott461524,Tigriopus californicus,sex_determination_karyotype,H,categorical,Stapley et al. 2017 compilation (LinkageMapIinfo2.csv)
ott461524,Tigriopus californicus,sexual_system,gonochorous,categorical,Stapley et al. 2017 compilation (LinkageMapIinfo2.csv)
ott61762,Torreya grandis,habitat,terrestrial,categorical,Stapley et al. 2017 compilation (LinkageMapIinfo2.csv)
ott61762,Torreya grandis,leaf_compoundness,simple,categorical,Stapley et al. 2017 compilation (LinkageMapIinfo2.csv)
ott61762,Torreya grandis,leaf_phenology,evergreen,categorical,Stapley et al. 2017 compilation (LinkageMapIinfo2.csv)
ott61762,Torreya grandis,leaf_type,needleleaved,categorical,Stapley et al. 2017 compilation (LinkageMapIinfo2.csv)
ott61762,Torreya grandis,parasitic_or_pathogenic,false,boolean,Stapley et al. 2017 compilation (LinkageMapIinfo2.csv)
ott61762,Torreya grandis,photosynthetic_pathway,C3,categorical,Stapley et al. 2017 compilation (LinkageMapIinfo2.csv)
ott61762,Torreya grandis,plant_growth_form,tree,categorical,Stapley et al. 2017 compilation (LinkageMapIinfo2.csv)
ott61762,Torreya grandis,woodiness,woody,categorical,Stapley et al. 2017 compilation (LinkageMapIinfo2.csv)
ott252145,Toxoplasma gondii,host_type,animals,categorical,Stapley et al. 2017 compilation (LinkageMapIinfo2.csv)
ott252145,Toxoplasma gondii,parasitic_or_pathogenic,true,boolean,Stapley et al. 2017 compilation (LinkageMapIinfo2.csv)
ott148904,Tribolium castaneum,habitat,terrestrial,categorical,Stapley et al. 2017 compilation (LinkageMapIinfo2.csv)
ott148904,Tribolium castaneum,haplodiploid,false,boolean,Stapley et al. 2017 compilation (LinkageMapIinfo2.csv)
ott148904,Tribolium castaneum,invasive,false,boolean,Stapley et al. 2017 compilation (LinkageMapIinfo2.csv)
ott148904,Tribolium castaneum,parasitic_or_pathogenic,false,boolean,Stapley et al. 2017 compilation (LinkageMapIinfo2.csv)
ott148904,Tribolium castaneum,sexual_system,gonochorous,categorical,Stapley et al. 2017 compilation (LinkageMapIinfo2.csv)
ott389727,Tribolium confusum,habitat,terrestrial,categorical,Stapley et al. 2017 compilation (LinkageMapIinfo2.csv)
ott389727,Tribolium confusum,haplodiploid,false,boolean,Stapley et al. 2017 compilation (LinkageMapIinfo2.csv)
ott389727,Tribolium confusum,invasive,true,boolean,Stapley et al. 2017 compilation (LinkageMapIinfo2.csv)
ott389727,Tribolium confusum,parasitic_or_pathogenic,false,boolean,Stapley et al. 2017 compilation (LinkageMapIinfo2.csv)
ott389727,Tribolium confusum,sex_determination_genotypic,MH,categorical,Stapley et al. 2017 compilation (LinkageMapIinfo2.csv)
ott389727,Tribolium confusum,sex_determination_karyotype,XY,categorical,Stapley et al. 2017 compilation (LinkageMapIinfo2.csv)
ott389727,Tribolium confusum,sexual_system,gonochorous,categorical,Stapley et al. 2017 compilation (LinkageMapIinfo2.csv)
ott137951,Trichogramma brassicae,haplodiploid,false,boolean,Stapley et al. 2017 compilation (LinkageMapIinfo2.csv)
ott137951,Trichogramma brassicae,host_type,animals,categorical,Stapley et al. 2017 compilation (LinkageMapIinfo2.csv)
ott137951,Trichogramma brassicae,invasive,false,boolean,Stapley et al. 2017 compilation (LinkageMapIinfo2.csv)
ott137951,Trichogramma brassicae,parasitic_or_pathogenic,true,boolean,Stapley et al. 2017 compilation (LinkageMapIinfo2.csv)
ott137951,Trichogramma brassicae,sexual_system,male.haploid,categorical,Stapley et al. 2017 compilation (LinkageMapIinfo2.csv)
ott839027,Trifolium pratense,habitat,terrestrial,categorical,Stapley et al. 2017 compilation (LinkageMapIinfo2.csv)
ott839027,Trifolium pratense,leaf_compoundness,compound,categorical,Stapley et al. 2017 compilation (LinkageMapIinfo2.csv)
ott839027,Trifolium pratense,leaf_type,broadleaved,categorical,Stapley et al. 2017 compilation (LinkageMapIinfo2.csv)
ott839027,Trifolium pratense,parasitic_or_pathogenic,false,boolean,Stapley et al. 2017 compilation (LinkageMapIinfo2.csv)
ott839027,Trifolium pratense,photosynthetic_pathway,C3,categorical,Stapley et al. 2017 compilation (LinkageMapIinfo2.csv)
ott839027,Trifolium pratense,plant_growth_form,herb,categorical,Stapley et al. 2017 compilation (LinkageMapIinfo2.csv)
ott839027,Trifolium pratense,selfing,SI,categorical,Stapley et al. 2017 compilation (LinkageMapIinfo2.csv)
ott839027,Trifolium pratense,sexual_system,hermaphrodite,categorical,Stapley et al. 2017 compilation (LinkageMapIinfo2.csv)
ott839027,Trifolium pratense,woodiness,non-woody,categorical,Stapley et al. 2017 compilation (LinkageMapIinfo2.csv)
ott116218,Trifolium repens,habitat,terrestrial,categorical,Stapley et al. 2017 compilation (LinkageMapIinfo2.csv)
ott116218,Trifolium repens,leaf_compoundness,compound,categorical,Stapley et al. 2017 compilation (LinkageMapIinfo2.csv)
ott116218,Trifolium repens,leaf_type,broadleaved,categorical,Stapley et al. 2017 compilation (LinkageMapIinfo2.csv)
ott116218,Trifolium repens,parasitic_or_pathogenic,false,boolean,Stapley et al. 2017 compilation (LinkageMapIinfo2.csv)
ott116218,Trifolium repens,photosynthetic_pathway,C3,categorical,Stapley et al. 2017 compilation (LinkageMapIinfo2.csv)
ott116218,Trifolium repens,plant_growth_form,herb,categorical,Stapley et al. 2017 compilation (LinkageMapIinfo2.csv)
ott116218,Trifolium repens,selfing,SI,categorical,Stapley et al. 2017 compilation (LinkageMapIinfo2.csv)
ott116218,Trifolium repens,sexual_system,hermaphrodite,categorical,Stapley et al. 2017 compilation (LinkageMapIinfo2.csv)
ott116218,Trifolium repens,woodiness,non-woody,categorical,Stapley et al. 2017 compilation (LinkageMapIinfo2.csv)
ott539553,Trifolium subterraneum,habitat,terrestrial,categorical,Stapley et al. 2017 compilation (LinkageMapIinfo2.csv)
ott539553,Trifolium subterraneum,leaf_compoundness,compound,categorical,Stapley et al. 2017 compilation (LinkageMapIinfo2.csv)
ott539553,Trifolium subterraneum,leaf_type,broadleaved,categorical,Stapley et al. 2017 compilation (LinkageMapIinfo2.csv)
ott539553,Trifolium subterraneum,parasitic_or_pathogenic,false,boolean,Stapley et al. 2017 compilation (LinkageMapIinfo2.csv)
ott539553,Trifolium subterraneum,photosynthetic_pathway,C3,categorical,Stapley et al. 2017 compilation (LinkageMapIinfo2.csv)
ott539553,Trifolium subterraneum,plant_growth_form,herb,categorical,Stapley et al. 2017 compilation (LinkageMapIinfo2.csv)
ott539553,Trifolium subterraneum,woodiness,non-woody,categorical,Stapley et al. 2017 compilation (LinkageMapIinfo2.csv)
ott4731601,Triticosecale,habitat,terrestrial,categorical,Stapley et al. 2017 compilation (LinkageMapIinfo2.csv)
ott4731601,Triticosecale,parasitic_or_pathogenic,false,boolean,Stapley et al. 2017 compilation (LinkageMapIinfo2.csv)
ott4731601,Triticosecale,selfing,SC,categorical,Stapley et al. 2017 compilation (LinkageMapIinfo2.csv)
ott4731601,Triticosecale,sexual_system,hermaphrodite,categorical,Stapley et al. 2017 compilation (LinkageMapIinfo2.csv)
ott31926,Triticum aestivum,domestication_status,Domesticated,categorical,Stapley et al. 2017 compilation (LinkageMapIinfo2.csv)
ott31926,Triticum aestivum,habitat,terrestrial,categorical,Stapley et al. 2017 compilation (LinkageMapIinfo2.csv)
ott31926,Triticum aestivum,leaf_compoundness,simple,categorical,Stapley et al. 2017 compilation (LinkageMapIinfo2.csv)
ott31926,Triticum aestivum,leaf_type,broadleaved,categorical,Stapley et al. 2017 compilation (LinkageMapIinfo2.csv)
ott31926,Triticum aestivum,parasitic_or_pathogenic,false,boolean,Stapley et al. 2017 compilation (LinkageMapIinfo2.csv)
ott31926,Triticum aestivum,photosynthetic_pathway,C3,categorical,Stapley et al. 2017 compilation (LinkageMapIinfo2.csv)
ott31926,Triticum aestivum,plant_growth_form,graminoid,categorical,Stapley et al. 2017 compilation (LinkageMapIinfo2.csv)
ott31926,Triticum aestivum,recombination_index_chiasma,49.8,numeric,Stapley et al. 2017 compilation (LinkageMapIinfo2.csv)
ott31926,Triticum aestivum,recombination_index_haploid,21.0,numeric,Stapley et al. 2017 compilation (LinkageMapIinfo2.csv)
ott31926,Triticum aestivum,selfing,SC,categorical,Stapley et al. 2017 compilation (LinkageMapIinfo2.csv)
ott31926,Triticum aestivum,sexual_system,hermaphrodite,categorical,Stapley et al. 2017 compilation (LinkageMapIinfo2.csv)
ott31926,Triticum aestivum,woodiness,non-woody,categorical,Stapley et al. 2017 compilation (LinkageMapIinfo2.csv)
ott605173,Triticum dicoccum,habitat,terrestrial,categorical,Stapley et al. 2017 compilation (LinkageMapIinfo2.csv)
ott605173,Triticum dicoccum,parasitic_or_pathogenic,false,boolean,Stapley et al. 2017 compilation (LinkageMapIinfo2.csv)
ott494245,Trypanosoma brucei,host_type,animals,categorical,Stapley et al. 2017 compilation (LinkageMapIinfo2.csv)
ott494245,Trypanosoma brucei,parasitic_or_pathogenic,true,boolean,Stapley et al. 2017 compilation (LinkageMapIinfo2.csv)
ott99027,Typhula ishikariensis,host_type,plants,categorical,Stapley et al. 2017 compilation (LinkageMapIinfo2.csv)
ott99027,Typhula ishikariensis,parasitic_or_pathogenic,true,boolean,Stapley et al. 2017 compilation (LinkageMapIinfo2.csv)
ott99027,Typhula ishikariensis,sex_determination_karyotype,H,categorical,Stapley et al. 2017 compilation (LinkageMapIinfo2.csv)
ott616561,Undaria pinnatifida,domestication_status,Cultivated,categorical,Stapley et al. 2017 compilation (LinkageMapIinfo2.csv)
ott616561,Undaria pinnatifida,habitat,aquatic,categorical,Stapley et al. 2017 compilation (LinkageMapIinfo2.csv)
ott616561,Undaria pinnatifida,haplodiploid,true,boolean,Stapley et al. 2017 compilation (LinkageMapIinfo2.csv)
ott616561,Undaria pinnatifida,parasitic_or_pathogenic,false,boolean,Stapley et al. 2017 compilation (LinkageMapIinfo2.csv)
ott616561,Undaria pinnatifida,sex_determination_karyotype,UV,categorical,Stapley et al. 2017 compilation (LinkageMapIinfo2.csv)
ott616561,Undaria pinnatifida,woodiness,non-woody,categorical,Stapley et al. 2017 compilation (LinkageMapIinfo2.csv)
ott322300,Urochloa humidicola,habitat,terrestrial,categorical,Stapley et al. 2017 compilation (LinkageMapIinfo2.csv)
ott322300,Urochloa humidicola,parasitic_or_pathogenic,false,boolean,Stapley et al. 2017 compilation (LinkageMapIinfo2.csv)
ott567253,Vaccinium corymbosum,habitat,terrestrial,categorical,Stapley et al. 2017 compilation (LinkageMapIinfo2.csv)
ott567253,Vaccinium corymbosum,leaf_compoundness,simple,categorical,Stapley et al. 2017 compilation (LinkageMapIinfo2.csv)
ott567253,Vaccinium corymbosum,leaf_phenology,deciduous,categorical,Stapley et al. 2017 compilation (LinkageMapIinfo2.csv)
ott567253,Vaccinium corymbosum,leaf_type,broadleaved,categorical,Stapley et al. 2017 compilation (LinkageMapIinfo2.csv)
ott567253,Vaccinium corymbosum,parasitic_or_pathogenic,false,boolean,Stapley et al. 2017 compilation (LinkageMapIinfo2.csv)
ott567253,Vaccinium corymbosum,photosynthetic_pathway,C3,categorical,Stapley et al. 2017 compilation (LinkageMapIinfo2.csv)
ott567253,Vaccinium corymbosum,plant_growth_form,shrub,categorical,Stapley et al. 2017 compilation (LinkageMapIinfo2.csv)
ott567253,Vaccinium corymbosum,selfing,both,categorical,Stapley et al. 2017 compilation (LinkageMapIinfo2.csv)
ott567253,Vaccinium corymbosum,woodiness,woody,categorical,Stapley et al. 2017 compilation (LinkageMapIinfo2.csv)
ott295602,Vaccinium macrocarpon,habitat,terrestrial,categorical,Stapley et al. 2017 compilation (LinkageMapIinfo2.csv)
ott295602,Vaccinium macrocarpon,leaf_compoundness,simple,categorical,Stapley et al. 2017 compilation (LinkageMapIinfo2.csv)
ott295602,Vaccinium macrocarpon,leaf_phenology,evergreen,categorical,Stapley et al. 2017 compilation (LinkageMapIinfo2.csv)
ott295602,Vaccinium macrocarpon,leaf_type,broadleaved,categorical,Stapley et al. 2017 compilation (LinkageMapIinfo2.csv)
ott295602,Vaccinium macrocarpon,parasitic_or_pathogenic,false,boolean,Stapley et al. 2017 compilation (LinkageMapIinfo2.csv)
ott295602,Vaccinium macrocarpon,photosynthetic_pathway,C3,categorical,Stapley et al. 2017 compilation (LinkageMapIinfo2.csv)
ott295602,Vaccinium macrocarpon,plant_growth_form,shrub,categorical,Stapley et al. 2017 compilation (LinkageMapIinfo2.csv)
ott295602,Vaccinium macrocarpon,sexual_system,hermaphrodite,categorical,Stapley et al. 2017 compilation (LinkageMapIinfo2.csv)
ott295602,Vaccinium macrocarpon,woodiness,woody,categorical,Stapley et al. 2017 compilation (LinkageMapIinfo2.csv)
ott1064791,Vanilla tahitensis,habitat,terrestrial,categorical,Stapley et al. 2017 compilation (LinkageMapIinfo2.csv)
ott1064791,Vanilla tahitensis,parasitic_or_pathogenic,false,boolean,Stapley et al. 2017 compilation (LinkageMapIinfo2.csv)
ott581449,Venturia inaequalis,host_type,plants,categorical,Stapley et al. 2017 compilation (LinkageMapIinfo2.csv)
ott581449,Venturia inaequalis,parasitic_or_pathogenic,true,boolean,Stapley et al. 2017 compilation (LinkageMapIinfo2.csv)
ott581449,Venturia inaequalis,sex_determination_karyotype,H,categorical,Stapley et al. 2017 compilation (LinkageMapIinfo2.csv)
ott52839,Vespula vulgaris,habitat,terrestrial,categorical,Stapley et al. 2017 compilation (LinkageMapIinfo2.csv)
ott52839,Vespula vulgaris,haplodiploid,true,boolean,Stapley et al. 2017 compilation (LinkageMapIinfo2.csv)
ott52839,Vespula vulgaris,invasive,true,boolean,Stapley et al. 2017 compilation (LinkageMapIinfo2.csv)
ott52839,Vespula vulgaris,parasitic_or_pathogenic,false,boolean,Stapley et al. 2017 compilation (LinkageMapIinfo2.csv)
ott52839,Vespula vulgaris,sexual_system,male.haploid,categorical,Stapley et al. 2017 compilation (LinkageMapIinfo2.csv)
ott539544,Vicia faba,domestication_status,Domesticated,categorical,Stapley et al. 2017 compilation (LinkageMapIinfo2.csv)
ott539544,Vicia faba,habitat,terrestrial,categorical,Stapley et al. 2017 compilation (LinkageMapIinfo2.csv)
ott539544,Vicia faba,leaf_compoundness,compound,categorical,Stapley et al. 2017 compilation (LinkageMapIinfo2.csv)
ott539544,Vicia faba,leaf_type,broadleaved,categorical,Stapley et al. 2017 compilation (LinkageMapIinfo2.csv)
ott539544,Vicia faba,parasitic_or_pathogenic,false,boolean,Stapley et al. 2017 compilation (LinkageMapIinfo2.csv)
ott539544,Vicia faba,photosynthetic_pathway,C3,categorical,Stapley et al. 2017 compilation (LinkageMapIinfo2.csv)
ott539544,Vicia faba,plant_growth_form,herb,categorical,Stapley et al. 2017 compilation (LinkageMapIinfo2.csv)
ott539544,Vicia faba,recombination_index_chiasma,21.11,numeric,Stapley et al. 2017 compilation (LinkageMapIinfo2.csv)
ott539544,Vicia faba,recombination_index_haploid,6.0,numeric,Stapley et al. 2017 compilation (LinkageMapIinfo2.csv)
ott539544,Vicia faba,woodiness,non-woody,categorical,Stapley et al. 2017 compilation (LinkageMapIinfo2.csv)
ott1065959,Vigna angularis,domestication_status,Domesticated,categorical,Stapley et al. 2017 compilation (LinkageMapIinfo2.csv)
ott1065959,Vigna angularis,habitat,terrestrial,categorical,Stapley et al. 2017 compilation (LinkageMapIinfo2.csv)
ott1065959,Vigna angularis,leaf_compoundness,compound,categorical,Stapley et al. 2017 compilation (LinkageMapIinfo2.csv)
ott1065959,Vigna angularis,leaf_type,broadleaved,categorical,Stapley et al. 2017 compilation (LinkageMapIinfo2.csv)
ott1065959,Vigna angularis,parasitic_or_pathogenic,false,boolean,Stapley et al. 2017 compilation (LinkageMapIinfo2.csv)
ott1065959,Vigna angularis,photosynthetic_pathway,C3,categorical,Stapley et al. 2017 compilation (LinkageMapIinfo2.csv)
ott1065959,Vigna angularis,recombination_index_chiasma,21.75,numeric,Stapley et al. 2017 compilation (LinkageMapIinfo2.csv)
ott1065959,Vigna angularis,recombination_index_haploid,11.0,numeric,Stapley et al. 2017 compilation (LinkageMapIinfo2.csv)
ott1065954,Vigna mungo,domestication_status,Domesticated,categorical,Stapley et al. 2017 compilation (LinkageMapIinfo2.csv)
ott1065954,Vigna mungo,habitat,terrestrial,categorical,Stapley et al. 2017 compilation (LinkageMapIinfo2.csv)
ott1065954,Vigna mungo,leaf_compoundness,compound,categorical,Stapley et al. 2017 compilation (LinkageMapIinfo2.csv)
ott1065954,Vigna mungo,leaf_type,broadleaved,categorical,Stapley et al. 2017 compilation (LinkageMapIinfo2.csv)
ott1065954,Vigna mungo,parasitic_or_pathogenic,false,boolean,Stapley et al. 2017 compilation (LinkageMapIinfo2.csv)
ott1065954,Vigna mungo,photosynthetic_pathway,C3,categorical,Stapley et al. 2017 compilation (LinkageMapIinfo2.csv)
ott1065954,Vigna mungo,recombination_index_chiasma,21.6,numeric,Stapley et al. 2017 compilation (LinkageMapIinfo2.csv)
ott1065954,Vigna mungo,recombination_index_haploid,11.0,numeric,Stapley et al. 2017 compilation (LinkageMapIinfo2.csv)
ott806245,Vigna radiata,domestication_status,Domesticated,categorical,Stapley et al. 2017 compilation (LinkageMapIinfo2.csv)
ott806245,Vigna radiata,habitat,terrestrial,categorical,Stapley et al. 2017 compilation (LinkageMapIinfo2.csv)
ott806245,Vigna radiata,leaf_compoundness,compound,categorical,Stapley et al. 2017 compilation (LinkageMapIinfo2.csv)
ott806245,Vigna radiata,leaf_type,broadleaved,categorical,Stapley et al. 2017 compilation (LinkageMapIinfo2.csv)
ott806245,Vigna radiata,parasitic_or_pathogenic,false,boolean,Stapley et al. 2017 compilation (LinkageMapIinfo2.csv)
ott806245,Vigna radiata,photosynthetic_pathway,C3,categorical,Stapley et al. 2017 compilation (LinkageMapIinfo2.csv)
ott806245,Vigna radiata,plant_growth_form,herb,categorical,Stapley et al. 2017 compilation (LinkageMapIinfo2.csv)
ott806245,Vigna radiata,recombination_index_chiasma,22.09,numeric,Stapley et al. 2017 compilation (LinkageMapIinfo2.csv)
ott806245,Vigna radiata,recombination_index_haploid,11.0,numeric,Stapley et al. 2017 compilation (LinkageMapIinfo2.csv)
ott806245,Vigna radiata,woodiness,non-woody,categorical,Stapley et al. 2017 compilation (LinkageMapIinfo2.csv)
ott853659,Vigna subterranea,habitat,terrestrial,categorical,Stapley et al. 2017 compilation (LinkageMapIinfo2.csv)
ott853659,Vigna subterranea,leaf_compoundness,compound,categorical,Stapley et al. 2017 compilation (LinkageMapIinfo2.csv)
ott853659,Vigna subterranea,leaf_type,broadleaved,categorical,Stapley et al. 2017 compilation (LinkageMapIinfo2.csv)
ott853659,Vigna subterranea,parasitic_or_pathogenic,false,boolean,Stapley et al. 2017 compilation (LinkageMapIinfo2.csv)
ott853659,Vigna subterranea,photosynthetic_pathway,C3,categorical,Stapley et al. 2017 compilation (LinkageMapIinfo2.csv)
ott853659,Vigna subterranea,plant_growth_form,herb,categorical,Stapley et al. 2017 compilation (LinkageMapIinfo2.csv)
ott853659,Vigna subterranea,woodiness,non-woody,categorical,Stapley et al. 2017 compilation (LinkageMapIinfo2.csv)
ott1065941,Vigna unguiculata,habitat,terrestrial,categorical,Stapley et al. 2017 compilation (LinkageMapIinfo2.csv)
ott1065941,Vigna unguiculata,leaf_compoundness,compound,categorical,Stapley et al. 2017 compilation (LinkageMapIinfo2.csv)
ott1065941,Vigna unguiculata,leaf_type,broadleaved,categorical,Stapley et al. 2017 compilation (LinkageMapIinfo2.csv)
ott1065941,Vigna unguiculata,parasitic_or_pathogenic,false,boolean,Stapley et al. 2017 compilation (LinkageMapIinfo2.csv)
ott1065941,Vigna unguiculata,photosynthetic_pathway,C3,categorical,Stapley et al. 2017 compilation (LinkageMapIinfo2.csv)
ott1065941,Vigna unguiculata,plant_growth_form,herb,categorical,Stapley et al. 2017 compilation (LinkageMapIinfo2.csv)
ott1065941,Vigna unguiculata,selfing,SC,categorical,Stapley et al. 2017 compilation (LinkageMapIinfo2.csv)
ott1065941,Vigna unguiculata,sexual_system,hermaphrodite,categorical,Stapley et al. 2017 compilation (LinkageMapIinfo2.csv)
ott1065941,Vigna unguiculata,woodiness,non-woody,categorical,Stapley et al. 2017 compilation (LinkageMapIinfo2.csv)
ott581960,Vigna vexillata,habitat,terrestrial,categorical,Stapley et al. 2017 compilation (LinkageMapIinfo2.csv)
ott581960,Vigna vexillata,leaf_compoundness,compound,categorical,Stapley et al. 2017 compilation (LinkageMapIinfo2.csv)
ott581960,Vigna vexillata,leaf_type,broadleaved,categorical,Stapley et al. 2017 compilation (LinkageMapIinfo2.csv)
ott581960,Vigna vexillata,parasitic_or_pathogenic,false,boolean,Stapley et al. 2017 compilation (LinkageMapIinfo2.csv)
ott581960,Vigna vexillata,photosynthetic_pathway,C3,categorical,Stapley et al. 2017 compilation (LinkageMapIinfo2.csv)
ott581960,Vigna vexillata,plant_growth_form,herb,categorical,Stapley et al. 2017 compilation (LinkageMapIinfo2.csv)
ott581960,Vigna vexillata,woodiness,non-woody,categorical,Stapley et al. 2017 compilation (LinkageMapIinfo2.csv)
ott805071,Vitis amurensis,genus_n_dioecious_species,28.0,numeric,Stapley et al. 2017 compilation (LinkageMapIinfo2.csv)
ott805071,Vitis amurensis,genus_n_species,65.0,numeric,Stapley et al. 2017 compilation (LinkageMapIinfo2.csv)
ott805071,Vitis amurensis,habitat,terrestrial,categorical,Stapley et al. 2017 compilation (LinkageMapIinfo2.csv)
ott805071,Vitis amurensis,parasitic_or_pathogenic,false,boolean,Stapley et al. 2017 compilation (LinkageMapIinfo2.csv)
ott805071,Vitis amurensis,pollination_mode,insects,categorical,Stapley et al. 2017 compilation (LinkageMapIinfo2.csv)
ott805071,Vitis amurensis,sexual_system,polygamodioecy,categorical,Stapley et al. 2017 compilation (LinkageMapIinfo2.csv)
ott314458,Vitis cinerea,genus_n_dioecious_species,28.0,numeric,Stapley et al. 2017 compilation (LinkageMapIinfo2.csv)
ott314458,Vitis cinerea,genus_n_species,65.0,numeric,Stapley et al. 2017 compilation (LinkageMapIinfo2.csv)
ott314458,Vitis cinerea,habitat,terrestrial,categorical,Stapley et al. 2017 compilation (LinkageMapIinfo2.csv)
ott314458,Vitis cinerea,leaf_compoundness,simple,categorical,Stapley et al. 2017 compilation (LinkageMapIinfo2.csv)
ott314458,Vitis cinerea,leaf_type,broadleaved,categorical,Stapley et al. 2017 compilation (LinkageMapIinfo2.csv)
ott314458,Vitis cinerea,parasitic_or_pathogenic,false,boolean,Stapley et al. 2017 compilation (LinkageMapIinfo2.csv)
ott314458,Vitis cinerea,plant_growth_form,shrub,categorical,Stapley et al. 2017 compilation (LinkageMapIinfo2.csv)
ott314458,Vitis cinerea,pollination_mode,insects,categorical,Stapley et al. 2017 compilation (LinkageMapIinfo2.csv)
ott314458,Vitis cinerea,sexual_system,polygamodioecy,categorical,Stapley et al. 2017 compilation (LinkageMapIinfo2.csv)
ott314458,Vitis cinerea,woodiness,woody,categorical,Stapley et al. 2017 compilation (LinkageMapIinfo2.csv)
ott756728,Vitis vinifera,domestication_status,Domesticated,categorical,Stapley et al. 2017 compilation (LinkageMapIinfo2.csv)
ott756728,Vitis vinifera,genus_n_dioecious_species,28.0,numeric,Stapley et al. 2017 compilation (LinkageMapIinfo2.csv)
ott756728,Vitis vinifera,genus_n_species,65.0,numeric,Stapley et al. 2017 compilation (LinkageMapIinfo2.csv)
ott756728,Vitis vinifera,habitat,terrestrial,categorical,Stapley et al. 2017 compilation (LinkageMapIinfo2.csv)
ott756728,Vitis vinifera,leaf_compoundness,simple,categorical,Stapley et al. 2017 compilation (LinkageMapIinfo2.csv)
ott756728,Vitis vinifera,leaf_type,broadleaved,categorical,Stapley et al. 2017 compilation (LinkageMapIinfo2.csv)
ott756728,Vitis vinifera,parasitic_or_pathogenic,false,boolean,Stapley et al. 2017 compilation (LinkageMapIinfo2.csv)
ott756728,Vitis vinifera,photosynthetic_pathway,C3,categorical,Stapley et al. 2017 compilation (LinkageMapIinfo2.csv)
ott756728,Vitis vinifera,plant_growth_form,shrub,categorical,Stapley et al. 2017 compilation (LinkageMapIinfo2.csv)
ott756728,Vitis vinifera,pollination_mode,insects,categorical,Stapley et al. 2017 compilation (LinkageMapIinfo2.csv)
ott756728,Vitis vinifera,recombination_index_haploid,19.0,numeric,Stapley et al. 2017 compilation (LinkageMapIinfo2.csv)
ott756728,Vitis vinifera,sexual_system,polygamodioecy,categorical,Stapley et al. 2017 compilation (LinkageMapIinfo2.csv)
ott756728,Vitis vinifera,woodiness,woody,categorical,Stapley et al. 2017 compilation (LinkageMapIinfo2.csv)
ott940184,Xenopus tropicalis,habitat,terrestrial,categorical,Stapley et al. 2017 compilation (LinkageMapIinfo2.csv)
ott940184,Xenopus tropicalis,haplodiploid,false,boolean,Stapley et al. 2017 compilation (LinkageMapIinfo2.csv)
ott940184,Xenopus tropicalis,invasive,false,boolean,Stapley et al. 2017 compilation (LinkageMapIinfo2.csv)
ott940184,Xenopus tropicalis,parasitic_or_pathogenic,false,boolean,Stapley et al. 2017 compilation (LinkageMapIinfo2.csv)
ott940184,Xenopus tropicalis,sex_determination_karyotype,H,categorical,Stapley et al. 2017 compilation (LinkageMapIinfo2.csv)
ott940184,Xenopus tropicalis,sexual_system,gonochorous,categorical,Stapley et al. 2017 compilation (LinkageMapIinfo2.csv)
ott416852,Xiphophorus maculatus,habitat,aquatic,categorical,Stapley et al. 2017 compilation (LinkageMapIinfo2.csv)
ott416852,Xiphophorus maculatus,haplodiploid,false,boolean,Stapley et al. 2017 compilation (LinkageMapIinfo2.csv)
ott416852,Xiphophorus maculatus,invasive,false,boolean,Stapley et al. 2017 compilation (LinkageMapIinfo2.csv)
ott416852,Xiphophorus maculatus,parasitic_or_pathogenic,false,boolean,Stapley et al. 2017 compilation (LinkageMapIinfo2.csv)
ott416852,Xiphophorus maculatus,sex_determination_genotypic,MH,categorical,Stapley et al. 2017 compilation (LinkageMapIinfo2.csv)
ott416852,Xiphophorus maculatus,sex_determination_karyotype,XY,categorical,Stapley et al. 2017 compilation (LinkageMapIinfo2.csv)
ott416852,Xiphophorus maculatus,sexual_system,gonochorous,categorical,Stapley et al. 2017 compilation (LinkageMapIinfo2.csv)
ott605194,Zea mays,domestication_status,Domesticated,categorical,Stapley et al. 2017 compilation (LinkageMapIinfo2.csv)
ott605194,Zea mays,habitat,terrestrial,categorical,Stapley et al. 2017 compilation (LinkageMapIinfo2.csv)
ott605194,Zea mays,leaf_compoundness,simple,categorical,Stapley et al. 2017 compilation (LinkageMapIinfo2.csv)
ott605194,Zea mays,leaf_type,broadleaved,categorical,Stapley et al. 2017 compilation (LinkageMapIinfo2.csv)
ott605194,Zea mays,parasitic_or_pathogenic,false,boolean,Stapley et al. 2017 compilation (LinkageMapIinfo2.csv)
ott605194,Zea mays,photosynthetic_pathway,C4,categorical,Stapley et al. 2017 compilation (LinkageMapIinfo2.csv)
ott605194,Zea mays,plant_growth_form,graminoid,categorical,Stapley et al. 2017 compilation (LinkageMapIinfo2.csv)
ott605194,Zea mays,recombination_index_chiasma,18.0,numeric,Stapley et al. 2017 compilation (LinkageMapIinfo2.csv)
ott605194,Zea mays,recombination_index_haploid,10.0,numeric,Stapley et al. 2017 compilation (LinkageMapIinfo2.csv)
ott605194,Zea mays,sexual_system,monoecious,categorical,Stapley et al. 2017 compilation (LinkageMapIinfo2.csv)
ott605194,Zea mays,woodiness,non-woody,categorical,Stapley et al. 2017 compilation (LinkageMapIinfo2.csv)
ott908705,Zea nicaraguensis,habitat,terrestrial,categorical,Stapley et al. 2017 compilation (LinkageMapIinfo2.csv)
ott908705,Zea nicaraguensis,parasitic_or_pathogenic,false,boolean,Stapley et al. 2017 compilation (LinkageMapIinfo2.csv)
ott73483,Ziziphus jujuba,habitat,terrestrial,categorical,Stapley et al. 2017 compilation (LinkageMapIinfo2.csv)
ott73483,Ziziphus jujuba,leaf_compoundness,simple,categorical,Stapley et al. 2017 compilation (LinkageMapIinfo2.csv)
ott73483,Ziziphus jujuba,leaf_phenology,deciduous,categorical,Stapley et al. 2017 compilation (LinkageMapIinfo2.csv)
ott73483,Ziziphus jujuba,leaf_type,broadleaved,categorical,Stapley et al. 2017 compilation (LinkageMapIinfo2.csv)
ott73483,Ziziphus jujuba,parasitic_or_pathogenic,false,boolean,Stapley et al. 2017 compilation (LinkageMapIinfo2.csv)
ott73483,Ziziphus jujuba,photosynthetic_pathway,C3,categorical,Stapley et al. 2017 compilation (LinkageMapIinfo2.csv)
ott73483,Ziziphus jujuba,plant_growth_form,shrub/tree,categorical,Stapley et al. 2017 compilation (LinkageMapIinfo2.csv)
ott73483,Ziziphus jujuba,woodiness,woody,categorical,Stapley et al. 2017 compilation (LinkageMapIinfo2.csv)
ott586007,Zoysia japonica,habitat,terrestrial,categorical,Stapley et al. 2017 compilation (LinkageMapIinfo2.csv)
ott586007,Zoysia japonica,leaf_compoundness,simple,categorical,Stapley et al. 2017 compilation (LinkageMapIinfo2.csv)
ott586007,Zoysia japonica,leaf_type,broadleaved,categorical,Stapley et al. 2017 compilation (LinkageMapIinfo2.csv)
ott586007,Zoysia japonica,parasitic_or_pathogenic,false,boolean,Stapley et al. 2017 compilation (LinkageMapIinfo2.csv)
ott586007,Zoysia japonica,photosynthetic_pathway,C4,categorical,Stapley et al. 2017 compilation (LinkageMapIinfo2.csv)
ott586007,Zoysia japonica,plant_growth_form,graminoid,categorical,Stapley et al. 2017 compilation (LinkageMapIinfo2.csv)
ott586007,Zoysia japonica,woodiness,non-woody,categorical,Stapley et al. 2017 compilation (LinkageMapIinfo2.csv)
ott205630,Zoysia matrella,habitat,terrestrial,categorical,Stapley et al. 2017 compilation (LinkageMapIinfo2.csv)
ott205630,Zoysia matrella,leaf_compoundness,simple,categorical,Stapley et al. 2017 compilation (LinkageMapIinfo2.csv)
ott205630,Zoysia matrella,leaf_type,broadleaved,categorical,Stapley et al. 2017 compilation (LinkageMapIinfo2.csv)
ott205630,Zoysia matrella,parasitic_or_pathogenic,false,boolean,Stapley et al. 2017 compilation (LinkageMapIinfo2.csv)
ott205630,Zoysia matrella,photosynthetic_pathway,C4,categorical,Stapley et al. 2017 compilation (LinkageMapIinfo2.csv)
ott205630,Zoysia matrella,plant_growth_form,graminoid,categorical,Stapley et al. 2017 compilation (LinkageMapIinfo2.csv)
ott205630,Zoysia matrella,woodiness,non-woody,categorical,Stapley et al. 2017 compilation (LinkageMapIinfo2.csv)
ott906425,Zymoseptoria tritici,host_type,plants,categorical,Stapley et al. 2017 compilation (LinkageMapIinfo2.csv)
ott906425,Zymoseptoria tritici,parasitic_or_pathogenic,true,boolean,Stapley et al. 2017 compilation (LinkageMapIinfo2.csv)
ott906425,Zymoseptoria tritici,sex_determination_karyotype,H,categorical,Stapley et al. 2017 compilation (LinkageMapIinfo2.csv)
