ott_id,species_name,ott_accepted_name,ott_unique_name,taxon_rank,kingdom,phylum,class,order,family,genus,major_clades,full_lineage,ncbi_taxid,gbif_id,irmng_id,ncbi_name,ncbi_family,ncbi_order,ncbi_class,ncbi_confirms_family,chromosome_number_1n,chromosome_number_2n,flag_chromosome_conflict,n_map_records,source_species_string,source_ott_id,source_supergroup,source_group,source_class,source_order,source_family,ott_match_score,flag_ott_id_changed,ott_change_type,ott_change_note,flag_name_is_synonym,flag_fuzzy_match,flag_not_species_rank,flag_unresolved,flag_source_family_differs,source_family_issue,flag_duplicate_taxon,duplicate_taxon_note,eukaryote_supergroup
ott444202,Acacia mangium,Acacia mangium,Acacia mangium,species,Chloroplastida,Tracheophyta,Magnoliopsida,Fabales,Fabaceae,Acacia,mimosoid clade; fabids; rosids; Pentapetalae; Gunneridae; eudicotyledons,Acacia; Acacieae; mimosoid clade; Caesalpinioideae; Fabaceae; Fabales; fabids; rosids; Pentapetalae; Gunneridae; eudicotyledons; Mesangiospermae; Magnoliopsida; Spermatophyta; Euphyllophyta; Tracheophyta; Embryophyta; Streptophyta; Chloroplastida; Archaeplastida; Eukaryota; cellular organisms; life,224085,2979091,10454213,Acacia mangium,Fabaceae,Fabales,Magnoliopsida,True,13,26,False,1,Acacia_mangium,444202,Archaeplastida,Plants,Eudicots,Fabales,Fabaceae,1.0,False,,,False,False,False,False,False,,False,,Chloroplastida
ott735589,Acromyrmex echinatior,Acromyrmex echinatior,Acromyrmex echinatior,species,Metazoa,Arthropoda,Insecta,Hymenoptera,Formicidae,Acromyrmex,Dicondylia; Pancrustacea; Mandibulata; Panarthropoda; Ecdysozoa; Protostomia,Acromyrmex; Attini; Myrmicinae; Formicidae; Formicoidea; Aculeata; Apocrita; Hymenoptera; Holometabola; Neoptera; Pterygota; Dicondylia; Insecta; Hexapoda; Pancrustacea; Mandibulata; Arthropoda; Panarthropoda; Ecdysozoa; Protostomia; Bilateria; Eumetazoa; Metazoa; Holozoa; Opisthokonta; Eukaryota; cellular organisms; life,103372,10382684,,Acromyrmex echinatior,Formicidae,Hymenoptera,Insecta,True,19,38,False,1,Acromyrmex_echinatior,735589,Opisthokonta ,Animals,Insecta,Hymenoptera,Formicidae,1.0,False,,,False,False,False,False,False,,False,,Metazoa
ott718262,Acropora millepora,Acropora millepora,Acropora millepora (species in domain Eukaryota),species,Metazoa,Cnidaria,Anthozoa,Scleractinia,Acroporidae,Acropora,Eumetazoa; Holozoa; Opisthokonta; cellular organisms; life,Acropora; Acroporidae; Scleractinia; Hexacorallia; Anthozoa; Cnidaria; Eumetazoa; Metazoa; Holozoa; Opisthokonta; Eukaryota; cellular organisms; life,45264,5184672,11130315,Acropora millepora,Acroporidae,Scleractinia,Anthozoa,True,14,28,False,1,Acropora_millepora,718262,Opisthokonta ,Animals,Anthozoa,Scleractinia,Acroporidae,1.0,False,,,False,False,False,False,False,,False,,Metazoa
ott279981,Actinidia chinensis,Actinidia chinensis,Actinidia chinensis,species,Chloroplastida,Tracheophyta,Magnoliopsida,Ericales,Actinidiaceae,Actinidia,asterids; Pentapetalae; Gunneridae; eudicotyledons; Mesangiospermae; Spermatophyta,Actinidia; Actinidiaceae; Ericales; asterids; Pentapetalae; Gunneridae; eudicotyledons; Mesangiospermae; Magnoliopsida; Spermatophyta; Euphyllophyta; Tracheophyta; Embryophyta; Streptophyta; Chloroplastida; Archaeplastida; Eukaryota; cellular organisms; life,3625,3189694,10207744,Actinidia chinensis,Actinidiaceae,Ericales,Magnoliopsida,True,29,58,False,1,Actinidia_chinensis,279981,Archaeplastida,Plants,Eudicots,Ericales,Actinidiaceae,1.0,False,,,False,False,False,False,False,,False,,Chloroplastida
ott279954,Actinidia rufa,Actinidia rufa,Actinidia rufa,species,Chloroplastida,Tracheophyta,Magnoliopsida,Ericales,Actinidiaceae,Actinidia,asterids; Pentapetalae; Gunneridae; eudicotyledons; Mesangiospermae; Spermatophyta,Actinidia; Actinidiaceae; Ericales; asterids; Pentapetalae; Gunneridae; eudicotyledons; Mesangiospermae; Magnoliopsida; Spermatophyta; Euphyllophyta; Tracheophyta; Embryophyta; Streptophyta; Chloroplastida; Archaeplastida; Eukaryota; cellular organisms; life,165716,7696280,,Actinidia rufa,Actinidiaceae,Ericales,Magnoliopsida,True,29,58,False,1,Actinidia_rufa,279954,Archaeplastida,Plants,Eudicots,Ericales,Actinidiaceae,1.0,False,,,False,False,False,False,False,,False,,Chloroplastida
ott814484,Acyrthosiphon pisum,Acyrthosiphon pisum,Acyrthosiphon pisum,species,Metazoa,Arthropoda,Insecta,Hemiptera,Aphididae,Acyrthosiphon,Dicondylia; Pancrustacea; Mandibulata; Panarthropoda; Ecdysozoa; Protostomia,Acyrthosiphon; Macrosiphini; Aphidinae; Aphididae; Aphidoidea; Aphidomorpha; Sternorrhyncha; Hemiptera; Paraneoptera; Neoptera; Pterygota; Dicondylia; Insecta; Hexapoda; Pancrustacea; Mandibulata; Arthropoda; Panarthropoda; Ecdysozoa; Protostomia; Bilateria; Eumetazoa; Metazoa; Holozoa; Opisthokonta; Eukaryota; cellular organisms; life,7029,2077503,11057434,Acyrthosiphon pisum,Aphididae,Hemiptera,Insecta,True,5,10,False,1,Acyrthosiphon_pisum,814484,Opisthokonta ,Animals,Insecta,Hemiptera,Aphididae,1.0,False,,,False,False,False,False,False,,False,,Metazoa
ott269666,Aedes aegypti,Aedes aegypti,Aedes aegypti,species,Metazoa,Arthropoda,Insecta,Diptera,Culicidae,Aedes,Dicondylia; Pancrustacea; Mandibulata; Panarthropoda; Ecdysozoa; Protostomia,Stegomyia; Aedes; Aedini; Culicinae; Culicidae; Culicoidea; Culicomorpha; Nematocera; Diptera; Holometabola; Neoptera; Pterygota; Dicondylia; Insecta; Hexapoda; Pancrustacea; Mandibulata; Arthropoda; Panarthropoda; Ecdysozoa; Protostomia; Bilateria; Eumetazoa; Metazoa; Holozoa; Opisthokonta; Eukaryota; cellular organisms; life,7159,1651891,10192831,Aedes aegypti,Culicidae,Diptera,Insecta,True,3,6,False,1,Aedes_aegypti,269666,Opisthokonta ,Animals,Insecta,Diptera,Culicidae,1.0,False,,,False,False,False,False,False,,False,,Metazoa
ott793181,Aedes albopictus,Aedes albopictus,Aedes albopictus,species,Metazoa,Arthropoda,Insecta,Diptera,Culicidae,Aedes,Dicondylia; Pancrustacea; Mandibulata; Panarthropoda; Ecdysozoa; Protostomia,Stegomyia; Aedes; Aedini; Culicinae; Culicidae; Culicoidea; Culicomorpha; Nematocera; Diptera; Holometabola; Neoptera; Pterygota; Dicondylia; Insecta; Hexapoda; Pancrustacea; Mandibulata; Arthropoda; Panarthropoda; Ecdysozoa; Protostomia; Bilateria; Eumetazoa; Metazoa; Holozoa; Opisthokonta; Eukaryota; cellular organisms; life,7160,1651430,11147109,Aedes albopictus,Culicidae,Diptera,Insecta,True,3,6,False,1,Aedes_albopictus,793181,Opisthokonta ,Animals,Insecta,Diptera,Culicidae,1.0,False,,,False,False,False,False,False,,False,,Metazoa
ott327444,Aegilops sharonensis,Aegilops sharonensis,Aegilops sharonensis,species,Chloroplastida,Tracheophyta,Liliopsida,Poales,Poaceae,Aegilops,Triticodae; BOP clade; commelinids; Mesangiospermae; Spermatophyta; Euphyllophyta,Aegilops; Triticinae; Triticeae; Triticodae; Pooideae; BOP clade; Poaceae; Poales; commelinids; Petrosaviidae; Liliopsida; Mesangiospermae; Magnoliopsida; Spermatophyta; Euphyllophyta; Tracheophyta; Embryophyta; Streptophyta; Chloroplastida; Archaeplastida; Eukaryota; cellular organisms; life,58530,5677805,,Aegilops sharonensis,Poaceae,Poales,Magnoliopsida,True,7,14,False,1,Aegilops_sharonensis,327444,Archaeplastida,Plants,Monocots,Poales,Poaceae,1.0,False,,,False,False,False,False,False,,False,,Chloroplastida
ott881533,Aegilops tauschii,Aegilops tauschii,Aegilops tauschii,species,Chloroplastida,Tracheophyta,Liliopsida,Poales,Poaceae,Aegilops,Triticodae; BOP clade; commelinids; Mesangiospermae; Spermatophyta; Euphyllophyta,Aegilops; Triticinae; Triticeae; Triticodae; Pooideae; BOP clade; Poaceae; Poales; commelinids; Petrosaviidae; Liliopsida; Mesangiospermae; Magnoliopsida; Spermatophyta; Euphyllophyta; Tracheophyta; Embryophyta; Streptophyta; Chloroplastida; Archaeplastida; Eukaryota; cellular organisms; life,37682,5289779,10654627,Aegilops tauschii,Poaceae,Poales,Magnoliopsida,True,7,14,False,1,Aegilops_tauschii,5148305,Archaeplastida,Plants,Monocots,Poales,Poaceae,1.0,True,stored_was_hybrid,"Stored id pointed to the hybrid 'Aegilops tauschii x Secale cereale', not the species.",False,False,False,False,False,,False,,Chloroplastida
ott790374,Aegilops umbellulata,Aegilops umbellulata,Aegilops umbellulata,species,Chloroplastida,Tracheophyta,Liliopsida,Poales,Poaceae,Aegilops,Triticodae; BOP clade; commelinids; Mesangiospermae; Spermatophyta; Euphyllophyta,Aegilops; Triticinae; Triticeae; Triticodae; Pooideae; BOP clade; Poaceae; Poales; commelinids; Petrosaviidae; Liliopsida; Mesangiospermae; Magnoliopsida; Spermatophyta; Euphyllophyta; Tracheophyta; Embryophyta; Streptophyta; Chloroplastida; Archaeplastida; Eukaryota; cellular organisms; life,4491,5289786,10854113,Aegilops umbellulata,Poaceae,Poales,Magnoliopsida,True,7,14,False,1,Aegilops_umbellulata,790374,Archaeplastida,Plants,Monocots,Poales,Poaceae,1.0,False,,,False,False,False,False,False,,False,,Chloroplastida
ott564405,Agaricus bisporus,Agaricus bisporus,Agaricus bisporus,species,Fungi,Basidiomycota,Agaricomycetes,Agaricales,Agaricaceae,Agaricus,h2007-1; h2007-2; Nucletmycea; Opisthokonta; cellular organisms; life,Agaricus; Agaricaceae; Agaricales; Agaricomycetes; Agaricomycotina; Basidiomycota; Dikarya; h2007-1; h2007-2; Fungi; Nucletmycea; Opisthokonta; Eukaryota; cellular organisms; life,192523,5243447,11209605,Agaricus bisporus var. bisporus,Agaricaceae,Agaricales,Agaricomycetes,True,13,26,False,1,Agaricus_bisporus,564405,Opisthokonta ,Fungi,Agaricomycetes,Agaricales,Agaricaceae,1.0,False,,,False,False,False,False,False,,False,,Fungi
ott583561,Agaricus subrufescens,Agaricus subrufescens,Agaricus subrufescens,species,Fungi,Basidiomycota,Agaricomycetes,Agaricales,Agaricaceae,Agaricus,h2007-1; h2007-2; Nucletmycea; Opisthokonta; cellular organisms; life,Agaricus; Agaricaceae; Agaricales; Agaricomycetes; Agaricomycotina; Basidiomycota; Dikarya; h2007-1; h2007-2; Fungi; Nucletmycea; Opisthokonta; Eukaryota; cellular organisms; life,307930,5243460,10779498,Agaricus rufotegulis,Agaricaceae,Agaricales,Agaricomycetes,True,,,False,1,Agaricus_subrufescens,583561,Opisthokonta ,Fungi,Agaricomycetes,Agaricales,Agaricaceae,1.0,False,,,False,False,False,False,False,,False,,Fungi
ott550221,Agrostis capillaris,Agrostis capillaris,Agrostis capillaris,species,Chloroplastida,Tracheophyta,Liliopsida,Poales,Poaceae,Agrostis,Poeae Chloroplast Group 1 (Aveneae type); Poodae; BOP clade; commelinids; Mesangiospermae; Spermatophyta,Agrostis; Agrostidinae; Poeae Chloroplast Group 1 (Aveneae type); Poeae; Poodae; Pooideae; BOP clade; Poaceae; Poales; commelinids; Petrosaviidae; Liliopsida; Mesangiospermae; Magnoliopsida; Spermatophyta; Euphyllophyta; Tracheophyta; Embryophyta; Streptophyta; Chloroplastida; Archaeplastida; Eukaryota; cellular organisms; life,204232,2706490,10696034,Agrostis capillaris,Poaceae,Poales,Magnoliopsida,True,14,28,False,1,Agrostis_capillaris,550221,Archaeplastida,Plants,Monocots,Poales,Poaceae,1.0,False,,,False,False,False,False,False,,False,,Chloroplastida
ott307879,Agrostis stolonifera,Agrostis stolonifera,Agrostis stolonifera,species,Chloroplastida,Tracheophyta,Liliopsida,Poales,Poaceae,Agrostis,Poeae Chloroplast Group 1 (Aveneae type); Poodae; BOP clade; commelinids; Mesangiospermae; Spermatophyta,Agrostis; Agrostidinae; Poeae Chloroplast Group 1 (Aveneae type); Poeae; Poodae; Pooideae; BOP clade; Poaceae; Poales; commelinids; Petrosaviidae; Liliopsida; Mesangiospermae; Magnoliopsida; Spermatophyta; Euphyllophyta; Tracheophyta; Embryophyta; Streptophyta; Chloroplastida; Archaeplastida; Eukaryota; cellular organisms; life,63632,2706435,10716636,Agrostis stolonifera,Poaceae,Poales,Magnoliopsida,True,14,28,False,1,Agrostis_stolonifera,307879,Archaeplastida,Plants,Monocots,Poales,Poaceae,1.0,False,,,False,False,False,False,False,,False,,Chloroplastida
ott781600,Allium cepa,Allium cepa,Allium cepa,species,Chloroplastida,Tracheophyta,Liliopsida,Asparagales,Amaryllidaceae,Allium,Mesangiospermae; Spermatophyta; Euphyllophyta; Embryophyta; cellular organisms; life,Allium; Allieae; Allioideae; Amaryllidaceae; Asparagales; Petrosaviidae; Liliopsida; Mesangiospermae; Magnoliopsida; Spermatophyta; Euphyllophyta; Tracheophyta; Embryophyta; Streptophyta; Chloroplastida; Archaeplastida; Eukaryota; cellular organisms; life,4679,2857697,10201687,Allium cepa,Amaryllidaceae,Asparagales,Magnoliopsida,True,9,18,False,1,Allium_cepa,781600,Archaeplastida,Plants,Monocots,Asparagales,Amaryllidaceae,1.0,False,,,False,False,False,False,False,,False,,Chloroplastida
ott856720,Allium fistulosum,Allium fistulosum,Allium fistulosum,species,Chloroplastida,Tracheophyta,Liliopsida,Asparagales,Amaryllidaceae,Allium,Mesangiospermae; Spermatophyta; Euphyllophyta; Embryophyta; cellular organisms; life,Allium; Allieae; Allioideae; Amaryllidaceae; Asparagales; Petrosaviidae; Liliopsida; Mesangiospermae; Magnoliopsida; Spermatophyta; Euphyllophyta; Tracheophyta; Embryophyta; Streptophyta; Chloroplastida; Archaeplastida; Eukaryota; cellular organisms; life,35875,2856504,10766635,Allium fistulosum,Amaryllidaceae,Asparagales,Magnoliopsida,True,8,16,False,1,Allium_fistulosum,856720,Archaeplastida,Plants,Monocots,Asparagales,Amaryllidaceae,1.0,False,,,False,False,False,False,False,,False,,Chloroplastida
ott317810,Amaranthus hybridus,Amaranthus hybridus,Amaranthus hybridus,species,Chloroplastida,Tracheophyta,Magnoliopsida,Caryophyllales,Amaranthaceae,Amaranthus,Pentapetalae; Gunneridae; eudicotyledons; Mesangiospermae; Spermatophyta; Euphyllophyta,Amaranthus; Amaranthaceae; Caryophyllales; Pentapetalae; Gunneridae; eudicotyledons; Mesangiospermae; Magnoliopsida; Spermatophyta; Euphyllophyta; Tracheophyta; Embryophyta; Streptophyta; Chloroplastida; Archaeplastida; Eukaryota; cellular organisms; life,3565,5384364,10894924,Amaranthus hybridus,Amaranthaceae,Caryophyllales,Magnoliopsida,True,16,32,False,1,Amaranthus_hybridus,317810,Archaeplastida,Plants,Eudicots,Caryophyllales,Amaranthaceae,1.0,False,,,False,False,False,False,False,,False,,Chloroplastida
ott1092552,Ambystoma tigrinum,Ambystoma tigrinum,Ambystoma tigrinum,species,Metazoa,Chordata,Amphibia,Caudata,Ambystomatidae,Ambystoma,Dipnotetrapodomorpha; Euteleostomi; Teleostomi; Deuterostomia; Bilateria; Eumetazoa,Ambystoma; Ambystomatidae; Salamandroidea; Caudata; Batrachia; Amphibia; Tetrapoda; Dipnotetrapodomorpha; Sarcopterygii; Euteleostomi; Teleostomi; Gnathostomata; Vertebrata; Craniata; Chordata; Deuterostomia; Bilateria; Eumetazoa; Metazoa; Holozoa; Opisthokonta; Eukaryota; cellular organisms; life,8305,2431993,11193777,Ambystoma tigrinum,Ambystomatidae,Caudata,Amphibia,True,14,28,False,1,Ambystoma_tigrinum,135594,Opisthokonta ,Animals,Amphibia,Caudata,Ambystomatidae,1.0,True,stored_was_infraspecific,Stored id pointed to subspecies 'Ambystoma tigrinum tigrinum'.,False,False,False,False,False,,False,,Metazoa
ott513777,Amphilophus astorquii,Amphilophus astorquii,Amphilophus astorquii,species,Metazoa,Chordata,Actinopteri,Cichliformes,Cichlidae,Amphilophus,New World cichlids; Ovalentaria; Percomorphaceae; Euacanthomorphacea; Ctenosquamata; Eurypterygia,Amphilophus; Heroini; Cichlasomatinae; New World cichlids; Cichlidae; Cichliformes; Cichlomorphae; Ovalentaria; Percomorphaceae; Euacanthomorphacea; Acanthomorphata; Ctenosquamata; Eurypterygia; Neoteleostei; Euteleosteomorpha; Clupeocephala; Osteoglossocephalai; Teleostei; Neopterygii; Actinopteri; Actinopterygii; Euteleostomi; Teleostomi; Gnathostomata; Vertebrata; Craniata; Chordata; Deuterostomia; Bilateria; Eumetazoa; Metazoa; Holozoa; Opisthokonta; Eukaryota; cellular organisms; life,676247,2370132,,Amphilophus astorquii,Cichlidae,Cichliformes,Actinopteri,True,24,48,False,1,Amphilophus_astorquii,513777,Opisthokonta ,Animals,Actinopterygii,Perciformes,Cichlidae,1.0,False,,,False,False,False,False,False,,False,,Metazoa
ott1016450,Amylostereum areolatum,Amylostereum areolatum,Amylostereum areolatum,species,Fungi,Basidiomycota,Agaricomycetes,Russulales,Amylostereaceae,Amylostereum,h2007-1; h2007-2; Nucletmycea; Opisthokonta; cellular organisms; life,Amylostereum; Amylostereaceae; Russulales; Agaricomycetes; Agaricomycotina; Basidiomycota; Dikarya; h2007-1; h2007-2; Fungi; Nucletmycea; Opisthokonta; Eukaryota; cellular organisms; life,103385,8693982,10880849,Amylostereum areolatum,Stereaceae,Russulales,Agaricomycetes,False,,,False,1,Amylostereum_areolatum,1016450,Opisthokonta ,Fungi,Agaricomycetes,Russulales,Amylostereaceae,1.0,False,,,False,False,False,False,False,,False,,Fungi
ott627039,Ananas comosus,Ananas comosus,Ananas comosus,species,Chloroplastida,Tracheophyta,Liliopsida,Poales,Bromeliaceae,Ananas,commelinids; Mesangiospermae; Spermatophyta; Euphyllophyta; Embryophyta; cellular organisms,Ananas; Bromelioideae; Bromeliaceae; Poales; commelinids; Petrosaviidae; Liliopsida; Mesangiospermae; Magnoliopsida; Spermatophyta; Euphyllophyta; Tracheophyta; Embryophyta; Streptophyta; Chloroplastida; Archaeplastida; Eukaryota; cellular organisms; life,4615,5288819,10207532,Ananas comosus,Bromeliaceae,Poales,Magnoliopsida,True,25,50,False,1,Ananas_comosus,627039,Archaeplastida,Plants,Monocots,Poales,Bromeliaceae,1.0,False,,,False,False,False,False,False,,False,,Chloroplastida
ott765167,Anas platyrhynchos,Anas platyrhynchos,Anas platyrhynchos,species,Metazoa,Chordata,Aves,Anseriformes,Anatidae,Anas,Coelurosauria; Theropoda; Archosauria; Archelosauria; Sauropsida; Amniota,Anas; Anatinae; Anatidae; Anseriformes; Galloanserae; Neognathae; Aves; Coelurosauria; Theropoda; Saurischia; Dinosauria; Archosauria; Archelosauria; Sauria; Sauropsida; Amniota; Tetrapoda; Dipnotetrapodomorpha; Sarcopterygii; Euteleostomi; Teleostomi; Gnathostomata; Vertebrata; Craniata; Chordata; Deuterostomia; Bilateria; Eumetazoa; Metazoa; Holozoa; Opisthokonta; Eukaryota; cellular organisms; life,8839,9761484,10840147,Anas platyrhynchos,Anatidae,Anseriformes,Aves,True,40,80,False,1,Anas_platyrhynchos,765167,Opisthokonta ,Animals,Aves,Anseriformes,Anatidae,1.0,False,,,False,False,False,False,False,,False,,Metazoa
ott854198,Anguilla japonica,Anguilla japonica,Anguilla japonica,species,Metazoa,Chordata,Actinopteri,Anguilliformes,Anguillidae,Anguilla,Elopocephala; Elopocephalai; Euteleostomi; Teleostomi; Deuterostomia; Bilateria,Anguilla; Anguillidae; Anguilliformes; Elopomorpha; Elopocephala; Elopocephalai; Teleostei; Neopterygii; Actinopteri; Actinopterygii; Euteleostomi; Teleostomi; Gnathostomata; Vertebrata; Craniata; Chordata; Deuterostomia; Bilateria; Eumetazoa; Metazoa; Holozoa; Opisthokonta; Eukaryota; cellular organisms; life,7937,5213022,11126209,Anguilla japonica,Anguillidae,Anguilliformes,Actinopteri,True,19,38,False,1,Anguilla_japonica,854198,Opisthokonta ,Animals,Actinopterygii,Anguilliformes,Anguillidae,1.0,False,,,False,False,False,False,False,,False,,Metazoa
ott286257,Anopheles funestus,Anopheles funestus,Anopheles funestus,species,Metazoa,Arthropoda,Insecta,Diptera,Culicidae,Myzomyia,Dicondylia; Pancrustacea; Mandibulata; Panarthropoda; Ecdysozoa; Protostomia,funestus subgroup; funestus group; Myzomyia; Cellia; Anopheles; Anophelinae; Culicidae; Culicoidea; Culicomorpha; Nematocera; Diptera; Holometabola; Neoptera; Pterygota; Dicondylia; Insecta; Hexapoda; Pancrustacea; Mandibulata; Arthropoda; Panarthropoda; Ecdysozoa; Protostomia; Bilateria; Eumetazoa; Metazoa; Holozoa; Opisthokonta; Eukaryota; cellular organisms; life,62324,1650158,11190645,Anopheles funestus,Culicidae,Diptera,Insecta,True,3,6,False,1,Anopheles_funestus,286257,Opisthokonta ,Animals,Insecta,Diptera,Culicidae,1.0,False,,,False,False,False,False,False,,False,,Metazoa
ott553555,Anopheles gambiae,Anopheles gambiae,Anopheles gambiae,species,Metazoa,Arthropoda,Insecta,Diptera,Culicidae,Anopheles,gambiae species complex; Pyretophorus; Dicondylia; Pancrustacea; Mandibulata; Panarthropoda,gambiae species complex; Pyretophorus; Cellia; Anopheles; Anophelinae; Culicidae; Culicoidea; Culicomorpha; Nematocera; Diptera; Holometabola; Neoptera; Pterygota; Dicondylia; Insecta; Hexapoda; Pancrustacea; Mandibulata; Arthropoda; Panarthropoda; Ecdysozoa; Protostomia; Bilateria; Eumetazoa; Metazoa; Holozoa; Opisthokonta; Eukaryota; cellular organisms; life,7165,1650518,11421884,Anopheles gambiae,Culicidae,Diptera,Insecta,True,3,6,False,1,Anopheles_gambiae,553555,Opisthokonta ,Animals,Insecta,Diptera,Culicidae,1.0,False,,,False,False,False,False,False,,False,,Metazoa
ott441856,Anoplopoma fimbria,Anoplopoma fimbria,Anoplopoma fimbria,species,Metazoa,Chordata,Actinopteri,Perciformes,Anoplopomatidae,Anoplopoma,Eupercaria; Percomorphaceae; Euacanthomorphacea; Ctenosquamata; Eurypterygia; Neoteleostei,Anoplopoma; Anoplopomatidae; Anoplopomatales; Cottioidei; Perciformes; Eupercaria; Percomorphaceae; Euacanthomorphacea; Acanthomorphata; Ctenosquamata; Eurypterygia; Neoteleostei; Euteleosteomorpha; Clupeocephala; Osteoglossocephalai; Teleostei; Neopterygii; Actinopteri; Actinopterygii; Euteleostomi; Teleostomi; Gnathostomata; Vertebrata; Craniata; Chordata; Deuterostomia; Bilateria; Eumetazoa; Metazoa; Holozoa; Opisthokonta; Eukaryota; cellular organisms; life,229290,2335062,11188075,Anoplopoma fimbria,Anoplopomatidae,Perciformes,Actinopteri,True,24,48,False,1,Anoplopoma_fimbria,441856,Opisthokonta ,Animals,Actinopterygii,Scorpaeniformes,Anoplopomatidae,1.0,False,,,False,False,False,False,False,,False,,Metazoa
ott319626,Anthurium andreanum,Anthurium andraeanum,Anthurium andraeanum,species,Chloroplastida,Tracheophyta,Liliopsida,Alismatales,Araceae,Anthurium,Mesangiospermae; Spermatophyta; Euphyllophyta; Embryophyta; cellular organisms; life,Anthurium; Potheae; Pothoideae; Araceae; Alismatales; Liliopsida; Mesangiospermae; Magnoliopsida; Spermatophyta; Euphyllophyta; Tracheophyta; Embryophyta; Streptophyta; Chloroplastida; Archaeplastida; Eukaryota; cellular organisms; life,226677,2872695,11371121,Anthurium andraeanum,Araceae,Alismatales,Magnoliopsida,True,15,30,False,1,Anthurium_andreanum,3999674,Archaeplastida,Plants,Monocots,Alismatales,Araceae,0.949999988079071,True,same_genus_diff_species,Stored id was 'Anthurium longicaudatum'; name now resolves to 'Anthurium andraeanum'.,False,True,False,False,False,,False,,Chloroplastida
ott3999598,Anthurium ornatum,Anthurium nymphaeifolium,Anthurium nymphaeifolium,species,Chloroplastida,Tracheophyta,Liliopsida,Alismatales,Araceae,Anthurium,Mesangiospermae; Spermatophyta; Euphyllophyta; Embryophyta; cellular organisms; life,Anthurium; Potheae; Pothoideae; Araceae; Alismatales; Liliopsida; Mesangiospermae; Magnoliopsida; Spermatophyta; Euphyllophyta; Tracheophyta; Embryophyta; Streptophyta; Chloroplastida; Archaeplastida; Eukaryota; cellular organisms; life,,2873486,11008491,,,,,,15,30,False,1,Anthurium_ornatum,3999684,Archaeplastida,Plants,Monocots,Alismatales,Araceae,1.0,True,same_genus_diff_species,Stored id was 'Anthurium punctatum'; name now resolves to 'Anthurium nymphaeifolium'.,True,False,False,False,False,,False,,Chloroplastida
ott625771,Apis cerana,Apis cerana,Apis cerana,species,Metazoa,Arthropoda,Insecta,Hymenoptera,Apidae,Apis,Dicondylia; Pancrustacea; Mandibulata; Panarthropoda; Ecdysozoa; Protostomia,Apis; Apini; Apinae; Apidae; Apoidea; Aculeata; Apocrita; Hymenoptera; Holometabola; Neoptera; Pterygota; Dicondylia; Insecta; Hexapoda; Pancrustacea; Mandibulata; Arthropoda; Panarthropoda; Ecdysozoa; Protostomia; Bilateria; Eumetazoa; Metazoa; Holozoa; Opisthokonta; Eukaryota; cellular organisms; life,7461,1341979,10266109,Apis cerana,Apidae,Hymenoptera,Insecta,True,16,32,False,1,Apis_cerana,625771,Opisthokonta ,Animals,Insecta,Hymenoptera,Apidae,1.0,False,,,False,False,False,False,False,,False,,Metazoa
ott461645,Apis mellifera,Apis mellifera,Apis mellifera (species in domain Eukaryota),species,Metazoa,Arthropoda,Insecta,Hymenoptera,Apidae,Apis,Dicondylia; Pancrustacea; Mandibulata; Panarthropoda; Ecdysozoa; Protostomia,Apis; Apini; Apinae; Apidae; Apoidea; Aculeata; Apocrita; Hymenoptera; Holometabola; Neoptera; Pterygota; Dicondylia; Insecta; Hexapoda; Pancrustacea; Mandibulata; Arthropoda; Panarthropoda; Ecdysozoa; Protostomia; Bilateria; Eumetazoa; Metazoa; Holozoa; Opisthokonta; Eukaryota; cellular organisms; life,7460,1341976,11307057,Apis mellifera,Apidae,Hymenoptera,Insecta,True,16,32,False,2,Apis_mellifera,461645,Opisthokonta ,Animals,Insecta,Hymenoptera,Apidae,1.0,False,,,False,False,False,False,False,,False,,Metazoa
ott721060,Apostichopus japonicus,Apostichopus japonicus,Apostichopus japonicus,species,Metazoa,,Holothuroidea,Aspidochirotida,Stichopodidae,Apostichopus,Eleutherozoa; Echinodermata; Ambulacraria; Deuterostomia; Bilateria; Eumetazoa,Apostichopus; Stichopodidae; Aspidochirotida; Aspidochirotacea; Holothuroidea; Echinozoa; Eleutherozoa; Echinodermata; Ambulacraria; Deuterostomia; Bilateria; Eumetazoa; Metazoa; Holozoa; Opisthokonta; Eukaryota; cellular organisms; life,307972,2279100,11345207,Apostichopus japonicus,Stichopodidae,Aspidochirotida,Holothuroidea,True,22,44,False,1,Apostichopus_japonicus,721060,Opisthokonta ,Animals,Holothuroidae,Aspidochirotida,Stichopodidae,1.0,False,,,False,False,False,False,False,,False,,Metazoa
ott152273,Arabidopsis halleri,Arabidopsis halleri,Arabidopsis halleri,species,Chloroplastida,Tracheophyta,Magnoliopsida,Brassicales,Brassicaceae,Arabidopsis,malvids; rosids; Pentapetalae; Gunneridae; eudicotyledons; Mesangiospermae,Arabidopsis; Camelineae; Brassicaceae; Brassicales; malvids; rosids; Pentapetalae; Gunneridae; eudicotyledons; Mesangiospermae; Magnoliopsida; Spermatophyta; Euphyllophyta; Tracheophyta; Embryophyta; Streptophyta; Chloroplastida; Archaeplastida; Eukaryota; cellular organisms; life,81970,3052450,,Arabidopsis halleri,Brassicaceae,Brassicales,Magnoliopsida,True,8,16,False,1,Arabidopsis_halleri,152273,Archaeplastida,Plants,Eudicots,Brassicales,Brassicaceae,1.0,False,,,False,False,False,False,False,,False,,Chloroplastida
ott309263,Arabidopsis thaliana,Arabidopsis thaliana,Arabidopsis thaliana,species,Chloroplastida,Tracheophyta,Magnoliopsida,Brassicales,Brassicaceae,Arabidopsis,malvids; rosids; Pentapetalae; Gunneridae; eudicotyledons; Mesangiospermae,Arabidopsis; Camelineae; Brassicaceae; Brassicales; malvids; rosids; Pentapetalae; Gunneridae; eudicotyledons; Mesangiospermae; Magnoliopsida; Spermatophyta; Euphyllophyta; Tracheophyta; Embryophyta; Streptophyta; Chloroplastida; Archaeplastida; Eukaryota; cellular organisms; life,3702,3052436,10688058,Arabidopsis thaliana,Brassicaceae,Brassicales,Magnoliopsida,True,5,10,False,2,Arabidopsis_thaliana,309263,Archaeplastida,Plants,Eudicots,Brassicales,Brassicaceae,1.0,False,,,False,False,False,False,False,,False,,Chloroplastida
ott607569,Arachis duranensis,Arachis duranensis,Arachis duranensis,species,Chloroplastida,Tracheophyta,Magnoliopsida,Fabales,Fabaceae,Arachis,Pterocarpus clade; dalbergioids sensu lato; 50 kb inversion clade; fabids; rosids; Pentapetalae,Arachis; Pterocarpus clade; Dalbergieae; dalbergioids sensu lato; 50 kb inversion clade; Papilionoideae; Fabaceae; Fabales; fabids; rosids; Pentapetalae; Gunneridae; eudicotyledons; Mesangiospermae; Magnoliopsida; Spermatophyta; Euphyllophyta; Tracheophyta; Embryophyta; Streptophyta; Chloroplastida; Archaeplastida; Eukaryota; cellular organisms; life,130453,5353841,11373899,Arachis duranensis,Fabaceae,Fabales,Magnoliopsida,True,10,20,False,1,Arachis_duranensis,607569,Archaeplastida,Plants,Eudicots,Fabales,Fabaceae,1.0,False,,,False,False,False,False,False,,False,,Chloroplastida
ott39541,Arachis hypogaea,Arachis hypogaea,Arachis hypogaea,species,Chloroplastida,Tracheophyta,Magnoliopsida,Fabales,Fabaceae,Arachis,Pterocarpus clade; dalbergioids sensu lato; 50 kb inversion clade; fabids; rosids; Pentapetalae,Arachis; Pterocarpus clade; Dalbergieae; dalbergioids sensu lato; 50 kb inversion clade; Papilionoideae; Fabaceae; Fabales; fabids; rosids; Pentapetalae; Gunneridae; eudicotyledons; Mesangiospermae; Magnoliopsida; Spermatophyta; Euphyllophyta; Tracheophyta; Embryophyta; Streptophyta; Chloroplastida; Archaeplastida; Eukaryota; cellular organisms; life,3818,5353770,10729017,Arachis hypogaea,Fabaceae,Fabales,Magnoliopsida,True,20,40,False,1,Arachis_hypogaea,39541,Archaeplastida,Plants,Eudicots,Fabales,Fabaceae,1.0,False,,,False,False,False,False,False,,False,,Chloroplastida
ott887220,Argopecten irradians,Argopecten irradians,Argopecten irradians,species,Metazoa,Mollusca,Bivalvia,Pectinida,Pectinidae,Argopecten,Lophotrochozoa; Protostomia; Bilateria; Eumetazoa; Holozoa; Opisthokonta,Argopecten; Pedinae; Pectinidae; Pectinoidea; Pectinida; Pteriomorphia; Bivalvia; Mollusca; Lophotrochozoa; Protostomia; Bilateria; Eumetazoa; Metazoa; Holozoa; Opisthokonta; Eukaryota; cellular organisms; life,31199,2285856,10802778,Argopecten irradians,Pectinidae,Pectinida,Bivalvia,True,16,32,False,1,Argopecten_irradians,6370122,Opisthokonta ,Animals,Bivalvia,Ostreoida,Pectinidae,1.0,True,stored_id_dead,Stored OTT id 6370122 no longer exists in the OTT taxonomy.,False,False,False,False,False,,False,,Metazoa
ott429101,Aristichthys nobilis,Hypophthalmichthys nobilis,Hypophthalmichthys nobilis,species,Metazoa,Chordata,Actinopteri,Cypriniformes,Cyprinidae,Hypophthalmichthys,Otophysi; Clupeocephala; Osteoglossocephalai; Euteleostomi; Teleostomi; Deuterostomia,Hypophthalmichthys; Cyprinidae; Cyprinoidei; Cypriniformes; Cypriniphysae; Otophysi; Ostariophysi; Otomorpha; Clupeocephala; Osteoglossocephalai; Teleostei; Neopterygii; Actinopteri; Actinopterygii; Euteleostomi; Teleostomi; Gnathostomata; Vertebrata; Craniata; Chordata; Deuterostomia; Bilateria; Eumetazoa; Metazoa; Holozoa; Opisthokonta; Eukaryota; cellular organisms; life,7965,2362486,10961199,Hypophthalmichthys nobilis,Xenocyprididae,Cypriniformes,Actinopteri,False,24,48,False,1,Aristichthys_nobilis,5925455,Opisthokonta ,Animals,Actinopterygii,Cypriniformes,Cyprinidae,1.0,True,stored_was_hybrid,"Stored id pointed to the hybrid 'Hypophthalmichthys nobilis x Hypophthalmichthys molitrix', not the species.",True,False,False,False,False,,False,,Metazoa
ott59094,Artemia franciscana,Artemia franciscana,Artemia franciscana,species,Metazoa,Arthropoda,Branchiopoda,Anostraca,Artemiidae,Artemia,Pancrustacea; Mandibulata; Panarthropoda; Ecdysozoa; Protostomia; Bilateria,Artemia; Artemiidae; Anostraca; Sarsostraca; Branchiopoda; Crustacea; Pancrustacea; Mandibulata; Arthropoda; Panarthropoda; Ecdysozoa; Protostomia; Bilateria; Eumetazoa; Metazoa; Holozoa; Opisthokonta; Eukaryota; cellular organisms; life,6661,5180091,10695511,Artemia franciscana,Artemiidae,Anostraca,Branchiopoda,True,21,42,False,1,Artemia_franciscana,59094,Opisthokonta ,Animals,Branchiopoda,Anostraca,Artemiidae,1.0,False,,,False,False,False,False,False,,False,,Metazoa
ott5712886,Ascochyta rabiei,Didymella rabiei,Didymella rabiei,species,Fungi,Ascomycota,Dothideomycetes,Pleosporales,Didymellaceae,Didymella,Dothideomyceta; Leotiomyceta; saccharomyceta; h2007-1; h2007-2; Nucletmycea,Didymella; Didymellaceae; Pleosporales; Dothideomycetes; Dothideomyceta; Leotiomyceta; Pezizomycotina; saccharomyceta; Ascomycota; Dikarya; h2007-1; h2007-2; Fungi; Nucletmycea; Opisthokonta; Eukaryota; cellular organisms; life,5454,,,Ascochyta rabiei,Didymellaceae,Pleosporales,Dothideomycetes,True,14,28,False,1,Ascochyta_rabiei,5712886,Opisthokonta ,Fungi,Dothideomycetes,Pleosporales,Didymellaceae,1.0,False,,,True,False,False,False,False,,False,,Fungi
ott117339,Aspergillus nidulans,Aspergillus nidulans,Aspergillus nidulans,species,Fungi,Ascomycota,Eurotiomycetes,Eurotiales,Trichocomaceae,Aspergillus,Leotiomyceta; saccharomyceta; h2007-1; h2007-2; Nucletmycea; Opisthokonta,Aspergillus; Trichocomaceae; Eurotiales; Eurotiomycetes; Leotiomyceta; Pezizomycotina; saccharomyceta; Ascomycota; Dikarya; h2007-1; h2007-2; Fungi; Nucletmycea; Opisthokonta; Eukaryota; cellular organisms; life,286162,5260160,11078741,Aspergillus nidulans var. nidulans,Aspergillaceae,Eurotiales,Eurotiomycetes,False,8,16,False,1,Aspergillus_nidulans,117339,Opisthokonta ,Fungi,Eurotiomycetes,Eurotiales,Trichocomaceae,1.0,False,,,False,False,False,False,False,,False,,Fungi
ott710025,Astatotilapia burtoni,Haplochromis burtoni,Haplochromis burtoni,species,Metazoa,Chordata,Actinopteri,Cichliformes,Cichlidae,Haplochromis,African cichlids; Ovalentaria; Percomorphaceae; Euacanthomorphacea; Ctenosquamata; Eurypterygia,Haplochromis; Haplochromini; Pseudocrenilabrinae; African cichlids; Cichlidae; Cichliformes; Cichlomorphae; Ovalentaria; Percomorphaceae; Euacanthomorphacea; Acanthomorphata; Ctenosquamata; Eurypterygia; Neoteleostei; Euteleosteomorpha; Clupeocephala; Osteoglossocephalai; Teleostei; Neopterygii; Actinopteri; Actinopterygii; Euteleostomi; Teleostomi; Gnathostomata; Vertebrata; Craniata; Chordata; Deuterostomia; Bilateria; Eumetazoa; Metazoa; Holozoa; Opisthokonta; Eukaryota; cellular organisms; life,8153,2371438,11345212,Haplochromis burtoni,Cichlidae,Cichliformes,Actinopteri,True,20,40,False,1,Astatotilapia_burtoni,5861317,Opisthokonta ,Animals,Actinopterygii,Perciformes,Cichlidae,1.0,True,different_taxon,Stored id was 'Astatotilapia sp. RAD-224A' (species); name resolves to 'Haplochromis burtoni'.,True,False,False,False,False,,False,,Metazoa
ott701518,Astyanax mexicanus,Astyanax mexicanus,Astyanax mexicanus,species,Metazoa,Chordata,Actinopteri,Characiformes,Characidae,Astyanax,Otophysi; Clupeocephala; Osteoglossocephalai; Euteleostomi; Teleostomi; Deuterostomia,Astyanax; Stethaprioninae; Characidae; Characoidei; Characiformes; Characiphysae; Otophysi; Ostariophysi; Otomorpha; Clupeocephala; Osteoglossocephalai; Teleostei; Neopterygii; Actinopteri; Actinopterygii; Euteleostomi; Teleostomi; Gnathostomata; Vertebrata; Craniata; Chordata; Deuterostomia; Bilateria; Eumetazoa; Metazoa; Holozoa; Opisthokonta; Eukaryota; cellular organisms; life,7994,5204344,10150981,Astyanax mexicanus,Acestrorhamphidae,Characiformes,Actinopteri,False,25,50,False,1,Astyanax_mexicanus,701518,Opisthokonta ,Animals,Actinopterygii,Characiformes,Characidae,1.0,False,,,False,False,False,False,False,,False,,Metazoa
ott106278,Athalia rosae,Athalia rosae,Athalia rosae,species,Metazoa,Arthropoda,Insecta,Hymenoptera,Tenthredinidae,Athalia,Dicondylia; Pancrustacea; Mandibulata; Panarthropoda; Ecdysozoa; Protostomia,Athalia; Allantinae; Tenthredinidae; Tenthredinoidea; Hymenoptera; Holometabola; Neoptera; Pterygota; Dicondylia; Insecta; Hexapoda; Pancrustacea; Mandibulata; Arthropoda; Panarthropoda; Ecdysozoa; Protostomia; Bilateria; Eumetazoa; Metazoa; Holozoa; Opisthokonta; Eukaryota; cellular organisms; life,37344,4490913,,Athalia rosae,Athaliidae,Hymenoptera,Insecta,False,8,16,False,1,Athalia_rosae,106278,Opisthokonta ,Animals,Insecta,Hymenoptera,Tenthredinoidae,1.0,False,,,False,False,False,False,True,typo/spelling in source file,False,,Metazoa
ott790381,Avena sativa,Avena sativa,Avena sativa,species,Chloroplastida,Tracheophyta,Liliopsida,Poales,Poaceae,Avena,Poodae; BOP clade; commelinids; Mesangiospermae; Spermatophyta; Euphyllophyta,Avena; Aveninae; Poeae; Poodae; Pooideae; BOP clade; Poaceae; Poales; commelinids; Petrosaviidae; Liliopsida; Mesangiospermae; Magnoliopsida; Spermatophyta; Euphyllophyta; Tracheophyta; Embryophyta; Streptophyta; Chloroplastida; Archaeplastida; Eukaryota; cellular organisms; life,4498,2705290,10208975,Avena sativa,Poaceae,Poales,Magnoliopsida,True,21,42,False,1,Avena_sativa,790381,Archaeplastida,Plants,Monocots,Poales,Poaceae,1.0,False,,,False,False,False,False,False,,False,,Chloroplastida
ott227727,Bactrocera cucurbitae,Zeugodacus cucurbitae,Zeugodacus cucurbitae,species,Metazoa,Arthropoda,Insecta,Diptera,Tephritidae,Zeugodacus,Acalyptratae; Cyclorrhapha; Eremoneura; Dicondylia; Pancrustacea; Mandibulata,Zeugodacus subgenus Zeugodacus; Zeugodacus; Dacini; Dacinae; Tephritidae; Tephritoidea; Acalyptratae; Schizophora; Cyclorrhapha; Eremoneura; Muscomorpha; Brachycera; Diptera; Holometabola; Neoptera; Pterygota; Dicondylia; Insecta; Hexapoda; Pancrustacea; Mandibulata; Arthropoda; Panarthropoda; Ecdysozoa; Protostomia; Bilateria; Eumetazoa; Metazoa; Holozoa; Opisthokonta; Eukaryota; cellular organisms; life,28588,8070510,10179565,Zeugodacus cucurbitae,Tephritidae,Diptera,Insecta,True,5,10,False,1,Bactrocera_cucurbitae,227727,Animals,Animals,Insecta,Diptera,Tephritidae,1.0,False,,,True,False,False,False,False,,False,,Metazoa
ott35910,Barbarea vulgaris,Barbarea vulgaris,Barbarea vulgaris,species,Chloroplastida,Tracheophyta,Magnoliopsida,Brassicales,Brassicaceae,Barbarea,malvids; rosids; Pentapetalae; Gunneridae; eudicotyledons; Mesangiospermae,Barbarea; Cardamineae; Brassicaceae; Brassicales; malvids; rosids; Pentapetalae; Gunneridae; eudicotyledons; Mesangiospermae; Magnoliopsida; Spermatophyta; Euphyllophyta; Tracheophyta; Embryophyta; Streptophyta; Chloroplastida; Archaeplastida; Eukaryota; cellular organisms; life,50459,5708780,11441719,Barbarea vulgaris,Brassicaceae,Brassicales,Magnoliopsida,True,8,16,False,1,Barbarea_vulgaris,35910,Archaeplastida,Plants,Eudicots,Brassicales,Brassicaceae,1.0,False,,,False,False,False,False,False,,False,,Chloroplastida
ott434483,Begonia plebeja,Begonia plebeja,Begonia plebeja,species,Chloroplastida,Tracheophyta,Magnoliopsida,Cucurbitales,Begoniaceae,Begonia,fabids; rosids; Pentapetalae; Gunneridae; eudicotyledons; Mesangiospermae,Begonia sect. Gireoudia; Begonia; Begoniaceae; Cucurbitales; fabids; rosids; Pentapetalae; Gunneridae; eudicotyledons; Mesangiospermae; Magnoliopsida; Spermatophyta; Euphyllophyta; Tracheophyta; Embryophyta; Streptophyta; Chloroplastida; Archaeplastida; Eukaryota; cellular organisms; life,1047136,9086800,,Begonia plebeja,Begoniaceae,Cucurbitales,Magnoliopsida,True,14,28,False,1,Begonia_plebeja,434483,Archaeplastida,Plants,Eudicots,Cucurbitales,Begoniaceae,1.0,False,,,False,False,False,False,False,,False,,Chloroplastida
ott273185,Beta vulgaris,Beta vulgaris,Beta vulgaris,species,Chloroplastida,Tracheophyta,Magnoliopsida,Caryophyllales,Chenopodiaceae,Beta,Pentapetalae; Gunneridae; eudicotyledons; Mesangiospermae; Spermatophyta; Euphyllophyta,Beta; Betoideae; Chenopodiaceae; Caryophyllales; Pentapetalae; Gunneridae; eudicotyledons; Mesangiospermae; Magnoliopsida; Spermatophyta; Euphyllophyta; Tracheophyta; Embryophyta; Streptophyta; Chloroplastida; Archaeplastida; Eukaryota; cellular organisms; life,161934,8971274,10594705,Beta vulgaris,Amaranthaceae,Caryophyllales,Magnoliopsida,False,9,18,False,1,Beta_vulgaris,273185,Archaeplastida,Plants,Eudicots,Caryophyllales,Amaranthaceae,1.0,False,,,False,False,False,False,True,genuine taxonomic revision or error,False,,Chloroplastida
ott267719,Betula pendula,Betula pendula,Betula pendula,species,Chloroplastida,Tracheophyta,Magnoliopsida,Fagales,Betulaceae,Betula,fabids; rosids; Pentapetalae; Gunneridae; eudicotyledons; Mesangiospermae,Betula; Betulaceae; Fagales; fabids; rosids; Pentapetalae; Gunneridae; eudicotyledons; Mesangiospermae; Magnoliopsida; Spermatophyta; Euphyllophyta; Tracheophyta; Embryophyta; Streptophyta; Chloroplastida; Archaeplastida; Eukaryota; cellular organisms; life,3505,5331916,10600231,Betula pendula,Betulaceae,Fagales,Magnoliopsida,True,14,28,False,1,Betula_pendula,5922058,Archaeplastida,Plants,Eudicots,Fagales,Betulaceae,1.0,True,stored_was_infraspecific,Stored id pointed to subspecies 'Betula pendula subsp. pendula'.,False,False,False,False,False,,False,,Chloroplastida
ott731671,Betula platyphylla,Betula platyphylla,Betula platyphylla,species,Chloroplastida,Tracheophyta,Magnoliopsida,Fagales,Betulaceae,Betula,fabids; rosids; Pentapetalae; Gunneridae; eudicotyledons; Mesangiospermae,Betula; Betulaceae; Fagales; fabids; rosids; Pentapetalae; Gunneridae; eudicotyledons; Mesangiospermae; Magnoliopsida; Spermatophyta; Euphyllophyta; Tracheophyta; Embryophyta; Streptophyta; Chloroplastida; Archaeplastida; Eukaryota; cellular organisms; life,78630,,10249425,Betula platyphylla,Betulaceae,Fagales,Magnoliopsida,True,14,28,False,1,Betula_platyphylla,731671,Archaeplastida,Plants,Eudicots,Fagales,Betulaceae,1.0,False,,,False,False,False,False,False,,False,,Chloroplastida
ott559934,Bicyclus anynana,Bicyclus anynana,Bicyclus anynana,species,Metazoa,Arthropoda,Insecta,Lepidoptera,Nymphalidae,Bicyclus,Obtectomera; Ditrysia; Dicondylia; Pancrustacea; Mandibulata; Panarthropoda,Bicyclus; Mycalesina; Satyrini; Satyrinae; Nymphalidae; Papilionoidea; Obtectomera; Ditrysia; Heteroneura; Neolepidoptera; Glossata; Lepidoptera; Amphiesmenoptera; Holometabola; Neoptera; Pterygota; Dicondylia; Insecta; Hexapoda; Pancrustacea; Mandibulata; Arthropoda; Panarthropoda; Ecdysozoa; Protostomia; Bilateria; Eumetazoa; Metazoa; Holozoa; Opisthokonta; Eukaryota; cellular organisms; life,110368,9840414,,Bicyclus anynana,Nymphalidae,Lepidoptera,Insecta,True,28,56,False,1,Bicyclus_anynana,3108421,Opisthokonta ,Animals,Insecta,Lepidoptera,Nymphalidae,1.0,True,different_taxon,Stored id was 'Mycalesis anynana' (species); name resolves to 'Bicyclus anynana'.,False,False,False,False,False,,False,,Metazoa
ott907693,Bison bison,Bison bison,Bison bison,species,Metazoa,Chordata,Mammalia,Artiodactyla,Bovidae,Bison,Boreoeutheria; Eutheria; Amniota; Dipnotetrapodomorpha; Euteleostomi; Teleostomi,Bison; Bovinae; Bovidae; Pecora; Ruminantia; Artiodactyla; Laurasiatheria; Boreoeutheria; Eutheria; Theria; Mammalia; Amniota; Tetrapoda; Dipnotetrapodomorpha; Sarcopterygii; Euteleostomi; Teleostomi; Gnathostomata; Vertebrata; Craniata; Chordata; Deuterostomia; Bilateria; Eumetazoa; Metazoa; Holozoa; Opisthokonta; Eukaryota; cellular organisms; life,9901,2441176,11059079,Bison bison,Bovidae,Artiodactyla,Mammalia,True,30,60,False,1,Bison_bison,907693,Opisthokonta ,Animals,Mammalia,Artiodactyla,Bovidae,1.0,False,,,False,False,False,False,False,,False,,Metazoa
ott968114,Biston betularia,Biston betularia,Biston betularia,species,Metazoa,Arthropoda,Insecta,Lepidoptera,Geometridae,Biston,Obtectomera; Ditrysia; Dicondylia; Pancrustacea; Mandibulata; Panarthropoda,Biston; Ennominae; Geometridae; Geometroidea; Obtectomera; Ditrysia; Heteroneura; Neolepidoptera; Glossata; Lepidoptera; Amphiesmenoptera; Holometabola; Neoptera; Pterygota; Dicondylia; Insecta; Hexapoda; Pancrustacea; Mandibulata; Arthropoda; Panarthropoda; Ecdysozoa; Protostomia; Bilateria; Eumetazoa; Metazoa; Holozoa; Opisthokonta; Eukaryota; cellular organisms; life,82595,1975897,10732296,Biston betularia,Geometridae,Lepidoptera,Insecta,True,31,62,False,1,Biston_betularia,968114,Opisthokonta ,Animals,Insecta,Lepidoptera,Geometridae,1.0,False,,,False,False,False,False,False,,False,,Metazoa
ott555363,Blumeria graminis,Blumeria graminis,Blumeria graminis,species,Fungi,Ascomycota,Leotiomycetes,Erysiphales,Erysiphaceae,Blumeria,Sordariomyceta; Leotiomyceta; saccharomyceta; h2007-1; h2007-2; Nucletmycea,Blumeria; Erysiphaceae; Erysiphales; Leotiomycetidae; Leotiomycetes; Sordariomyceta; Leotiomyceta; Pezizomycotina; saccharomyceta; Ascomycota; Dikarya; h2007-1; h2007-2; Fungi; Nucletmycea; Opisthokonta; Eukaryota; cellular organisms; life,34373,2578272,10393588,Blumeria graminis,Erysiphaceae,Helotiales,Leotiomycetes,True,,,False,1,Blumeria_graminis,555363,Opisthokonta ,Fungi,Leotiomycetes,Erysiphales,Erysiphaceae,1.0,False,,,False,False,False,False,False,,False,,Fungi
ott594991,Boehmeria nivea,Boehmeria nivea,Boehmeria nivea,species,Chloroplastida,Tracheophyta,Magnoliopsida,Rosales,Urticaceae,Boehmeria,fabids; rosids; Pentapetalae; Gunneridae; eudicotyledons; Mesangiospermae,Boehmeria; Urticaceae; Rosales; fabids; rosids; Pentapetalae; Gunneridae; eudicotyledons; Mesangiospermae; Magnoliopsida; Spermatophyta; Euphyllophyta; Tracheophyta; Embryophyta; Streptophyta; Chloroplastida; Archaeplastida; Eukaryota; cellular organisms; life,83906,2984359,10927089,Boehmeria nivea,Urticaceae,Rosales,Magnoliopsida,True,14,28,False,1,Boehmeria_nivea,594991,Archaeplastida,Plants,Eudicots,Rosales,Urticaceae,1.0,False,,,False,False,False,False,False,,False,,Chloroplastida
ott161197,Bombus terrestris,Bombus terrestris,Bombus terrestris (species in domain Eukaryota),species,Metazoa,Arthropoda,Insecta,Hymenoptera,Apidae,Bombus,Dicondylia; Pancrustacea; Mandibulata; Panarthropoda; Ecdysozoa; Protostomia,Bombus subgenus Bombus; Bombus; Bombini; Bombinae; Apidae; Apoidea; Aculeata; Apocrita; Hymenoptera; Holometabola; Neoptera; Pterygota; Dicondylia; Insecta; Hexapoda; Pancrustacea; Mandibulata; Arthropoda; Panarthropoda; Ecdysozoa; Protostomia; Bilateria; Eumetazoa; Metazoa; Holozoa; Opisthokonta; Eukaryota; cellular organisms; life,30195,1340503,10255958,Bombus terrestris,Apidae,Hymenoptera,Insecta,True,18,36,False,1,Bombus_terrestris,161197,Opisthokonta ,Animals,Insecta,Hymenoptera,Apidae,1.0,False,,,False,False,False,False,False,,False,,Metazoa
ott440274,Bombyx mori,Bombyx mori,Bombyx mori,species,Metazoa,Arthropoda,Insecta,Lepidoptera,Bombycidae,Bombyx,Obtectomera; Ditrysia; Dicondylia; Pancrustacea; Mandibulata; Panarthropoda,Bombyx; Bombycinae; Bombycidae; Bombycoidea; Obtectomera; Ditrysia; Heteroneura; Neolepidoptera; Glossata; Lepidoptera; Amphiesmenoptera; Holometabola; Neoptera; Pterygota; Dicondylia; Insecta; Hexapoda; Pancrustacea; Mandibulata; Arthropoda; Panarthropoda; Ecdysozoa; Protostomia; Bilateria; Eumetazoa; Metazoa; Holozoa; Opisthokonta; Eukaryota; cellular organisms; life,7091,1868664,10632431,Bombyx mori,Bombycidae,Lepidoptera,Insecta,True,28,56,False,2,Bombyx_mori,440274,Opisthokonta ,Animals,Insecta,Lepidoptera,Bombycidae,1.0,False,,,False,False,False,False,False,,False,,Metazoa
ott490099,Bos taurus,Bos taurus,Bos taurus,species,Metazoa,Chordata,Mammalia,Artiodactyla,Bovidae,Bos,Boreoeutheria; Eutheria; Amniota; Dipnotetrapodomorpha; Euteleostomi; Teleostomi,Bos; Bovinae; Bovidae; Pecora; Ruminantia; Artiodactyla; Laurasiatheria; Boreoeutheria; Eutheria; Theria; Mammalia; Amniota; Tetrapoda; Dipnotetrapodomorpha; Sarcopterygii; Euteleostomi; Teleostomi; Gnathostomata; Vertebrata; Craniata; Chordata; Deuterostomia; Bilateria; Eumetazoa; Metazoa; Holozoa; Opisthokonta; Eukaryota; cellular organisms; life,9913,2441022,10194972,Bos taurus,Bovidae,Artiodactyla,Mammalia,True,31,62,False,2,Bos_taurus,490099,Opisthokonta ,Animals,Mammalia,Artiodactyla,Bovidae,1.0,False,,,False,False,False,False,False,,False,,Metazoa
ott413237,Brachypodium distachyon,Brachypodium distachyon,Brachypodium distachyon,species,Chloroplastida,Tracheophyta,Liliopsida,Poales,Poaceae,Brachypodium,BOP clade; commelinids; Mesangiospermae; Spermatophyta; Euphyllophyta; Embryophyta,Brachypodium; Brachypodieae; Pooideae; BOP clade; Poaceae; Poales; commelinids; Petrosaviidae; Liliopsida; Mesangiospermae; Magnoliopsida; Spermatophyta; Euphyllophyta; Tracheophyta; Embryophyta; Streptophyta; Chloroplastida; Archaeplastida; Eukaryota; cellular organisms; life,15368,5290143,11045860,Brachypodium distachyon,Poaceae,Poales,Magnoliopsida,True,5,10,False,1,Brachypodium_distachyon,413237,Archaeplastida,Plants,Monocots,Poales,Poaceae,1.0,False,,,False,False,False,False,False,,False,,Chloroplastida
ott41113,Bracon hebetor,Habrobracon hebetor,Habrobracon hebetor,species,Metazoa,Arthropoda,Insecta,Hymenoptera,Braconidae,Habrobracon,Dicondylia; Pancrustacea; Mandibulata; Panarthropoda; Ecdysozoa; Protostomia,Habrobracon; Braconinae; Braconidae; Ichneumonoidea; Parasitoida; Apocrita; Hymenoptera; Holometabola; Neoptera; Pterygota; Dicondylia; Insecta; Hexapoda; Pancrustacea; Mandibulata; Arthropoda; Panarthropoda; Ecdysozoa; Protostomia; Bilateria; Eumetazoa; Metazoa; Holozoa; Opisthokonta; Eukaryota; cellular organisms; life,69819,1272168,10200278,Habrobracon hebetor,Braconidae,Hymenoptera,Insecta,True,10,20,False,1,Bracon_hebetor,3293364,Opisthokonta ,Animals,Insecta,Hymenoptera,Braconidae,1.0,True,different_taxon,Stored id was 'Bracon brevicornis' (species); name resolves to 'Habrobracon hebetor'.,True,False,False,False,False,,False,,Metazoa
ott240937,Brassica campestris,Brassica rapa subsp. oleifera,Brassica rapa subsp. oleifera,subspecies,Chloroplastida,Tracheophyta,Magnoliopsida,Brassicales,Brassicaceae,Brassica,malvids; rosids; Pentapetalae; Gunneridae; eudicotyledons; Mesangiospermae,Brassica rapa; Brassica; Brassiceae; Brassicaceae; Brassicales; malvids; rosids; Pentapetalae; Gunneridae; eudicotyledons; Mesangiospermae; Magnoliopsida; Spermatophyta; Euphyllophyta; Tracheophyta; Embryophyta; Streptophyta; Chloroplastida; Archaeplastida; Eukaryota; cellular organisms; life,145471,,,Brassica rapa subsp. oleifera,Brassicaceae,Brassicales,Magnoliopsida,True,10,20,False,1,Brassica_campestris,240937,Archaeplastida,Plants,Eudicots,Brassicales,Brassicaceae,1.0,False,,,True,False,True,False,False,,False,,Chloroplastida
ott749459,Brassica carinata,Brassica carinata,Brassica carinata,species,Chloroplastida,Tracheophyta,Magnoliopsida,Brassicales,Brassicaceae,Brassica,malvids; rosids; Pentapetalae; Gunneridae; eudicotyledons; Mesangiospermae,Brassica; Brassiceae; Brassicaceae; Brassicales; malvids; rosids; Pentapetalae; Gunneridae; eudicotyledons; Mesangiospermae; Magnoliopsida; Spermatophyta; Euphyllophyta; Tracheophyta; Embryophyta; Streptophyta; Chloroplastida; Archaeplastida; Eukaryota; cellular organisms; life,52824,3042925,10205305,Brassica carinata,Brassicaceae,Brassicales,Magnoliopsida,True,17,34,False,1,Brassica_carinata,749459,Archaeplastida,Plants,Eudicots,Brassicales,Brassicaceae,1.0,False,,,False,False,False,False,False,,False,,Chloroplastida
ott309279,Brassica juncea,Brassica juncea,Brassica juncea,species,Chloroplastida,Tracheophyta,Magnoliopsida,Brassicales,Brassicaceae,Brassica,malvids; rosids; Pentapetalae; Gunneridae; eudicotyledons; Mesangiospermae,Brassica; Brassiceae; Brassicaceae; Brassicales; malvids; rosids; Pentapetalae; Gunneridae; eudicotyledons; Mesangiospermae; Magnoliopsida; Spermatophyta; Euphyllophyta; Tracheophyta; Embryophyta; Streptophyta; Chloroplastida; Archaeplastida; Eukaryota; cellular organisms; life,3707,3042751,10197340,Brassica juncea,Brassicaceae,Brassicales,Magnoliopsida,True,18,36,False,1,Brassica_juncea,309279,Archaeplastida,Plants,Eudicots,Brassicales,Brassicaceae,1.0,False,,,False,False,False,False,False,,False,,Chloroplastida
ott309234,Brassica napus,Brassica napus,Brassica napus,species,Chloroplastida,Tracheophyta,Magnoliopsida,Brassicales,Brassicaceae,Brassica,malvids; rosids; Pentapetalae; Gunneridae; eudicotyledons; Mesangiospermae,Brassica; Brassiceae; Brassicaceae; Brassicales; malvids; rosids; Pentapetalae; Gunneridae; eudicotyledons; Mesangiospermae; Magnoliopsida; Spermatophyta; Euphyllophyta; Tracheophyta; Embryophyta; Streptophyta; Chloroplastida; Archaeplastida; Eukaryota; cellular organisms; life,3708,3042636,10197341,Brassica napus,Brassicaceae,Brassicales,Magnoliopsida,True,19,38,False,1,Brassica_napus,309234,Archaeplastida,Plants,Eudicots,Brassicales,Brassicaceae,1.0,False,,,False,False,False,False,False,,False,,Chloroplastida
ott833642,Brassica oleracea,Brassica oleracea,Brassica oleracea,species,Chloroplastida,Tracheophyta,Magnoliopsida,Brassicales,Brassicaceae,Brassica,malvids; rosids; Pentapetalae; Gunneridae; eudicotyledons; Mesangiospermae,Brassica; Brassiceae; Brassicaceae; Brassicales; malvids; rosids; Pentapetalae; Gunneridae; eudicotyledons; Mesangiospermae; Magnoliopsida; Spermatophyta; Euphyllophyta; Tracheophyta; Embryophyta; Streptophyta; Chloroplastida; Archaeplastida; Eukaryota; cellular organisms; life,3712,3042845,11304328,Brassica oleracea,Brassicaceae,Brassicales,Magnoliopsida,True,9,18,False,1,Brassica_oleracea,833642,Archaeplastida,Plants,Eudicots,Brassicales,Brassicaceae,1.0,False,,,False,False,False,False,False,,False,,Chloroplastida
ott833632,Brassica rapa,Brassica rapa,Brassica rapa,species,Chloroplastida,Tracheophyta,Magnoliopsida,Brassicales,Brassicaceae,Brassica,malvids; rosids; Pentapetalae; Gunneridae; eudicotyledons; Mesangiospermae,Brassica; Brassiceae; Brassicaceae; Brassicales; malvids; rosids; Pentapetalae; Gunneridae; eudicotyledons; Mesangiospermae; Magnoliopsida; Spermatophyta; Euphyllophyta; Tracheophyta; Embryophyta; Streptophyta; Chloroplastida; Archaeplastida; Eukaryota; cellular organisms; life,3711,7903057,11023864,Brassica rapa,Brassicaceae,Brassicales,Magnoliopsida,True,10,20,False,1,Brassica_rapa,833632,Archaeplastida,Plants,Eudicots,Brassicales,Brassicaceae,1.0,False,,,False,False,False,False,False,,False,,Chloroplastida
ott395053,Caenorhabditis briggsae,Caenorhabditis briggsae,Caenorhabditis briggsae,species,Metazoa,Nematoda,Chromadorea,Rhabditida,Rhabditidae,Caenorhabditis,Ecdysozoa; Protostomia; Bilateria; Eumetazoa; Holozoa; Opisthokonta,Caenorhabditis; Peloderinae; Rhabditidae; Rhabditoidea; Rhabditomorpha; Rhabditina; Rhabditida; Chromadorea; Nematoda; Ecdysozoa; Protostomia; Bilateria; Eumetazoa; Metazoa; Holozoa; Opisthokonta; Eukaryota; cellular organisms; life,6238,2283685,10460474,Caenorhabditis briggsae,Rhabditidae,Rhabditida,Chromadorea,True,6,12,False,1,Caenorhabditis_briggsae,395053,Opisthokonta ,Animals,Secernentea,Rhabditida,Rhabditidae,1.0,False,,,False,False,False,False,False,,False,,Metazoa
ott395048,Caenorhabditis elegans,Caenorhabditis elegans,Caenorhabditis elegans,species,Metazoa,Nematoda,Chromadorea,Rhabditida,Rhabditidae,Caenorhabditis,Ecdysozoa; Protostomia; Bilateria; Eumetazoa; Holozoa; Opisthokonta,Caenorhabditis; Peloderinae; Rhabditidae; Rhabditoidea; Rhabditomorpha; Rhabditina; Rhabditida; Chromadorea; Nematoda; Ecdysozoa; Protostomia; Bilateria; Eumetazoa; Metazoa; Holozoa; Opisthokonta; Eukaryota; cellular organisms; life,6239,2283683,11667172,Caenorhabditis elegans,Rhabditidae,Rhabditida,Chromadorea,True,6,12,False,1,Caenorhabditis_elegans,395048,Opisthokonta ,Animals,Secernentea,Rhabditida,Rhabditidae,1.0,False,,,False,False,False,False,False,,False,,Metazoa
ott612448,Cajanus cajan,Cajanus cajan,Cajanus cajan,species,Chloroplastida,Tracheophyta,Magnoliopsida,Fabales,Fabaceae,Cajanus,indigoferoid/millettioid clade; NPAAA clade; 50 kb inversion clade; fabids; rosids; Pentapetalae,Cajanus; Phaseoleae; indigoferoid/millettioid clade; NPAAA clade; 50 kb inversion clade; Papilionoideae; Fabaceae; Fabales; fabids; rosids; Pentapetalae; Gunneridae; eudicotyledons; Mesangiospermae; Magnoliopsida; Spermatophyta; Euphyllophyta; Tracheophyta; Embryophyta; Streptophyta; Chloroplastida; Archaeplastida; Eukaryota; cellular organisms; life,3821,2960383,10171098,Cajanus cajan,Fabaceae,Fabales,Magnoliopsida,True,11,22,False,1,Cajanus_cajan,612448,Archaeplastida,Plants,Eudicots,Fabales,Fabaceae,1.0,False,,,False,False,False,False,False,,False,,Chloroplastida
ott615108,Callitris glaucophylla,Callitris glaucophylla,Callitris glaucophylla,species,Chloroplastida,Tracheophyta,,Cupressales,Cupressaceae,Callitris,Acrogymnospermae; Spermatophyta; Euphyllophyta; Embryophyta; cellular organisms; life,Callitris; Cupressaceae; Cupressales; Pinidae; Acrogymnospermae; Spermatophyta; Euphyllophyta; Tracheophyta; Embryophyta; Streptophyta; Chloroplastida; Archaeplastida; Eukaryota; cellular organisms; life,214223,,11066025,Callitris glaucophylla,Cupressaceae,Cupressales,Pinopsida,True,11,22,False,1,Callitris_glaucophylla,615108,Archaeplastida,Plants,Pinopsida,Pinales,Cupressaceae,1.0,False,,,False,False,False,False,False,,False,,Chloroplastida
ott776348,Camelina sativa,Camelina sativa,Camelina sativa,species,Chloroplastida,Tracheophyta,Magnoliopsida,Brassicales,Brassicaceae,Camelina,malvids; rosids; Pentapetalae; Gunneridae; eudicotyledons; Mesangiospermae,Camelina; Camelineae; Brassicaceae; Brassicales; malvids; rosids; Pentapetalae; Gunneridae; eudicotyledons; Mesangiospermae; Magnoliopsida; Spermatophyta; Euphyllophyta; Tracheophyta; Embryophyta; Streptophyta; Chloroplastida; Archaeplastida; Eukaryota; cellular organisms; life,90675,9073641,11350428,Camelina sativa,Brassicaceae,Brassicales,Magnoliopsida,True,20,40,False,1,Camelina_sativa,776348,Archaeplastida,Plants,Eudicots,Brassicales,Brassicaceae,1.0,False,,,False,False,False,False,False,,False,,Chloroplastida
ott1058509,Camellia sinensis,Camellia sinensis,Camellia sinensis,species,Chloroplastida,Tracheophyta,Magnoliopsida,Ericales,Theaceae,Camellia,asterids; Pentapetalae; Gunneridae; eudicotyledons; Mesangiospermae; Spermatophyta,Camellia; Theaceae; Ericales; asterids; Pentapetalae; Gunneridae; eudicotyledons; Mesangiospermae; Magnoliopsida; Spermatophyta; Euphyllophyta; Tracheophyta; Embryophyta; Streptophyta; Chloroplastida; Archaeplastida; Eukaryota; cellular organisms; life,4442,3189635,10858538,Camellia sinensis,Theaceae,Ericales,Magnoliopsida,True,15,30,False,1,Camellia_sinensis,1058509,Archaeplastida,Plants,Eudicots,Brassicales,Brassicaceae,1.0,False,,,False,False,False,False,True,genuine taxonomic revision or error,False,,Chloroplastida
ott247341,Canis lupus,Canis lupus,Canis lupus,species,Metazoa,Chordata,Mammalia,Carnivora,Canidae,Canis,Boreoeutheria; Eutheria; Amniota; Dipnotetrapodomorpha; Euteleostomi; Teleostomi,Canis; Canidae; Caniformia; Carnivora; Laurasiatheria; Boreoeutheria; Eutheria; Theria; Mammalia; Amniota; Tetrapoda; Dipnotetrapodomorpha; Sarcopterygii; Euteleostomi; Teleostomi; Gnathostomata; Vertebrata; Craniata; Chordata; Deuterostomia; Bilateria; Eumetazoa; Metazoa; Holozoa; Opisthokonta; Eukaryota; cellular organisms; life,9612,5219173,11407661,Canis lupus,Canidae,Carnivora,Mammalia,True,39,78,False,2,Canis_lupus,247341,Opisthokonta ,Animals,Mammalia,Carnivora,Canidae,1.0,False,,,False,False,False,False,False,,False,,Metazoa
ott19017,Capra hircus,Capra hircus,Capra hircus (species in domain Eukaryota),species,Metazoa,Chordata,Mammalia,Artiodactyla,Bovidae,Capra,Boreoeutheria; Eutheria; Amniota; Dipnotetrapodomorpha; Euteleostomi; Teleostomi,Capra; Caprinae; Bovidae; Pecora; Ruminantia; Artiodactyla; Laurasiatheria; Boreoeutheria; Eutheria; Theria; Mammalia; Amniota; Tetrapoda; Dipnotetrapodomorpha; Sarcopterygii; Euteleostomi; Teleostomi; Gnathostomata; Vertebrata; Craniata; Chordata; Deuterostomia; Bilateria; Eumetazoa; Metazoa; Holozoa; Opisthokonta; Eukaryota; cellular organisms; life,9925,2441056,10197227,Capra hircus,Bovidae,Artiodactyla,Mammalia,True,30,60,False,1,Capra_hircus,19017,Opisthokonta ,Animals,Mammalia,Artiodactyla,Bovidae,1.0,False,,,False,False,False,False,False,,False,,Metazoa
ott833644,Capsella bursa-pastoris,Capsella bursa-pastoris,Capsella bursa-pastoris,species,Chloroplastida,Tracheophyta,Magnoliopsida,Brassicales,Brassicaceae,Capsella,malvids; rosids; Pentapetalae; Gunneridae; eudicotyledons; Mesangiospermae,Capsella; Camelineae; Brassicaceae; Brassicales; malvids; rosids; Pentapetalae; Gunneridae; eudicotyledons; Mesangiospermae; Magnoliopsida; Spermatophyta; Euphyllophyta; Tracheophyta; Embryophyta; Streptophyta; Chloroplastida; Archaeplastida; Eukaryota; cellular organisms; life,3719,5375388,10588950,Capsella bursa-pastoris,Brassicaceae,Brassicales,Magnoliopsida,True,16,32,False,1,Capsella_bursa-pastoris,833644,Archaeplastida,Plants,Eudicots,Brassicales,Brassicaceae,1.0,False,,,False,False,False,False,False,,False,,Chloroplastida
ott19798,Capsella rubella,Capsella rubella,Capsella rubella,species,Chloroplastida,Tracheophyta,Magnoliopsida,Brassicales,Brassicaceae,Capsella,malvids; rosids; Pentapetalae; Gunneridae; eudicotyledons; Mesangiospermae,Capsella; Camelineae; Brassicaceae; Brassicales; malvids; rosids; Pentapetalae; Gunneridae; eudicotyledons; Mesangiospermae; Magnoliopsida; Spermatophyta; Euphyllophyta; Tracheophyta; Embryophyta; Streptophyta; Chloroplastida; Archaeplastida; Eukaryota; cellular organisms; life,81985,5375425,,Capsella rubella,Brassicaceae,Brassicales,Magnoliopsida,True,8,16,False,1,Capsella_rubella,19798,Archaeplastida,Plants,Eudicots,Brassicales,Brassicaceae,1.0,False,,,False,False,False,False,False,,False,,Chloroplastida
ott473836,Capsicum annuum,Capsicum annuum,Capsicum annuum,species,Chloroplastida,Tracheophyta,Magnoliopsida,Solanales,Solanaceae,Capsicum,lamiids; asterids; Pentapetalae; Gunneridae; eudicotyledons; Mesangiospermae,Capsicum; Capsiceae; Solanoideae; Solanaceae; Solanales; lamiids; asterids; Pentapetalae; Gunneridae; eudicotyledons; Mesangiospermae; Magnoliopsida; Spermatophyta; Euphyllophyta; Tracheophyta; Embryophyta; Streptophyta; Chloroplastida; Archaeplastida; Eukaryota; cellular organisms; life,4072,2932944,10204502,Capsicum annuum,Solanaceae,Solanales,Magnoliopsida,True,12,24,False,1,Capsicum_annuum,473836,Archaeplastida,Plants,Eudicots,Solanales,Solanaceae,1.0,False,,,False,False,False,False,False,,False,,Chloroplastida
ott232458,Capsicum baccatum,Capsicum baccatum,Capsicum baccatum,species,Chloroplastida,Tracheophyta,Magnoliopsida,Solanales,Solanaceae,Capsicum,lamiids; asterids; Pentapetalae; Gunneridae; eudicotyledons; Mesangiospermae,Capsicum; Capsiceae; Solanoideae; Solanaceae; Solanales; lamiids; asterids; Pentapetalae; Gunneridae; eudicotyledons; Mesangiospermae; Magnoliopsida; Spermatophyta; Euphyllophyta; Tracheophyta; Embryophyta; Streptophyta; Chloroplastida; Archaeplastida; Eukaryota; cellular organisms; life,33114,2932938,,Capsicum baccatum,Solanaceae,Solanales,Magnoliopsida,True,12,24,False,1,Capsicum_baccatum,232458,Archaeplastida,Plants,Eudicots,Solanales,Solanaceae,1.0,False,,,False,False,False,False,False,,False,,Chloroplastida
ott1005907,Carassius auratus,Carassius auratus,Carassius auratus,species,Metazoa,Chordata,Actinopteri,Cypriniformes,Cyprinidae,Carassius,Otophysi; Clupeocephala; Osteoglossocephalai; Euteleostomi; Teleostomi; Deuterostomia,Carassius; Cyprinidae; Cyprinoidei; Cypriniformes; Cypriniphysae; Otophysi; Ostariophysi; Otomorpha; Clupeocephala; Osteoglossocephalai; Teleostei; Neopterygii; Actinopteri; Actinopterygii; Euteleostomi; Teleostomi; Gnathostomata; Vertebrata; Craniata; Chordata; Deuterostomia; Bilateria; Eumetazoa; Metazoa; Holozoa; Opisthokonta; Eukaryota; cellular organisms; life,7957,4286942,10153222,Carassius auratus,Cyprinidae,Cypriniformes,Actinopteri,True,50,100,False,1,Carassius_auratus,1005907,Opisthokonta ,Animals,Actinopterygii,Cypriniformes,Cyprinidae,1.0,False,,,False,False,False,False,False,,False,,Metazoa
ott429474,Carica papaya,Carica papaya,Carica papaya,species,Chloroplastida,Tracheophyta,Magnoliopsida,Brassicales,Caricaceae,Carica,malvids; rosids; Pentapetalae; Gunneridae; eudicotyledons; Mesangiospermae,Carica; Caricaceae; Brassicales; malvids; rosids; Pentapetalae; Gunneridae; eudicotyledons; Mesangiospermae; Magnoliopsida; Spermatophyta; Euphyllophyta; Tracheophyta; Embryophyta; Streptophyta; Chloroplastida; Archaeplastida; Eukaryota; cellular organisms; life,3649,2874484,10591092,Carica papaya,Caricaceae,Brassicales,Magnoliopsida,True,18,36,False,1,Carica_papaya,429474,Archaeplastida,Plants,Eudicots,Brassicales,Caricaceae,1.0,False,,,False,False,False,False,False,,False,,Chloroplastida
ott1061541,Carthamus tinctorius,Carthamus tinctorius,Carthamus tinctorius,species,Chloroplastida,Tracheophyta,Magnoliopsida,Asterales,Asteraceae,Carthamus,asterids; Pentapetalae; Gunneridae; eudicotyledons; Mesangiospermae; Spermatophyta,Carthamus; Centaureinae; Cardueae; Carduoideae; Asteraceae; Asterales; campanulids; asterids; Pentapetalae; Gunneridae; eudicotyledons; Mesangiospermae; Magnoliopsida; Spermatophyta; Euphyllophyta; Tracheophyta; Embryophyta; Streptophyta; Chloroplastida; Archaeplastida; Eukaryota; cellular organisms; life,4222,3138327,10457136,Carthamus tinctorius,Asteraceae,Asterales,Magnoliopsida,True,12,24,False,1,Carthamus_tinctorius,1061541,Archaeplastida,Plants,Eudicots,Asterales,Asteraceae,1.0,False,,,False,False,False,False,False,,False,,Chloroplastida
ott540978,Castanea mollissima,Castanea mollissima,Castanea mollissima,species,Chloroplastida,Tracheophyta,Magnoliopsida,Fagales,Fagaceae,Castanea,fabids; rosids; Pentapetalae; Gunneridae; eudicotyledons; Mesangiospermae,Castanea; Fagaceae; Fagales; fabids; rosids; Pentapetalae; Gunneridae; eudicotyledons; Mesangiospermae; Magnoliopsida; Spermatophyta; Euphyllophyta; Tracheophyta; Embryophyta; Streptophyta; Chloroplastida; Archaeplastida; Eukaryota; cellular organisms; life,60419,5333237,10901181,Castanea mollissima,Fagaceae,Fagales,Magnoliopsida,True,12,24,False,1,Castanea_mollissima,540978,Archaeplastida,Plants,Eudicots,Fagales,Fagaceae,1.0,False,,,False,False,False,False,False,,False,,Chloroplastida
ott524094,Catharanthus roseus,Catharanthus roseus,Catharanthus roseus,species,Chloroplastida,Tracheophyta,Magnoliopsida,Gentianales,Apocynaceae,Catharanthus,lamiids; asterids; Pentapetalae; Gunneridae; eudicotyledons; Mesangiospermae,Catharanthus; Catharanthinae; Vinceae; Rauvolfioideae; Apocynaceae; Gentianales; lamiids; asterids; Pentapetalae; Gunneridae; eudicotyledons; Mesangiospermae; Magnoliopsida; Spermatophyta; Euphyllophyta; Tracheophyta; Embryophyta; Streptophyta; Chloroplastida; Archaeplastida; Eukaryota; cellular organisms; life,4058,3169830,11252152,Catharanthus roseus,Apocynaceae,Gentianales,Magnoliopsida,True,6,12,False,1,Catharanthus_roseus,524094,Archaeplastida,Plants,Eudicots,Gentianales,Apocynaceae,1.0,False,,,False,False,False,False,False,,False,,Chloroplastida
ott780217,Ceratopteris richardii,Ceratopteris richardii,Ceratopteris richardii,species,Chloroplastida,Tracheophyta,Polypodiopsida,Polypodiales,Pteridaceae,Ceratopteris,Euphyllophyta; Embryophyta; cellular organisms; life,Ceratopteris; Parkerioideae; Pteridaceae; Pteridineae; Polypodiales; Polypodiidae; Polypodiopsida; Euphyllophyta; Tracheophyta; Embryophyta; Streptophyta; Chloroplastida; Archaeplastida; Eukaryota; cellular organisms; life,49495,2651591,11324350,Ceratopteris richardii,Pteridaceae,Polypodiales,Polypodiopsida,True,39,78,False,1,Ceratopteris_richardii,609865,Archaeplastida,Plants,Pteridopsida,Polypodiales,Pteridopsidae,1.0,True,same_genus_diff_species,Stored id was 'Ceratopteris cornuta'; name now resolves to 'Ceratopteris richardii'.,False,False,False,False,True,genuine taxonomic revision or error,False,,Chloroplastida
ott936014,Cervus elaphus,Cervus elaphus,Cervus elaphus,species,Metazoa,Chordata,Mammalia,Artiodactyla,Cervidae,Cervus,Boreoeutheria; Eutheria; Amniota; Dipnotetrapodomorpha; Euteleostomi; Teleostomi,Cervus; Cervinae; Cervidae; Pecora; Ruminantia; Artiodactyla; Laurasiatheria; Boreoeutheria; Eutheria; Theria; Mammalia; Amniota; Tetrapoda; Dipnotetrapodomorpha; Sarcopterygii; Euteleostomi; Teleostomi; Gnathostomata; Vertebrata; Craniata; Chordata; Deuterostomia; Bilateria; Eumetazoa; Metazoa; Holozoa; Opisthokonta; Eukaryota; cellular organisms; life,9860,2440958,11008690,Cervus elaphus,Cervidae,Artiodactyla,Mammalia,True,34,68,False,1,Cervus_elaphus,936014,Opisthokonta ,Animals,Mammalia,Artiodactyla,Cervidae,1.0,False,,,False,False,False,False,False,,False,,Metazoa
ott117198,Chenopodium quinoa,Chenopodium quinoa,Chenopodium quinoa,species,Chloroplastida,Tracheophyta,Magnoliopsida,Caryophyllales,Chenopodiaceae,Chenopodium,Pentapetalae; Gunneridae; eudicotyledons; Mesangiospermae; Spermatophyta; Euphyllophyta,Chenopodium; Atripliceae; Chenopodioideae; Chenopodiaceae; Caryophyllales; Pentapetalae; Gunneridae; eudicotyledons; Mesangiospermae; Magnoliopsida; Spermatophyta; Euphyllophyta; Tracheophyta; Embryophyta; Streptophyta; Chloroplastida; Archaeplastida; Eukaryota; cellular organisms; life,63459,3083935,10205972,Chenopodium quinoa,Amaranthaceae,Caryophyllales,Magnoliopsida,False,18,36,False,1,Chenopodium_quinoa,117198,Archaeplastida,Plants,Eudicots,Caryophyllales,Amaranthaceae,1.0,False,,,False,False,False,False,True,genuine taxonomic revision or error,False,,Chloroplastida
ott324777,Chimonanthus praecox,Chimonanthus praecox,Chimonanthus praecox,species,Chloroplastida,Tracheophyta,Magnoliopsida,Laurales,Calycanthaceae,Chimonanthus,Magnoliidae; Mesangiospermae; Spermatophyta; Euphyllophyta; Embryophyta; cellular organisms,Chimonanthus; Calycanthaceae; Laurales; Magnoliidae; Mesangiospermae; Magnoliopsida; Spermatophyta; Euphyllophyta; Tracheophyta; Embryophyta; Streptophyta; Chloroplastida; Archaeplastida; Eukaryota; cellular organisms; life,13419,7275851,,Chimonanthus praecox,Calycanthaceae,Laurales,Magnoliopsida,True,11,22,False,1,Chimonanthus_praecox,324777,Archaeplastida,Plants,Eudicots,Lauales,Calycanthaceae,1.0,False,,,False,False,False,False,False,,False,,Chloroplastida
ott33153,Chlamydomonas reinhardtii,Chlamydomonas reinhardtii,Chlamydomonas reinhardtii,species,Chloroplastida,Chlorophyta,Chlorophyceae,Chlamydomonadales,Chlamydomonadaceae,Chlamydomonas,cellular organisms; life,Chlamydomonas; Chlamydomonadaceae; Chlamydomonadales; Chlorophyceae; Chlorophyta; Chloroplastida; Archaeplastida; Eukaryota; cellular organisms; life,3055,5271221,11030921,Chlamydomonas reinhardtii,Chlamydomonadaceae,Chlamydomonadales,Chlorophyceae,True,17,34,False,1,Chlamydomonas_reinhardtii,33153,Archaeplastida,Plants,Chlorophyceae,Chlamydomoadales,Chlamydomoadaceae,1.0,False,,,False,False,False,False,True,typo/spelling in source file,False,,Chloroplastida
ott56422,Chlamys farreri,Azumapecten farreri,Azumapecten farreri,species,Metazoa,Mollusca,Bivalvia,Pectinida,Pectinidae,Azumapecten,Lophotrochozoa; Protostomia; Bilateria; Eumetazoa; Holozoa; Opisthokonta,Azumapecten; Chlamydini; Chlamydinae; Pectinidae; Pectinoidea; Pectinida; Pteriomorphia; Bivalvia; Mollusca; Lophotrochozoa; Protostomia; Bilateria; Eumetazoa; Metazoa; Holozoa; Opisthokonta; Eukaryota; cellular organisms; life,106299,4373766,10793088,Azumapecten farreri,Pectinidae,Pectinida,Bivalvia,True,19,38,False,1,Chlamys_farreri,100122,Opisthokonta ,Animals,Bivalvia,Ostreoida,Pectinidae,1.0,True,different_taxon,Stored id was 'Notochlamys hexactes' (species); name resolves to 'Azumapecten farreri'.,True,False,False,False,False,,False,,Metazoa
ott1002218,Chlamys noblis,Mimachlamys crassicostata,Mimachlamys crassicostata,species,Metazoa,Mollusca,Bivalvia,Pectinida,Pectinidae,Mimachlamys,Lophotrochozoa; Protostomia; Bilateria; Eumetazoa; Holozoa; Opisthokonta,Mimachlamys; Pedinae; Pectinidae; Pectinoidea; Pectinida; Pteriomorphia; Bivalvia; Mollusca; Lophotrochozoa; Protostomia; Bilateria; Eumetazoa; Metazoa; Holozoa; Opisthokonta; Eukaryota; cellular organisms; life,106276,4373500,11776506,Mimachlamys nobilis,Pectinidae,Pectinida,Bivalvia,True,16,32,False,1,Chlamys_noblis,6343069,Opisthokonta ,Animals,Bivalvia,Ostreoida,Pectinidae,0.9333333373069763,True,different_taxon,Stored id was 'Pecten foulcheri' (no rank); name resolves to 'Mimachlamys crassicostata'.,False,True,False,False,False,,False,,Metazoa
ott3899190,Chrysanthemum morifolium,Chrysanthemum x morifolium,Chrysanthemum x morifolium,species,Chloroplastida,Tracheophyta,Magnoliopsida,Asterales,Asteraceae,Chrysanthemum,asterids; Pentapetalae; Gunneridae; eudicotyledons; Mesangiospermae; Spermatophyta,Chrysanthemum; Artemisiinae; Anthemideae; Asteroideae; Asteraceae; Asterales; campanulids; asterids; Pentapetalae; Gunneridae; eudicotyledons; Mesangiospermae; Magnoliopsida; Spermatophyta; Euphyllophyta; Tracheophyta; Embryophyta; Streptophyta; Chloroplastida; Archaeplastida; Eukaryota; cellular organisms; life,41568,7598400,11202834,Chrysanthemum x morifolium,Asteraceae,Asterales,Magnoliopsida,True,27,54,False,1,Chrysanthemum_morifolium,452366,Archaeplastida,Plants,Eudicots,Asterales,Asteraceae,1.0,True,same_genus_diff_species,Stored id was 'Chrysanthemum japonense'; name now resolves to 'Chrysanthemum x morifolium'.,True,False,False,False,False,,False,,Chloroplastida
ott612429,Cicer arietinum,Cicer arietinum,Cicer arietinum,species,Chloroplastida,Tracheophyta,Magnoliopsida,Fabales,Fabaceae,Cicer,IRL clade; Hologalegina; NPAAA clade; 50 kb inversion clade; fabids; rosids,Cicer; Cicereae; IRL clade; Hologalegina; NPAAA clade; 50 kb inversion clade; Papilionoideae; Fabaceae; Fabales; fabids; rosids; Pentapetalae; Gunneridae; eudicotyledons; Mesangiospermae; Magnoliopsida; Spermatophyta; Euphyllophyta; Tracheophyta; Embryophyta; Streptophyta; Chloroplastida; Archaeplastida; Eukaryota; cellular organisms; life,3827,2947311,11195145,Cicer arietinum,Fabaceae,Fabales,Magnoliopsida,True,8,16,False,1,Cicer_arietinum,612429,Archaeplastida,Plants,Eudicots,Fabales,Fabaceae,1.0,False,,,False,False,False,False,False,,False,,Chloroplastida
ott744224,Ciona intestinalis,Ciona intestinalis,Ciona intestinalis,species,Metazoa,Chordata,Ascidiacea,Enterogona,Cionidae,Ciona,Tunicata; Olfactores; Deuterostomia; Bilateria; Eumetazoa; Holozoa,Ciona; Cionidae; Phlebobranchia; Enterogona; Ascidiacea; Tunicata; Olfactores; Chordata; Deuterostomia; Bilateria; Eumetazoa; Metazoa; Holozoa; Opisthokonta; Eukaryota; cellular organisms; life,7719,2329622,10525308,Ciona intestinalis,Cionidae,Phlebobranchia,Ascidiacea,True,14,28,False,1,Ciona_intestinalis,744224,Opisthokonta ,Animals,Ascidiacea,Enterogona,Coinidae,1.0,False,,,False,False,False,False,True,typo/spelling in source file,False,,Metazoa
ott677382,Ciona savignyi,Ciona savignyi,Ciona savignyi,species,Metazoa,Chordata,Ascidiacea,Enterogona,Cionidae,Ciona,Tunicata; Olfactores; Deuterostomia; Bilateria; Eumetazoa; Holozoa,Ciona; Cionidae; Phlebobranchia; Enterogona; Ascidiacea; Tunicata; Olfactores; Chordata; Deuterostomia; Bilateria; Eumetazoa; Metazoa; Holozoa; Opisthokonta; Eukaryota; cellular organisms; life,51511,2329616,10003808,Ciona savignyi,Cionidae,Phlebobranchia,Ascidiacea,True,14,28,False,1,Ciona_savignyi,677382,Opisthokonta ,Animals,Ascidiacea,Enterogona,Coinidae,1.0,False,,,False,False,False,False,True,typo/spelling in source file,False,,Metazoa
ott1006251,Citrullus lanatus,Citrullus lanatus,Citrullus lanatus,species,Chloroplastida,Tracheophyta,Magnoliopsida,Cucurbitales,Cucurbitaceae,Citrullus,fabids; rosids; Pentapetalae; Gunneridae; eudicotyledons; Mesangiospermae,Citrullus; Benincaseae; Cucurbitaceae; Cucurbitales; fabids; rosids; Pentapetalae; Gunneridae; eudicotyledons; Mesangiospermae; Magnoliopsida; Spermatophyta; Euphyllophyta; Tracheophyta; Embryophyta; Streptophyta; Chloroplastida; Archaeplastida; Eukaryota; cellular organisms; life,3654,2874621,10198162,Citrullus lanatus,Cucurbitaceae,Cucurbitales,Magnoliopsida,True,11,22,False,2,Citrullus_lanatus,1006251,Archaeplastida,Plants,Eudicots,Cucurbitales,Cucurbitaceae,1.0,False,,,False,False,False,False,False,,False,,Chloroplastida
ott236255,Citrus clementina,Citrus clementina,Citrus clementina,species,Chloroplastida,Tracheophyta,Magnoliopsida,Sapindales,Rutaceae,Citrus,malvids; rosids; Pentapetalae; Gunneridae; eudicotyledons; Mesangiospermae,Citrus; Aurantioideae; Rutaceae; Sapindales; malvids; rosids; Pentapetalae; Gunneridae; eudicotyledons; Mesangiospermae; Magnoliopsida; Spermatophyta; Euphyllophyta; Tracheophyta; Embryophyta; Streptophyta; Chloroplastida; Archaeplastida; Eukaryota; cellular organisms; life,85681,9313794,,Citrus x clementina,Rutaceae,Sapindales,Magnoliopsida,True,9,18,False,2,Citrus_clementina,236255,Archaeplastida,Plants,Eudicots,Sapindales,Rutaceae,1.0,False,,,False,False,False,False,False,,False,,Chloroplastida
ott3942433,Citrus sinensis,Citrus sinensis,Citrus sinensis,species,Chloroplastida,Tracheophyta,Magnoliopsida,Sapindales,Rutaceae,Citrus,malvids; rosids; Pentapetalae; Gunneridae; eudicotyledons; Mesangiospermae,Citrus; Aurantioideae; Rutaceae; Sapindales; malvids; rosids; Pentapetalae; Gunneridae; eudicotyledons; Mesangiospermae; Magnoliopsida; Spermatophyta; Euphyllophyta; Tracheophyta; Embryophyta; Streptophyta; Chloroplastida; Archaeplastida; Eukaryota; cellular organisms; life,2711,,11193531,Citrus sinensis,Rutaceae,Sapindales,Magnoliopsida,True,9,18,False,2,Citrus_sinensis,3942433,Archaeplastida,Plants,Eudicots,Sapindales,Rutaceae,1.0,False,,,False,False,False,False,False,,False,,Chloroplastida
ott1011450,Citrus unshiu,Citrus unshiu,Citrus unshiu,species,Chloroplastida,Tracheophyta,Magnoliopsida,Sapindales,Rutaceae,Citrus,malvids; rosids; Pentapetalae; Gunneridae; eudicotyledons; Mesangiospermae,Citrus; Aurantioideae; Rutaceae; Sapindales; malvids; rosids; Pentapetalae; Gunneridae; eudicotyledons; Mesangiospermae; Magnoliopsida; Spermatophyta; Euphyllophyta; Tracheophyta; Embryophyta; Streptophyta; Chloroplastida; Archaeplastida; Eukaryota; cellular organisms; life,55188,,,Citrus unshiu,Rutaceae,Sapindales,Magnoliopsida,True,9,18,False,1,Citrus_unshiu,1011450,Archaeplastida,Plants,Eudicots,Sapindales,Rutaceae,1.0,False,,,False,False,False,False,False,,False,,Chloroplastida
ott192116,Clunio marinus,Clunio marinus,Clunio marinus,species,Metazoa,Arthropoda,Insecta,Diptera,Chironomidae,Clunio,Dicondylia; Pancrustacea; Mandibulata; Panarthropoda; Ecdysozoa; Protostomia,Clunio; Orthocladiinae; Chironomidae; Chironomoidea; Culicomorpha; Nematocera; Diptera; Holometabola; Neoptera; Pterygota; Dicondylia; Insecta; Hexapoda; Pancrustacea; Mandibulata; Arthropoda; Panarthropoda; Ecdysozoa; Protostomia; Bilateria; Eumetazoa; Metazoa; Holozoa; Opisthokonta; Eukaryota; cellular organisms; life,568069,1455546,10099560,Clunio marinus,Chironomidae,Diptera,Insecta,True,3,6,False,1,Clunio_marinus,192116,Opisthokonta ,Animals,Insecta,Diptera,Chironomidae,1.0,False,,,False,False,False,False,False,,False,,Metazoa
ott4930749,Cochliobus sativus,Cochliobolus sativus,Cochliobolus sativus,species,Fungi,Ascomycota,Dothideomycetes,Pleosporales,Pleosporaceae,Cochliobolus,Dothideomyceta; Leotiomyceta; saccharomyceta; h2007-1; h2007-2; Nucletmycea,Cochliobolus; Pleosporaceae; Pleosporales; Dothideomycetes; Dothideomyceta; Leotiomyceta; Pezizomycotina; saccharomyceta; Ascomycota; Dikarya; h2007-1; h2007-2; Fungi; Nucletmycea; Opisthokonta; Eukaryota; cellular organisms; life,,,11102282,,,,,,15,30,False,1,Cochliobus_sativus,204741,Opisthokonta ,Fungi,Dothideomycetes,Pleosporales,Pleosporaceae,0.8999999761581421,True,different_taxon,Stored id was 'Bipolaris sorokiniana' (species); name resolves to 'Cochliobolus sativus'.,False,True,False,False,False,,False,,Fungi
ott366250,Cocos nucifera,Cocos nucifera,Cocos nucifera,species,Chloroplastida,Tracheophyta,Liliopsida,Arecales,Arecaceae,Cocos,commelinids; Mesangiospermae; Spermatophyta; Euphyllophyta; Embryophyta; cellular organisms,Cocos; Attaleinae; Cocoseae; Arecoideae; Arecaceae; Arecales; commelinids; Petrosaviidae; Liliopsida; Mesangiospermae; Magnoliopsida; Spermatophyta; Euphyllophyta; Tracheophyta; Embryophyta; Streptophyta; Chloroplastida; Archaeplastida; Eukaryota; cellular organisms; life,13894,2735117,10589878,Cocos nucifera,Arecaceae,Arecales,Magnoliopsida,True,16,32,False,1,Cocos_nucifera,366250,Archaeplastida,Plants,Monocots,Arecales,Arecaceae,1.0,False,,,False,False,False,False,False,,False,,Chloroplastida
ott1001050,Coffea arabica,Coffea arabica,Coffea arabica,species,Chloroplastida,Tracheophyta,Magnoliopsida,Gentianales,Rubiaceae,Coffea,Bertiereae - Coffeeae clade; Gardenieae complex; lamiids; asterids; Pentapetalae; Gunneridae,Coffea; Coffeeae; Bertiereae - Coffeeae clade; Gardenieae complex; Ixoroideae; Rubiaceae; Gentianales; lamiids; asterids; Pentapetalae; Gunneridae; eudicotyledons; Mesangiospermae; Magnoliopsida; Spermatophyta; Euphyllophyta; Tracheophyta; Embryophyta; Streptophyta; Chloroplastida; Archaeplastida; Eukaryota; cellular organisms; life,13443,2895345,11107021,Coffea arabica,Rubiaceae,Gentianales,Magnoliopsida,True,22,44,False,1,Coffea_arabica,1001050,Archaeplastida,Plants,Eudicots,Gentianales,Rubiaceae,1.0,False,,,False,False,False,False,False,,False,,Chloroplastida
ott5304351,Coprinus cinereus,Coprinus cinereus,Coprinus cinereus,species,Fungi,Basidiomycota,Agaricomycetes,Agaricales,Agaricaceae,Coprinus,h2007-1; h2007-2; Nucletmycea; Opisthokonta; cellular organisms; life,Coprinus; Agaricaceae; Agaricales; Agaricomycetes; Agaricomycotina; Basidiomycota; Dikarya; h2007-1; h2007-2; Fungi; Nucletmycea; Opisthokonta; Eukaryota; cellular organisms; life,,,11198334,,,,,,13,26,False,1,Coprinus_cinereus,5304351,Opisthokonta ,Fungi,Agaricomycetes,Agaricales,Psathyrellaceae,1.0,False,,,False,False,False,False,True,genuine taxonomic revision or error,False,,Fungi
ott679189,Corchorus capsularis,Corchorus capsularis,Corchorus capsularis,species,Chloroplastida,Tracheophyta,Magnoliopsida,Malvales,Malvaceae,Corchorus,malvids; rosids; Pentapetalae; Gunneridae; eudicotyledons; Mesangiospermae,Corchorus; Apeibeae; Grewioideae; Malvaceae; Malvales; malvids; rosids; Pentapetalae; Gunneridae; eudicotyledons; Mesangiospermae; Magnoliopsida; Spermatophyta; Euphyllophyta; Tracheophyta; Embryophyta; Streptophyta; Chloroplastida; Archaeplastida; Eukaryota; cellular organisms; life,210143,3152082,11165922,Corchorus capsularis,Malvaceae,Malvales,Magnoliopsida,True,7,14,False,1,Corchorus_capsularis,679189,Archaeplastida,Plants,Eudicots,Malvales,Malvaceae,1.0,False,,,False,False,False,False,False,,False,,Chloroplastida
ott578269,Corchorus olitorius,Corchorus olitorius,Corchorus olitorius,species,Chloroplastida,Tracheophyta,Magnoliopsida,Malvales,Malvaceae,Corchorus,malvids; rosids; Pentapetalae; Gunneridae; eudicotyledons; Mesangiospermae,Corchorus; Apeibeae; Grewioideae; Malvaceae; Malvales; malvids; rosids; Pentapetalae; Gunneridae; eudicotyledons; Mesangiospermae; Magnoliopsida; Spermatophyta; Euphyllophyta; Tracheophyta; Embryophyta; Streptophyta; Chloroplastida; Archaeplastida; Eukaryota; cellular organisms; life,93759,3152084,10681923,Corchorus olitorius,Malvaceae,Malvales,Magnoliopsida,True,7,14,False,1,Corchorus_olitorius,578269,Archaeplastida,Plants,Eudicots,Malvales,Malvaceae,1.0,False,,,False,False,False,False,False,,False,,Chloroplastida
ott629345,Coregonus clupeaformis,Coregonus clupeaformis,Coregonus clupeaformis,species,Metazoa,Chordata,Actinopteri,Salmoniformes,Salmonidae,Coregonus,Protacanthopterygii; Clupeocephala; Osteoglossocephalai; Euteleostomi; Teleostomi; Deuterostomia,Coregonus; Coregoninae; Salmonidae; Salmoniformes; Protacanthopterygii; Euteleosteomorpha; Clupeocephala; Osteoglossocephalai; Teleostei; Neopterygii; Actinopteri; Actinopterygii; Euteleostomi; Teleostomi; Gnathostomata; Vertebrata; Craniata; Chordata; Deuterostomia; Bilateria; Eumetazoa; Metazoa; Holozoa; Opisthokonta; Eukaryota; cellular organisms; life,59861,2351119,11328077,Coregonus clupeaformis,Salmonidae,Salmoniformes,Actinopteri,True,40,80,False,1,Coregonus_clupeaformis,629345,Opisthokonta ,Animals,Actinopterygii,Salmoniformes,Salmonidae,1.0,False,,,False,False,False,False,False,,False,,Metazoa
ott148264,Cornus florida,Cornus florida,Cornus florida,species,Chloroplastida,Tracheophyta,Magnoliopsida,Cornales,Cornaceae,Cornus,asterids; Pentapetalae; Gunneridae; eudicotyledons; Mesangiospermae; Spermatophyta,Cornus; Cornaceae; Cornales; asterids; Pentapetalae; Gunneridae; eudicotyledons; Mesangiospermae; Magnoliopsida; Spermatophyta; Euphyllophyta; Tracheophyta; Embryophyta; Streptophyta; Chloroplastida; Archaeplastida; Eukaryota; cellular organisms; life,4283,3082240,10195079,Cornus florida,Cornaceae,Cornales,Magnoliopsida,True,7,14,False,1,Cornus_florida,148264,Archaeplastida,Plants,Eudicots,Cornales,Cornaceae,1.0,False,,,False,False,False,False,False,,False,,Chloroplastida
ott803622,Coturnix japonica,Coturnix japonica,Coturnix japonica,species,Metazoa,Chordata,Aves,Galliformes,Phasianidae,Coturnix,Coelurosauria; Theropoda; Archosauria; Archelosauria; Sauropsida; Amniota,Coturnix; Perdicinae; Phasianidae; Galliformes; Galloanserae; Neognathae; Aves; Coelurosauria; Theropoda; Saurischia; Dinosauria; Archosauria; Archelosauria; Sauria; Sauropsida; Amniota; Tetrapoda; Dipnotetrapodomorpha; Sarcopterygii; Euteleostomi; Teleostomi; Gnathostomata; Vertebrata; Craniata; Chordata; Deuterostomia; Bilateria; Eumetazoa; Metazoa; Holozoa; Opisthokonta; Eukaryota; cellular organisms; life,93934,2474162,10193191,Coturnix japonica,Phasianidae,Galliformes,Aves,True,32,64,False,1,Coturnix_japonica,803622,Opisthokonta ,Animals,Aves,Galliformes,Phasianidae,1.0,False,,,False,False,False,False,False,,False,,Metazoa
ott987409,Crassostrea gigas,Magallana gigas,Magallana gigas,species,Metazoa,Mollusca,Bivalvia,Ostreida,Ostreidae,Magallana,Lophotrochozoa; Protostomia; Bilateria; Eumetazoa; Holozoa; Opisthokonta,Magallana; Crassostreinae; Ostreidae; Ostreoidea; Ostreida; Pteriomorphia; Bivalvia; Mollusca; Lophotrochozoa; Protostomia; Bilateria; Eumetazoa; Metazoa; Holozoa; Opisthokonta; Eukaryota; cellular organisms; life,2171618,7820753,,,,,,,10,20,False,1,Crassostrea_gigas,987409,Opisthokonta ,Animals,Bivalvia,Ostreoida,Ostreidae,1.0,False,,,True,False,False,False,False,,False,,Metazoa
ott365708,Crassostrea virginica,Crassostrea virginica,Crassostrea virginica,species,Metazoa,Mollusca,Bivalvia,Ostreida,Ostreidae,Crassostrea,Lophotrochozoa; Protostomia; Bilateria; Eumetazoa; Holozoa; Opisthokonta,Crassostrea; Crassostreinae; Ostreidae; Ostreoidea; Ostreida; Pteriomorphia; Bivalvia; Mollusca; Lophotrochozoa; Protostomia; Bilateria; Eumetazoa; Metazoa; Holozoa; Opisthokonta; Eukaryota; cellular organisms; life,6565,2286079,10238036,Crassostrea virginica,Ostreidae,Ostreida,Bivalvia,True,10,20,False,1,Crassostrea_virginica,365708,Opisthokonta ,Animals,Bivalvia,Ostreoida,Ostreidae,1.0,False,,,False,False,False,False,False,,False,,Metazoa
ott35872,Crocodylus porosus,Crocodylus porosus,Crocodylus porosus,species,Metazoa,Chordata,,Crocodylia,Crocodylidae,Crocodylus,Longirostres; Archosauria; Archelosauria; Sauropsida; Amniota; Dipnotetrapodomorpha,Crocodylus; Crocodylidae; Longirostres; Crocodylia; Archosauria; Archelosauria; Sauria; Sauropsida; Amniota; Tetrapoda; Dipnotetrapodomorpha; Sarcopterygii; Euteleostomi; Teleostomi; Gnathostomata; Vertebrata; Craniata; Chordata; Deuterostomia; Bilateria; Eumetazoa; Metazoa; Holozoa; Opisthokonta; Eukaryota; cellular organisms; life,8502,2441333,10367648,Crocodylus porosus,Crocodylidae,Crocodylia,,True,17,34,False,1,Crocodylus_porosus,35872,Opisthokonta ,Animals,Reptilia,Crocodilia,Crocodylidae,1.0,False,,,False,False,False,False,False,,False,,Metazoa
ott48333,Cryptococcus neoformans,Cryptococcus neoformans,Cryptococcus neoformans,species,Fungi,Basidiomycota,Tremellomycetes,Tremellales,Tremellaceae,Cryptococcus,h2007-1; h2007-2; Nucletmycea; Opisthokonta; cellular organisms; life,Cryptococcus; Tremellaceae; Tremellales; Tremellomycetes; Agaricomycotina; Basidiomycota; Dikarya; h2007-1; h2007-2; Fungi; Nucletmycea; Opisthokonta; Eukaryota; cellular organisms; life,40410,5237368,10379463,Cryptococcus deneoformans,Cryptococcaceae,Tremellales,Tremellomycetes,False,14,28,False,1,Cryptococcus_neoformans,48333,Opisthokonta ,Fungi,Tremellomycetes,Tremellales,Tremellaceae,1.0,False,,,False,False,False,False,False,,False,,Fungi
ott620749,Cryptomeria japonica,Cryptomeria japonica,Cryptomeria japonica,species,Chloroplastida,Tracheophyta,,Cupressales,Cupressaceae,Cryptomeria,Acrogymnospermae; Spermatophyta; Euphyllophyta; Embryophyta; cellular organisms; life,Cryptomeria; Cupressaceae; Cupressales; Pinidae; Acrogymnospermae; Spermatophyta; Euphyllophyta; Tracheophyta; Embryophyta; Streptophyta; Chloroplastida; Archaeplastida; Eukaryota; cellular organisms; life,3369,5284237,11165901,Cryptomeria japonica,Cupressaceae,Cupressales,Pinopsida,True,11,22,False,1,Cryptomeria_japonica,620749,Archaeplastida,Plants,Pinopsida,Pinales,Cupressaceae,1.0,False,,,False,False,False,False,False,,False,,Chloroplastida
ott1005936,Ctenopharyngodon idella,Ctenopharyngodon idella,Ctenopharyngodon idella,species,Metazoa,Chordata,Actinopteri,Cypriniformes,Cyprinidae,Ctenopharyngodon,Otophysi; Clupeocephala; Osteoglossocephalai; Euteleostomi; Teleostomi; Deuterostomia,Ctenopharyngodon; Cyprinidae; Cyprinoidei; Cypriniformes; Cypriniphysae; Otophysi; Ostariophysi; Otomorpha; Clupeocephala; Osteoglossocephalai; Teleostei; Neopterygii; Actinopteri; Actinopterygii; Euteleostomi; Teleostomi; Gnathostomata; Vertebrata; Craniata; Chordata; Deuterostomia; Bilateria; Eumetazoa; Metazoa; Holozoa; Opisthokonta; Eukaryota; cellular organisms; life,7959,2362030,10570174,Ctenopharyngodon idella,Xenocyprididae,Cypriniformes,Actinopteri,False,24,48,False,1,Ctenopharyngodon_idella,1005936,Opisthokonta ,Animals,Actinopterygii,Cypriniformes,Cyprinidae,1.0,False,,,False,False,False,False,False,,False,,Metazoa
ott1006256,Cucumis melo,Cucumis melo,Cucumis melo,species,Chloroplastida,Tracheophyta,Magnoliopsida,Cucurbitales,Cucurbitaceae,Cucumis,fabids; rosids; Pentapetalae; Gunneridae; eudicotyledons; Mesangiospermae,Cucumis; Benincaseae; Cucurbitaceae; Cucurbitales; fabids; rosids; Pentapetalae; Gunneridae; eudicotyledons; Mesangiospermae; Magnoliopsida; Spermatophyta; Euphyllophyta; Tracheophyta; Embryophyta; Streptophyta; Chloroplastida; Archaeplastida; Eukaryota; cellular organisms; life,3656,2874570,10456618,Cucumis melo,Cucurbitaceae,Cucurbitales,Magnoliopsida,True,12,24,False,1,Cucumis_melo,1006256,Archaeplastida,Plants,Eudicots,Cucurbitales,Cucurbitaceae,1.0,False,,,False,False,False,False,False,,False,,Chloroplastida
ott1006246,Cucumis sativus,Cucumis sativus,Cucumis sativus (species in domain Eukaryota),species,Chloroplastida,Tracheophyta,Magnoliopsida,Cucurbitales,Cucurbitaceae,Cucumis,fabids; rosids; Pentapetalae; Gunneridae; eudicotyledons; Mesangiospermae,Cucumis; Benincaseae; Cucurbitaceae; Cucurbitales; fabids; rosids; Pentapetalae; Gunneridae; eudicotyledons; Mesangiospermae; Magnoliopsida; Spermatophyta; Euphyllophyta; Tracheophyta; Embryophyta; Streptophyta; Chloroplastida; Archaeplastida; Eukaryota; cellular organisms; life,3659,2874569,10884992,Cucumis sativus,Cucurbitaceae,Cucurbitales,Magnoliopsida,True,7,14,False,2,Cucumis_sativus,1006246,Archaeplastida,Plants,Eudicots,Cucurbitales,Cucurbitaceae,1.0,False,,,False,False,False,False,False,,False,,Chloroplastida
ott379272,Cucurbita maxima,Cucurbita maxima,Cucurbita maxima,species,Chloroplastida,Tracheophyta,Magnoliopsida,Cucurbitales,Cucurbitaceae,Cucurbita,fabids; rosids; Pentapetalae; Gunneridae; eudicotyledons; Mesangiospermae,Cucurbita; Cucurbiteae; Cucurbitaceae; Cucurbitales; fabids; rosids; Pentapetalae; Gunneridae; eudicotyledons; Mesangiospermae; Magnoliopsida; Spermatophyta; Euphyllophyta; Tracheophyta; Embryophyta; Streptophyta; Chloroplastida; Archaeplastida; Eukaryota; cellular organisms; life,3661,2874515,10197275,Cucurbita maxima,Cucurbitaceae,Cucurbitales,Magnoliopsida,True,20,40,False,1,Cucurbita_maxima,198660,Archaeplastida,Plants,Eudicots,Cucurbitales,Cucurbitaceae,1.0,True,stored_was_infraspecific,Stored id pointed to subspecies 'Cucurbita maxima subsp. andreana'.,False,False,False,False,False,,False,,Chloroplastida
ott84409,Cucurbita moschata,Cucurbita moschata,Cucurbita moschata,species,Chloroplastida,Tracheophyta,Magnoliopsida,Cucurbitales,Cucurbitaceae,Cucurbita,fabids; rosids; Pentapetalae; Gunneridae; eudicotyledons; Mesangiospermae,Cucurbita; Cucurbiteae; Cucurbitaceae; Cucurbitales; fabids; rosids; Pentapetalae; Gunneridae; eudicotyledons; Mesangiospermae; Magnoliopsida; Spermatophyta; Euphyllophyta; Tracheophyta; Embryophyta; Streptophyta; Chloroplastida; Archaeplastida; Eukaryota; cellular organisms; life,3662,7393329,10597694,Cucurbita moschata,Cucurbitaceae,Cucurbitales,Magnoliopsida,True,20,40,False,1,Cucurbita_moschata,84409,Archaeplastida,Plants,Eudicots,Cucurbitales,Cucurbitaceae,1.0,False,,,False,False,False,False,False,,False,,Chloroplastida
ott379282,Cucurbita pepo,Cucurbita pepo,Cucurbita pepo,species,Chloroplastida,Tracheophyta,Magnoliopsida,Cucurbitales,Cucurbitaceae,Cucurbita,fabids; rosids; Pentapetalae; Gunneridae; eudicotyledons; Mesangiospermae,Cucurbita; Cucurbiteae; Cucurbitaceae; Cucurbitales; fabids; rosids; Pentapetalae; Gunneridae; eudicotyledons; Mesangiospermae; Magnoliopsida; Spermatophyta; Euphyllophyta; Tracheophyta; Embryophyta; Streptophyta; Chloroplastida; Archaeplastida; Eukaryota; cellular organisms; life,3663,2874508,10929528,Cucurbita pepo,Cucurbitaceae,Cucurbitales,Magnoliopsida,True,20,40,False,1,Cucurbita_pepo,379282,Archaeplastida,Plants,Eudicots,Cucurbitales,Cucurbitaceae,1.0,False,,,False,False,False,False,False,,False,,Chloroplastida
ott218684,Culex pipiens,Culex pipiens,Culex pipiens,species,Metazoa,Arthropoda,Insecta,Diptera,Culicidae,Culex,Culex pipiens complex; Dicondylia; Pancrustacea; Mandibulata; Panarthropoda; Ecdysozoa,Culex pipiens complex; Culex subgenus Culex; Culex; Culicini; Culicinae; Culicidae; Culicoidea; Culicomorpha; Nematocera; Diptera; Holometabola; Neoptera; Pterygota; Dicondylia; Insecta; Hexapoda; Pancrustacea; Mandibulata; Arthropoda; Panarthropoda; Ecdysozoa; Protostomia; Bilateria; Eumetazoa; Metazoa; Holozoa; Opisthokonta; Eukaryota; cellular organisms; life,7175,1653005,11069688,Culex pipiens,Culicidae,Diptera,Insecta,True,3,6,False,1,Culex_pipiens,218684,Opisthokonta ,Animals,Insecta,Diptera,Culicidae,1.0,False,,,False,False,False,False,False,,False,,Metazoa
ott204596,Culex tarsalis,Culex tarsalis,Culex tarsalis,species,Metazoa,Arthropoda,Insecta,Diptera,Culicidae,Culex,Dicondylia; Pancrustacea; Mandibulata; Panarthropoda; Ecdysozoa; Protostomia,Culex subgenus Culex; Culex; Culicini; Culicinae; Culicidae; Culicoidea; Culicomorpha; Nematocera; Diptera; Holometabola; Neoptera; Pterygota; Dicondylia; Insecta; Hexapoda; Pancrustacea; Mandibulata; Arthropoda; Panarthropoda; Ecdysozoa; Protostomia; Bilateria; Eumetazoa; Metazoa; Holozoa; Opisthokonta; Eukaryota; cellular organisms; life,7177,1652906,10132940,Culex tarsalis,Culicidae,Diptera,Insecta,True,3,6,False,1,Culex_tarsalis,204596,Opisthokonta ,Animals,Insecta,Diptera,Culicidae,1.0,False,,,False,False,False,False,False,,False,,Metazoa
ott746120,Cyanistes caeruleus,Cyanistes caeruleus,Cyanistes caeruleus,species,Metazoa,Chordata,Aves,Passeriformes,Paridae,Cyanistes,Coelurosauria; Theropoda; Archosauria; Archelosauria; Sauropsida; Amniota,Cyanistes; Paridae; Passeriformes; Neognathae; Aves; Coelurosauria; Theropoda; Saurischia; Dinosauria; Archosauria; Archelosauria; Sauria; Sauropsida; Amniota; Tetrapoda; Dipnotetrapodomorpha; Sarcopterygii; Euteleostomi; Teleostomi; Gnathostomata; Vertebrata; Craniata; Chordata; Deuterostomia; Bilateria; Eumetazoa; Metazoa; Holozoa; Opisthokonta; Eukaryota; cellular organisms; life,156563,2487879,10218133,Cyanistes caeruleus,Paridae,Passeriformes,Aves,True,39,78,False,1,Cyanistes_caeruleus,746120,Opisthokonta ,Animals,Aves,Passeriformes,Paridae,1.0,False,,,False,False,False,False,False,,False,,Metazoa
ott991885,Cynara cardunculus,Cynara cardunculus,Cynara cardunculus,species,Chloroplastida,Tracheophyta,Magnoliopsida,Asterales,Asteraceae,Cynara,asterids; Pentapetalae; Gunneridae; eudicotyledons; Mesangiospermae; Spermatophyta,Cynara; Carduinae; Cardueae; Carduoideae; Asteraceae; Asterales; campanulids; asterids; Pentapetalae; Gunneridae; eudicotyledons; Mesangiospermae; Magnoliopsida; Spermatophyta; Euphyllophyta; Tracheophyta; Embryophyta; Streptophyta; Chloroplastida; Archaeplastida; Eukaryota; cellular organisms; life,4265,3112364,10594165,Cynara cardunculus,Asteraceae,Asterales,Magnoliopsida,True,17,34,False,1,Cynara_cardunculus,991885,Archaeplastida,Plants,Eudicots,Asterales,Asteraceae,1.0,False,,,False,False,False,False,False,,False,,Chloroplastida
ott927435,Cynodon dactylon,Cynodon dactylon,Cynodon dactylon,species,Chloroplastida,Tracheophyta,Liliopsida,Poales,Poaceae,Cynodon,PACMAD clade; commelinids; Mesangiospermae; Spermatophyta; Euphyllophyta; Embryophyta,Cynodon; Eleusininae; Cynodonteae; Chloridoideae; PACMAD clade; Poaceae; Poales; commelinids; Petrosaviidae; Liliopsida; Mesangiospermae; Magnoliopsida; Spermatophyta; Euphyllophyta; Tracheophyta; Embryophyta; Streptophyta; Chloroplastida; Archaeplastida; Eukaryota; cellular organisms; life,28909,6109637,10975541,Cynodon dactylon,Poaceae,Poales,Magnoliopsida,True,,,True,2,Cynodon_dactylon,927435,Archaeplastida,Plants,Monocots,Poales,Poaceae,1.0,False,,,False,False,False,False,False,,False,,Chloroplastida
ott906506,Cynoglossus semilaevis,Cynoglossus semilaevis,Cynoglossus semilaevis,species,Metazoa,Chordata,Actinopteri,Pleuronectiformes,Cynoglossidae,Cynoglossus,Carangaria; Percomorphaceae; Euacanthomorphacea; Ctenosquamata; Eurypterygia; Neoteleostei,Cynoglossus; Cynoglossinae; Cynoglossidae; Pleuronectoidei; Pleuronectiformes; Carangaria; Percomorphaceae; Euacanthomorphacea; Acanthomorphata; Ctenosquamata; Eurypterygia; Neoteleostei; Euteleosteomorpha; Clupeocephala; Osteoglossocephalai; Teleostei; Neopterygii; Actinopteri; Actinopterygii; Euteleostomi; Teleostomi; Gnathostomata; Vertebrata; Craniata; Chordata; Deuterostomia; Bilateria; Eumetazoa; Metazoa; Holozoa; Opisthokonta; Eukaryota; cellular organisms; life,244447,2409626,10163308,Cynoglossus semilaevis,Cynoglossidae,Pleuronectiformes,Actinopteri,True,21,42,False,2,Cynoglossus_semilaevis,906506,Opisthokonta ,Animals,Actinopterygii,Pleuronectiformes,Cynoglossidae,1.0,False,,,False,False,False,False,False,,False,,Metazoa
ott429083,Cyprinus carpio,Cyprinus carpio,Cyprinus carpio,species,Metazoa,Chordata,Actinopteri,Cypriniformes,Cyprinidae,Cyprinus,Otophysi; Clupeocephala; Osteoglossocephalai; Euteleostomi; Teleostomi; Deuterostomia,Cyprinus; Cyprinidae; Cyprinoidei; Cypriniformes; Cypriniphysae; Otophysi; Ostariophysi; Otomorpha; Clupeocephala; Osteoglossocephalai; Teleostei; Neopterygii; Actinopteri; Actinopterygii; Euteleostomi; Teleostomi; Gnathostomata; Vertebrata; Craniata; Chordata; Deuterostomia; Bilateria; Eumetazoa; Metazoa; Holozoa; Opisthokonta; Eukaryota; cellular organisms; life,7962,4286975,10704119,Cyprinus carpio,Cyprinidae,Cypriniformes,Actinopteri,True,50,100,False,2,Cyprinus_carpio,429083,Opisthokonta ,Animals,Actinopterygii,Cypriniformes,Cyprinidae,1.0,False,,,False,False,False,False,False,,False,,Metazoa
ott83469,Dactylis glomerata,Dactylis glomerata,Dactylis glomerata,species,Chloroplastida,Tracheophyta,Liliopsida,Poales,Poaceae,Dactylis,Poeae Chloroplast Group 2 (Poeae type); Poodae; BOP clade; commelinids; Mesangiospermae; Spermatophyta,Dactylis; Dactylidinae; Poeae Chloroplast Group 2 (Poeae type); Poeae; Poodae; Pooideae; BOP clade; Poaceae; Poales; commelinids; Petrosaviidae; Liliopsida; Mesangiospermae; Magnoliopsida; Spermatophyta; Euphyllophyta; Tracheophyta; Embryophyta; Streptophyta; Chloroplastida; Archaeplastida; Eukaryota; cellular organisms; life,4509,2705308,10665330,Dactylis glomerata,Poaceae,Poales,Magnoliopsida,True,7,14,False,1,Dactylis_glomerata,83469,Archaeplastida,Plants,Monocots,Poales,Poaceae,1.0,False,,,False,False,False,False,False,,False,,Chloroplastida
ott1005914,Danio rerio,Danio rerio,Danio rerio,species,Metazoa,Chordata,Actinopteri,Cypriniformes,Cyprinidae,Danio,Otophysi; Clupeocephala; Osteoglossocephalai; Euteleostomi; Teleostomi; Deuterostomia,Danio; Cyprinidae; Cyprinoidei; Cypriniformes; Cypriniphysae; Otophysi; Ostariophysi; Otomorpha; Clupeocephala; Osteoglossocephalai; Teleostei; Neopterygii; Actinopteri; Actinopterygii; Euteleostomi; Teleostomi; Gnathostomata; Vertebrata; Craniata; Chordata; Deuterostomia; Bilateria; Eumetazoa; Metazoa; Holozoa; Opisthokonta; Eukaryota; cellular organisms; life,7955,9797255,11303984,Danio rerio,Danionidae,Cypriniformes,Actinopteri,False,25,50,False,2,Danio_rerio,1005914,Opisthokonta ,Animals,Actinopterygii,Cypriniformes,Cyprinidae,1.0,False,,,False,False,False,False,False,,False,,Metazoa
ott668392,Daphnia magna,Daphnia magna,Daphnia magna,species,Metazoa,Arthropoda,Branchiopoda,Diplostraca,Daphniidae,Daphnia,Pancrustacea; Mandibulata; Panarthropoda; Ecdysozoa; Protostomia; Bilateria,Daphnia; Daphniidae; Anomopoda; Cladocera; Diplostraca; Phyllopoda; Branchiopoda; Crustacea; Pancrustacea; Mandibulata; Arthropoda; Panarthropoda; Ecdysozoa; Protostomia; Bilateria; Eumetazoa; Metazoa; Holozoa; Opisthokonta; Eukaryota; cellular organisms; life,35525,2234822,10768527,Daphnia magna,Daphniidae,Diplostraca,Branchiopoda,True,10,20,False,1,Daphnia_magna,668392,Opisthokonta ,Animals,Branchiopoda,Cladocera,Daphtniidae,1.0,False,,,False,False,False,False,True,typo/spelling in source file,False,,Metazoa
ott59086,Daphnia pulex,Daphnia pulex,Daphnia pulex,species,Metazoa,Arthropoda,Branchiopoda,Diplostraca,Daphniidae,Daphnia,Pancrustacea; Mandibulata; Panarthropoda; Ecdysozoa; Protostomia; Bilateria,Daphnia; Daphniidae; Anomopoda; Cladocera; Diplostraca; Phyllopoda; Branchiopoda; Crustacea; Pancrustacea; Mandibulata; Arthropoda; Panarthropoda; Ecdysozoa; Protostomia; Bilateria; Eumetazoa; Metazoa; Holozoa; Opisthokonta; Eukaryota; cellular organisms; life,6669,2234840,10460016,Daphnia pulex,Daphniidae,Diplostraca,Branchiopoda,True,12,24,False,1,Daphnia_pulex,59086,Opisthokonta ,Animals,Branchiopoda,Cladocera,Daphtniidae,1.0,False,,,False,False,False,False,True,typo/spelling in source file,False,,Metazoa
ott372836,Daucus carota,Daucus carota,Daucus carota,species,Chloroplastida,Tracheophyta,Magnoliopsida,Apiales,Apiaceae,Daucus,asterids; Pentapetalae; Gunneridae; eudicotyledons; Mesangiospermae; Spermatophyta,Daucus sect. Daucus; Daucus; Daucinae; Scandiceae; Apioideae; Apiaceae; Apiineae; Apiales; campanulids; asterids; Pentapetalae; Gunneridae; eudicotyledons; Mesangiospermae; Magnoliopsida; Spermatophyta; Euphyllophyta; Tracheophyta; Embryophyta; Streptophyta; Chloroplastida; Archaeplastida; Eukaryota; cellular organisms; life,4039,3034742,10198517,Daucus carota,Apiaceae,Apiales,Magnoliopsida,True,9,18,False,1,Daucus_carota,372836,Archaeplastida,Plants,Eudicots,Apiales,Apiaceae,1.0,False,,,False,False,False,False,False,,False,,Chloroplastida
ott171951,Dendrobium moniliforme,Dendrobium moniliforme,Dendrobium moniliforme,species,Chloroplastida,Tracheophyta,Liliopsida,Asparagales,Orchidaceae,Dendrobium,Mesangiospermae; Spermatophyta; Euphyllophyta; Embryophyta; cellular organisms; life,Dendrobium; Dendrobiinae; Malaxideae; Epidendroideae; Orchidaceae; Asparagales; Petrosaviidae; Liliopsida; Mesangiospermae; Magnoliopsida; Spermatophyta; Euphyllophyta; Tracheophyta; Embryophyta; Streptophyta; Chloroplastida; Archaeplastida; Eukaryota; cellular organisms; life,142614,5317412,,Dendrobium moniliforme,Orchidaceae,Asparagales,Magnoliopsida,True,19,38,False,1,Dendrobium_moniliforme,171951,Archaeplastida,Plants,Monocots,Asparagales,Orchidaceae,1.0,False,,,False,False,False,False,False,,False,,Chloroplastida
ott508208,Dendrobium nobile,Dendrobium nobile,Dendrobium nobile,species,Chloroplastida,Tracheophyta,Liliopsida,Asparagales,Orchidaceae,Dendrobium,Mesangiospermae; Spermatophyta; Euphyllophyta; Embryophyta; cellular organisms; life,Dendrobium; Dendrobiinae; Malaxideae; Epidendroideae; Orchidaceae; Asparagales; Petrosaviidae; Liliopsida; Mesangiospermae; Magnoliopsida; Spermatophyta; Euphyllophyta; Tracheophyta; Embryophyta; Streptophyta; Chloroplastida; Archaeplastida; Eukaryota; cellular organisms; life,94219,5317489,,Dendrobium nobile,Orchidaceae,Asparagales,Magnoliopsida,True,19,38,False,1,Dendrobium_nobile,508208,Archaeplastida,Plants,Monocots,Asparagales,Orchidaceae,1.0,False,,,False,False,False,False,False,,False,,Chloroplastida
ott7046610,Dendrobium officinale,Dendrobium officinale,Dendrobium officinale,species,Chloroplastida,Tracheophyta,Liliopsida,Asparagales,Orchidaceae,Dendrobium,Mesangiospermae; Spermatophyta; Euphyllophyta; Embryophyta; cellular organisms; life,Dendrobium; Dendrobiinae; Malaxideae; Epidendroideae; Orchidaceae; Asparagales; Petrosaviidae; Liliopsida; Mesangiospermae; Magnoliopsida; Spermatophyta; Euphyllophyta; Tracheophyta; Embryophyta; Streptophyta; Chloroplastida; Archaeplastida; Eukaryota; cellular organisms; life,142615,,,Dendrobium officinale,Orchidaceae,Asparagales,Magnoliopsida,True,19,38,False,1,Dendrobium_officinale,293900,Archaeplastida,Plants,Monocots,Asparagales,Orchidaceae,1.0,True,same_genus_diff_species,Stored id was 'Dendrobium aphyllum'; name now resolves to 'Dendrobium officinale'.,False,False,False,False,False,,False,,Chloroplastida
ott842200,Dianthus caryophyllus,Dianthus caryophyllus,Dianthus caryophyllus,species,Chloroplastida,Tracheophyta,Magnoliopsida,Caryophyllales,Caryophyllaceae,Dianthus,Pentapetalae; Gunneridae; eudicotyledons; Mesangiospermae; Spermatophyta; Euphyllophyta,Dianthus; Caryophylleae; Caryophyllaceae; Caryophyllales; Pentapetalae; Gunneridae; eudicotyledons; Mesangiospermae; Magnoliopsida; Spermatophyta; Euphyllophyta; Tracheophyta; Embryophyta; Streptophyta; Chloroplastida; Archaeplastida; Eukaryota; cellular organisms; life,3570,3085420,11418490,Dianthus caryophyllus,Caryophyllaceae,Caryophyllales,Magnoliopsida,True,15,30,False,1,Dianthus_caryophyllus,842200,Archaeplastida,Plants,Eudicots,Caryophyllales,Caryophyllaceae,1.0,False,,,False,False,False,False,False,,False,,Chloroplastida
ott3549,Dicentrarchus labrax,Dicentrarchus labrax,Dicentrarchus labrax,species,Metazoa,Chordata,Actinopteri,Perciformes,Moronidae,Dicentrarchus,Eupercaria; Percomorphaceae; Euacanthomorphacea; Ctenosquamata; Eurypterygia; Neoteleostei,Dicentrarchus; Moronidae; Percoidei; Perciformes; Eupercaria; Percomorphaceae; Euacanthomorphacea; Acanthomorphata; Ctenosquamata; Eurypterygia; Neoteleostei; Euteleosteomorpha; Clupeocephala; Osteoglossocephalai; Teleostei; Neopterygii; Actinopteri; Actinopterygii; Euteleostomi; Teleostomi; Gnathostomata; Vertebrata; Craniata; Chordata; Deuterostomia; Bilateria; Eumetazoa; Metazoa; Holozoa; Opisthokonta; Eukaryota; cellular organisms; life,13489,2394622,10144924,Dicentrarchus labrax,Moronidae,,Actinopteri,True,24,48,False,1,Dicentrarchus_labrax,3549,Opisthokonta ,Animals,Actinopterygii,Perciformes,Moronidae,1.0,False,,,False,False,False,False,False,,False,,Metazoa
ott327730,Drosophila mediopunctata,Drosophila mediopunctata,Drosophila mediopunctata,species,Metazoa,Arthropoda,Insecta,Diptera,Drosophilidae,Drosophila,Acalyptratae; Cyclorrhapha; Eremoneura; Dicondylia; Pancrustacea; Mandibulata,tripunctata subgroup II; tripunctata group; Drosophila subgenus Drosophila; Drosophila; Drosophilini; Drosophilinae; Drosophilidae; Ephydroidea; Acalyptratae; Schizophora; Cyclorrhapha; Eremoneura; Muscomorpha; Brachycera; Diptera; Holometabola; Neoptera; Pterygota; Dicondylia; Insecta; Hexapoda; Pancrustacea; Mandibulata; Arthropoda; Panarthropoda; Ecdysozoa; Protostomia; Bilateria; Eumetazoa; Metazoa; Holozoa; Opisthokonta; Eukaryota; cellular organisms; life,161732,5073439,10120072,Drosophila mediopunctata,Drosophilidae,Diptera,Insecta,True,5,10,False,1,Drosophila_mediopunctata,327730,Opisthokonta ,Animals,Insecta,Diptera,Drosophilidae,1.0,False,,,False,False,False,False,False,,False,,Metazoa
ott505714,Drosophila melanogaster,Drosophila melanogaster,Drosophila melanogaster,species,Metazoa,Arthropoda,Insecta,Diptera,Drosophilidae,Drosophila,Acalyptratae; Cyclorrhapha; Eremoneura; Dicondylia; Pancrustacea; Mandibulata,melanogaster subgroup; melanogaster group; Sophophora; Drosophila; Drosophilini; Drosophilinae; Drosophilidae; Ephydroidea; Acalyptratae; Schizophora; Cyclorrhapha; Eremoneura; Muscomorpha; Brachycera; Diptera; Holometabola; Neoptera; Pterygota; Dicondylia; Insecta; Hexapoda; Pancrustacea; Mandibulata; Arthropoda; Panarthropoda; Ecdysozoa; Protostomia; Bilateria; Eumetazoa; Metazoa; Holozoa; Opisthokonta; Eukaryota; cellular organisms; life,7227,5073713,10121502,Drosophila melanogaster,Drosophilidae,Diptera,Insecta,True,4,8,False,1,Drosophila_melanogaster,505714,Opisthokonta ,Animals,Insecta,Diptera,Drosophilidae,1.0,False,,,False,False,False,False,False,,False,,Metazoa
ott1082272,Drosophila pseudoobscura,Drosophila pseudoobscura,Drosophila pseudoobscura,species,Metazoa,Arthropoda,Insecta,Diptera,Drosophilidae,Drosophila,Acalyptratae; Cyclorrhapha; Eremoneura; Dicondylia; Pancrustacea; Mandibulata,pseudoobscura subgroup; obscura group; Sophophora; Drosophila; Drosophilini; Drosophilinae; Drosophilidae; Ephydroidea; Acalyptratae; Schizophora; Cyclorrhapha; Eremoneura; Muscomorpha; Brachycera; Diptera; Holometabola; Neoptera; Pterygota; Dicondylia; Insecta; Hexapoda; Pancrustacea; Mandibulata; Arthropoda; Panarthropoda; Ecdysozoa; Protostomia; Bilateria; Eumetazoa; Metazoa; Holozoa; Opisthokonta; Eukaryota; cellular organisms; life,7237,5074650,11425153,Drosophila pseudoobscura,Drosophilidae,Diptera,Insecta,True,4,8,False,1,Drosophila_pseudoobscura,1082272,Opisthokonta ,Animals,Insecta,Diptera,Drosophilidae,1.0,False,,,False,False,False,False,False,,False,,Metazoa
ott86632,Drosophila serrata,Drosophila serrata,Drosophila serrata,species,Metazoa,Arthropoda,Insecta,Diptera,Drosophilidae,Drosophila,Drosophila serrata species complex; Acalyptratae; Cyclorrhapha; Eremoneura; Dicondylia; Pancrustacea,Drosophila serrata species complex; montium subgroup; melanogaster group; Sophophora; Drosophila; Drosophilini; Drosophilinae; Drosophilidae; Ephydroidea; Acalyptratae; Schizophora; Cyclorrhapha; Eremoneura; Muscomorpha; Brachycera; Diptera; Holometabola; Neoptera; Pterygota; Dicondylia; Insecta; Hexapoda; Pancrustacea; Mandibulata; Arthropoda; Panarthropoda; Ecdysozoa; Protostomia; Bilateria; Eumetazoa; Metazoa; Holozoa; Opisthokonta; Eukaryota; cellular organisms; life,7274,5979611,10109367,Drosophila serrata,Drosophilidae,Diptera,Insecta,True,4,8,False,1,Drosophila_serrata,86632,Opisthokonta ,Animals,Insecta,Diptera,Drosophilidae,1.0,False,,,False,False,False,False,False,,False,,Metazoa
ott878345,Ectocarpus siliculosus,Ectocarpus siliculosus,Ectocarpus siliculosus,species,,,Phaeophyceae,Ectocarpales,Ectocarpaceae,Ectocarpus,cellular organisms; life,Ectocarpus; Ectocarpaceae; Ectocarpales; Phaeophyceae; Stramenopiles; SAR; Eukaryota; cellular organisms; life,2880,3199521,10008759,Ectocarpus siliculosus,Ectocarpaceae,Ectocarpales,Phaeophyceae,True,34,68,False,1,Ectocarpus_siliculosus,878345,Chromalveolata,SAR,Phaeophyceae,Ectocarpales,Ectocarpaceae,1.0,False,,,False,False,False,False,False,,False,,SAR
ott775254,Eimeria maxima,Eimeria maxima,Eimeria maxima,species,,Apicomplexa,Conoidasida,Eucoccidiorida,,Eimeria,cellular organisms; life,Eimeria; Eimeriorina; Eucoccidiorida; Coccidia; Conoidasida; Apicomplexa; Alveolata; SAR; Eukaryota; cellular organisms; life,5804,8488120,,Eimeria maxima,Eimeriidae,Eucoccidiorida,Conoidasida,,14,28,False,1,Eimeria_maxima,775254,Chromalveolata,SAR,Conoidasida,Eucoccidiorida,Eimeriidae,1.0,False,,,False,False,False,False,False,,False,,SAR
ott775246,Eimeria tenella,Eimeria tenella,Eimeria tenella,species,,Apicomplexa,Conoidasida,Eucoccidiorida,,Eimeria,cellular organisms; life,Eimeria; Eimeriorina; Eucoccidiorida; Coccidia; Conoidasida; Apicomplexa; Alveolata; SAR; Eukaryota; cellular organisms; life,5802,8595406,,Eimeria tenella,Eimeriidae,Eucoccidiorida,Conoidasida,,12,24,False,1,Eimeria_tenella,775246,Chromalveolata,SAR,Conoidasida,Eucoccidiorida,Eimeriidae,1.0,False,,,False,False,False,False,False,,False,,SAR
ott947656,Elaeis guineensis,Elaeis guineensis,Elaeis guineensis,species,Chloroplastida,Tracheophyta,Liliopsida,Arecales,Arecaceae,Elaeis,commelinids; Mesangiospermae; Spermatophyta; Euphyllophyta; Embryophyta; cellular organisms,Elaeis; Elaeidinae; Cocoseae; Arecoideae; Arecaceae; Arecales; commelinids; Petrosaviidae; Liliopsida; Mesangiospermae; Magnoliopsida; Spermatophyta; Euphyllophyta; Tracheophyta; Embryophyta; Streptophyta; Chloroplastida; Archaeplastida; Eukaryota; cellular organisms; life,51953,2731882,10213909,Elaeis guineensis,Arecaceae,Arecales,Magnoliopsida,True,16,32,False,1,Elaeis_guineensis,947656,Archaeplastida,Plants,Monocots,Arecales,Arecaceae,1.0,False,,,False,False,False,False,False,,False,,Chloroplastida
ott210313,Elaeis oleifera,Elaeis oleifera,Elaeis oleifera,species,Chloroplastida,Tracheophyta,Liliopsida,Arecales,Arecaceae,Elaeis,commelinids; Mesangiospermae; Spermatophyta; Euphyllophyta; Embryophyta; cellular organisms,Elaeis; Elaeidinae; Cocoseae; Arecoideae; Arecaceae; Arecales; commelinids; Petrosaviidae; Liliopsida; Mesangiospermae; Magnoliopsida; Spermatophyta; Euphyllophyta; Tracheophyta; Embryophyta; Streptophyta; Chloroplastida; Archaeplastida; Eukaryota; cellular organisms; life,80265,8791596,10662922,Elaeis oleifera,Arecaceae,Arecales,Magnoliopsida,True,16,32,False,1,Elaeis_oleifera,210313,Archaeplastida,Plants,Monocots,Arecales,Arecaceae,1.0,False,,,False,False,False,False,False,,False,,Chloroplastida
ott173152,Elymus lanceolatus,Elymus lanceolatus,Elymus lanceolatus,species,Chloroplastida,Tracheophyta,Liliopsida,Poales,Poaceae,Elymus,Triticodae; BOP clade; commelinids; Mesangiospermae; Spermatophyta; Euphyllophyta,Elymus; Hordeinae; Triticeae; Triticodae; Pooideae; BOP clade; Poaceae; Poales; commelinids; Petrosaviidae; Liliopsida; Mesangiospermae; Magnoliopsida; Spermatophyta; Euphyllophyta; Tracheophyta; Embryophyta; Streptophyta; Chloroplastida; Archaeplastida; Eukaryota; cellular organisms; life,86019,5290325,10718497,Elymus lanceolatus,Poaceae,Poales,Magnoliopsida,True,14,28,False,1,Elymus_lanceolatus,173152,Archaeplastida,Plants,Monocots,Poales,Poaceae,1.0,False,,,False,False,False,False,False,,False,,Chloroplastida
ott306171,Epinephelus aeneus,Epinephelus aeneus,Epinephelus aeneus,species,Metazoa,Chordata,Actinopteri,Perciformes,Serranidae,Epinephelus,Eupercaria; Percomorphaceae; Euacanthomorphacea; Ctenosquamata; Eurypterygia; Neoteleostei,Epinephelus; Epinephelini; Epinephelinae; Serranidae; Serranoidei; Perciformes; Eupercaria; Percomorphaceae; Euacanthomorphacea; Acanthomorphata; Ctenosquamata; Eurypterygia; Neoteleostei; Euteleosteomorpha; Clupeocephala; Osteoglossocephalai; Teleostei; Neopterygii; Actinopteri; Actinopterygii; Euteleostomi; Teleostomi; Gnathostomata; Vertebrata; Craniata; Chordata; Deuterostomia; Bilateria; Eumetazoa; Metazoa; Holozoa; Opisthokonta; Eukaryota; cellular organisms; life,179536,2388415,10572156,Epinephelus aeneus,Serranidae,Perciformes,Actinopteri,True,24,48,False,1,Epinephelus_aeneus,306171,Opisthokonta ,Animals,Actinopterygii,Perciformes,Serranidae,1.0,False,,,False,False,False,False,False,,False,,Metazoa
ott876088,Epinephelus bruneus,Epinephelus bruneus,Epinephelus bruneus,species,Metazoa,Chordata,Actinopteri,Perciformes,Serranidae,Epinephelus,Eupercaria; Percomorphaceae; Euacanthomorphacea; Ctenosquamata; Eurypterygia; Neoteleostei,Epinephelus; Epinephelini; Epinephelinae; Serranidae; Serranoidei; Perciformes; Eupercaria; Percomorphaceae; Euacanthomorphacea; Acanthomorphata; Ctenosquamata; Eurypterygia; Neoteleostei; Euteleosteomorpha; Clupeocephala; Osteoglossocephalai; Teleostei; Neopterygii; Actinopteri; Actinopterygii; Euteleostomi; Teleostomi; Gnathostomata; Vertebrata; Craniata; Chordata; Deuterostomia; Bilateria; Eumetazoa; Metazoa; Holozoa; Opisthokonta; Eukaryota; cellular organisms; life,323802,2388240,10149075,Epinephelus bruneus,Serranidae,Perciformes,Actinopteri,True,24,48,False,1,Epinephelus_bruneus,876088,Opisthokonta ,Animals,Actinopterygii,Perciformes,Serranidae,1.0,False,,,False,False,False,False,False,,False,,Metazoa
ott457795,Epinephelus coioides,Epinephelus coioides,Epinephelus coioides,species,Metazoa,Chordata,Actinopteri,Perciformes,Serranidae,Epinephelus,Eupercaria; Percomorphaceae; Euacanthomorphacea; Ctenosquamata; Eurypterygia; Neoteleostei,Epinephelus; Epinephelini; Epinephelinae; Serranidae; Serranoidei; Perciformes; Eupercaria; Percomorphaceae; Euacanthomorphacea; Acanthomorphata; Ctenosquamata; Eurypterygia; Neoteleostei; Euteleosteomorpha; Clupeocephala; Osteoglossocephalai; Teleostei; Neopterygii; Actinopteri; Actinopterygii; Euteleostomi; Teleostomi; Gnathostomata; Vertebrata; Craniata; Chordata; Deuterostomia; Bilateria; Eumetazoa; Metazoa; Holozoa; Opisthokonta; Eukaryota; cellular organisms; life,94232,2388213,10717003,Epinephelus coioides,Serranidae,Perciformes,Actinopteri,True,24,48,False,1,Epinephelus_coioides,457795,Opisthokonta ,Animals,Actinopterygii,Perciformes,Serranidae,1.0,False,,,False,False,False,False,False,,False,,Metazoa
ott1068218,Equus caballus,Equus caballus,Equus caballus,species,Metazoa,Chordata,Mammalia,Perissodactyla,Equidae,Equus,Boreoeutheria; Eutheria; Amniota; Dipnotetrapodomorpha; Euteleostomi; Teleostomi,Equus subgenus Equus; Equus; Equidae; Perissodactyla; Laurasiatheria; Boreoeutheria; Eutheria; Theria; Mammalia; Amniota; Tetrapoda; Dipnotetrapodomorpha; Sarcopterygii; Euteleostomi; Teleostomi; Gnathostomata; Vertebrata; Craniata; Chordata; Deuterostomia; Bilateria; Eumetazoa; Metazoa; Holozoa; Opisthokonta; Eukaryota; cellular organisms; life,9796,2440886,10590507,Equus caballus,Equidae,Perissodactyla,Mammalia,True,32,64,False,2,Equus_caballus,1068218,Opisthokonta ,Animals,Mammalia,Perissodactyla,Equidae,1.0,False,,,False,False,False,False,False,,False,,Metazoa
ott1094963,Eragrostis tef,Eragrostis tef,Eragrostis tef,species,Chloroplastida,Tracheophyta,Liliopsida,Poales,Poaceae,Eragrostis,PACMAD clade; commelinids; Mesangiospermae; Spermatophyta; Euphyllophyta; Embryophyta,Eragrostis; Eragrostidinae; Eragrostideae; Chloridoideae; PACMAD clade; Poaceae; Poales; commelinids; Petrosaviidae; Liliopsida; Mesangiospermae; Magnoliopsida; Spermatophyta; Euphyllophyta; Tracheophyta; Embryophyta; Streptophyta; Chloroplastida; Archaeplastida; Eukaryota; cellular organisms; life,110835,2705325,10202627,Eragrostis tef,Poaceae,Poales,Magnoliopsida,True,20,40,False,1,Eragrostis_tef,1094963,Archaeplastida,Plants,Monocots,Poales,Poaceae,1.0,False,,,False,False,False,False,False,,False,,Chloroplastida
ott843929,Eremochloa ophiuroides,Eremochloa ophiuroides,Eremochloa ophiuroides,species,Chloroplastida,Tracheophyta,Liliopsida,Poales,Poaceae,Eremochloa,Andropogonodae; PACMAD clade; commelinids; Mesangiospermae; Spermatophyta; Euphyllophyta,Eremochloa; Rottboelliinae; Andropogoneae; Andropogonodae; Panicoideae; PACMAD clade; Poaceae; Poales; commelinids; Petrosaviidae; Liliopsida; Mesangiospermae; Magnoliopsida; Spermatophyta; Euphyllophyta; Tracheophyta; Embryophyta; Streptophyta; Chloroplastida; Archaeplastida; Eukaryota; cellular organisms; life,866555,2704348,11423456,Eremochloa ophiuroides,Poaceae,Poales,Magnoliopsida,True,9,18,False,1,Eremochloa_ophiuroides,843929,Archaeplastida,Plants,Monocots,Poales,Poaceae,1.0,False,,,False,False,False,False,False,,False,,Chloroplastida
ott207983,Eriobotrya japonica,Eriobotrya japonica,Eriobotrya japonica,species,Chloroplastida,Tracheophyta,Magnoliopsida,Rosales,Rosaceae,Eriobotrya,fabids; rosids; Pentapetalae; Gunneridae; eudicotyledons; Mesangiospermae,Eriobotrya; Maleae; Amygdaloideae; Rosaceae; Rosales; fabids; rosids; Pentapetalae; Gunneridae; eudicotyledons; Mesangiospermae; Magnoliopsida; Spermatophyta; Euphyllophyta; Tracheophyta; Embryophyta; Streptophyta; Chloroplastida; Archaeplastida; Eukaryota; cellular organisms; life,32224,3024146,10183810,Eriobotrya japonica,Rosaceae,Rosales,Magnoliopsida,True,17,34,False,1,Eriobotrya_japonica,207983,Archaeplastida,Plants,Eudicots,Rosales,Rosaceae,1.0,False,,,False,False,False,False,False,,False,,Chloroplastida
ott566723,Eriocheir sinensis,Eriocheir sinensis,Eriocheir sinensis,species,Metazoa,Arthropoda,Malacostraca,Decapoda,Varunidae,Eriocheir,Pancrustacea; Mandibulata; Panarthropoda; Ecdysozoa; Protostomia; Bilateria,Eriocheir; Varuninae; Varunidae; Grapsoidea; Thoracotremata; Eubrachyura; Brachyura; Pleocyemata; Decapoda; Eucarida; Eumalacostraca; Malacostraca; Multicrustacea; Crustacea; Pancrustacea; Mandibulata; Arthropoda; Panarthropoda; Ecdysozoa; Protostomia; Bilateria; Eumetazoa; Metazoa; Holozoa; Opisthokonta; Eukaryota; cellular organisms; life,95602,2225776,10237933,Eriocheir sinensis,Varunidae,Decapoda,Malacostraca,True,73,146,False,1,Eriocheir_sinensis,566723,Opisthokonta ,Animals,Malacostraca,Decapoda,Varunidae,1.0,False,,,False,False,False,False,False,,False,,Metazoa
ott739941,Esox lucius,Esox lucius,Esox lucius,species,Metazoa,Chordata,Actinopteri,Esociformes,Esocidae,Esox,Protacanthopterygii; Clupeocephala; Osteoglossocephalai; Euteleostomi; Teleostomi; Deuterostomia,Esox; Esocidae; Esociformes; Protacanthopterygii; Euteleosteomorpha; Clupeocephala; Osteoglossocephalai; Teleostei; Neopterygii; Actinopteri; Actinopterygii; Euteleostomi; Teleostomi; Gnathostomata; Vertebrata; Craniata; Chordata; Deuterostomia; Bilateria; Eumetazoa; Metazoa; Holozoa; Opisthokonta; Eukaryota; cellular organisms; life,8010,2346633,10148501,Esox lucius,Esocidae,Esociformes,Actinopteri,True,25,50,False,1,Esox_lucius,739941,Opisthokonta ,Animals,Actinopterygii,Esociformes,Esocidae,1.0,False,,,False,False,False,False,False,,False,,Metazoa
ott505234,Eucalyptus camaldulensis,Eucalyptus camaldulensis,Eucalyptus camaldulensis,species,Chloroplastida,Tracheophyta,Magnoliopsida,Myrtales,Myrtaceae,Eucalyptus,malvids; rosids; Pentapetalae; Gunneridae; eudicotyledons; Mesangiospermae,Eucalyptus; Eucalypteae; Myrtoideae; Myrtaceae; Myrtales; malvids; rosids; Pentapetalae; Gunneridae; eudicotyledons; Mesangiospermae; Magnoliopsida; Spermatophyta; Euphyllophyta; Tracheophyta; Embryophyta; Streptophyta; Chloroplastida; Archaeplastida; Eukaryota; cellular organisms; life,34316,3176197,10583009,Eucalyptus camaldulensis,Myrtaceae,Myrtales,Magnoliopsida,True,11,22,False,1,Eucalyptus_camaldulensis,505234,Archaeplastida,Plants,Eudicots,Myrtales,Myrtaceae,1.0,False,,,False,False,False,False,False,,False,,Chloroplastida
ott847929,Eucalyptus globulus,Eucalyptus globulus,Eucalyptus globulus,species,Chloroplastida,Tracheophyta,Magnoliopsida,Myrtales,Myrtaceae,Eucalyptus,malvids; rosids; Pentapetalae; Gunneridae; eudicotyledons; Mesangiospermae,Eucalyptus; Eucalypteae; Myrtoideae; Myrtaceae; Myrtales; malvids; rosids; Pentapetalae; Gunneridae; eudicotyledons; Mesangiospermae; Magnoliopsida; Spermatophyta; Euphyllophyta; Tracheophyta; Embryophyta; Streptophyta; Chloroplastida; Archaeplastida; Eukaryota; cellular organisms; life,34317,3176787,10183969,Eucalyptus globulus,Myrtaceae,Myrtales,Magnoliopsida,True,11,22,False,1,Eucalyptus_globulus,847929,Archaeplastida,Plants,Eudicots,Myrtales,Myrtaceae,1.0,False,,,False,False,False,False,False,,False,,Chloroplastida
ott40959,Eucalyptus grandis,Eucalyptus grandis,Eucalyptus grandis,species,Chloroplastida,Tracheophyta,Magnoliopsida,Myrtales,Myrtaceae,Eucalyptus,malvids; rosids; Pentapetalae; Gunneridae; eudicotyledons; Mesangiospermae,Eucalyptus; Eucalypteae; Myrtoideae; Myrtaceae; Myrtales; malvids; rosids; Pentapetalae; Gunneridae; eudicotyledons; Mesangiospermae; Magnoliopsida; Spermatophyta; Euphyllophyta; Tracheophyta; Embryophyta; Streptophyta; Chloroplastida; Archaeplastida; Eukaryota; cellular organisms; life,71139,3177028,11311417,Eucalyptus grandis,Myrtaceae,Myrtales,Magnoliopsida,True,11,22,False,1,Eucalyptus_grandis,40959,Archaeplastida,Plants,Eudicots,Myrtales,Myrtaceae,1.0,False,,,False,False,False,False,False,,False,,Chloroplastida
ott173799,Eucalyptus tereticornis,Eucalyptus tereticornis,Eucalyptus tereticornis,species,Chloroplastida,Tracheophyta,Magnoliopsida,Myrtales,Myrtaceae,Eucalyptus,malvids; rosids; Pentapetalae; Gunneridae; eudicotyledons; Mesangiospermae,Eucalyptus; Eucalypteae; Myrtoideae; Myrtaceae; Myrtales; malvids; rosids; Pentapetalae; Gunneridae; eudicotyledons; Mesangiospermae; Magnoliopsida; Spermatophyta; Euphyllophyta; Tracheophyta; Embryophyta; Streptophyta; Chloroplastida; Archaeplastida; Eukaryota; cellular organisms; life,183855,3176719,10180142,Eucalyptus tereticornis,Myrtaceae,Myrtales,Magnoliopsida,True,11,22,False,1,Eucalyptus_tereticornis,173799,Archaeplastida,Plants,Eudicots,Myrtales,Myrtaceae,1.0,False,,,False,False,False,False,False,,False,,Chloroplastida
ott1049231,Eucalyptus urophylla,Eucalyptus urophylla,Eucalyptus urophylla,species,Chloroplastida,Tracheophyta,Magnoliopsida,Myrtales,Myrtaceae,Eucalyptus,malvids; rosids; Pentapetalae; Gunneridae; eudicotyledons; Mesangiospermae,Eucalyptus; Eucalypteae; Myrtoideae; Myrtaceae; Myrtales; malvids; rosids; Pentapetalae; Gunneridae; eudicotyledons; Mesangiospermae; Magnoliopsida; Spermatophyta; Euphyllophyta; Tracheophyta; Embryophyta; Streptophyta; Chloroplastida; Archaeplastida; Eukaryota; cellular organisms; life,99020,3176605,11211918,Eucalyptus urophylla,Myrtaceae,Myrtales,Magnoliopsida,True,11,22,False,1,Eucalyptus_urophylla,1049231,Archaeplastida,Plants,Eudicots,Myrtales,Myrtaceae,1.0,False,,,False,False,False,False,False,,False,,Chloroplastida
ott743836,Eucommia ulmoides,Eucommia ulmoides,Eucommia ulmoides,species,Chloroplastida,Tracheophyta,Magnoliopsida,Garryales,Eucommiaceae,Eucommia,lamiids; asterids; Pentapetalae; Gunneridae; eudicotyledons; Mesangiospermae,Eucommia; Eucommiaceae; Garryales; lamiids; asterids; Pentapetalae; Gunneridae; eudicotyledons; Mesangiospermae; Magnoliopsida; Spermatophyta; Euphyllophyta; Tracheophyta; Embryophyta; Streptophyta; Chloroplastida; Archaeplastida; Eukaryota; cellular organisms; life,4392,3723584,,Eucommia ulmoides,Eucommiaceae,Garryales,Magnoliopsida,True,17,34,False,1,Eucommia_ulmoides,743836,Archaeplastida,Plants,Eudicots,Garryales,Eucommiaceae,1.0,False,,,False,False,False,False,False,,False,,Chloroplastida
ott904381,Fagopyrum esculentum,Fagopyrum esculentum,Fagopyrum esculentum,species,Chloroplastida,Tracheophyta,Magnoliopsida,Caryophyllales,Polygonaceae,Fagopyrum,Pentapetalae; Gunneridae; eudicotyledons; Mesangiospermae; Spermatophyta; Euphyllophyta,Fagopyrum; Fagopyreae; Polygonoideae; Polygonaceae; Caryophyllales; Pentapetalae; Gunneridae; eudicotyledons; Mesangiospermae; Magnoliopsida; Spermatophyta; Euphyllophyta; Tracheophyta; Embryophyta; Streptophyta; Chloroplastida; Archaeplastida; Eukaryota; cellular organisms; life,3617,2889373,11280757,Fagopyrum esculentum,Polygonaceae,Caryophyllales,Magnoliopsida,True,8,16,False,1,Fagopyrum_esculentum,904381,Archaeplastida,Plants,Eudicots,Caryophyllales,Polygonaceae,1.0,False,,,False,False,False,False,False,,False,,Chloroplastida
ott563163,Felis silvestris,Felis silvestris,Felis silvestris,species,Metazoa,Chordata,Mammalia,Carnivora,Felidae,Felis,Boreoeutheria; Eutheria; Amniota; Dipnotetrapodomorpha; Euteleostomi; Teleostomi,Felis; Felinae; Felidae; Feliformia; Carnivora; Laurasiatheria; Boreoeutheria; Eutheria; Theria; Mammalia; Amniota; Tetrapoda; Dipnotetrapodomorpha; Sarcopterygii; Euteleostomi; Teleostomi; Gnathostomata; Vertebrata; Craniata; Chordata; Deuterostomia; Bilateria; Eumetazoa; Metazoa; Holozoa; Opisthokonta; Eukaryota; cellular organisms; life,9683,7964291,10201332,Felis silvestris,Felidae,Carnivora,Mammalia,True,19,38,False,1,Felis_silvestris,563163,Opisthokonta ,Animals,Mammalia,Carnivora,Felidae,1.0,False,,,False,False,False,False,False,,False,,Metazoa
ott475468,Fenneropenaeus chinensis,Penaeus chinensis,Penaeus chinensis,species,Metazoa,Arthropoda,Malacostraca,Decapoda,Penaeidae,Penaeus,Pancrustacea; Mandibulata; Panarthropoda; Ecdysozoa; Protostomia; Bilateria,Penaeus; Penaeidae; Penaeoidea; Dendrobranchiata; Decapoda; Eucarida; Eumalacostraca; Malacostraca; Multicrustacea; Crustacea; Pancrustacea; Mandibulata; Arthropoda; Panarthropoda; Ecdysozoa; Protostomia; Bilateria; Eumetazoa; Metazoa; Holozoa; Opisthokonta; Eukaryota; cellular organisms; life,139456,2223709,10486299,Penaeus chinensis,Penaeidae,Decapoda,Malacostraca,True,44,88,False,1,Fenneropenaeus_chinensis,1076853,Opisthokonta ,Animals,Malacostraca,Decapoda,Penaeidae,1.0,True,same_genus_diff_species,Stored id was 'Penaeus sp. HCCP-2002'; name now resolves to 'Penaeus chinensis'.,True,False,False,False,False,,True,Same OTT taxon (ott475468) as: Penaeus chinensis. These are the same organism under different names and should be merged in maps.csv.,Metazoa
ott105576,Festuca arundinacea,Festuca arundinacea,Festuca arundinacea,species,Chloroplastida,Tracheophyta,Liliopsida,Poales,Poaceae,Festuca,Poeae Chloroplast Group 2 (Poeae type); Poodae; BOP clade; commelinids; Mesangiospermae; Spermatophyta,Festuca; Loliinae; Poeae Chloroplast Group 2 (Poeae type); Poeae; Poodae; Pooideae; BOP clade; Poaceae; Poales; commelinids; Petrosaviidae; Liliopsida; Mesangiospermae; Magnoliopsida; Spermatophyta; Euphyllophyta; Tracheophyta; Embryophyta; Streptophyta; Chloroplastida; Archaeplastida; Eukaryota; cellular organisms; life,4606,,,Lolium arundinaceum,Poaceae,Poales,Magnoliopsida,True,21,42,False,1,Festuca_arundinacea,105576,Archaeplastida,Plants,Monocots,Poales,Poaceae,1.0,False,,,False,False,False,False,False,,False,,Chloroplastida
ott107840,Ficedula albicollis,Ficedula albicollis,Ficedula albicollis,species,Metazoa,Chordata,Aves,Passeriformes,Muscicapidae,Ficedula,Coelurosauria; Theropoda; Archosauria; Archelosauria; Sauropsida; Amniota,Ficedula; Muscicapidae; Passeriformes; Neognathae; Aves; Coelurosauria; Theropoda; Saurischia; Dinosauria; Archosauria; Archelosauria; Sauria; Sauropsida; Amniota; Tetrapoda; Dipnotetrapodomorpha; Sarcopterygii; Euteleostomi; Teleostomi; Gnathostomata; Vertebrata; Craniata; Chordata; Deuterostomia; Bilateria; Eumetazoa; Metazoa; Holozoa; Opisthokonta; Eukaryota; cellular organisms; life,59894,2492601,10731172,Ficedula albicollis,Muscicapidae,Passeriformes,Aves,True,30,60,False,2,Ficedula_albicollis,107840,Opisthokonta ,Animals,Aves,Passeriformes,Muscicapidae,1.0,False,,,False,False,False,False,False,,False,,Metazoa
ott555467,Fragaria iinumae,Fragaria iinumae,Fragaria iinumae,species,Chloroplastida,Tracheophyta,Magnoliopsida,Rosales,Rosaceae,Fragaria,fabids; rosids; Pentapetalae; Gunneridae; eudicotyledons; Mesangiospermae,Fragaria; Fragariinae; Potentilleae; Rosoideae; Rosaceae; Rosales; fabids; rosids; Pentapetalae; Gunneridae; eudicotyledons; Mesangiospermae; Magnoliopsida; Spermatophyta; Euphyllophyta; Tracheophyta; Embryophyta; Streptophyta; Chloroplastida; Archaeplastida; Eukaryota; cellular organisms; life,64939,3029930,10187413,Fragaria iinumae,Rosaceae,Rosales,Magnoliopsida,True,7,14,False,1,Fragaria_iinumae,555467,Archaeplastida,Plants,Eudicots,Rosales,Rosaceae,1.0,False,,,False,False,False,False,False,,False,,Chloroplastida
ott852873,Fragaria vesca,Fragaria vesca,Fragaria vesca,species,Chloroplastida,Tracheophyta,Magnoliopsida,Rosales,Rosaceae,Fragaria,fabids; rosids; Pentapetalae; Gunneridae; eudicotyledons; Mesangiospermae,Fragaria; Fragariinae; Potentilleae; Rosoideae; Rosaceae; Rosales; fabids; rosids; Pentapetalae; Gunneridae; eudicotyledons; Mesangiospermae; Magnoliopsida; Spermatophyta; Euphyllophyta; Tracheophyta; Embryophyta; Streptophyta; Chloroplastida; Archaeplastida; Eukaryota; cellular organisms; life,57918,3029817,10183601,Fragaria vesca,Rosaceae,Rosales,Magnoliopsida,True,7,14,False,1,Fragaria_vesca,852873,Archaeplastida,Plants,Eudicots,Rosales,Rosaceae,1.0,False,,,False,False,False,False,False,,False,,Chloroplastida
ott3904118,Fragaria xananassa,Fragaria x ananassa,Fragaria x ananassa,species,Chloroplastida,Tracheophyta,Magnoliopsida,Rosales,Rosaceae,Fragaria,fabids; rosids; Pentapetalae; Gunneridae; eudicotyledons; Mesangiospermae,Fragaria; Fragariinae; Potentilleae; Rosoideae; Rosaceae; Rosales; fabids; rosids; Pentapetalae; Gunneridae; eudicotyledons; Mesangiospermae; Magnoliopsida; Spermatophyta; Euphyllophyta; Tracheophyta; Embryophyta; Streptophyta; Chloroplastida; Archaeplastida; Eukaryota; cellular organisms; life,3747,3029912,,Fragaria x ananassa,Rosaceae,Rosales,Magnoliopsida,True,28,56,False,1,Fragaria_xananassa,3904118,Archaeplastida,Plants,Eudicots,Rosales,Rosaceae,1.0,False,,,True,False,False,False,False,,False,,Chloroplastida
ott955281,Fusarium circinatum,Gibberella circinata,Gibberella circinata,species,Fungi,Ascomycota,Sordariomycetes,Hypocreales,Nectriaceae,Gibberella,Sordariomyceta; Leotiomyceta; saccharomyceta; h2007-1; h2007-2; Nucletmycea,Gibberella; Nectriaceae; Hypocreales; Sordariomycetes; Sordariomyceta; Leotiomyceta; Pezizomycotina; saccharomyceta; Ascomycota; Dikarya; h2007-1; h2007-2; Fungi; Nucletmycea; Opisthokonta; Eukaryota; cellular organisms; life,48490,5252196,10872719,Fusarium circinatum,Nectriaceae,Hypocreales,Sordariomycetes,True,11,22,False,1,Fusarium_circinatum,75556,Opisthokonta ,Fungi,Sordariomycetes,Hypocreales,Nectriaceae,1.0,True,different_taxon,Stored id was 'Fusarium circinatum FSP 34' (no rank - terminal); name resolves to 'Gibberella circinata'.,True,False,False,False,False,,False,,Fungi
ott264388,Fusarium graminearum,Gibberella zeae,Gibberella zeae,species,Fungi,Ascomycota,Sordariomycetes,Hypocreales,Nectriaceae,Gibberella,Sordariomyceta; Leotiomyceta; saccharomyceta; h2007-1; h2007-2; Nucletmycea,Gibberella; Nectriaceae; Hypocreales; Sordariomycetes; Sordariomyceta; Leotiomyceta; Pezizomycotina; saccharomyceta; Ascomycota; Dikarya; h2007-1; h2007-2; Fungi; Nucletmycea; Opisthokonta; Eukaryota; cellular organisms; life,5518,5251676,10645104,Fusarium graminearum,Nectriaceae,Hypocreales,Sordariomycetes,True,4,8,False,1,Fusarium_graminearum,5726284,Opisthokonta ,Fungi,Sordariomycetes,Hypocreales,Nectriaceae,1.0,True,different_taxon,Stored id was 'Fusarium graminearum CS3005' (no rank - terminal); name resolves to 'Gibberella zeae'.,True,False,False,False,False,,False,,Fungi
ott404217,Fusarium oxysporum,Fusarium oxysporum,Fusarium oxysporum,species,Fungi,Ascomycota,Sordariomycetes,Hypocreales,Nectriaceae,Fusarium,Sordariomyceta; Leotiomyceta; saccharomyceta; h2007-1; h2007-2; Nucletmycea,Fusarium; Nectriaceae; Hypocreales; Sordariomycetes; Sordariomyceta; Leotiomyceta; Pezizomycotina; saccharomyceta; Ascomycota; Dikarya; h2007-1; h2007-2; Fungi; Nucletmycea; Opisthokonta; Eukaryota; cellular organisms; life,96317,5251961,11313719,Fusarium oxysporum f. sp. matthiolae,Nectriaceae,Hypocreales,Sordariomycetes,True,15,30,False,1,Fusarium_oxysporum,731146,Opisthokonta ,Fungi,Sordariomycetes,Hypocreales,Nectriaceae,1.0,True,same_genus_diff_species,Stored id was 'Fusarium oxysporum species complex'; name now resolves to 'Fusarium oxysporum'.,False,False,False,False,False,,False,,Fungi
ott584890,Fusarium verticillioides,Gibberella fujikuroi,Gibberella fujikuroi,species,Fungi,Ascomycota,Sordariomycetes,Hypocreales,Nectriaceae,Gibberella,Sordariomyceta; Leotiomyceta; saccharomyceta; h2007-1; h2007-2; Nucletmycea,Gibberella; Nectriaceae; Hypocreales; Sordariomycetes; Sordariomyceta; Leotiomyceta; Pezizomycotina; saccharomyceta; Ascomycota; Dikarya; h2007-1; h2007-2; Fungi; Nucletmycea; Opisthokonta; Eukaryota; cellular organisms; life,278163,,10646190,[Gibberella] fujikuroi var. intermedia,Nectriaceae,Hypocreales,Sordariomycetes,True,11,22,False,1,Fusarium_verticillioides,966934,Opisthokonta ,Fungi,Sordariomycetes,Hypocreales,Nectriaceae,1.0,True,different_taxon,Stored id was 'Fusarium verticillioides 7600' (no rank - terminal); name resolves to 'Gibberella fujikuroi'.,True,False,False,False,False,,False,,Fungi
ott114170,Gadus morhua,Gadus morhua,Gadus morhua (species in domain Eukaryota),species,Metazoa,Chordata,Actinopteri,Gadiformes,Gadidae,Gadus,Gadariae; Zeiogadaria; Paracanthomorphacea; Ctenosquamata; Eurypterygia; Neoteleostei,Gadus; Gadidae; Gadoidei; Gadiformes; Gadariae; Zeiogadaria; Paracanthomorphacea; Acanthomorphata; Ctenosquamata; Eurypterygia; Neoteleostei; Euteleosteomorpha; Clupeocephala; Osteoglossocephalai; Teleostei; Neopterygii; Actinopteri; Actinopterygii; Euteleostomi; Teleostomi; Gnathostomata; Vertebrata; Craniata; Chordata; Deuterostomia; Bilateria; Eumetazoa; Metazoa; Holozoa; Opisthokonta; Eukaryota; cellular organisms; life,8049,8084280,11195684,Gadus morhua,Gadidae,Gadiformes,Actinopteri,True,23,46,False,1,Gadus_morhua,114170,Opisthokonta ,Animals,Actinopterygii,Gadiformes,Gadidae,1.0,False,,,False,False,False,False,False,,False,,Metazoa
ott153563,Gallus gallus,Gallus gallus,Gallus gallus,species,Metazoa,Chordata,Aves,Galliformes,Phasianidae,Gallus,Coelurosauria; Theropoda; Archosauria; Archelosauria; Sauropsida; Amniota,Gallus; Phasianinae; Phasianidae; Galliformes; Galloanserae; Neognathae; Aves; Coelurosauria; Theropoda; Saurischia; Dinosauria; Archosauria; Archelosauria; Sauria; Sauropsida; Amniota; Tetrapoda; Dipnotetrapodomorpha; Sarcopterygii; Euteleostomi; Teleostomi; Gnathostomata; Vertebrata; Craniata; Chordata; Deuterostomia; Bilateria; Eumetazoa; Metazoa; Holozoa; Opisthokonta; Eukaryota; cellular organisms; life,9031,9326020,11181863,Gallus gallus,Phasianidae,Galliformes,Aves,True,35,70,False,2,Gallus_gallus,153563,Opisthokonta ,Animals,Aves,Galliformes,Phasianidae,1.0,False,,,False,False,False,False,False,,False,,Metazoa
ott401066,Gasterosteus aculeatus,Gasterosteus aculeatus,Gasterosteus aculeatus,species,Metazoa,Chordata,Actinopteri,Perciformes,Gasterosteidae,Gasterosteus,Eupercaria; Percomorphaceae; Euacanthomorphacea; Ctenosquamata; Eurypterygia; Neoteleostei,Gasterosteus; Gasterosteidae; Gasterosteales; Cottioidei; Perciformes; Eupercaria; Percomorphaceae; Euacanthomorphacea; Acanthomorphata; Ctenosquamata; Eurypterygia; Neoteleostei; Euteleosteomorpha; Clupeocephala; Osteoglossocephalai; Teleostei; Neopterygii; Actinopteri; Actinopterygii; Euteleostomi; Teleostomi; Gnathostomata; Vertebrata; Craniata; Chordata; Deuterostomia; Bilateria; Eumetazoa; Metazoa; Holozoa; Opisthokonta; Eukaryota; cellular organisms; life,69293,4286327,10148243,Gasterosteus aculeatus,Gasterosteidae,Perciformes,Actinopteri,True,22,44,False,2,Gasterosteus_aculeatus,401066,Opisthokonta ,Animals,Actinopterygii,Gasterosteiformes,Gasterosteidae,1.0,False,,,False,False,False,False,False,,False,,Metazoa
ott717875,Gentiana scabra,Gentiana scabra,Gentiana scabra,species,Chloroplastida,Tracheophyta,Magnoliopsida,Gentianales,Gentianaceae,Gentiana,lamiids; asterids; Pentapetalae; Gunneridae; eudicotyledons; Mesangiospermae,Gentiana; Gentianinae; Gentianeae; Gentianaceae; Gentianales; lamiids; asterids; Pentapetalae; Gunneridae; eudicotyledons; Mesangiospermae; Magnoliopsida; Spermatophyta; Euphyllophyta; Tracheophyta; Embryophyta; Streptophyta; Chloroplastida; Archaeplastida; Eukaryota; cellular organisms; life,292393,7270205,,Gentiana scabra,Gentianaceae,Gentianales,Magnoliopsida,True,13,26,False,1,Gentiana_scabra,717875,Archaeplastida,Plants,Eudicots,Gentianales,Gentianaceae,1.0,False,,,False,False,False,False,False,,False,,Chloroplastida
ott232963,Globodera rostochiensis,Globodera rostochiensis,Globodera rostochiensis,species,Metazoa,Nematoda,Chromadorea,Rhabditida,Heteroderidae,Globodera,Ecdysozoa; Protostomia; Bilateria; Eumetazoa; Holozoa; Opisthokonta,Globodera; Heteroderinae; Heteroderidae; Tylenchoidea; Tylenchomorpha; Tylenchina; Rhabditida; Chromadorea; Nematoda; Ecdysozoa; Protostomia; Bilateria; Eumetazoa; Metazoa; Holozoa; Opisthokonta; Eukaryota; cellular organisms; life,31243,5188667,11478029,Globodera rostochiensis,Heteroderidae,Rhabditida,Chromadorea,True,9,18,False,1,Globodera_rostochiensis,232963,Opisthokonta ,Animals,Secernentea,Tylenchida,Heteroderidae,1.0,False,,,False,False,False,False,False,,False,,Metazoa
ott681762,Glycine max,Glycine max,Glycine max,species,Chloroplastida,Tracheophyta,Magnoliopsida,Fabales,Fabaceae,Glycine,indigoferoid/millettioid clade; NPAAA clade; 50 kb inversion clade; fabids; rosids; Pentapetalae,Soja; Glycine; Phaseoleae; indigoferoid/millettioid clade; NPAAA clade; 50 kb inversion clade; Papilionoideae; Fabaceae; Fabales; fabids; rosids; Pentapetalae; Gunneridae; eudicotyledons; Mesangiospermae; Magnoliopsida; Spermatophyta; Euphyllophyta; Tracheophyta; Embryophyta; Streptophyta; Chloroplastida; Archaeplastida; Eukaryota; cellular organisms; life,3847,5359660,10799207,Glycine max,Fabaceae,Fabales,Magnoliopsida,True,20,40,False,2,Glycine_max,681762,Archaeplastida,Plants,Eudicots,Fabales,Fabaceae,1.0,False,,,False,False,False,False,False,,False,,Chloroplastida
ott325187,Gnathopogon caerulescens,Gnathopogon caerulescens,Gnathopogon caerulescens,species,Metazoa,Chordata,Actinopteri,Cypriniformes,Cyprinidae,Gnathopogon,Otophysi; Clupeocephala; Osteoglossocephalai; Euteleostomi; Teleostomi; Deuterostomia,Gnathopogon; Cyprinidae; Cyprinoidei; Cypriniformes; Cypriniphysae; Otophysi; Ostariophysi; Otomorpha; Clupeocephala; Osteoglossocephalai; Teleostei; Neopterygii; Actinopteri; Actinopterygii; Euteleostomi; Teleostomi; Gnathostomata; Vertebrata; Craniata; Chordata; Deuterostomia; Bilateria; Eumetazoa; Metazoa; Holozoa; Opisthokonta; Eukaryota; cellular organisms; life,435243,2366325,10454794,Gnathopogon caerulescens,Gobionidae,Cypriniformes,Actinopteri,False,25,50,False,1,Gnathopogon_caerulescens,325187,Opisthokonta ,Animals,Actinopterygii,Cypriniformes,Cyprinidae,1.0,False,,,False,False,False,False,False,,False,,Metazoa
ott625750,Gossypium arboreum,Gossypium arboreum,Gossypium arboreum,species,Chloroplastida,Tracheophyta,Magnoliopsida,Malvales,Malvaceae,Gossypium,malvids; rosids; Pentapetalae; Gunneridae; eudicotyledons; Mesangiospermae,Gossypium; Malvoideae; Malvaceae; Malvales; malvids; rosids; Pentapetalae; Gunneridae; eudicotyledons; Mesangiospermae; Magnoliopsida; Spermatophyta; Euphyllophyta; Tracheophyta; Embryophyta; Streptophyta; Chloroplastida; Archaeplastida; Eukaryota; cellular organisms; life,29729,3152663,10206018,Gossypium arboreum,Malvaceae,Malvales,Magnoliopsida,True,13,26,False,1,Gossypium_arboreum,625750,Archaeplastida,Plants,Eudicots,Malvales,Malvaceae,1.0,False,,,False,False,False,False,False,,False,,Chloroplastida
ott854476,Gossypium barbadense,Gossypium barbadense,Gossypium barbadense,species,Chloroplastida,Tracheophyta,Magnoliopsida,Malvales,Malvaceae,Gossypium,malvids; rosids; Pentapetalae; Gunneridae; eudicotyledons; Mesangiospermae,Gossypium; Malvoideae; Malvaceae; Malvales; malvids; rosids; Pentapetalae; Gunneridae; eudicotyledons; Mesangiospermae; Magnoliopsida; Spermatophyta; Euphyllophyta; Tracheophyta; Embryophyta; Streptophyta; Chloroplastida; Archaeplastida; Eukaryota; cellular organisms; life,3634,8732615,10763208,Gossypium barbadense,Malvaceae,Malvales,Magnoliopsida,True,26,52,False,1,Gossypium_barbadense,854476,Archaeplastida,Plants,Eudicots,Malvales,Malvaceae,1.0,False,,,False,False,False,False,False,,False,,Chloroplastida
ott854480,Gossypium hirsutum,Gossypium hirsutum,Gossypium hirsutum,species,Chloroplastida,Tracheophyta,Magnoliopsida,Malvales,Malvaceae,Gossypium,malvids; rosids; Pentapetalae; Gunneridae; eudicotyledons; Mesangiospermae,Gossypium; Malvoideae; Malvaceae; Malvales; malvids; rosids; Pentapetalae; Gunneridae; eudicotyledons; Mesangiospermae; Magnoliopsida; Spermatophyta; Euphyllophyta; Tracheophyta; Embryophyta; Streptophyta; Chloroplastida; Archaeplastida; Eukaryota; cellular organisms; life,3635,3933540,10597697,Gossypium hirsutum,Malvaceae,Malvales,Magnoliopsida,True,26,52,False,1,Gossypium_hirsutum,854480,Archaeplastida,Plants,Eudicots,Malvales,Malvaceae,1.0,False,,,False,False,False,False,False,,False,,Chloroplastida
ott79347,Gossypium raimondii,Gossypium raimondii,Gossypium raimondii,species,Chloroplastida,Tracheophyta,Magnoliopsida,Malvales,Malvaceae,Gossypium,malvids; rosids; Pentapetalae; Gunneridae; eudicotyledons; Mesangiospermae,Gossypium; Malvoideae; Malvaceae; Malvales; malvids; rosids; Pentapetalae; Gunneridae; eudicotyledons; Mesangiospermae; Magnoliopsida; Spermatophyta; Euphyllophyta; Tracheophyta; Embryophyta; Streptophyta; Chloroplastida; Archaeplastida; Eukaryota; cellular organisms; life,29730,3933091,,Gossypium raimondii,Malvaceae,Malvales,Magnoliopsida,True,13,26,False,2,Gossypium_raimondii,79347,Archaeplastida,Plants,Eudicots,Malvales,Malvaceae,1.0,False,,,False,False,False,False,False,,False,,Chloroplastida
ott733231,Gossypium tomentosum,Gossypium tomentosum,Gossypium tomentosum,species,Chloroplastida,Tracheophyta,Magnoliopsida,Malvales,Malvaceae,Gossypium,malvids; rosids; Pentapetalae; Gunneridae; eudicotyledons; Mesangiospermae,Gossypium; Malvoideae; Malvaceae; Malvales; malvids; rosids; Pentapetalae; Gunneridae; eudicotyledons; Mesangiospermae; Magnoliopsida; Spermatophyta; Euphyllophyta; Tracheophyta; Embryophyta; Streptophyta; Chloroplastida; Archaeplastida; Eukaryota; cellular organisms; life,34277,3152655,10197288,Gossypium tomentosum,Malvaceae,Malvales,Magnoliopsida,True,26,52,False,1,Gossypium_tomentosum,733231,Archaeplastida,Plants,Eudicots,Malvales,Malvaceae,1.0,False,,,False,False,False,False,False,,False,,Chloroplastida
ott780542,Haliotis diversicolor,Haliotis diversicolor,Haliotis diversicolor,species,Metazoa,Mollusca,Gastropoda,,Haliotidae,Haliotis,Lophotrochozoa; Protostomia; Bilateria; Eumetazoa; Holozoa; Opisthokonta,Haliotis; Haliotidae; Haliotoidea; Vetigastropoda; Gastropoda; Mollusca; Lophotrochozoa; Protostomia; Bilateria; Eumetazoa; Metazoa; Holozoa; Opisthokonta; Eukaryota; cellular organisms; life,36095,4615981,10528839,Haliotis diversicolor,Haliotidae,Lepetellida,Gastropoda,True,16,32,False,1,Haliotis_diversicolor,780542,Opisthokonta ,Animals,Gastropoda,Vetigastropoda,Halliotidae,1.0,False,,,False,False,False,False,True,typo/spelling in source file,False,,Metazoa
ott780532,Haliotis midae,Haliotis midae,Haliotis midae,species,Metazoa,Mollusca,Gastropoda,,Haliotidae,Haliotis,Lophotrochozoa; Protostomia; Bilateria; Eumetazoa; Holozoa; Opisthokonta,Haliotis; Haliotidae; Haliotoidea; Vetigastropoda; Gastropoda; Mollusca; Lophotrochozoa; Protostomia; Bilateria; Eumetazoa; Metazoa; Holozoa; Opisthokonta; Eukaryota; cellular organisms; life,36098,4357751,10736020,Haliotis midae,Haliotidae,Lepetellida,Gastropoda,True,18,36,False,1,Haliotis_midae,780532,Opisthokonta ,Animals,Gastropoda,Vetigastropoda,Halliotidae,1.0,False,,,False,False,False,False,True,typo/spelling in source file,False,,Metazoa
ott695282,Haliotis rubra,Haliotis rubra,Haliotis rubra,species,Metazoa,Mollusca,Gastropoda,,Haliotidae,Haliotis,Lophotrochozoa; Protostomia; Bilateria; Eumetazoa; Holozoa; Opisthokonta,Haliotis; Haliotidae; Haliotoidea; Vetigastropoda; Gastropoda; Mollusca; Lophotrochozoa; Protostomia; Bilateria; Eumetazoa; Metazoa; Holozoa; Opisthokonta; Eukaryota; cellular organisms; life,36100,4615980,10528253,Haliotis rubra,Haliotidae,Lepetellida,Gastropoda,True,,,False,1,Haliotis_rubra,695282,Opisthokonta ,Animals,Gastropoda,Vetigastropoda,Halliotidae,1.0,False,,,False,False,False,False,True,typo/spelling in source file,False,,Metazoa
ott138490,Haplochromis chilotes,Haplochromis chilotes,Haplochromis chilotes,species,Metazoa,Chordata,Actinopteri,Cichliformes,Cichlidae,Haplochromis,African cichlids; Ovalentaria; Percomorphaceae; Euacanthomorphacea; Ctenosquamata; Eurypterygia,Haplochromis; Haplochromini; Pseudocrenilabrinae; African cichlids; Cichlidae; Cichliformes; Cichlomorphae; Ovalentaria; Percomorphaceae; Euacanthomorphacea; Acanthomorphata; Ctenosquamata; Eurypterygia; Neoteleostei; Euteleosteomorpha; Clupeocephala; Osteoglossocephalai; Teleostei; Neopterygii; Actinopteri; Actinopterygii; Euteleostomi; Teleostomi; Gnathostomata; Vertebrata; Craniata; Chordata; Deuterostomia; Bilateria; Eumetazoa; Metazoa; Holozoa; Opisthokonta; Eukaryota; cellular organisms; life,257977,2373309,10958611,Haplochromis chilotes,Cichlidae,Cichliformes,Actinopteri,True,22,44,False,1,Haplochromis_chilotes,138490,Opisthokonta ,Animals,Actinopterygii,Perciformes,Cichlidae,1.0,False,,,False,False,False,False,False,,False,,Metazoa
ott685068,Haplochromis sauvagei,Haplochromis sauvagei,Haplochromis sauvagei,species,Metazoa,Chordata,Actinopteri,Cichliformes,Cichlidae,Haplochromis,African cichlids; Ovalentaria; Percomorphaceae; Euacanthomorphacea; Ctenosquamata; Eurypterygia,Haplochromis; Haplochromini; Pseudocrenilabrinae; African cichlids; Cichlidae; Cichliformes; Cichlomorphae; Ovalentaria; Percomorphaceae; Euacanthomorphacea; Acanthomorphata; Ctenosquamata; Eurypterygia; Neoteleostei; Euteleosteomorpha; Clupeocephala; Osteoglossocephalai; Teleostei; Neopterygii; Actinopteri; Actinopterygii; Euteleostomi; Teleostomi; Gnathostomata; Vertebrata; Craniata; Chordata; Deuterostomia; Bilateria; Eumetazoa; Metazoa; Holozoa; Opisthokonta; Eukaryota; cellular organisms; life,77313,2373386,10796311,Haplochromis sauvagei,Cichlidae,Cichliformes,Actinopteri,True,22,44,False,1,Haplochromis_sauvagei,685068,Opisthokonta ,Animals,Actinopterygii,Perciformes,Cichlidae,1.0,False,,,False,False,False,False,False,,False,,Metazoa
ott515712,Helianthus annuus,Helianthus annuus,Helianthus annuus,species,Chloroplastida,Tracheophyta,Magnoliopsida,Asterales,Asteraceae,Helianthus,Heliantheae alliance; asterids; Pentapetalae; Gunneridae; eudicotyledons; Mesangiospermae,Helianthus; Heliantheae; Heliantheae alliance; Asteroideae; Asteraceae; Asterales; campanulids; asterids; Pentapetalae; Gunneridae; eudicotyledons; Mesangiospermae; Magnoliopsida; Spermatophyta; Euphyllophyta; Tracheophyta; Embryophyta; Streptophyta; Chloroplastida; Archaeplastida; Eukaryota; cellular organisms; life,4232,9206251,10209455,Helianthus annuus,Asteraceae,Asterales,Magnoliopsida,True,17,34,False,1,Helianthus_annuus,515712,Archaeplastida,Plants,Eudicots,Asterales,Asteraceae,1.0,False,,,False,False,False,False,False,,False,,Chloroplastida
ott896444,Heliconius melpomene,Heliconius melpomene,Heliconius melpomene,species,Metazoa,Arthropoda,Insecta,Lepidoptera,Nymphalidae,Heliconius,Obtectomera; Ditrysia; Dicondylia; Pancrustacea; Mandibulata; Panarthropoda,Heliconius; Heliconiini; Heliconiinae; Nymphalidae; Papilionoidea; Obtectomera; Ditrysia; Heteroneura; Neolepidoptera; Glossata; Lepidoptera; Amphiesmenoptera; Holometabola; Neoptera; Pterygota; Dicondylia; Insecta; Hexapoda; Pancrustacea; Mandibulata; Arthropoda; Panarthropoda; Ecdysozoa; Protostomia; Bilateria; Eumetazoa; Metazoa; Holozoa; Opisthokonta; Eukaryota; cellular organisms; life,34740,1900303,10271441,Heliconius melpomene,Nymphalidae,Lepidoptera,Insecta,True,21,42,False,2,Heliconius_melpomene,896444,Opisthokonta ,Animals,Insecta,Lepidoptera,Nymphalidae,1.0,False,,,False,False,False,False,False,,False,,Metazoa
ott1072058,Heterobasidion annosum,Heterobasidion annosum,Heterobasidion annosum,species,Fungi,Basidiomycota,Agaricomycetes,Russulales,Bondarzewiaceae,Heterobasidion,h2007-1; h2007-2; Nucletmycea; Opisthokonta; cellular organisms; life,Heterobasidion; Bondarzewiaceae; Russulales; Agaricomycetes; Agaricomycotina; Basidiomycota; Dikarya; h2007-1; h2007-2; Fungi; Nucletmycea; Opisthokonta; Eukaryota; cellular organisms; life,13563,2551968,11163717,Heterobasidion annosum,Bondarzewiaceae,Russulales,Agaricomycetes,True,,,False,1,Heterobasidion_annosum,1072058,Opisthokonta ,Fungi,Agaricomycetes,Russulales,Bondarzewiaceae,1.0,False,,,False,False,False,False,False,,False,,Fungi
ott332065,Heterodera glycines,Heterodera glycines,Heterodera glycines,species,Metazoa,Nematoda,Chromadorea,Rhabditida,Heteroderidae,Heterodera,Ecdysozoa; Protostomia; Bilateria; Eumetazoa; Holozoa; Opisthokonta,Heterodera; Heteroderinae; Heteroderidae; Tylenchoidea; Tylenchomorpha; Tylenchina; Rhabditida; Chromadorea; Nematoda; Ecdysozoa; Protostomia; Bilateria; Eumetazoa; Metazoa; Holozoa; Opisthokonta; Eukaryota; cellular organisms; life,51029,5188671,10236169,Heterodera glycines,Heteroderidae,Rhabditida,Chromadorea,True,9,18,False,1,Heterodera_glycines,332065,Opisthokonta ,Animals,Secernentea,Tylenchida,Heteroderidae,1.0,False,,,False,False,False,False,False,,False,,Metazoa
ott339361,Hevea brasiliensis,Hevea brasiliensis,Hevea brasiliensis,species,Chloroplastida,Tracheophyta,Magnoliopsida,Malpighiales,Euphorbiaceae,Hevea,fabids; rosids; Pentapetalae; Gunneridae; eudicotyledons; Mesangiospermae,Hevea; Micrandreae; Crotonoideae; Euphorbiaceae; Malpighiales; fabids; rosids; Pentapetalae; Gunneridae; eudicotyledons; Mesangiospermae; Magnoliopsida; Spermatophyta; Euphyllophyta; Tracheophyta; Embryophyta; Streptophyta; Chloroplastida; Archaeplastida; Eukaryota; cellular organisms; life,3981,3071171,10252596,Hevea brasiliensis,Euphorbiaceae,Malpighiales,Magnoliopsida,True,18,36,False,1,Hevea_brasiliensis,339361,Archaeplastida,Plants,Eudicots,Malpighiales,Euphorbiaceae,1.0,False,,,False,False,False,False,False,,False,,Chloroplastida
ott393745,Hibiscus cannabinus,Hibiscus cannabinus,Hibiscus cannabinus,species,Chloroplastida,Tracheophyta,Magnoliopsida,Malvales,Malvaceae,Hibiscus,malvids; rosids; Pentapetalae; Gunneridae; eudicotyledons; Mesangiospermae,Hibiscus; Malvoideae; Malvaceae; Malvales; malvids; rosids; Pentapetalae; Gunneridae; eudicotyledons; Mesangiospermae; Magnoliopsida; Spermatophyta; Euphyllophyta; Tracheophyta; Embryophyta; Streptophyta; Chloroplastida; Archaeplastida; Eukaryota; cellular organisms; life,229543,3152547,10199025,Hibiscus cannabinus,Malvaceae,Malvales,Magnoliopsida,True,18,36,False,1,Hibiscus_cannabinus,393745,Archaeplastida,Plants,Eudicots,Malvales,Malvaceae,1.0,False,,,False,False,False,False,False,,False,,Chloroplastida
ott23821,Hieracium,Hieracium,Hieracium,genus,Chloroplastida,Tracheophyta,Magnoliopsida,Asterales,Asteraceae,,asterids; Pentapetalae; Gunneridae; eudicotyledons; Mesangiospermae; Spermatophyta,Hieraciinae; Cichorieae; Cichorioideae; Asteraceae; Asterales; campanulids; asterids; Pentapetalae; Gunneridae; eudicotyledons; Mesangiospermae; Magnoliopsida; Spermatophyta; Euphyllophyta; Tracheophyta; Embryophyta; Streptophyta; Chloroplastida; Archaeplastida; Eukaryota; cellular organisms; life,102745,3134951,1364265,Hieracium,Asteraceae,Asterales,Magnoliopsida,True,18,36,False,1,Hieracium_,711719,Archaeplastida,Plants,Eudicots,Asterales,Asteraceae,1.0,True,same_genus_diff_species,Stored id was 'Hieracium mixtum'; name now resolves to 'Hieracium'.,False,False,True,False,False,,False,,Chloroplastida
ott408328,Hippoglossus hippoglossus,Hippoglossus hippoglossus,Hippoglossus hippoglossus,species,Metazoa,Chordata,Actinopteri,Pleuronectiformes,Pleuronectidae,Hippoglossus,Carangaria; Percomorphaceae; Euacanthomorphacea; Ctenosquamata; Eurypterygia; Neoteleostei,Hippoglossus; Pleuronectidae; Pleuronectoidei; Pleuronectiformes; Carangaria; Percomorphaceae; Euacanthomorphacea; Acanthomorphata; Ctenosquamata; Eurypterygia; Neoteleostei; Euteleosteomorpha; Clupeocephala; Osteoglossocephalai; Teleostei; Neopterygii; Actinopteri; Actinopterygii; Euteleostomi; Teleostomi; Gnathostomata; Vertebrata; Craniata; Chordata; Deuterostomia; Bilateria; Eumetazoa; Metazoa; Holozoa; Opisthokonta; Eukaryota; cellular organisms; life,8267,2409218,10832857,Hippoglossus hippoglossus,Pleuronectidae,Pleuronectiformes,Actinopteri,True,24,48,False,1,Hippoglossus_hippoglossus,408328,Opisthokonta ,Animals,Actinopterygii,Pleuronectiformes,Pleuronectinae,1.0,False,,,False,False,False,False,True,typo/spelling in source file,False,,Metazoa
ott770315,Homo sapiens,Homo sapiens,Homo sapiens,species,Metazoa,Chordata,Mammalia,,Hominidae,Homo,Primates; Primatomorpha; Boreoeutheria; Eutheria; Amniota; Dipnotetrapodomorpha,Homo; Homininae; Hominidae; Hominoidea; Catarrhini; Simiiformes; Haplorrhini; Primates; Primatomorpha; Euarchontoglires; Boreoeutheria; Eutheria; Theria; Mammalia; Amniota; Tetrapoda; Dipnotetrapodomorpha; Sarcopterygii; Euteleostomi; Teleostomi; Gnathostomata; Vertebrata; Craniata; Chordata; Deuterostomia; Bilateria; Eumetazoa; Metazoa; Holozoa; Opisthokonta; Eukaryota; cellular organisms; life,9606,2436436,10857762,Homo sapiens,Hominidae,Primates,Mammalia,True,48,96,False,1,Homo_sapiens,770315,Opisthokonta ,Animals,Mammalia,Primates,Hominidae,1.0,False,,,False,False,False,False,False,,False,,Metazoa
ott657948,Hordeum vulgare,Hordeum vulgare,Hordeum vulgare,species,Chloroplastida,Tracheophyta,Liliopsida,Poales,Poaceae,Hordeum,Triticodae; BOP clade; commelinids; Mesangiospermae; Spermatophyta; Euphyllophyta,Hordeum; Hordeinae; Triticeae; Triticodae; Pooideae; BOP clade; Poaceae; Poales; commelinids; Petrosaviidae; Liliopsida; Mesangiospermae; Magnoliopsida; Spermatophyta; Euphyllophyta; Tracheophyta; Embryophyta; Streptophyta; Chloroplastida; Archaeplastida; Eukaryota; cellular organisms; life,4513,2706056,11233263,Hordeum vulgare,Poaceae,Poales,Magnoliopsida,True,7,14,False,1,Hordeum_vulgare,657948,Archaeplastida,Plants,Monocots,Poales,Poaceae,1.0,False,,,False,False,False,False,False,,False,,Chloroplastida
ott84020,Humulus lupulus,Humulus lupulus,Humulus lupulus,species,Chloroplastida,Tracheophyta,Magnoliopsida,Rosales,Cannabaceae,Humulus,fabids; rosids; Pentapetalae; Gunneridae; eudicotyledons; Mesangiospermae,Humulus; Cannabaceae; Rosales; fabids; rosids; Pentapetalae; Gunneridae; eudicotyledons; Mesangiospermae; Magnoliopsida; Spermatophyta; Euphyllophyta; Tracheophyta; Embryophyta; Streptophyta; Chloroplastida; Archaeplastida; Eukaryota; cellular organisms; life,3486,2984535,10697368,Humulus lupulus,Cannabaceae,Rosales,Magnoliopsida,True,10,20,False,1,Humulus_lupulus,84020,Archaeplastida,Plants,Eudicots,Rosales,Cannabaceae,1.0,False,,,False,False,False,False,False,,False,,Chloroplastida
ott677266,Hyla aborea,Hyla arborea,Hyla arborea,species,Metazoa,Chordata,Amphibia,Anura,Hylidae,Hyla,Dipnotetrapodomorpha; Euteleostomi; Teleostomi; Deuterostomia; Bilateria; Eumetazoa,Hyla; Hylini; Hylinae; Hylidae; Hyloidea; Neobatrachia; Anura; Batrachia; Amphibia; Tetrapoda; Dipnotetrapodomorpha; Sarcopterygii; Euteleostomi; Teleostomi; Gnathostomata; Vertebrata; Craniata; Chordata; Deuterostomia; Bilateria; Eumetazoa; Metazoa; Holozoa; Opisthokonta; Eukaryota; cellular organisms; life,121869,2427573,10231592,Hyla arborea,Hylidae,Anura,Amphibia,True,12,24,False,1,Hyla_aborea,3619928,Opisthokonta ,Animals,Amphibia,Anura,Hylidae,0.9166666865348816,True,same_genus_diff_species,Stored id was 'Hyla europaea'; name now resolves to 'Hyla arborea'.,False,True,False,False,False,,False,,Metazoa
ott35786,Hypophthalmichthys molitrix,Hypophthalmichthys molitrix,Hypophthalmichthys molitrix,species,Metazoa,Chordata,Actinopteri,Cypriniformes,Cyprinidae,Hypophthalmichthys,Otophysi; Clupeocephala; Osteoglossocephalai; Euteleostomi; Teleostomi; Deuterostomia,Hypophthalmichthys; Cyprinidae; Cyprinoidei; Cypriniformes; Cypriniphysae; Otophysi; Ostariophysi; Otomorpha; Clupeocephala; Osteoglossocephalai; Teleostei; Neopterygii; Actinopteri; Actinopterygii; Euteleostomi; Teleostomi; Gnathostomata; Vertebrata; Craniata; Chordata; Deuterostomia; Bilateria; Eumetazoa; Metazoa; Holozoa; Opisthokonta; Eukaryota; cellular organisms; life,13095,2362473,11305206,Hypophthalmichthys molitrix,Xenocyprididae,Cypriniformes,Actinopteri,False,24,8,False,1,Hypophthalmichthys_molitrix,35786,Opisthokonta ,Animals,Actinopterygii,Cypriniformes,Cyprinidae,1.0,False,,,False,False,False,False,False,,False,,Metazoa
ott762099,Hypsizygus marmoreus,Hypsizygus marmoreus,Hypsizygus marmoreus,species,Fungi,Basidiomycota,Agaricomycetes,Agaricales,Lyophyllaceae,Hypsizygus,h2007-1; h2007-2; Nucletmycea; Opisthokonta; cellular organisms; life,Hypsizygus; Lyophyllaceae; Agaricales; Agaricomycetes; Agaricomycotina; Basidiomycota; Dikarya; h2007-1; h2007-2; Fungi; Nucletmycea; Opisthokonta; Eukaryota; cellular organisms; life,39966,2530653,,Hypsizygus marmoreus,Lyophyllaceae,Agaricales,Agaricomycetes,True,11,22,False,1,Hypsizygus_marmoreus,762099,Opisthokonta ,Fungi,Agaricomycetes,Agaricales,Tricholomataceae,1.0,False,,,False,False,False,False,True,genuine taxonomic revision or error,False,,Fungi
ott351029,Hyriopsis cumingii,Hyriopsis cumingii,Hyriopsis cumingii,species,Metazoa,Mollusca,Bivalvia,Unionida,Unionidae,Hyriopsis,Lophotrochozoa; Protostomia; Bilateria; Eumetazoa; Holozoa; Opisthokonta,Hyriopsis; Unionidae; Unionoidea; Unionida; Palaeoheterodonta; Bivalvia; Mollusca; Lophotrochozoa; Protostomia; Bilateria; Eumetazoa; Metazoa; Holozoa; Opisthokonta; Eukaryota; cellular organisms; life,165450,9666001,,Sinohyriopsis cumingii,Unionidae,Unionida,Bivalvia,True,19,38,False,1,Hyriopsis_cumingii,351029,Opisthokonta ,Animals,Bivalvia,Unionida,Unionidae,1.0,False,,,False,False,False,False,False,,False,,Metazoa
ott701523,Ictalurus punctatus,Ictalurus punctatus,Ictalurus punctatus,species,Metazoa,Chordata,Actinopteri,Siluriformes,Ictaluridae,Ictalurus,Otophysi; Clupeocephala; Osteoglossocephalai; Euteleostomi; Teleostomi; Deuterostomia,Ictalurus; Ictaluridae; Siluroidei; Siluriformes; Characiphysae; Otophysi; Ostariophysi; Otomorpha; Clupeocephala; Osteoglossocephalai; Teleostei; Neopterygii; Actinopteri; Actinopterygii; Euteleostomi; Teleostomi; Gnathostomata; Vertebrata; Craniata; Chordata; Deuterostomia; Bilateria; Eumetazoa; Metazoa; Holozoa; Opisthokonta; Eukaryota; cellular organisms; life,7998,5202520,10453294,Ictalurus punctatus,Ictaluridae,Siluriformes,Actinopteri,True,29,58,False,1,Ictalurus_punctatus,701523,Opisthokonta ,Animals,Actinopterygii,Siluriformes,Ictaluridae,1.0,False,,,False,False,False,False,False,,False,,Metazoa
ott1071040,Ipomoea batatas,Ipomoea batatas,Ipomoea batatas,species,Chloroplastida,Tracheophyta,Magnoliopsida,Solanales,Convolvulaceae,Ipomoea,lamiids; asterids; Pentapetalae; Gunneridae; eudicotyledons; Mesangiospermae,Ipomoea; Ipomoeeae; Convolvulaceae; Solanales; lamiids; asterids; Pentapetalae; Gunneridae; eudicotyledons; Mesangiospermae; Magnoliopsida; Spermatophyta; Euphyllophyta; Tracheophyta; Embryophyta; Streptophyta; Chloroplastida; Archaeplastida; Eukaryota; cellular organisms; life,4120,2928551,11163862,Ipomoea batatas,Convolvulaceae,Solanales,Magnoliopsida,True,90,180,False,1,Ipomoea_batatas,1071040,Archaeplastida,Plants,Eudicots,Solanales,Convolvulaceae,1.0,False,,,False,False,False,False,False,,False,,Chloroplastida
ott253311,Ischnura elegans,Ischnura elegans,Ischnura elegans,species,Metazoa,Arthropoda,Insecta,Odonata,Coenagrionidae,Ischnura,Dicondylia; Pancrustacea; Mandibulata; Panarthropoda; Ecdysozoa; Protostomia,Ischnura; Coenagrionidae; Coenagrionoidea; Zygoptera; Odonata; Palaeoptera; Pterygota; Dicondylia; Insecta; Hexapoda; Pancrustacea; Mandibulata; Arthropoda; Panarthropoda; Ecdysozoa; Protostomia; Bilateria; Eumetazoa; Metazoa; Holozoa; Opisthokonta; Eukaryota; cellular organisms; life,197161,1423395,10910797,Ischnura elegans,Coenagrionidae,Odonata,Insecta,True,14,28,False,1,Ischnura_elegans,253311,Opisthokonta ,Animals,Insecta,Odonata,Coenargrionidae,1.0,False,,,False,False,False,False,True,typo/spelling in source file,False,,Metazoa
ott621065,Ixodes scapularis,Ixodes scapularis,Ixodes scapularis,species,Metazoa,Arthropoda,Arachnida,Ixodida,Ixodidae,Ixodes,Panarthropoda; Ecdysozoa; Protostomia; Bilateria; Eumetazoa; Holozoa,Ixodes; Ixodinae; Ixodidae; Ixodoidea; Ixodida; Parasitiformes; Acari; Arachnida; Chelicerata; Arthropoda; Panarthropoda; Ecdysozoa; Protostomia; Bilateria; Eumetazoa; Metazoa; Holozoa; Opisthokonta; Eukaryota; cellular organisms; life,6945,2182727,11048098,Ixodes scapularis,Ixodidae,Ixodida,Arachnida,True,15,30,False,1,Ixodes_scapularis,621065,Opisthokonta ,Animals,Arachnida,Ixodida,Ixodidae,1.0,False,,,False,False,False,False,False,,False,,Metazoa
ott916001,Jatropha curcas,Jatropha curcas,Jatropha curcas,species,Chloroplastida,Tracheophyta,Magnoliopsida,Malpighiales,Euphorbiaceae,Jatropha,fabids; rosids; Pentapetalae; Gunneridae; eudicotyledons; Mesangiospermae,Jatropha; Jatropheae; Crotonoideae; Euphorbiaceae; Malpighiales; fabids; rosids; Pentapetalae; Gunneridae; eudicotyledons; Mesangiospermae; Magnoliopsida; Spermatophyta; Euphyllophyta; Tracheophyta; Embryophyta; Streptophyta; Chloroplastida; Archaeplastida; Eukaryota; cellular organisms; life,180498,3072953,10238208,Jatropha curcas,Euphorbiaceae,Malpighiales,Magnoliopsida,True,11,22,False,1,Jatropha_curcas,916001,Archaeplastida,Plants,Eudicots,Malpighiales,Euphorbiaceae,1.0,False,,,False,False,False,False,False,,False,,Chloroplastida
ott138717,Juglans regia,Juglans regia,Juglans regia,species,Chloroplastida,Tracheophyta,Magnoliopsida,Fagales,Juglandaceae,Juglans,fabids; rosids; Pentapetalae; Gunneridae; eudicotyledons; Mesangiospermae,Juglans; Juglandaceae; Fagales; fabids; rosids; Pentapetalae; Gunneridae; eudicotyledons; Mesangiospermae; Magnoliopsida; Spermatophyta; Euphyllophyta; Tracheophyta; Embryophyta; Streptophyta; Chloroplastida; Archaeplastida; Eukaryota; cellular organisms; life,51240,3054368,11111698,Juglans regia,Juglandaceae,Fagales,Magnoliopsida,True,16,32,False,1,Juglans_regia,138717,Archaeplastida,Plants,Eudicots,Fagales,Juglandaceae,1.0,False,,,False,False,False,False,False,,False,,Chloroplastida
ott229709,Kryptolebias marmoratus,Kryptolebias marmoratus,Kryptolebias marmoratus,species,Metazoa,Chordata,Actinopteri,Cyprinodontiformes,,Kryptolebias,Ovalentaria; Percomorphaceae; Euacanthomorphacea; Ctenosquamata; Eurypterygia; Neoteleostei,Kryptolebias; Rivulidae; Aplocheiloidei; Cyprinodontiformes; Atherinomorphae; Ovalentaria; Percomorphaceae; Euacanthomorphacea; Acanthomorphata; Ctenosquamata; Eurypterygia; Neoteleostei; Euteleosteomorpha; Clupeocephala; Osteoglossocephalai; Teleostei; Neopterygii; Actinopteri; Actinopterygii; Euteleostomi; Teleostomi; Gnathostomata; Vertebrata; Craniata; Chordata; Deuterostomia; Bilateria; Eumetazoa; Metazoa; Holozoa; Opisthokonta; Eukaryota; cellular organisms; life,37003,2349291,10149738,Kryptolebias marmoratus,Rivulidae,Cyprinodontiformes,Actinopteri,,24,48,False,1,Kryptolebias_marmoratus,229709,Opisthokonta ,Animals,Actinopterygii,Cyprinodontiformes,Rivulidae,1.0,False,,,False,False,False,False,False,,False,,Metazoa
ott160616,Labeo rohita,Labeo rohita,Labeo rohita,species,Metazoa,Chordata,Actinopteri,Cypriniformes,Cyprinidae,Labeo,Otophysi; Clupeocephala; Osteoglossocephalai; Euteleostomi; Teleostomi; Deuterostomia,Labeo; Cyprinidae; Cyprinoidei; Cypriniformes; Cypriniphysae; Otophysi; Ostariophysi; Otomorpha; Clupeocephala; Osteoglossocephalai; Teleostei; Neopterygii; Actinopteri; Actinopterygii; Euteleostomi; Teleostomi; Gnathostomata; Vertebrata; Craniata; Chordata; Deuterostomia; Bilateria; Eumetazoa; Metazoa; Holozoa; Opisthokonta; Eukaryota; cellular organisms; life,84645,5206083,11108471,Labeo rohita,Cyprinidae,Cypriniformes,Actinopteri,True,25,50,False,1,Labeo_rohita,160616,Opisthokonta ,Animals,Actinopterygii,Cypriniformes,Cyprinidae,1.0,False,,,False,False,False,False,False,,False,,Metazoa
ott985685,Laccaria bicolor,Laccaria bicolor,Laccaria bicolor,species,Fungi,Basidiomycota,Agaricomycetes,Agaricales,Hydnangiaceae,Laccaria,h2007-1; h2007-2; Nucletmycea; Opisthokonta; cellular organisms; life,Laccaria; Hydnangiaceae; Agaricales; Agaricomycetes; Agaricomycotina; Basidiomycota; Dikarya; h2007-1; h2007-2; Fungi; Nucletmycea; Opisthokonta; Eukaryota; cellular organisms; life,29883,2530973,10396376,Laccaria bicolor,Hydnangiaceae,Agaricales,Agaricomycetes,True,,,False,1,Laccaria_bicolor,985685,Opisthokonta ,Fungi,Agaricomycetes,Agaricales,Hydnangiaceae,1.0,False,,,False,False,False,False,False,,False,,Fungi
ott515700,Lactuca sativa,Lactuca sativa,Lactuca sativa,species,Chloroplastida,Tracheophyta,Magnoliopsida,Asterales,Asteraceae,Lactuca,asterids; Pentapetalae; Gunneridae; eudicotyledons; Mesangiospermae; Spermatophyta,Lactuca; Lactucinae; Cichorieae; Cichorioideae; Asteraceae; Asterales; campanulids; asterids; Pentapetalae; Gunneridae; eudicotyledons; Mesangiospermae; Magnoliopsida; Spermatophyta; Euphyllophyta; Tracheophyta; Embryophyta; Streptophyta; Chloroplastida; Archaeplastida; Eukaryota; cellular organisms; life,4236,7403263,10209453,Lactuca sativa,Asteraceae,Asterales,Magnoliopsida,True,9,18,False,1,Lactuca_sativa,515700,Archaeplastida,Plants,Eudicots,Asterales,Asteraceae,1.0,False,,,False,False,False,False,False,,False,,Chloroplastida
ott264011,Lagerstroemia,Lagerstroemia,Lagerstroemia,genus,Chloroplastida,Tracheophyta,Magnoliopsida,Myrtales,Lythraceae,,malvids; rosids; Pentapetalae; Gunneridae; eudicotyledons; Mesangiospermae,Lythraceae; Myrtales; malvids; rosids; Pentapetalae; Gunneridae; eudicotyledons; Mesangiospermae; Magnoliopsida; Spermatophyta; Euphyllophyta; Tracheophyta; Embryophyta; Streptophyta; Chloroplastida; Archaeplastida; Eukaryota; cellular organisms; life,122809,3188723,1061639,Lagerstroemia,Lythraceae,Myrtales,Magnoliopsida,True,24,48,False,1,Lagerstroemia_,838580,Archaeplastida,Plants,Eudicots,Myrtales,Lythraceae,1.0,True,same_genus_diff_species,Stored id was 'Lagerstroemia speciosa'; name now resolves to 'Lagerstroemia'.,False,False,True,False,False,,False,,Chloroplastida
ott679823,Larimichthys crocea,Larimichthys crocea,Larimichthys crocea,species,Metazoa,Chordata,Actinopteri,Perciformes,Sciaenidae,Larimichthys,Eupercaria; Percomorphaceae; Euacanthomorphacea; Ctenosquamata; Eurypterygia; Neoteleostei,Larimichthys; Sciaenidae; Percoidei; Perciformes; Eupercaria; Percomorphaceae; Euacanthomorphacea; Acanthomorphata; Ctenosquamata; Eurypterygia; Neoteleostei; Euteleosteomorpha; Clupeocephala; Osteoglossocephalai; Teleostei; Neopterygii; Actinopteri; Actinopterygii; Euteleostomi; Teleostomi; Gnathostomata; Vertebrata; Craniata; Chordata; Deuterostomia; Bilateria; Eumetazoa; Metazoa; Holozoa; Opisthokonta; Eukaryota; cellular organisms; life,215358,2400181,10453801,Larimichthys crocea,Sciaenidae,,Actinopteri,True,24,48,False,1,Larimichthys_crocea,679823,Opisthokonta ,Animals,Actinopterygii,Perciformes,Sciaenidae,1.0,False,,,False,False,False,False,False,,False,,Metazoa
ott154040,Larix kaempferi,Larix kaempferi,Larix kaempferi,species,Chloroplastida,Tracheophyta,,Pinales,Pinaceae,Larix,Acrogymnospermae; Spermatophyta; Euphyllophyta; Embryophyta; cellular organisms; life,Larix; Pinaceae; Pinales; Pinidae; Acrogymnospermae; Spermatophyta; Euphyllophyta; Tracheophyta; Embryophyta; Streptophyta; Chloroplastida; Archaeplastida; Eukaryota; cellular organisms; life,54800,2686157,10595749,Larix kaempferi,Pinaceae,Pinales,Pinopsida,True,12,24,False,1,Larix_kaempferi,154040,Archaeplastida,Plants,Pinopsida,Pinales,Pinaceae,1.0,False,,,False,False,False,False,False,,False,,Chloroplastida
ott186480,Lateolabrax japonicus,Lateolabrax japonicus,Lateolabrax japonicus,species,Metazoa,Chordata,Actinopteri,Pempheriformes,Lateolabracidae,Lateolabrax,Eupercaria; Percomorphaceae; Euacanthomorphacea; Ctenosquamata; Eurypterygia; Neoteleostei,Lateolabrax; Lateolabracidae; Pempheriformes; Eupercaria; Percomorphaceae; Euacanthomorphacea; Acanthomorphata; Ctenosquamata; Eurypterygia; Neoteleostei; Euteleosteomorpha; Clupeocephala; Osteoglossocephalai; Teleostei; Neopterygii; Actinopteri; Actinopterygii; Euteleostomi; Teleostomi; Gnathostomata; Vertebrata; Craniata; Chordata; Deuterostomia; Bilateria; Eumetazoa; Metazoa; Holozoa; Opisthokonta; Eukaryota; cellular organisms; life,8164,2392025,11374186,Lateolabrax japonicus,Lateolabracidae,Acropomatiformes,Actinopteri,True,24,48,False,0,Lateolabrax_japonicus,186480,Opisthokonta ,Animals,Actinopterygii,Perciformes,Lateolabracidae,1.0,False,,,False,False,False,False,False,,False,,Metazoa
ott437601,Lates calcarifer,Lates calcarifer,Lates calcarifer,species,Metazoa,Chordata,Actinopteri,Acanthomorphata,Centropomidae,Lates,Carangaria; Percomorphaceae; Euacanthomorphacea; Ctenosquamata; Eurypterygia; Neoteleostei,Lates; Centropomidae; Carangaria; Percomorphaceae; Euacanthomorphacea; Acanthomorphata; Ctenosquamata; Eurypterygia; Neoteleostei; Euteleosteomorpha; Clupeocephala; Osteoglossocephalai; Teleostei; Neopterygii; Actinopteri; Actinopterygii; Euteleostomi; Teleostomi; Gnathostomata; Vertebrata; Craniata; Chordata; Deuterostomia; Bilateria; Eumetazoa; Metazoa; Holozoa; Opisthokonta; Eukaryota; cellular organisms; life,8187,2393172,11125159,Lates calcarifer,Centropomidae,,Actinopteri,True,24,48,False,1,Lates_calcarifer,6362446,Opisthokonta ,Animals,Actinopterygii,Perciformes,Latidae,1.0,True,stored_id_dead,Stored OTT id 6362446 no longer exists in the OTT taxonomy.,False,False,False,False,True,genuine taxonomic revision or error,False,,Metazoa
ott743052,Laupala,Laupala,Laupala,genus,Metazoa,Arthropoda,Insecta,Orthoptera,Gryllidae,,Dicondylia; Pancrustacea; Mandibulata; Panarthropoda; Ecdysozoa; Protostomia,Trigonidiinae; Gryllidae; Grylloidea; Gryllidea; Ensifera; Orthoptera; Polyneoptera; Neoptera; Pterygota; Dicondylia; Insecta; Hexapoda; Pancrustacea; Mandibulata; Arthropoda; Panarthropoda; Ecdysozoa; Protostomia; Bilateria; Eumetazoa; Metazoa; Holozoa; Opisthokonta; Eukaryota; cellular organisms; life,109023,1718410,1293598,Laupala,Trigonidiidae,Orthoptera,Insecta,False,8,16,False,1,Laupala,168740,Opisthokonta ,Animals,Insecta,Orthoptera ,Gryllidae,1.0,True,same_genus_diff_species,Stored id was 'Laupala molokaiensis'; name now resolves to 'Laupala'.,False,False,True,False,False,,False,,Metazoa
ott156245,Lens culinaris,Lens culinaris,Lens culinaris,species,Chloroplastida,Tracheophyta,Magnoliopsida,Fabales,Fabaceae,Lens,IRL clade; Hologalegina; NPAAA clade; 50 kb inversion clade; fabids; rosids,Lens; Fabeae; IRL clade; Hologalegina; NPAAA clade; 50 kb inversion clade; Papilionoideae; Fabaceae; Fabales; fabids; rosids; Pentapetalae; Gunneridae; eudicotyledons; Mesangiospermae; Magnoliopsida; Spermatophyta; Euphyllophyta; Tracheophyta; Embryophyta; Streptophyta; Chloroplastida; Archaeplastida; Eukaryota; cellular organisms; life,3864,5350010,10578748,Lens culinaris,Fabaceae,Fabales,Magnoliopsida,True,7,14,False,1,Lens_culinaris,6245,Archaeplastida,Plants,Eudicots,Fabales,Fabaceae,1.0,True,stored_id_dead,Stored OTT id 6245 no longer exists in the OTT taxonomy.,False,False,False,False,False,,False,,Chloroplastida
ott162647,Lentinula edodes,Lentinula edodes,Lentinula edodes,species,Fungi,Basidiomycota,Agaricomycetes,Agaricales,Omphalotaceae,Lentinula,h2007-1; h2007-2; Nucletmycea; Opisthokonta; cellular organisms; life,Lentinula; Omphalotaceae; Agaricales; Agaricomycetes; Agaricomycotina; Basidiomycota; Dikarya; h2007-1; h2007-2; Fungi; Nucletmycea; Opisthokonta; Eukaryota; cellular organisms; life,5353,2537743,10645731,Lentinula edodes,Omphalotaceae,Agaricales,Agaricomycetes,True,,,False,1,Lentinula_edodes,162647,Opisthokonta ,Fungi,Agaricomycetes,Agaricales,Marasmiaceae,1.0,False,,,False,False,False,False,True,genuine taxonomic revision or error,False,,Fungi
ott1028028,Lepisosteus oculatus,Lepisosteus oculatus,Lepisosteus oculatus,species,Metazoa,Chordata,Actinopteri,Semionotiformes,Lepisosteidae,Lepisosteus,Euteleostomi; Teleostomi; Deuterostomia; Bilateria; Eumetazoa; Holozoa,Lepisosteus; Lepisosteidae; Semionotiformes; Holostei; Neopterygii; Actinopteri; Actinopterygii; Euteleostomi; Teleostomi; Gnathostomata; Vertebrata; Craniata; Chordata; Deuterostomia; Bilateria; Eumetazoa; Metazoa; Holozoa; Opisthokonta; Eukaryota; cellular organisms; life,7918,2346692,10576375,Lepisosteus oculatus,Lepisosteidae,Semionotiformes,Actinopteri,True,29,58,False,1,Lepisosteus_oculatus,1028028,Opisthokonta ,Animals,Actinopterygii,Lepisosteiformes,Lepisosteidae,1.0,False,,,False,False,False,False,False,,False,,Metazoa
ott836783,Lepomis macrochirus,Lepomis macrochirus,Lepomis macrochirus,species,Metazoa,Chordata,Actinopteri,Centrarchiformes,Centrarchidae,Lepomis,Eupercaria; Percomorphaceae; Euacanthomorphacea; Ctenosquamata; Eurypterygia; Neoteleostei,Lepomis; Centrarchidae; Centrarchoidei; Centrarchiformes; Eupercaria; Percomorphaceae; Euacanthomorphacea; Acanthomorphata; Ctenosquamata; Eurypterygia; Neoteleostei; Euteleosteomorpha; Clupeocephala; Osteoglossocephalai; Teleostei; Neopterygii; Actinopteri; Actinopterygii; Euteleostomi; Teleostomi; Gnathostomata; Vertebrata; Craniata; Chordata; Deuterostomia; Bilateria; Eumetazoa; Metazoa; Holozoa; Opisthokonta; Eukaryota; cellular organisms; life,13106,2394503,11114625,Lepomis macrochirus,Centrarchidae,Centrarchiformes,Actinopteri,True,24,48,False,1,Lepomis_macrochirus,836783,Opisthokonta ,Animals,Actinopterygii,Perciformes,Centrarchidae,1.0,False,,,False,False,False,False,False,,False,,Metazoa
ott185597,Leptinotarsa decemlineata,Leptinotarsa decemlineata,Leptinotarsa decemlineata,species,Metazoa,Arthropoda,Insecta,Coleoptera,Chrysomelidae,Leptinotarsa,Dicondylia; Pancrustacea; Mandibulata; Panarthropoda; Ecdysozoa; Protostomia,Leptinotarsa; Doryphorini; Chrysomelinae; Chrysomelidae; Chrysomeloidea; Cucujiformia; Polyphaga; Coleoptera; Holometabola; Neoptera; Pterygota; Dicondylia; Insecta; Hexapoda; Pancrustacea; Mandibulata; Arthropoda; Panarthropoda; Ecdysozoa; Protostomia; Bilateria; Eumetazoa; Metazoa; Holozoa; Opisthokonta; Eukaryota; cellular organisms; life,7539,1047536,,Leptinotarsa decemlineata,Chrysomelidae,Coleoptera,Insecta,True,18,36,False,1,Leptinotarsa_decemlineata,185597,Opisthokonta ,Animals,Insecta,Coleoptera,Chrysomelidae,1.0,False,,,False,False,False,False,False,,False,,Metazoa
ott1061491,Leptopilina clavipes,Leptopilina clavipes,Leptopilina clavipes,species,Metazoa,Arthropoda,Insecta,Hymenoptera,Figitidae,Leptopilina,Dicondylia; Pancrustacea; Mandibulata; Panarthropoda; Ecdysozoa; Protostomia,Leptopilina; Eucoilinae; Figitidae; Cynipoidea; Parasitoida; Apocrita; Hymenoptera; Holometabola; Neoptera; Pterygota; Dicondylia; Insecta; Hexapoda; Pancrustacea; Mandibulata; Arthropoda; Panarthropoda; Ecdysozoa; Protostomia; Bilateria; Eumetazoa; Metazoa; Holozoa; Opisthokonta; Eukaryota; cellular organisms; life,63434,4498084,,Leptopilina clavipes,Figitidae,Hymenoptera,Insecta,True,5,10,False,1,Leptopilina_clavipes,1061491,Opisthokonta ,Animals,Insecta,Hymenoptera,Figitidae,1.0,False,,,False,False,False,False,False,,False,,Metazoa
ott748393,Lilium,Lilium,Lilium,genus,Chloroplastida,Tracheophyta,Liliopsida,Liliales,Liliaceae,,Mesangiospermae; Spermatophyta; Euphyllophyta; Embryophyta; cellular organisms; life,Liliaceae; Liliales; Petrosaviidae; Liliopsida; Mesangiospermae; Magnoliopsida; Spermatophyta; Euphyllophyta; Tracheophyta; Embryophyta; Streptophyta; Chloroplastida; Archaeplastida; Eukaryota; cellular organisms; life,4688,2752977,1120961,Lilium,Liliaceae,Liliales,Magnoliopsida,True,,,False,1,Lilium_,73804,Archaeplastida,Plants,Monocots,Liliales,Liliaceae,1.0,True,same_genus_diff_species,Stored id was 'Lilium maculatum'; name now resolves to 'Lilium'.,False,False,True,False,False,,False,,Chloroplastida
ott1000262,Linum usitatissimum,Linum usitatissimum,Linum usitatissimum,species,Chloroplastida,Tracheophyta,Magnoliopsida,Malpighiales,Linaceae,Linum,fabids; rosids; Pentapetalae; Gunneridae; eudicotyledons; Mesangiospermae,Linum; Linaceae; Malpighiales; fabids; rosids; Pentapetalae; Gunneridae; eudicotyledons; Mesangiospermae; Magnoliopsida; Spermatophyta; Euphyllophyta; Tracheophyta; Embryophyta; Streptophyta; Chloroplastida; Archaeplastida; Eukaryota; cellular organisms; life,4006,2873861,10195101,Linum usitatissimum,Linaceae,Malpighiales,Magnoliopsida,True,15,30,False,1,Linum_usitatissimum,1000262,Archaeplastida,Plants,Eudicots,Malpighiales,Linaceae,1.0,False,,,False,False,False,False,False,,False,,Chloroplastida
ott169168,Litopenaeus vannamei,Penaeus vannamei,Penaeus vannamei,species,Metazoa,Arthropoda,Malacostraca,Decapoda,Penaeidae,Penaeus,Pancrustacea; Mandibulata; Panarthropoda; Ecdysozoa; Protostomia; Bilateria,Penaeus; Penaeidae; Penaeoidea; Dendrobranchiata; Decapoda; Eucarida; Eumalacostraca; Malacostraca; Multicrustacea; Crustacea; Pancrustacea; Mandibulata; Arthropoda; Panarthropoda; Ecdysozoa; Protostomia; Bilateria; Eumetazoa; Metazoa; Holozoa; Opisthokonta; Eukaryota; cellular organisms; life,6689,2223871,10978143,Penaeus vannamei,Penaeidae,Decapoda,Malacostraca,True,44,88,False,1,Litopenaeus_vannamei,169168,Opisthokonta ,Animals,Malacostraca,Decapoda,Penaeidae,1.0,False,,,True,False,False,False,False,,False,,Metazoa
ott135777,Lolium multiflorum,Lolium multiflorum,Lolium multiflorum,species,Chloroplastida,Tracheophyta,Liliopsida,Poales,Poaceae,Lolium,Poeae Chloroplast Group 2 (Poeae type); Poodae; BOP clade; commelinids; Mesangiospermae; Spermatophyta,Lolium; Loliinae; Poeae Chloroplast Group 2 (Poeae type); Poeae; Poodae; Pooideae; BOP clade; Poaceae; Poales; commelinids; Petrosaviidae; Liliopsida; Mesangiospermae; Magnoliopsida; Spermatophyta; Euphyllophyta; Tracheophyta; Embryophyta; Streptophyta; Chloroplastida; Archaeplastida; Eukaryota; cellular organisms; life,4521,4129708,,Lolium multiflorum,Poaceae,Poales,Magnoliopsida,True,7,14,False,1,Lolium_multiflorum,135777,Archaeplastida,Plants,Monocots,Poales,Poaceae,1.0,False,,,False,False,False,False,False,,False,,Chloroplastida
ott135774,Lolium perenne,Lolium perenne,Lolium perenne,species,Chloroplastida,Tracheophyta,Liliopsida,Poales,Poaceae,Lolium,Poeae Chloroplast Group 2 (Poeae type); Poodae; BOP clade; commelinids; Mesangiospermae; Spermatophyta,Lolium; Loliinae; Poeae Chloroplast Group 2 (Poeae type); Poeae; Poodae; Pooideae; BOP clade; Poaceae; Poales; commelinids; Petrosaviidae; Liliopsida; Mesangiospermae; Magnoliopsida; Spermatophyta; Euphyllophyta; Tracheophyta; Embryophyta; Streptophyta; Chloroplastida; Archaeplastida; Eukaryota; cellular organisms; life,4522,2706241,11073247,Lolium perenne,Poaceae,Poales,Magnoliopsida,True,7,14,False,1,Lolium_perenne,135774,Archaeplastida,Plants,Monocots,Poales,Poaceae,1.0,False,,,False,False,False,False,False,,False,,Chloroplastida
ott1081728,Lotus japonicus,Lotus japonicus,Lotus japonicus,species,Chloroplastida,Tracheophyta,Magnoliopsida,Fabales,Fabaceae,Lotus,robinioid clade; Hologalegina; NPAAA clade; 50 kb inversion clade; fabids; rosids,Lotus; Loteae; robinioid clade; Hologalegina; NPAAA clade; 50 kb inversion clade; Papilionoideae; Fabaceae; Fabales; fabids; rosids; Pentapetalae; Gunneridae; eudicotyledons; Mesangiospermae; Magnoliopsida; Spermatophyta; Euphyllophyta; Tracheophyta; Embryophyta; Streptophyta; Chloroplastida; Archaeplastida; Eukaryota; cellular organisms; life,34305,,,Lotus japonicus,Fabaceae,Fabales,Magnoliopsida,True,6,12,False,1,Lotus_japonicus,1081728,Archaeplastida,Plants,Eudicots,Fabales,Fabaceae,1.0,False,,,False,False,False,False,False,,False,,Chloroplastida
ott84261,Lucania goodei,Lucania goodei,Lucania goodei,species,Metazoa,Chordata,Actinopteri,Cyprinodontiformes,Fundulidae,Lucania,Ovalentaria; Percomorphaceae; Euacanthomorphacea; Ctenosquamata; Eurypterygia; Neoteleostei,Lucania; Fundulidae; Cyprinodontoidei; Cyprinodontiformes; Atherinomorphae; Ovalentaria; Percomorphaceae; Euacanthomorphacea; Acanthomorphata; Ctenosquamata; Eurypterygia; Neoteleostei; Euteleosteomorpha; Clupeocephala; Osteoglossocephalai; Teleostei; Neopterygii; Actinopteri; Actinopterygii; Euteleostomi; Teleostomi; Gnathostomata; Vertebrata; Craniata; Chordata; Deuterostomia; Bilateria; Eumetazoa; Metazoa; Holozoa; Opisthokonta; Eukaryota; cellular organisms; life,232977,2349571,10158782,Lucania goodei,Fundulidae,Cyprinodontiformes,Actinopteri,True,24,48,False,1,Lucania_goodei,84261,Opisthokonta ,Animals,Actinopterygii,Cyprinodontiformes,Fundulidae ,1.0,False,,,False,False,False,False,True,typo/spelling in source file,False,,Metazoa
ott839518,Lucania parva,Lucania parva,Lucania parva,species,Metazoa,Chordata,Actinopteri,Cyprinodontiformes,Fundulidae,Lucania,Ovalentaria; Percomorphaceae; Euacanthomorphacea; Ctenosquamata; Eurypterygia; Neoteleostei,Lucania; Fundulidae; Cyprinodontoidei; Cyprinodontiformes; Atherinomorphae; Ovalentaria; Percomorphaceae; Euacanthomorphacea; Acanthomorphata; Ctenosquamata; Eurypterygia; Neoteleostei; Euteleosteomorpha; Clupeocephala; Osteoglossocephalai; Teleostei; Neopterygii; Actinopteri; Actinopterygii; Euteleostomi; Teleostomi; Gnathostomata; Vertebrata; Craniata; Chordata; Deuterostomia; Bilateria; Eumetazoa; Metazoa; Holozoa; Opisthokonta; Eukaryota; cellular organisms; life,722640,2349567,10152468,Lucania parva,Fundulidae,Cyprinodontiformes,Actinopteri,True,23,46,False,1,Lucania_parva,839518,Opisthokonta ,Animals,Actinopterygii,Cyprinodontiformes,Fundulidae ,1.0,False,,,False,False,False,False,True,typo/spelling in source file,False,,Metazoa
ott565719,Luffa acutangula,Luffa acutangula,Luffa acutangula,species,Chloroplastida,Tracheophyta,Magnoliopsida,Cucurbitales,Cucurbitaceae,Luffa,fabids; rosids; Pentapetalae; Gunneridae; eudicotyledons; Mesangiospermae,Luffa; Sicyoeae; Cucurbitaceae; Cucurbitales; fabids; rosids; Pentapetalae; Gunneridae; eudicotyledons; Mesangiospermae; Magnoliopsida; Spermatophyta; Euphyllophyta; Tracheophyta; Embryophyta; Streptophyta; Chloroplastida; Archaeplastida; Eukaryota; cellular organisms; life,56866,2874601,10208319,Luffa acutangula,Cucurbitaceae,Cucurbitales,Magnoliopsida,True,13,26,False,1,Luffa_acutangula,379286,Archaeplastida,Plants,Eudicots,Cucurbitales,Cucurbitaceae,1.0,True,same_genus_diff_species,Stored id was 'Luffa'; name now resolves to 'Luffa acutangula'.,False,False,False,False,False,,False,,Chloroplastida
ott1030424,Lupinus albus,Lupinus albus,Lupinus albus,species,Chloroplastida,Tracheophyta,Magnoliopsida,Fabales,Fabaceae,Lupinus,core genistoids; genistoids sensu lato; 50 kb inversion clade; fabids; rosids; Pentapetalae,Lupinus; Genisteae; core genistoids; genistoids sensu lato; 50 kb inversion clade; Papilionoideae; Fabaceae; Fabales; fabids; rosids; Pentapetalae; Gunneridae; eudicotyledons; Mesangiospermae; Magnoliopsida; Spermatophyta; Euphyllophyta; Tracheophyta; Embryophyta; Streptophyta; Chloroplastida; Archaeplastida; Eukaryota; cellular organisms; life,3870,2964167,10586175,Lupinus albus,Fabaceae,Fabales,Magnoliopsida,True,25,50,False,1,Lupinus_albus,1030424,Archaeplastida,Plants,Eudicots,Fabales,Fabaceae,1.0,False,,,False,False,False,False,False,,False,,Chloroplastida
ott1030433,Lupinus angustifolius,Lupinus angustifolius,Lupinus angustifolius,species,Chloroplastida,Tracheophyta,Magnoliopsida,Fabales,Fabaceae,Lupinus,core genistoids; genistoids sensu lato; 50 kb inversion clade; fabids; rosids; Pentapetalae,Lupinus; Genisteae; core genistoids; genistoids sensu lato; 50 kb inversion clade; Papilionoideae; Fabaceae; Fabales; fabids; rosids; Pentapetalae; Gunneridae; eudicotyledons; Mesangiospermae; Magnoliopsida; Spermatophyta; Euphyllophyta; Tracheophyta; Embryophyta; Streptophyta; Chloroplastida; Archaeplastida; Eukaryota; cellular organisms; life,3871,2964025,10590219,Lupinus angustifolius,Fabaceae,Fabales,Magnoliopsida,True,20,40,False,1,Lupinus_angustifolius,1030433,Archaeplastida,Plants,Eudicots,Fabales,Fabaceae,1.0,False,,,False,False,False,False,False,,False,,Chloroplastida
ott689650,Macaca mulatta,Macaca mulatta,Macaca mulatta,species,Metazoa,Chordata,Mammalia,,Cercopithecidae,Macaca,Primates; Primatomorpha; Boreoeutheria; Eutheria; Amniota; Dipnotetrapodomorpha,Macaca; Cercopithecinae; Cercopithecidae; Cercopithecoidea; Catarrhini; Simiiformes; Haplorrhini; Primates; Primatomorpha; Euarchontoglires; Boreoeutheria; Eutheria; Theria; Mammalia; Amniota; Tetrapoda; Dipnotetrapodomorpha; Sarcopterygii; Euteleostomi; Teleostomi; Gnathostomata; Vertebrata; Craniata; Chordata; Deuterostomia; Bilateria; Eumetazoa; Metazoa; Holozoa; Opisthokonta; Eukaryota; cellular organisms; life,9544,2436604,10197752,Macaca mulatta,Cercopithecidae,Primates,Mammalia,True,22,44,False,2,Macaca_mulatta,689650,Opisthokonta ,Animals,Mammalia,Primates,Cercopithecidae,1.0,False,,,False,False,False,False,False,,False,,Metazoa
ott539171,Macropus eugenii,Notamacropus eugenii,Notamacropus eugenii,species,Metazoa,Chordata,Mammalia,Diprotodontia,Macropodidae,Notamacropus,Metatheria; Amniota; Dipnotetrapodomorpha; Euteleostomi; Teleostomi; Deuterostomia,Notamacropus; Macropodidae; Diprotodontia; Metatheria; Theria; Mammalia; Amniota; Tetrapoda; Dipnotetrapodomorpha; Sarcopterygii; Euteleostomi; Teleostomi; Gnathostomata; Vertebrata; Craniata; Chordata; Deuterostomia; Bilateria; Eumetazoa; Metazoa; Holozoa; Opisthokonta; Eukaryota; cellular organisms; life,9315,5219989,10208034,Notamacropus eugenii,Macropodidae,Diprotodontia,Mammalia,True,7,14,False,1,Macropus_eugenii,539171,Opisthokonta ,Animals,Mammalia,Diprotodontia,Macropodidae,1.0,False,,,True,False,False,False,False,,False,,Metazoa
ott258235,Magnaporthe grisea,Magnaporthe grisea,Magnaporthe grisea,species,Fungi,Ascomycota,Sordariomycetes,Magnaporthales,Magnaporthaceae,Magnaporthe,Sordariomyceta; Leotiomyceta; saccharomyceta; h2007-1; h2007-2; Nucletmycea,Magnaporthe; Magnaporthaceae; Magnaporthales; Sordariomycetes; Sordariomyceta; Leotiomyceta; Pezizomycotina; saccharomyceta; Ascomycota; Dikarya; h2007-1; h2007-2; Fungi; Nucletmycea; Opisthokonta; Eukaryota; cellular organisms; life,148305,,11285483,Pyricularia grisea,Pyriculariaceae,Magnaporthales,Sordariomycetes,False,7,14,False,1,Magnaporthe_grisea,258235,Opisthokonta ,Fungi,Sordariomycetes,Magnaporthales,Magnaporthaceae,1.0,False,,,False,False,False,False,False,,False,,Fungi
ott3902985,Malus domestica,Malus domestica,Malus domestica,species,Chloroplastida,Tracheophyta,Magnoliopsida,Rosales,Rosaceae,Malus,fabids; rosids; Pentapetalae; Gunneridae; eudicotyledons; Mesangiospermae,Malus; Maleae; Amygdaloideae; Rosaceae; Rosales; fabids; rosids; Pentapetalae; Gunneridae; eudicotyledons; Mesangiospermae; Magnoliopsida; Spermatophyta; Euphyllophyta; Tracheophyta; Embryophyta; Streptophyta; Chloroplastida; Archaeplastida; Eukaryota; cellular organisms; life,3750,,10188306,Malus domestica,Rosaceae,Rosales,Magnoliopsida,True,17,34,False,1,Malus_domestica,3902985,Archaeplastida,Plants,Eudicots,Rosales,Rosaceae,1.0,False,,,False,False,False,False,False,,False,,Chloroplastida
ott854961,Malus pumila,Malus pumila,Malus pumila,species,Chloroplastida,Tracheophyta,Magnoliopsida,Rosales,Rosaceae,Malus,fabids; rosids; Pentapetalae; Gunneridae; eudicotyledons; Mesangiospermae,Malus; Maleae; Amygdaloideae; Rosaceae; Rosales; fabids; rosids; Pentapetalae; Gunneridae; eudicotyledons; Mesangiospermae; Magnoliopsida; Spermatophyta; Euphyllophyta; Tracheophyta; Embryophyta; Streptophyta; Chloroplastida; Archaeplastida; Eukaryota; cellular organisms; life,283210,3001093,10184999,Malus pumila,Rosaceae,Rosales,Magnoliopsida,True,17,34,False,1,Malus_pumila,854961,Archaeplastida,Plants,Eudicots,Rosales,Rosaceae,1.0,False,,,False,False,False,False,False,,False,,Chloroplastida
ott321926,Malus sieversii,Malus sieversii,Malus sieversii,species,Chloroplastida,Tracheophyta,Magnoliopsida,Rosales,Rosaceae,Malus,fabids; rosids; Pentapetalae; Gunneridae; eudicotyledons; Mesangiospermae,Malus; Maleae; Amygdaloideae; Rosaceae; Rosales; fabids; rosids; Pentapetalae; Gunneridae; eudicotyledons; Mesangiospermae; Magnoliopsida; Spermatophyta; Euphyllophyta; Tracheophyta; Embryophyta; Streptophyta; Chloroplastida; Archaeplastida; Eukaryota; cellular organisms; life,106567,3001162,11266201,Malus sieversii,Rosaceae,Rosales,Magnoliopsida,True,17,34,False,1,Malus_sieversii,321926,Archaeplastida,Plants,Eudicots,Rosales,Rosaceae,1.0,False,,,False,False,False,False,False,,False,,Chloroplastida
ott807634,Mangifera indica,Mangifera indica,Mangifera indica,species,Chloroplastida,Tracheophyta,Magnoliopsida,Sapindales,Anacardiaceae,Mangifera,malvids; rosids; Pentapetalae; Gunneridae; eudicotyledons; Mesangiospermae,Mangifera; Anacardiaceae; Sapindales; malvids; rosids; Pentapetalae; Gunneridae; eudicotyledons; Mesangiospermae; Magnoliopsida; Spermatophyta; Euphyllophyta; Tracheophyta; Embryophyta; Streptophyta; Chloroplastida; Archaeplastida; Eukaryota; cellular organisms; life,29780,3190638,10201022,Mangifera indica,Anacardiaceae,Sapindales,Magnoliopsida,True,20,40,False,1,Mangifera_indica,807634,Archaeplastida,Plants,Eudicots,Sapindales,Anacardiaceae,1.0,False,,,False,False,False,False,False,,False,,Chloroplastida
ott339369,Manihot esculenta,Manihot esculenta,Manihot esculenta,species,Chloroplastida,Tracheophyta,Magnoliopsida,Malpighiales,Euphorbiaceae,Manihot,fabids; rosids; Pentapetalae; Gunneridae; eudicotyledons; Mesangiospermae,Manihot; Manihoteae; Crotonoideae; Euphorbiaceae; Malpighiales; fabids; rosids; Pentapetalae; Gunneridae; eudicotyledons; Mesangiospermae; Magnoliopsida; Spermatophyta; Euphyllophyta; Tracheophyta; Embryophyta; Streptophyta; Chloroplastida; Archaeplastida; Eukaryota; cellular organisms; life,3983,3060998,11022519,Manihot esculenta,Euphorbiaceae,Malpighiales,Magnoliopsida,True,18,36,False,1,Manihot_esculenta,339369,Archaeplastida,Plants,Eudicots,Malpighiales,Euphorbiaceae,1.0,False,,,False,False,False,False,False,,False,,Chloroplastida
ott5787510,Marsupenaeus japonicus,Penaeus japonicus,Penaeus japonicus,species,Metazoa,Arthropoda,Malacostraca,Decapoda,Penaeidae,Penaeus,Pancrustacea; Mandibulata; Panarthropoda; Ecdysozoa; Protostomia; Bilateria,Penaeus; Penaeidae; Penaeoidea; Dendrobranchiata; Decapoda; Eucarida; Eumalacostraca; Malacostraca; Multicrustacea; Crustacea; Pancrustacea; Mandibulata; Arthropoda; Panarthropoda; Ecdysozoa; Protostomia; Bilateria; Eumetazoa; Metazoa; Holozoa; Opisthokonta; Eukaryota; cellular organisms; life,27405,2223427,10214364,Penaeus japonicus,Penaeidae,Decapoda,Malacostraca,True,43,86,False,1,Marsupenaeus_japonicus,5787510,Opisthokonta ,Animals,Malacostraca,Decapoda,Penaeidae,1.0,False,,,True,False,False,False,False,,False,,Metazoa
ott1086789,Medicago sativa,Medicago sativa,Medicago sativa,species,Chloroplastida,Tracheophyta,Magnoliopsida,Fabales,Fabaceae,Medicago,IRL clade; Hologalegina; NPAAA clade; 50 kb inversion clade; fabids; rosids,Medicago; Trifolieae; IRL clade; Hologalegina; NPAAA clade; 50 kb inversion clade; Papilionoideae; Fabaceae; Fabales; fabids; rosids; Pentapetalae; Gunneridae; eudicotyledons; Mesangiospermae; Magnoliopsida; Spermatophyta; Euphyllophyta; Tracheophyta; Embryophyta; Streptophyta; Chloroplastida; Archaeplastida; Eukaryota; cellular organisms; life,3879,9151957,10179148,Medicago sativa,Fabaceae,Fabales,Magnoliopsida,True,32,64,False,1,Medicago_sativa,1086789,Archaeplastida,Plants,Eudicots,Fabales,Fabaceae,1.0,False,,,False,False,False,False,False,,False,,Chloroplastida
ott1060499,Medicago truncatula,Medicago truncatula,Medicago truncatula,species,Chloroplastida,Tracheophyta,Magnoliopsida,Fabales,Fabaceae,Medicago,IRL clade; Hologalegina; NPAAA clade; 50 kb inversion clade; fabids; rosids,Medicago; Trifolieae; IRL clade; Hologalegina; NPAAA clade; 50 kb inversion clade; Papilionoideae; Fabaceae; Fabales; fabids; rosids; Pentapetalae; Gunneridae; eudicotyledons; Mesangiospermae; Magnoliopsida; Spermatophyta; Euphyllophyta; Tracheophyta; Embryophyta; Streptophyta; Chloroplastida; Archaeplastida; Eukaryota; cellular organisms; life,3880,2965280,10183152,Medicago truncatula,Fabaceae,Fabales,Magnoliopsida,True,8,16,False,2,Medicago_truncatula,1060499,Archaeplastida,Plants,Eudicots,Fabales,Fabaceae,1.0,False,,,False,False,False,False,False,,False,,Chloroplastida
ott809207,Melampsora lini,Melampsora lini,Melampsora lini,species,Fungi,Basidiomycota,Pucciniomycetes,Pucciniales,Melampsoraceae,Podocystis,h2007-1; h2007-2; Nucletmycea; Opisthokonta; cellular organisms; life,Podocystis; Melampsoraceae; Pucciniales; Pucciniomycetes; Pucciniomycotina; Basidiomycota; Dikarya; h2007-1; h2007-2; Fungi; Nucletmycea; Opisthokonta; Eukaryota; cellular organisms; life,5261,8425316,10387892,Melampsora lini,Melampsoraceae,Pucciniales,Pucciniomycetes,True,18,36,False,1,Melampsora_lini,809207,Opisthokonta ,Fungi,Urediniomycetes,Uredinales,Melampsoraceae,1.0,False,,,False,False,False,False,False,,False,,Fungi
ott446482,Meleagris gallopavo,Meleagris gallopavo,Meleagris gallopavo,species,Metazoa,Chordata,Aves,Galliformes,Phasianidae,Meleagris,Coelurosauria; Theropoda; Archosauria; Archelosauria; Sauropsida; Amniota,Meleagris; Meleagridinae; Phasianidae; Galliformes; Galloanserae; Neognathae; Aves; Coelurosauria; Theropoda; Saurischia; Dinosauria; Archosauria; Archelosauria; Sauria; Sauropsida; Amniota; Tetrapoda; Dipnotetrapodomorpha; Sarcopterygii; Euteleostomi; Teleostomi; Gnathostomata; Vertebrata; Craniata; Chordata; Deuterostomia; Bilateria; Eumetazoa; Metazoa; Holozoa; Opisthokonta; Eukaryota; cellular organisms; life,9103,9606290,10192856,Meleagris gallopavo,Phasianidae,Galliformes,Aves,True,32,64,False,2,Meleagris_gallopavo,446482,Opisthokonta ,Animals,Aves,Galliformes,Phasianidae,1.0,False,,,False,False,False,False,False,,False,,Metazoa
ott1043271,Meloidogyne hapla,Meloidogyne hapla,Meloidogyne hapla,species,Metazoa,Nematoda,Chromadorea,Rhabditida,Meloidogynidae,Meloidogyne,Ecdysozoa; Protostomia; Bilateria; Eumetazoa; Holozoa; Opisthokonta,Meloidogyne; Meloidogyninae; Meloidogynidae; Tylenchoidea; Tylenchomorpha; Tylenchina; Rhabditida; Chromadorea; Nematoda; Ecdysozoa; Protostomia; Bilateria; Eumetazoa; Metazoa; Holozoa; Opisthokonta; Eukaryota; cellular organisms; life,6305,2283982,10597847,Meloidogyne hapla,Meloidogynidae,Rhabditida,Chromadorea,True,16,32,False,1,Meloidogyne_hapla,1043271,Opisthokonta ,Animals,Secernentea,Tylenchida,Heteroderidae,1.0,False,,,False,False,False,False,True,genuine taxonomic revision or error,False,,Metazoa
ott265548,Melospiza melodia,Melospiza melodia,Melospiza melodia,species,Metazoa,Chordata,Aves,Passeriformes,Passerellidae,Melospiza,Coelurosauria; Theropoda; Archosauria; Archelosauria; Sauropsida; Amniota,Melospiza; Passerellidae; Passeriformes; Neognathae; Aves; Coelurosauria; Theropoda; Saurischia; Dinosauria; Archosauria; Archelosauria; Sauria; Sauropsida; Amniota; Tetrapoda; Dipnotetrapodomorpha; Sarcopterygii; Euteleostomi; Teleostomi; Gnathostomata; Vertebrata; Craniata; Chordata; Deuterostomia; Bilateria; Eumetazoa; Metazoa; Holozoa; Opisthokonta; Eukaryota; cellular organisms; life,44397,2492196,10452660,Melospiza melodia,Passerellidae,Passeriformes,Aves,True,40,80,False,1,Melospiza_melodia,265548,Opisthokonta ,Animals,Aves,Passeriformes,Emberizidae,1.0,False,,,False,False,False,False,True,genuine taxonomic revision or error,False,,Metazoa
ott677719,Metriaclima zebra,Maylandia zebra,Maylandia zebra,species,Metazoa,Chordata,Actinopteri,Cichliformes,Cichlidae,Maylandia,African cichlids; Ovalentaria; Percomorphaceae; Euacanthomorphacea; Ctenosquamata; Eurypterygia,Maylandia zebra complex; Maylandia; Haplochromini; Pseudocrenilabrinae; African cichlids; Cichlidae; Cichliformes; Cichlomorphae; Ovalentaria; Percomorphaceae; Euacanthomorphacea; Acanthomorphata; Ctenosquamata; Eurypterygia; Neoteleostei; Euteleosteomorpha; Clupeocephala; Osteoglossocephalai; Teleostei; Neopterygii; Actinopteri; Actinopterygii; Euteleostomi; Teleostomi; Gnathostomata; Vertebrata; Craniata; Chordata; Deuterostomia; Bilateria; Eumetazoa; Metazoa; Holozoa; Opisthokonta; Eukaryota; cellular organisms; life,106582,2373039,10144468,Maylandia zebra,Cichlidae,Cichliformes,Actinopteri,True,22,44,False,1,Metriaclima_zebra,677719,Opisthokonta ,Animals,Actinopterygii,Perciformes,Cichlidae,1.0,False,,,True,False,False,False,False,,False,,Metazoa
ott927240,Microtus ochrogaster,Microtus ochrogaster,Microtus ochrogaster,species,Metazoa,Chordata,Mammalia,Rodentia,Cricetidae,Microtus,Muroidea; Glires; Boreoeutheria; Eutheria; Amniota; Dipnotetrapodomorpha,Microtus; Arvicolinae; Cricetidae; Muroidea; Myomorpha; Rodentia; Glires; Euarchontoglires; Boreoeutheria; Eutheria; Theria; Mammalia; Amniota; Tetrapoda; Dipnotetrapodomorpha; Sarcopterygii; Euteleostomi; Teleostomi; Gnathostomata; Vertebrata; Craniata; Chordata; Deuterostomia; Bilateria; Eumetazoa; Metazoa; Holozoa; Opisthokonta; Eukaryota; cellular organisms; life,79684,2438671,11295975,Microtus ochrogaster,Cricetidae,Rodentia,Mammalia,True,28,56,False,1,Microtus_ochrogaster,927240,Opisthokonta ,Animals,Mammalia,Rodentia,Cricetidae,1.0,False,,,False,False,False,False,False,,False,,Metazoa
ott504496,Mimulus guttatus,Erythranthe guttata,Erythranthe guttata,species,Chloroplastida,Tracheophyta,Magnoliopsida,Lamiales,Phrymaceae,Erythranthe,higher_core_Lamiales; Core_Lamiales; lamiids; asterids; Pentapetalae; Gunneridae,Erythranthe; Phrymaceae; higher_core_Lamiales; Core_Lamiales; Lamiales; lamiids; asterids; Pentapetalae; Gunneridae; eudicotyledons; Mesangiospermae; Magnoliopsida; Spermatophyta; Euphyllophyta; Tracheophyta; Embryophyta; Streptophyta; Chloroplastida; Archaeplastida; Eukaryota; cellular organisms; life,4155,7346102,10208223,Erythranthe guttata,Phrymaceae,Lamiales,Magnoliopsida,True,14,28,False,1,Mimulus_guttatus,504496,Archaeplastida,Plants,Eudicots,Lamiales,Phrymaceae,1.0,False,,,True,False,False,False,False,,False,,Chloroplastida
ott764796,Miscanthus sinensis,Miscanthus sinensis,Miscanthus sinensis,species,Chloroplastida,Tracheophyta,Liliopsida,Poales,Poaceae,Miscanthus,Andropogonodae; PACMAD clade; commelinids; Mesangiospermae; Spermatophyta; Euphyllophyta,Miscanthus; Saccharinae; Andropogoneae; Andropogonodae; Panicoideae; PACMAD clade; Poaceae; Poales; commelinids; Petrosaviidae; Liliopsida; Mesangiospermae; Magnoliopsida; Spermatophyta; Euphyllophyta; Tracheophyta; Embryophyta; Streptophyta; Chloroplastida; Archaeplastida; Eukaryota; cellular organisms; life,62337,2706026,10199062,Miscanthus sinensis,Poaceae,Poales,Magnoliopsida,True,19,38,False,1,Miscanthus_sinensis,764796,Archaeplastida,Plants,Monocots,Poales,Poaceae,1.0,False,,,False,False,False,False,False,,False,,Chloroplastida
ott312382,Misgurnus anguillicaudatus,Misgurnus anguillicaudatus,Misgurnus anguillicaudatus,species,Metazoa,Chordata,Actinopteri,Cypriniformes,Cobitidae,Misgurnus,Otophysi; Clupeocephala; Osteoglossocephalai; Euteleostomi; Teleostomi; Deuterostomia,Misgurnus; Cobitinae; Cobitidae; Cobitoidei; Cypriniformes; Cypriniphysae; Otophysi; Ostariophysi; Otomorpha; Clupeocephala; Osteoglossocephalai; Teleostei; Neopterygii; Actinopteri; Actinopterygii; Euteleostomi; Teleostomi; Gnathostomata; Vertebrata; Craniata; Chordata; Deuterostomia; Bilateria; Eumetazoa; Metazoa; Holozoa; Opisthokonta; Eukaryota; cellular organisms; life,75329,2367919,11229171,Misgurnus anguillicaudatus,Cobitidae,Cypriniformes,Actinopteri,True,25,50,False,1,Misgurnus_anguillicaudatus,312382,Opisthokonta ,Animals,Actinopterygii,Cypriniformes,Cobitidae,1.0,False,,,False,False,False,False,False,,False,,Metazoa
ott122362,Monodelphis domestica,Monodelphis domestica,Monodelphis domestica,species,Metazoa,Chordata,Mammalia,Didelphimorphia,Didelphidae,Monodelphis,Metatheria; Amniota; Dipnotetrapodomorpha; Euteleostomi; Teleostomi; Deuterostomia,Monodelphis; Didelphinae; Didelphidae; Didelphimorphia; Metatheria; Theria; Mammalia; Amniota; Tetrapoda; Dipnotetrapodomorpha; Sarcopterygii; Euteleostomi; Teleostomi; Gnathostomata; Vertebrata; Craniata; Chordata; Deuterostomia; Bilateria; Eumetazoa; Metazoa; Holozoa; Opisthokonta; Eukaryota; cellular organisms; life,13616,2439965,11200272,Monodelphis domestica,Didelphidae,Didelphimorphia,Mammalia,True,9,18,False,1,Monodelphis_domestica,122362,Opisthokonta ,Animals,Mammalia,Didelphimorphia,Didelphidae,1.0,False,,,False,False,False,False,False,,False,,Metazoa
ott542509,Mus musculus,Mus musculus,Mus musculus,species,Metazoa,Chordata,Mammalia,Rodentia,Muridae,Mus,Muroidea; Glires; Boreoeutheria; Eutheria; Amniota; Dipnotetrapodomorpha,Mus subgenus Mus; Mus; Murinae; Muridae; Muroidea; Myomorpha; Rodentia; Glires; Euarchontoglires; Boreoeutheria; Eutheria; Theria; Mammalia; Amniota; Tetrapoda; Dipnotetrapodomorpha; Sarcopterygii; Euteleostomi; Teleostomi; Gnathostomata; Vertebrata; Craniata; Chordata; Deuterostomia; Bilateria; Eumetazoa; Metazoa; Holozoa; Opisthokonta; Eukaryota; cellular organisms; life,10090,7429082,10716878,Mus musculus,Muridae,Rodentia,Mammalia,True,20,42,False,2,Mus_musculus,542509,Opisthokonta ,Animals,Mammalia,Rodentia,Muridae,1.0,False,,,False,False,False,False,False,,False,,Metazoa
ott207474,Musa acuminata,Musa acuminata,Musa acuminata,species,Chloroplastida,Tracheophyta,Liliopsida,Zingiberales,Musaceae,Musa,commelinids; Mesangiospermae; Spermatophyta; Euphyllophyta; Embryophyta; cellular organisms,Musa; Musaceae; Zingiberales; commelinids; Petrosaviidae; Liliopsida; Mesangiospermae; Magnoliopsida; Spermatophyta; Euphyllophyta; Tracheophyta; Embryophyta; Streptophyta; Chloroplastida; Archaeplastida; Eukaryota; cellular organisms; life,4641,2762680,10208094,Musa acuminata,Musaceae,Zingiberales,Magnoliopsida,True,11,22,False,1,Musa_acuminata,207474,Archaeplastida,Plants,Monocots,Zingiberales,Musaceae,1.0,False,,,False,False,False,False,False,,False,,Chloroplastida
ott1011010,Musca domestica,Musca domestica,Musca domestica,species,Metazoa,Arthropoda,Insecta,Diptera,Muscidae,Musca,Calyptratae; Cyclorrhapha; Eremoneura; Dicondylia; Pancrustacea; Mandibulata,Musca subgenus Musca; Musca; Muscini; Muscinae; Muscidae; Muscoidea; Calyptratae; Schizophora; Cyclorrhapha; Eremoneura; Muscomorpha; Brachycera; Diptera; Holometabola; Neoptera; Pterygota; Dicondylia; Insecta; Hexapoda; Pancrustacea; Mandibulata; Arthropoda; Panarthropoda; Ecdysozoa; Protostomia; Bilateria; Eumetazoa; Metazoa; Holozoa; Opisthokonta; Eukaryota; cellular organisms; life,7370,1524843,10132042,Musca domestica,Muscidae,Diptera,Insecta,True,5,10,False,1,Musca_domestica,1011010,Opisthokonta ,Animals,Insecta,Diptera,Schizophoroa,1.0,False,,,False,False,False,False,True,genuine taxonomic revision or error,False,,Metazoa
ott310482,Mustela vison,Neovison vison,Neovison vison,species,Metazoa,Chordata,Mammalia,Carnivora,Mustelidae,Neovison,Boreoeutheria; Eutheria; Amniota; Dipnotetrapodomorpha; Euteleostomi; Teleostomi,Neovison; Mustelinae; Mustelidae; Caniformia; Carnivora; Laurasiatheria; Boreoeutheria; Eutheria; Theria; Mammalia; Amniota; Tetrapoda; Dipnotetrapodomorpha; Sarcopterygii; Euteleostomi; Teleostomi; Gnathostomata; Vertebrata; Craniata; Chordata; Deuterostomia; Bilateria; Eumetazoa; Metazoa; Holozoa; Opisthokonta; Eukaryota; cellular organisms; life,452646,2433652,10584058,Neogale vison,Mustelidae,Carnivora,Mammalia,True,14,28,False,1,Mustela_vison,310482,Opisthokonta ,Animals,Mammalia,Carnivora,Mustelidae,1.0,False,,,True,False,False,False,False,,False,,Metazoa
ott857565,Mycosphaerella fijiensis,Mycosphaerella fijiensis,Mycosphaerella fijiensis,species,Fungi,Ascomycota,Dothideomycetes,Capnodiales,Mycosphaerellaceae,Mycosphaerella,Dothideomyceta; Leotiomyceta; saccharomyceta; h2007-1; h2007-2; Nucletmycea,Mycosphaerella; Mycosphaerellaceae; Capnodiales; Dothideomycetes; Dothideomyceta; Leotiomyceta; Pezizomycotina; saccharomyceta; Ascomycota; Dikarya; h2007-1; h2007-2; Fungi; Nucletmycea; Opisthokonta; Eukaryota; cellular organisms; life,1873960,2621925,10390627,Pseudocercospora fijiensis,Mycosphaerellaceae,Mycosphaerellales,Dothideomycetes,True,,,False,1,Mycosphaerella_fijiensis,857565,Opisthokonta ,Fungi,Dothideomycetes,Mycosphaerellales,Mycosphaerellaceae,1.0,False,,,False,False,False,False,False,,True,Same OTT taxon (ott857565) as: Pseudocercospora fijiensis. These are the same organism under different names and should be merged in maps.csv.,Fungi
ott5319573,Mycosphaerella graminicola,Mycosphaerella graminicola,Mycosphaerella graminicola,species,Fungi,Ascomycota,Dothideomycetes,Capnodiales,Mycosphaerellaceae,Mycosphaerella,Dothideomyceta; Leotiomyceta; saccharomyceta; h2007-1; h2007-2; Nucletmycea,Mycosphaerella; Mycosphaerellaceae; Capnodiales; Dothideomycetes; Dothideomyceta; Leotiomyceta; Pezizomycotina; saccharomyceta; Ascomycota; Dikarya; h2007-1; h2007-2; Fungi; Nucletmycea; Opisthokonta; Eukaryota; cellular organisms; life,,2622594,10646219,,,,,,21,42,False,1,Mycosphaerella_graminicola,5319573,Opisthokonta ,Fungi,Dothideomycetes,Mycosphaerellales,Mycosphaerellaceae,1.0,False,,,False,False,False,False,False,,False,,Fungi
ott729592,Nasonia giraulti,Nasonia giraulti,Nasonia giraulti,species,Metazoa,Arthropoda,Insecta,Hymenoptera,Pteromalidae,Nasonia,Dicondylia; Pancrustacea; Mandibulata; Panarthropoda; Ecdysozoa; Protostomia,Nasonia; Pteromalinae; Pteromalidae; Chalcidoidea; Parasitoida; Apocrita; Hymenoptera; Holometabola; Neoptera; Pterygota; Dicondylia; Insecta; Hexapoda; Pancrustacea; Mandibulata; Arthropoda; Panarthropoda; Ecdysozoa; Protostomia; Bilateria; Eumetazoa; Metazoa; Holozoa; Opisthokonta; Eukaryota; cellular organisms; life,7426,5047341,,Nasonia giraulti,Pteromalidae,Hymenoptera,Insecta,True,5,10,False,1,Nasonia_giraulti,729592,Opisthokonta ,Animals,Insecta,Hymenoptera,Pteromalidae,1.0,False,,,False,False,False,False,False,,False,,Metazoa
ott729593,Nasonia vitripennis,Nasonia vitripennis,Nasonia vitripennis,species,Metazoa,Arthropoda,Insecta,Hymenoptera,Pteromalidae,Nasonia,Dicondylia; Pancrustacea; Mandibulata; Panarthropoda; Ecdysozoa; Protostomia,Nasonia; Pteromalinae; Pteromalidae; Chalcidoidea; Parasitoida; Apocrita; Hymenoptera; Holometabola; Neoptera; Pterygota; Dicondylia; Insecta; Hexapoda; Pancrustacea; Mandibulata; Arthropoda; Panarthropoda; Ecdysozoa; Protostomia; Bilateria; Eumetazoa; Metazoa; Holozoa; Opisthokonta; Eukaryota; cellular organisms; life,7425,5047342,11275361,Nasonia vitripennis,Pteromalidae,Hymenoptera,Insecta,True,5,10,False,1,Nasonia_vitripennis,729593,Opisthokonta ,Animals,Insecta,Hymenoptera,Pteromalidae,1.0,False,,,False,False,False,False,False,,False,,Metazoa
ott532278,Nelumbo lutea,Nelumbo lutea,Nelumbo lutea,species,Chloroplastida,Tracheophyta,Magnoliopsida,Proteales,Nelumbonaceae,Nelumbo,Mesangiospermae; Spermatophyta; Euphyllophyta; Embryophyta; cellular organisms; life,Nelumbo; Nelumbonaceae; Proteales; Mesangiospermae; Magnoliopsida; Spermatophyta; Euphyllophyta; Tracheophyta; Embryophyta; Streptophyta; Chloroplastida; Archaeplastida; Eukaryota; cellular organisms; life,4431,2882453,10994389,Nelumbo lutea,Nelumbonaceae,Proteales,Magnoliopsida,True,8,16,False,1,Nelumbo_lutea,532278,Archaeplastida,Plants,Basal.Eudicots,Proteales,Nelumbonaceae,1.0,False,,,False,False,False,False,False,,False,,Chloroplastida
ott532288,Nelumbo nucifera,Nelumbo nucifera,Nelumbo nucifera,species,Chloroplastida,Tracheophyta,Magnoliopsida,Proteales,Nelumbonaceae,Nelumbo,Mesangiospermae; Spermatophyta; Euphyllophyta; Embryophyta; cellular organisms; life,Nelumbo; Nelumbonaceae; Proteales; Mesangiospermae; Magnoliopsida; Spermatophyta; Euphyllophyta; Tracheophyta; Embryophyta; Streptophyta; Chloroplastida; Archaeplastida; Eukaryota; cellular organisms; life,4432,2882449,11009483,Nelumbo nucifera,Nelumbonaceae,Proteales,Magnoliopsida,True,8,16,False,1,Nelumbo_nucifera,532288,Archaeplastida,Plants,Basal.Eudicots,Proteales,Nelumbonaceae,1.0,False,,,False,False,False,False,False,,False,,Chloroplastida
ott733968,Nicotiana langsdorffii,Nicotiana langsdorffii,Nicotiana langsdorffii,species,Chloroplastida,Tracheophyta,Magnoliopsida,Solanales,Solanaceae,Nicotiana,lamiids; asterids; Pentapetalae; Gunneridae; eudicotyledons; Mesangiospermae,Nicotiana; Nicotianeae; Nicotianoideae; Solanaceae; Solanales; lamiids; asterids; Pentapetalae; Gunneridae; eudicotyledons; Mesangiospermae; Magnoliopsida; Spermatophyta; Euphyllophyta; Tracheophyta; Embryophyta; Streptophyta; Chloroplastida; Archaeplastida; Eukaryota; cellular organisms; life,118700,8081001,10209985,Nicotiana langsdorffii,Solanaceae,Solanales,Magnoliopsida,True,9,18,False,1,Nicotiana_langsdorffii,733968,Archaeplastida,Plants,Eudicots,Solanales,Solanaceae,1.0,False,,,False,False,False,False,False,,False,,Chloroplastida
ott222787,Nicotiana tabacum,Nicotiana tabacum,Nicotiana tabacum,species,Chloroplastida,Tracheophyta,Magnoliopsida,Solanales,Solanaceae,Nicotiana,lamiids; asterids; Pentapetalae; Gunneridae; eudicotyledons; Mesangiospermae,Nicotiana; Nicotianeae; Nicotianoideae; Solanaceae; Solanales; lamiids; asterids; Pentapetalae; Gunneridae; eudicotyledons; Mesangiospermae; Magnoliopsida; Spermatophyta; Euphyllophyta; Tracheophyta; Embryophyta; Streptophyta; Chloroplastida; Archaeplastida; Eukaryota; cellular organisms; life,4097,2928774,10206814,Nicotiana tabacum,Solanaceae,Solanales,Magnoliopsida,True,24,48,False,1,Nicotiana_tabacum,222787,Archaeplastida,Plants,Eudicots,Solanales,Solanaceae,1.0,False,,,False,False,False,False,False,,False,,Chloroplastida
ott876508,Nilaparvata lugens,Nilaparvata lugens,Nilaparvata lugens,species,Metazoa,Arthropoda,Insecta,Hemiptera,Delphacidae,Nilaparvata,Dicondylia; Pancrustacea; Mandibulata; Panarthropoda; Ecdysozoa; Protostomia,Nilaparvata; Delphacinae; Delphacidae; Fulgoroidea; Fulgoromorpha; Auchenorrhyncha; Hemiptera; Paraneoptera; Neoptera; Pterygota; Dicondylia; Insecta; Hexapoda; Pancrustacea; Mandibulata; Arthropoda; Panarthropoda; Ecdysozoa; Protostomia; Bilateria; Eumetazoa; Metazoa; Holozoa; Opisthokonta; Eukaryota; cellular organisms; life,108931,2056628,10104508,Nilaparvata lugens,Delphacidae,Hemiptera,Insecta,True,15,30,False,1,Nilaparvata_lugens,876508,Opisthokonta ,Animals,Insecta,Hemiptera,Delphacidae,1.0,False,,,False,False,False,False,False,,False,,Metazoa
ott547026,Nodipecten subnodosus,Nodipecten subnodosus,Nodipecten subnodosus,species,Metazoa,Mollusca,Bivalvia,Pectinida,Pectinidae,Nodipecten,Lophotrochozoa; Protostomia; Bilateria; Eumetazoa; Holozoa; Opisthokonta,Nodipecten; Decatopectinini; Pectininae; Pectinidae; Pectinoidea; Pectinida; Pteriomorphia; Bivalvia; Mollusca; Lophotrochozoa; Protostomia; Bilateria; Eumetazoa; Metazoa; Holozoa; Opisthokonta; Eukaryota; cellular organisms; life,330909,2285812,10213742,Nodipecten subnodosus,Pectinidae,Pectinida,Bivalvia,True,19,38,False,1,Nodipecten_subnodosus,547026,Opisthokonta ,Animals,Bivalvia,Ostreoida,Pectinidae,1.0,False,,,False,False,False,False,False,,False,,Metazoa
ott513643,Nothobranchius furzeri,Nothobranchius furzeri,Nothobranchius furzeri,species,Metazoa,Chordata,Actinopteri,Cyprinodontiformes,Nothobranchiidae,Nothobranchius,Ovalentaria; Percomorphaceae; Euacanthomorphacea; Ctenosquamata; Eurypterygia; Neoteleostei,Nothobranchius; Nothobranchiidae; Aplocheiloidei; Cyprinodontiformes; Atherinomorphae; Ovalentaria; Percomorphaceae; Euacanthomorphacea; Acanthomorphata; Ctenosquamata; Eurypterygia; Neoteleostei; Euteleosteomorpha; Clupeocephala; Osteoglossocephalai; Teleostei; Neopterygii; Actinopteri; Actinopterygii; Euteleostomi; Teleostomi; Gnathostomata; Vertebrata; Craniata; Chordata; Deuterostomia; Bilateria; Eumetazoa; Metazoa; Holozoa; Opisthokonta; Eukaryota; cellular organisms; life,105023,2348706,10157261,Nothobranchius furzeri,Nothobranchiidae,Cyprinodontiformes,Actinopteri,True,19,38,False,1,Nothobranchius_furzeri,513643,Opisthokonta ,Animals,Actinopterygii,Cyprinodontiformes,Aplocheilidae,1.0,False,,,False,False,False,False,True,genuine taxonomic revision or error,False,,Metazoa
ott23729,Olea europaea,Olea europaea,Olea europaea,species,Chloroplastida,Tracheophyta,Magnoliopsida,Lamiales,Oleaceae,Olea,lamiids; asterids; Pentapetalae; Gunneridae; eudicotyledons; Mesangiospermae,Olea; Oleeae; Oleaceae; Lamiales; lamiids; asterids; Pentapetalae; Gunneridae; eudicotyledons; Mesangiospermae; Magnoliopsida; Spermatophyta; Euphyllophyta; Tracheophyta; Embryophyta; Streptophyta; Chloroplastida; Archaeplastida; Eukaryota; cellular organisms; life,4146,5415040,10198497,Olea europaea,Oleaceae,Lamiales,Magnoliopsida,True,23,46,False,1,Olea_europaea,23729,Archaeplastida,Plants,Eudicots,Lamiales,Oleaceae,1.0,False,,,False,False,False,False,False,,False,,Chloroplastida
ott739917,Oncorhynchus kisutch,Oncorhynchus kisutch,Oncorhynchus kisutch,species,Metazoa,Chordata,Actinopteri,Salmoniformes,Salmonidae,Oncorhynchus,Protacanthopterygii; Clupeocephala; Osteoglossocephalai; Euteleostomi; Teleostomi; Deuterostomia,Oncorhynchus; Salmoninae; Salmonidae; Salmoniformes; Protacanthopterygii; Euteleosteomorpha; Clupeocephala; Osteoglossocephalai; Teleostei; Neopterygii; Actinopteri; Actinopterygii; Euteleostomi; Teleostomi; Gnathostomata; Vertebrata; Craniata; Chordata; Deuterostomia; Bilateria; Eumetazoa; Metazoa; Holozoa; Opisthokonta; Eukaryota; cellular organisms; life,8019,5204034,11423601,Oncorhynchus kisutch,Salmonidae,Salmoniformes,Actinopteri,True,30,60,False,1,Oncorhynchus_kisutch,739917,Opisthokonta ,Animals,Actinopterygii,Salmoniformes,Salmonidae,1.0,False,,,False,False,False,False,False,,False,,Metazoa
ott165368,Oncorhynchus mykiss,Oncorhynchus mykiss,Oncorhynchus mykiss (species in domain Eukaryota),species,Metazoa,Chordata,Actinopteri,Salmoniformes,Salmonidae,Oncorhynchus,Protacanthopterygii; Clupeocephala; Osteoglossocephalai; Euteleostomi; Teleostomi; Deuterostomia,Oncorhynchus; Salmoninae; Salmonidae; Salmoniformes; Protacanthopterygii; Euteleosteomorpha; Clupeocephala; Osteoglossocephalai; Teleostei; Neopterygii; Actinopteri; Actinopterygii; Euteleostomi; Teleostomi; Gnathostomata; Vertebrata; Craniata; Chordata; Deuterostomia; Bilateria; Eumetazoa; Metazoa; Holozoa; Opisthokonta; Eukaryota; cellular organisms; life,8022,5204019,10880924,Oncorhynchus mykiss,Salmonidae,Salmoniformes,Actinopteri,True,29,58,False,1,Oncorhynchus_mykiss,165368,Opisthokonta ,Animals,Actinopterygii,Salmoniformes,Salmonidae,1.0,False,,,False,False,False,False,False,,False,,Metazoa
ott165375,Oncorhynchus nerka,Oncorhynchus nerka,Oncorhynchus nerka,species,Metazoa,Chordata,Actinopteri,Salmoniformes,Salmonidae,Oncorhynchus,Protacanthopterygii; Clupeocephala; Osteoglossocephalai; Euteleostomi; Teleostomi; Deuterostomia,Oncorhynchus; Salmoninae; Salmonidae; Salmoniformes; Protacanthopterygii; Euteleosteomorpha; Clupeocephala; Osteoglossocephalai; Teleostei; Neopterygii; Actinopteri; Actinopterygii; Euteleostomi; Teleostomi; Gnathostomata; Vertebrata; Craniata; Chordata; Deuterostomia; Bilateria; Eumetazoa; Metazoa; Holozoa; Opisthokonta; Eukaryota; cellular organisms; life,8023,5204039,11368252,Oncorhynchus nerka,Salmonidae,Salmoniformes,Actinopteri,True,29,58,False,1,Oncorhynchus_nerka,165375,Opisthokonta ,Animals,Actinopterygii,Salmoniformes,Salmonidae,1.0,False,,,False,False,False,False,False,,False,,Metazoa
ott730762,Oncorhynchus tshawytscha,Oncorhynchus tshawytscha,Oncorhynchus tshawytscha,species,Metazoa,Chordata,Actinopteri,Salmoniformes,Salmonidae,Oncorhynchus,Protacanthopterygii; Clupeocephala; Osteoglossocephalai; Euteleostomi; Teleostomi; Deuterostomia,Oncorhynchus; Salmoninae; Salmonidae; Salmoniformes; Protacanthopterygii; Euteleosteomorpha; Clupeocephala; Osteoglossocephalai; Teleostei; Neopterygii; Actinopteri; Actinopterygii; Euteleostomi; Teleostomi; Gnathostomata; Vertebrata; Craniata; Chordata; Deuterostomia; Bilateria; Eumetazoa; Metazoa; Holozoa; Opisthokonta; Eukaryota; cellular organisms; life,74940,5204024,10576735,Oncorhynchus tshawytscha,Salmonidae,Salmoniformes,Actinopteri,True,34,68,False,1,Oncorhynchus_tshawytscha,730762,Opisthokonta ,Animals,Actinopterygii,Salmoniformes,Salmonidae,1.0,False,,,False,False,False,False,False,,False,,Metazoa
ott288069,Oreochromis mossambicus,Oreochromis mossambicus,Oreochromis mossambicus,species,Metazoa,Chordata,Actinopteri,Cichliformes,Cichlidae,Oreochromis,African cichlids; Ovalentaria; Percomorphaceae; Euacanthomorphacea; Ctenosquamata; Eurypterygia,Oreochromis; Oreochromini; Pseudocrenilabrinae; African cichlids; Cichlidae; Cichliformes; Cichlomorphae; Ovalentaria; Percomorphaceae; Euacanthomorphacea; Acanthomorphata; Ctenosquamata; Eurypterygia; Neoteleostei; Euteleosteomorpha; Clupeocephala; Osteoglossocephalai; Teleostei; Neopterygii; Actinopteri; Actinopterygii; Euteleostomi; Teleostomi; Gnathostomata; Vertebrata; Craniata; Chordata; Deuterostomia; Bilateria; Eumetazoa; Metazoa; Holozoa; Opisthokonta; Eukaryota; cellular organisms; life,8127,2372396,10155180,Oreochromis mossambicus,Cichlidae,Cichliformes,Actinopteri,True,22,44,False,1,Oreochromis_mossambicus,288069,Opisthokonta ,Animals,Actinopterygii,Perciformes,Cichlidae,1.0,False,,,False,False,False,False,False,,False,,Metazoa
ott288063,Oreochromis niloticus,Oreochromis niloticus,Oreochromis niloticus,species,Metazoa,Chordata,Actinopteri,Cichliformes,Cichlidae,Oreochromis,African cichlids; Ovalentaria; Percomorphaceae; Euacanthomorphacea; Ctenosquamata; Eurypterygia,Oreochromis; Oreochromini; Pseudocrenilabrinae; African cichlids; Cichlidae; Cichliformes; Cichlomorphae; Ovalentaria; Percomorphaceae; Euacanthomorphacea; Acanthomorphata; Ctenosquamata; Eurypterygia; Neoteleostei; Euteleosteomorpha; Clupeocephala; Osteoglossocephalai; Teleostei; Neopterygii; Actinopteri; Actinopterygii; Euteleostomi; Teleostomi; Gnathostomata; Vertebrata; Craniata; Chordata; Deuterostomia; Bilateria; Eumetazoa; Metazoa; Holozoa; Opisthokonta; Eukaryota; cellular organisms; life,8128,4285694,11188096,Oreochromis niloticus,Cichlidae,Cichliformes,Actinopteri,True,22,44,False,1,Oreochromis_niloticus,288063,Opisthokonta ,Animals,Actinopterygii,Perciformes,Cichlidae,1.0,False,,,False,False,False,False,False,,False,,Metazoa
ott864596,Oryctolagus cuniculus,Oryctolagus cuniculus,Oryctolagus cuniculus,species,Metazoa,Chordata,Mammalia,Lagomorpha,Leporidae,Oryctolagus,Glires; Boreoeutheria; Eutheria; Amniota; Dipnotetrapodomorpha; Euteleostomi,Oryctolagus; Leporidae; Lagomorpha; Glires; Euarchontoglires; Boreoeutheria; Eutheria; Theria; Mammalia; Amniota; Tetrapoda; Dipnotetrapodomorpha; Sarcopterygii; Euteleostomi; Teleostomi; Gnathostomata; Vertebrata; Craniata; Chordata; Deuterostomia; Bilateria; Eumetazoa; Metazoa; Holozoa; Opisthokonta; Eukaryota; cellular organisms; life,9986,2436940,11398364,Oryctolagus cuniculus,Leporidae,Lagomorpha,Mammalia,True,22,44,False,1,Oryctolagus_cuniculus,864596,Opisthokonta ,Animals,Mammalia,Lagomorpha,Leporidae,1.0,False,,,False,False,False,False,False,,False,,Metazoa
ott135756,Oryza rufipogon,Oryza rufipogon,Oryza rufipogon,species,Chloroplastida,Tracheophyta,Liliopsida,Poales,Poaceae,Oryza,BOP clade; commelinids; Mesangiospermae; Spermatophyta; Euphyllophyta; Embryophyta,Oryza; Oryzinae; Oryzeae; Oryzoideae; BOP clade; Poaceae; Poales; commelinids; Petrosaviidae; Liliopsida; Mesangiospermae; Magnoliopsida; Spermatophyta; Euphyllophyta; Tracheophyta; Embryophyta; Streptophyta; Chloroplastida; Archaeplastida; Eukaryota; cellular organisms; life,4529,2703463,10203713,Oryza rufipogon,Poaceae,Poales,Magnoliopsida,True,12,24,False,1,Oryza_rufipogon,135756,Archaeplastida,Plants,Monocots,Poales,Poaceae,1.0,False,,,False,False,False,False,False,,False,,Chloroplastida
ott709894,Oryza sativa,Oryza sativa,Oryza sativa,species,Chloroplastida,Tracheophyta,Liliopsida,Poales,Poaceae,Oryza,BOP clade; commelinids; Mesangiospermae; Spermatophyta; Euphyllophyta; Embryophyta,Oryza; Oryzinae; Oryzeae; Oryzoideae; BOP clade; Poaceae; Poales; commelinids; Petrosaviidae; Liliopsida; Mesangiospermae; Magnoliopsida; Spermatophyta; Euphyllophyta; Tracheophyta; Embryophyta; Streptophyta; Chloroplastida; Archaeplastida; Eukaryota; cellular organisms; life,4530,2703459,10706953,Oryza sativa,Poaceae,Poales,Magnoliopsida,True,12,24,False,2,Oryza_sativa,709894,Archaeplastida,Plants,Monocots,Poales,Poaceae,1.0,False,,,False,False,False,False,False,,False,,Chloroplastida
ott942673,Oryzias latipes,Oryzias latipes,Oryzias latipes,species,Metazoa,Chordata,Actinopteri,Beloniformes,Adrianichthyidae,Oryzias,Ovalentaria; Percomorphaceae; Euacanthomorphacea; Ctenosquamata; Eurypterygia; Neoteleostei,Oryzias; Oryziinae; Adrianichthyidae; Adrianichthyoidei; Beloniformes; Atherinomorphae; Ovalentaria; Percomorphaceae; Euacanthomorphacea; Acanthomorphata; Ctenosquamata; Eurypterygia; Neoteleostei; Euteleosteomorpha; Clupeocephala; Osteoglossocephalai; Teleostei; Neopterygii; Actinopteri; Actinopterygii; Euteleostomi; Teleostomi; Gnathostomata; Vertebrata; Craniata; Chordata; Deuterostomia; Bilateria; Eumetazoa; Metazoa; Holozoa; Opisthokonta; Eukaryota; cellular organisms; life,8090,2368377,11177209,Oryzias latipes,Adrianichthyidae,Beloniformes,Actinopteri,True,24,48,False,1,Oryzias_latipes,942673,Opisthokonta ,Animals,Actinopterygii,Beloniformes,Adrianichthyidae,1.0,False,,,False,False,False,False,False,,False,,Metazoa
ott1033104,Ostrea edulis,Ostrea edulis,Ostrea edulis,species,Metazoa,Mollusca,Bivalvia,Ostreida,Ostreidae,Ostrea,Lophotrochozoa; Protostomia; Bilateria; Eumetazoa; Holozoa; Opisthokonta,Ostrea; Ostreinae; Ostreidae; Ostreoidea; Ostreida; Pteriomorphia; Bivalvia; Mollusca; Lophotrochozoa; Protostomia; Bilateria; Eumetazoa; Metazoa; Holozoa; Opisthokonta; Eukaryota; cellular organisms; life,37623,9425720,10541599,Ostrea edulis,Ostreidae,Ostreida,Bivalvia,True,10,20,False,1,Ostrea_edulis,1033104,Opisthokonta ,Animals,Bivalvia,Ostreoida,Ostreidae,1.0,False,,,False,False,False,False,False,,False,,Metazoa
ott1058331,Ostrinia nubilalis,Ostrinia nubilalis,Ostrinia nubilalis,species,Metazoa,Arthropoda,Insecta,Lepidoptera,Crambidae,Ostrinia,Obtectomera; Ditrysia; Dicondylia; Pancrustacea; Mandibulata; Panarthropoda,Ostrinia; Pyraustinae; Crambidae; Pyraloidea; Obtectomera; Ditrysia; Heteroneura; Neolepidoptera; Glossata; Lepidoptera; Amphiesmenoptera; Holometabola; Neoptera; Pterygota; Dicondylia; Insecta; Hexapoda; Pancrustacea; Mandibulata; Arthropoda; Panarthropoda; Ecdysozoa; Protostomia; Bilateria; Eumetazoa; Metazoa; Holozoa; Opisthokonta; Eukaryota; cellular organisms; life,29057,1886305,10306160,Ostrinia nubilalis,Crambidae,Lepidoptera,Insecta,True,31,62,False,1,Ostrinia_nubilalis,1058331,Opisthokonta ,Animals,Insecta,Lepidoptera,Crambidae,1.0,False,,,False,False,False,False,False,,False,,Metazoa
ott70819,Ovis aries,Ovis aries,Ovis aries,species,Metazoa,Chordata,Mammalia,Artiodactyla,Bovidae,Ovis,Boreoeutheria; Eutheria; Amniota; Dipnotetrapodomorpha; Euteleostomi; Teleostomi,Ovis; Caprinae; Bovidae; Pecora; Ruminantia; Artiodactyla; Laurasiatheria; Boreoeutheria; Eutheria; Theria; Mammalia; Amniota; Tetrapoda; Dipnotetrapodomorpha; Sarcopterygii; Euteleostomi; Teleostomi; Gnathostomata; Vertebrata; Craniata; Chordata; Deuterostomia; Bilateria; Eumetazoa; Metazoa; Holozoa; Opisthokonta; Eukaryota; cellular organisms; life,9940,2441110,10422296,Ovis aries,Bovidae,Artiodactyla,Mammalia,True,27,54,False,2,Ovis_aries,70819,Opisthokonta ,Animals,Mammalia,Artiodactyla,Bovidae,1.0,False,,,False,False,False,False,False,,False,,Metazoa
ott123206,Ovis canadensis,Ovis canadensis,Ovis canadensis,species,Metazoa,Chordata,Mammalia,Artiodactyla,Bovidae,Ovis,Boreoeutheria; Eutheria; Amniota; Dipnotetrapodomorpha; Euteleostomi; Teleostomi,Ovis; Caprinae; Bovidae; Pecora; Ruminantia; Artiodactyla; Laurasiatheria; Boreoeutheria; Eutheria; Theria; Mammalia; Amniota; Tetrapoda; Dipnotetrapodomorpha; Sarcopterygii; Euteleostomi; Teleostomi; Gnathostomata; Vertebrata; Craniata; Chordata; Deuterostomia; Bilateria; Eumetazoa; Metazoa; Holozoa; Opisthokonta; Eukaryota; cellular organisms; life,37174,2441119,10197226,Ovis canadensis,Bovidae,Artiodactyla,Mammalia,True,27,54,False,1,Ovis_canadensis,123206,Opisthokonta ,Animals,Mammalia,Artiodactyla,Bovidae,1.0,False,,,False,False,False,False,False,,False,,Metazoa
ott271163,Pagellus erythrinus,Pagellus erythrinus,Pagellus erythrinus,species,Metazoa,Chordata,Actinopteri,Spariformes,Sparidae,Pagellus,Eupercaria; Percomorphaceae; Euacanthomorphacea; Ctenosquamata; Eurypterygia; Neoteleostei,Pagellus; Sparidae; Spariformes; Eupercaria; Percomorphaceae; Euacanthomorphacea; Acanthomorphata; Ctenosquamata; Eurypterygia; Neoteleostei; Euteleosteomorpha; Clupeocephala; Osteoglossocephalai; Teleostei; Neopterygii; Actinopteri; Actinopterygii; Euteleostomi; Teleostomi; Gnathostomata; Vertebrata; Craniata; Chordata; Deuterostomia; Bilateria; Eumetazoa; Metazoa; Holozoa; Opisthokonta; Eukaryota; cellular organisms; life,50593,2392554,10149085,Pagellus erythrinus,Sparidae,Spariformes,Actinopteri,True,,,False,1,Pagellus_erythrinus,271163,Opisthokonta ,Animals,Actinopterygii,Perciformes,Sparidae,1.0,False,,,False,False,False,False,False,,False,,Metazoa
ott205619,Panicum virgatum,Panicum virgatum,Panicum virgatum (species in domain Eukaryota),species,Chloroplastida,Tracheophyta,Liliopsida,Poales,Poaceae,Panicum,Panicodae; PACMAD clade; commelinids; Mesangiospermae; Spermatophyta; Euphyllophyta,Panicum sect. Hiantes; Panicum; Panicinae; Paniceae; Panicodae; Panicoideae; PACMAD clade; Poaceae; Poales; commelinids; Petrosaviidae; Liliopsida; Mesangiospermae; Magnoliopsida; Spermatophyta; Euphyllophyta; Tracheophyta; Embryophyta; Streptophyta; Chloroplastida; Archaeplastida; Eukaryota; cellular organisms; life,38727,2705081,11337940,Panicum virgatum,Poaceae,Poales,Magnoliopsida,True,18,36,False,1,Panicum_virgatum,205619,Archaeplastida,Plants,Monocots,Poales,Poaceae,1.0,False,,,False,False,False,False,False,,False,,Chloroplastida
ott947948,Papilio glaucus,Papilio glaucus,Papilio glaucus,species,Metazoa,Arthropoda,Insecta,Lepidoptera,Papilionidae,Papilio,Obtectomera; Ditrysia; Dicondylia; Pancrustacea; Mandibulata; Panarthropoda,Papilio; Papilionini; Papilioninae; Papilionidae; Papilionoidea; Obtectomera; Ditrysia; Heteroneura; Neolepidoptera; Glossata; Lepidoptera; Amphiesmenoptera; Holometabola; Neoptera; Pterygota; Dicondylia; Insecta; Hexapoda; Pancrustacea; Mandibulata; Arthropoda; Panarthropoda; Ecdysozoa; Protostomia; Bilateria; Eumetazoa; Metazoa; Holozoa; Opisthokonta; Eukaryota; cellular organisms; life,45779,1938016,10465556,Papilio glaucus,Papilionidae,Lepidoptera,Insecta,True,28,56,False,1,Papilio_glaucus,947948,Opisthokonta ,Animals,Insecta,Lepidoptera,Paplionidae,1.0,False,,,False,False,False,False,True,typo/spelling in source file,False,,Metazoa
ott115449,Papio anubis,Papio anubis,Papio anubis,species,Metazoa,Chordata,Mammalia,,Cercopithecidae,Papio,Primates; Primatomorpha; Boreoeutheria; Eutheria; Amniota; Dipnotetrapodomorpha,Papio; Cercopithecinae; Cercopithecidae; Cercopithecoidea; Catarrhini; Simiiformes; Haplorrhini; Primates; Primatomorpha; Euarchontoglires; Boreoeutheria; Eutheria; Theria; Mammalia; Amniota; Tetrapoda; Dipnotetrapodomorpha; Sarcopterygii; Euteleostomi; Teleostomi; Gnathostomata; Vertebrata; Craniata; Chordata; Deuterostomia; Bilateria; Eumetazoa; Metazoa; Holozoa; Opisthokonta; Eukaryota; cellular organisms; life,9555,5707341,,Papio anubis,Cercopithecidae,Primates,Mammalia,True,21,42,False,1,Papio_anubis,115449,Opisthokonta ,Animals,Mammalia,Primates,Cercopithecidae,1.0,False,,,False,False,False,False,False,,False,,Metazoa
ott115463,Papio hamadryas,Papio hamadryas,Papio hamadryas,species,Metazoa,Chordata,Mammalia,,Cercopithecidae,Papio,Primates; Primatomorpha; Boreoeutheria; Eutheria; Amniota; Dipnotetrapodomorpha,Papio; Cercopithecinae; Cercopithecidae; Cercopithecoidea; Catarrhini; Simiiformes; Haplorrhini; Primates; Primatomorpha; Euarchontoglires; Boreoeutheria; Eutheria; Theria; Mammalia; Amniota; Tetrapoda; Dipnotetrapodomorpha; Sarcopterygii; Euteleostomi; Teleostomi; Gnathostomata; Vertebrata; Craniata; Chordata; Deuterostomia; Bilateria; Eumetazoa; Metazoa; Holozoa; Opisthokonta; Eukaryota; cellular organisms; life,9557,5219586,11091559,Papio hamadryas,Cercopithecidae,Primates,Mammalia,True,20,40,False,1,Papio_hamadryas,115463,Opisthokonta ,Animals,Mammalia,Primates,Cercopithecidae,1.0,False,,,False,False,False,False,False,,False,,Metazoa
ott883392,Paralichthys olivaceus,Paralichthys olivaceus,Paralichthys olivaceus,species,Metazoa,Chordata,Actinopteri,Pleuronectiformes,Paralichthyidae,Paralichthys,Carangaria; Percomorphaceae; Euacanthomorphacea; Ctenosquamata; Eurypterygia; Neoteleostei,Paralichthys; Paralichthyidae; Pleuronectoidei; Pleuronectiformes; Carangaria; Percomorphaceae; Euacanthomorphacea; Acanthomorphata; Ctenosquamata; Eurypterygia; Neoteleostei; Euteleosteomorpha; Clupeocephala; Osteoglossocephalai; Teleostei; Neopterygii; Actinopteri; Actinopterygii; Euteleostomi; Teleostomi; Gnathostomata; Vertebrata; Craniata; Chordata; Deuterostomia; Bilateria; Eumetazoa; Metazoa; Holozoa; Opisthokonta; Eukaryota; cellular organisms; life,8255,2408877,10994742,Paralichthys olivaceus,Paralichthyidae,Pleuronectiformes,Actinopteri,True,24,48,False,1,Paralichthys_olivaceus,883392,Opisthokonta ,Animals,Actinopterygii,Pleuronectiformes,Paralichthyidae,1.0,False,,,False,False,False,False,False,,False,,Metazoa
ott515143,Parus major,Parus major,Parus major,species,Metazoa,Chordata,Aves,Passeriformes,Paridae,Parus,Coelurosauria; Theropoda; Archosauria; Archelosauria; Sauropsida; Amniota,Parus; Paridae; Passeriformes; Neognathae; Aves; Coelurosauria; Theropoda; Saurischia; Dinosauria; Archosauria; Archelosauria; Sauria; Sauropsida; Amniota; Tetrapoda; Dipnotetrapodomorpha; Sarcopterygii; Euteleostomi; Teleostomi; Gnathostomata; Vertebrata; Craniata; Chordata; Deuterostomia; Bilateria; Eumetazoa; Metazoa; Holozoa; Opisthokonta; Eukaryota; cellular organisms; life,9157,9705453,11232841,Parus major,Paridae,Passeriformes,Aves,True,32,64,False,1,Parus_major,515143,Opisthokonta ,Animals,Aves,Passeriformes,Paridae,1.0,False,,,False,False,False,False,False,,False,,Metazoa
ott449027,Patinopecten yessoensis,Mizuhopecten yessoensis,Mizuhopecten yessoensis,species,Metazoa,Mollusca,Bivalvia,Pectinida,Pectinidae,Mizuhopecten,Lophotrochozoa; Protostomia; Bilateria; Eumetazoa; Holozoa; Opisthokonta,Mizuhopecten; Fortipectinini; Chlamydinae; Pectinidae; Pectinoidea; Pectinida; Pteriomorphia; Bivalvia; Mollusca; Lophotrochozoa; Protostomia; Bilateria; Eumetazoa; Metazoa; Holozoa; Opisthokonta; Eukaryota; cellular organisms; life,6573,4373871,11384007,Mizuhopecten yessoensis,Pectinidae,Pectinida,Bivalvia,True,19,38,False,1,Patinopecten_yessoensis,6370603,Opisthokonta ,Animals,Bivalvia,Ostreoida,Pectinidae,1.0,True,stored_id_dead,Stored OTT id 6370603 no longer exists in the OTT taxonomy.,True,False,False,False,False,,False,,Metazoa
ott475468,Penaeus chinensis,Penaeus chinensis,Penaeus chinensis,species,Metazoa,Arthropoda,Malacostraca,Decapoda,Penaeidae,Penaeus,Pancrustacea; Mandibulata; Panarthropoda; Ecdysozoa; Protostomia; Bilateria,Penaeus; Penaeidae; Penaeoidea; Dendrobranchiata; Decapoda; Eucarida; Eumalacostraca; Malacostraca; Multicrustacea; Crustacea; Pancrustacea; Mandibulata; Arthropoda; Panarthropoda; Ecdysozoa; Protostomia; Bilateria; Eumetazoa; Metazoa; Holozoa; Opisthokonta; Eukaryota; cellular organisms; life,139456,2223709,10486299,Penaeus chinensis,Penaeidae,Decapoda,Malacostraca,True,44,88,False,1,Penaeus_chinensis,475468,Opisthokonta ,Animals,Malacostraca,Decapoda,Penaeidae,1.0,False,,,False,False,False,False,False,,True,Same OTT taxon (ott475468) as: Fenneropenaeus chinensis. These are the same organism under different names and should be merged in maps.csv.,Metazoa
ott212713,Penaeus monodon,Penaeus monodon,Penaeus monodon,species,Metazoa,Arthropoda,Malacostraca,Decapoda,Penaeidae,Penaeus,Pancrustacea; Mandibulata; Panarthropoda; Ecdysozoa; Protostomia; Bilateria,Penaeus; Penaeidae; Penaeoidea; Dendrobranchiata; Decapoda; Eucarida; Eumalacostraca; Malacostraca; Multicrustacea; Crustacea; Pancrustacea; Mandibulata; Arthropoda; Panarthropoda; Ecdysozoa; Protostomia; Bilateria; Eumetazoa; Metazoa; Holozoa; Opisthokonta; Eukaryota; cellular organisms; life,6687,8406925,10972679,Penaeus monodon,Penaeidae,Decapoda,Malacostraca,True,44,88,False,1,Penaeus_monodon,212713,Opisthokonta ,Animals,Malacostraca,Decapoda,Penaeidae,1.0,False,,,False,False,False,False,False,,False,,Metazoa
ott1079449,Pennisetum glaucum,Cenchrus americanus,Cenchrus americanus (species in domain Eukaryota),species,Chloroplastida,Tracheophyta,Liliopsida,Poales,Poaceae,Cenchrus,Panicodae; PACMAD clade; commelinids; Mesangiospermae; Spermatophyta; Euphyllophyta,Cenchrus; Cenchrinae; Paniceae; Panicodae; Panicoideae; PACMAD clade; Poaceae; Poales; commelinids; Petrosaviidae; Liliopsida; Mesangiospermae; Magnoliopsida; Spermatophyta; Euphyllophyta; Tracheophyta; Embryophyta; Streptophyta; Chloroplastida; Archaeplastida; Eukaryota; cellular organisms; life,4543,5828197,,Cenchrus americanus,Poaceae,Poales,Magnoliopsida,True,7,14,False,1,Pennisetum_glaucum,1027230,Archaeplastida,Plants,Monocots,Poales,Poaceae,1.0,True,different_taxon,Stored id was 'Pennisetum schweinfurthii' (species); name resolves to 'Cenchrus americanus'.,True,False,False,False,False,,False,,Chloroplastida
ott140438,Perisoreus infaustus,Perisoreus infaustus,Perisoreus infaustus,species,Metazoa,Chordata,Aves,Passeriformes,Corvidae,Perisoreus,Coelurosauria; Theropoda; Archosauria; Archelosauria; Sauropsida; Amniota,Perisoreus; Corvidae; Corvoidea; Passeriformes; Neognathae; Aves; Coelurosauria; Theropoda; Saurischia; Dinosauria; Archosauria; Archelosauria; Sauria; Sauropsida; Amniota; Tetrapoda; Dipnotetrapodomorpha; Sarcopterygii; Euteleostomi; Teleostomi; Gnathostomata; Vertebrata; Craniata; Chordata; Deuterostomia; Bilateria; Eumetazoa; Metazoa; Holozoa; Opisthokonta; Eukaryota; cellular organisms; life,56787,2482449,11382933,Perisoreus infaustus,Corvidae,Passeriformes,Aves,True,40,80,False,1,Perisoreus_infaustus,140438,Opisthokonta ,Animals,Aves,Passeriformes,Corvidae,1.0,False,,,False,False,False,False,False,,False,,Metazoa
ott377525,Peromyscus maniculatus,Peromyscus maniculatus,Peromyscus maniculatus,species,Metazoa,Chordata,Mammalia,Rodentia,Cricetidae,Peromyscus,Muroidea; Glires; Boreoeutheria; Eutheria; Amniota; Dipnotetrapodomorpha,Peromyscus; Neotominae; Cricetidae; Muroidea; Myomorpha; Rodentia; Glires; Euarchontoglires; Boreoeutheria; Eutheria; Theria; Mammalia; Amniota; Tetrapoda; Dipnotetrapodomorpha; Sarcopterygii; Euteleostomi; Teleostomi; Gnathostomata; Vertebrata; Craniata; Chordata; Deuterostomia; Bilateria; Eumetazoa; Metazoa; Holozoa; Opisthokonta; Eukaryota; cellular organisms; life,10042,2437967,11111456,Peromyscus maniculatus,Cricetidae,Rodentia,Mammalia,True,24,48,False,1,Peromyscus_maniculatus,377525,Opisthokonta ,Animals,Mammalia,Rodentia,Cricetidae,1.0,False,,,False,False,False,False,False,,False,,Metazoa
ott913249,Persea americana,Persea americana,Persea americana,species,Chloroplastida,Tracheophyta,Magnoliopsida,Laurales,Lauraceae,Persea,Magnoliidae; Mesangiospermae; Spermatophyta; Euphyllophyta; Embryophyta; cellular organisms,Persea; Lauraceae; Laurales; Magnoliidae; Mesangiospermae; Magnoliopsida; Spermatophyta; Euphyllophyta; Tracheophyta; Embryophyta; Streptophyta; Chloroplastida; Archaeplastida; Eukaryota; cellular organisms; life,3435,3034046,11326304,Persea americana,Lauraceae,Laurales,Magnoliopsida,True,12,24,False,1,Persea_americana,913249,Archaeplastida,Plants,Eudicots,Laurales,Lauraceae,1.0,False,,,False,False,False,False,False,,False,,Chloroplastida
ott232467,Petunia axillaris,Petunia axillaris,Petunia axillaris,species,Chloroplastida,Tracheophyta,Magnoliopsida,Solanales,Solanaceae,Petunia,lamiids; asterids; Pentapetalae; Gunneridae; eudicotyledons; Mesangiospermae,Petunia; Petunioideae; Solanaceae; Solanales; lamiids; asterids; Pentapetalae; Gunneridae; eudicotyledons; Mesangiospermae; Magnoliopsida; Spermatophyta; Euphyllophyta; Tracheophyta; Embryophyta; Streptophyta; Chloroplastida; Archaeplastida; Eukaryota; cellular organisms; life,33119,2928863,11424478,Petunia axillaris,Solanaceae,Solanales,Magnoliopsida,True,7,14,False,1,Petunia_axillaris,232467,Archaeplastida,Plants,Eudicots,Solanales,Solanaceae,1.0,False,,,False,False,False,False,False,,False,,Chloroplastida
ott5346507,Phaeosphaeria nodorum,Phaeosphaeria nodorum,Phaeosphaeria nodorum,species,Fungi,Ascomycota,Dothideomycetes,Pleosporales,Phaeosphaeriaceae,Phaeosphaeria,Dothideomyceta; Leotiomyceta; saccharomyceta; h2007-1; h2007-2; Nucletmycea,Phaeosphaeria; Phaeosphaeriaceae; Pleosporales; Dothideomycetes; Dothideomyceta; Leotiomyceta; Pezizomycotina; saccharomyceta; Ascomycota; Dikarya; h2007-1; h2007-2; Fungi; Nucletmycea; Opisthokonta; Eukaryota; cellular organisms; life,,2619283,11271032,,,,,,17,34,False,1,Phaeosphaeria_nodorum,5346507,Opisthokonta ,Fungi,Dothideomycetes,Pleosporales,Phaeospaeriaceae,1.0,False,,,False,False,False,False,True,typo/spelling in source file,False,,Fungi
ott808637,Phalloceros caudimaculatus,Phalloceros caudimaculatus,Phalloceros caudimaculatus,species,Metazoa,Chordata,Actinopteri,Cyprinodontiformes,Poeciliidae,Phalloceros,Ovalentaria; Percomorphaceae; Euacanthomorphacea; Ctenosquamata; Eurypterygia; Neoteleostei,Phalloceros; Poeciliinae; Poeciliidae; Cyprinodontoidei; Cyprinodontiformes; Atherinomorphae; Ovalentaria; Percomorphaceae; Euacanthomorphacea; Acanthomorphata; Ctenosquamata; Eurypterygia; Neoteleostei; Euteleosteomorpha; Clupeocephala; Osteoglossocephalai; Teleostei; Neopterygii; Actinopteri; Actinopterygii; Euteleostomi; Teleostomi; Gnathostomata; Vertebrata; Craniata; Chordata; Deuterostomia; Bilateria; Eumetazoa; Metazoa; Holozoa; Opisthokonta; Eukaryota; cellular organisms; life,55108,2350105,10458591,Phalloceros caudimaculatus,Poeciliidae,Cyprinodontiformes,Actinopteri,True,24,48,False,1,Phalloceros_caudimaculatus,808637,Opisthokonta ,Animals,Actinopterygii,Cyprinodontiformes,Poeciliidae,1.0,False,,,False,False,False,False,False,,False,,Metazoa
ott825707,Phaseolus vulgaris,Phaseolus vulgaris,Phaseolus vulgaris,species,Chloroplastida,Tracheophyta,Magnoliopsida,Fabales,Fabaceae,Phaseolus,indigoferoid/millettioid clade; NPAAA clade; 50 kb inversion clade; fabids; rosids; Pentapetalae,Phaseolus; Phaseoleae; indigoferoid/millettioid clade; NPAAA clade; 50 kb inversion clade; Papilionoideae; Fabaceae; Fabales; fabids; rosids; Pentapetalae; Gunneridae; eudicotyledons; Mesangiospermae; Magnoliopsida; Spermatophyta; Euphyllophyta; Tracheophyta; Embryophyta; Streptophyta; Chloroplastida; Archaeplastida; Eukaryota; cellular organisms; life,3885,5350452,11133778,Phaseolus vulgaris,Fabaceae,Fabales,Magnoliopsida,True,11,22,False,1,Phaseolus_vulgaris,825707,Archaeplastida,Plants,Eudicots,Fabales,Fabaceae,1.0,False,,,False,False,False,False,False,,False,,Chloroplastida
ott1090732,Philomachus pugnax,Calidris pugnax,Calidris pugnax,species,Metazoa,Chordata,Aves,Charadriiformes,Scolopacidae,Calidris,Coelurosauria; Theropoda; Archosauria; Archelosauria; Sauropsida; Amniota,Calidris; Scolopacidae; Charadriiformes; Neognathae; Aves; Coelurosauria; Theropoda; Saurischia; Dinosauria; Archosauria; Archelosauria; Sauria; Sauropsida; Amniota; Tetrapoda; Dipnotetrapodomorpha; Sarcopterygii; Euteleostomi; Teleostomi; Gnathostomata; Vertebrata; Craniata; Chordata; Deuterostomia; Bilateria; Eumetazoa; Metazoa; Holozoa; Opisthokonta; Eukaryota; cellular organisms; life,198806,5229387,10189633,Calidris pugnax,Scolopacidae,Charadriiformes,Aves,True,40,80,False,1,Philomachus_pugnax,1090732,Opisthokonta ,Animals,Aves,Charadriiformes,Scolopacidae,1.0,False,,,True,False,False,False,False,,False,,Metazoa
ott789008,Phoenix dactylifera,Phoenix dactylifera,Phoenix dactylifera,species,Chloroplastida,Tracheophyta,Liliopsida,Arecales,Arecaceae,Phoenix,commelinids; Mesangiospermae; Spermatophyta; Euphyllophyta; Embryophyta; cellular organisms,Phoenix; Phoeniceae; Coryphoideae; Arecaceae; Arecales; commelinids; Petrosaviidae; Liliopsida; Mesangiospermae; Magnoliopsida; Spermatophyta; Euphyllophyta; Tracheophyta; Embryophyta; Streptophyta; Chloroplastida; Archaeplastida; Eukaryota; cellular organisms; life,42345,6109699,10458413,Phoenix dactylifera,Arecaceae,Arecales,Magnoliopsida,True,18,36,False,1,Phoenix_dactylifera,789008,Archaeplastida,Plants,Monocots,Arecales,Arecaceae,1.0,False,,,False,False,False,False,False,,False,,Chloroplastida
ott735973,Phycomyces blakesleeanus,Phycomyces blakesleeanus,Phycomyces blakesleeanus,species,Fungi,,Mucoromycetes,Mucorales,Phycomycetaceae,Phycomyces,Nucletmycea; Opisthokonta; cellular organisms; life,Phycomyces; Phycomycetaceae; Mucorales; Mucoromycetes; Mucoromycotina; Fungi; Nucletmycea; Opisthokonta; Eukaryota; cellular organisms; life,1196567,2558255,10404806,Phycomyces blakesleeanus var. piloboloides,Phycomycetaceae,Mucorales,Mucoromycetes,True,,,False,1,Phycomyces_blakesleeanus,735973,Opisthokonta ,Fungi,Fungi,Mucorales,Phycomycetaceae,1.0,False,,,False,False,False,False,False,,False,,Fungi
ott821359,Physcomitrella patens,Physcomitrella patens,Physcomitrella patens,species,Chloroplastida,Bryophyta,Bryopsida,Funariales,Funariaceae,Physcomitrella,Bryophytina; Embryophyta; cellular organisms; life,Physcomitrella; Funariaceae; Funariales; Funariidae; Bryopsida; Bryophytina; Bryophyta; Embryophyta; Streptophyta; Chloroplastida; Archaeplastida; Eukaryota; cellular organisms; life,3218,2674024,11232235,Physcomitrium patens,Funariaceae,Funariales,Bryopsida,True,27,54,False,1,Physcomitrella_patens,821359,Archaeplastida,Plants,Bryopsida,Funariales,Furnariacae,1.0,False,,,False,False,False,False,True,typo/spelling in source file,False,,Chloroplastida
ott775738,Phytophthora capsici,Phytophthora capsici,Phytophthora capsici,species,,,Peronosporomycetes,,,Phytophthora,cellular organisms; life,Phytophthora; Peronosporomycetes; Stramenopiles; SAR; Eukaryota; cellular organisms; life,4784,3203693,10643973,Phytophthora capsici,Peronosporaceae,Peronosporales,Peronosporomycetes,,9,18,False,1,Phytophthora_capsici,775738,Chromalveolata,SAR,Oomycota,Peronosporales,Pythiaceae,1.0,False,,,False,False,False,False,False,,False,,SAR
ott775725,Phytophthora infestans,Phytophthora infestans,Phytophthora infestans,species,,,Peronosporomycetes,,,Phytophthora,cellular organisms; life,Phytophthora; Peronosporomycetes; Stramenopiles; SAR; Eukaryota; cellular organisms; life,4787,3203716,10873176,Phytophthora infestans,Peronosporaceae,Peronosporales,Peronosporomycetes,,9,18,False,1,Phytophthora_infestans,775725,Chromalveolata,SAR,Oomycota,Peronosporales,Pythiaceae,1.0,False,,,False,False,False,False,False,,False,,SAR
ott517943,Picea abies,Picea abies,Picea abies,species,Chloroplastida,Tracheophyta,,Pinales,Pinaceae,Picea,Acrogymnospermae; Spermatophyta; Euphyllophyta; Embryophyta; cellular organisms; life,Picea; Pinaceae; Pinales; Pinidae; Acrogymnospermae; Spermatophyta; Euphyllophyta; Tracheophyta; Embryophyta; Streptophyta; Chloroplastida; Archaeplastida; Eukaryota; cellular organisms; life,3329,5284884,10200408,Picea abies,Pinaceae,Pinales,Pinopsida,True,12,24,False,1,Picea_abies,517943,Archaeplastida,Plants,Pinopsida,Pinales,Pinaceae,1.0,False,,,False,False,False,False,False,,False,,Chloroplastida
ott771681,Picea glauca,Picea glauca,Picea glauca,species,Chloroplastida,Tracheophyta,,Pinales,Pinaceae,Picea,Acrogymnospermae; Spermatophyta; Euphyllophyta; Embryophyta; cellular organisms; life,Picea; Pinaceae; Pinales; Pinidae; Acrogymnospermae; Spermatophyta; Euphyllophyta; Tracheophyta; Embryophyta; Streptophyta; Chloroplastida; Archaeplastida; Eukaryota; cellular organisms; life,3330,5284745,10200411,Picea glauca,Pinaceae,Pinales,Pinopsida,True,12,24,False,1,Picea_glauca,771681,Archaeplastida,Plants,Pinopsida,Pinales,Pinaceae,1.0,False,,,False,False,False,False,False,,False,,Chloroplastida
ott363879,Picea mariana,Picea mariana,Picea mariana,species,Chloroplastida,Tracheophyta,,Pinales,Pinaceae,Picea,Acrogymnospermae; Spermatophyta; Euphyllophyta; Embryophyta; cellular organisms; life,Picea; Pinaceae; Pinales; Pinidae; Acrogymnospermae; Spermatophyta; Euphyllophyta; Tracheophyta; Embryophyta; Streptophyta; Chloroplastida; Archaeplastida; Eukaryota; cellular organisms; life,3335,5284802,10197201,Picea mariana,Pinaceae,Pinales,Pinopsida,True,12,24,False,1,Picea_mariana,363879,Archaeplastida,Plants,Pinopsida,Pinales,Pinaceae,1.0,False,,,False,False,False,False,False,,False,,Chloroplastida
ott763333,Pinctada martensii,Pinctada imbricata,Pinctada imbricata,species,Metazoa,Mollusca,Bivalvia,Ostreida,Pteriidae,Pinctada,Lophotrochozoa; Protostomia; Bilateria; Eumetazoa; Holozoa; Opisthokonta,Pinctada; Pteriidae; Pterioidea; Ostreida; Pteriomorphia; Bivalvia; Mollusca; Lophotrochozoa; Protostomia; Bilateria; Eumetazoa; Metazoa; Holozoa; Opisthokonta; Eukaryota; cellular organisms; life,66713,2285338,10837817,Pinctada imbricata,Pteriidae,Pterioida,Bivalvia,True,28,56,False,1,Pinctada_martensii,763333,Opisthokonta ,Animals,Bivalvia,Ostreoida,Pteriidae,1.0,False,,,True,False,False,False,False,,False,,Metazoa
ott855589,Pinctada maxima,Pinctada maxima,Pinctada maxima,species,Metazoa,Mollusca,Bivalvia,Ostreida,Pteriidae,Pinctada,Lophotrochozoa; Protostomia; Bilateria; Eumetazoa; Holozoa; Opisthokonta,Pinctada; Pteriidae; Pterioidea; Ostreida; Pteriomorphia; Bivalvia; Mollusca; Lophotrochozoa; Protostomia; Bilateria; Eumetazoa; Metazoa; Holozoa; Opisthokonta; Eukaryota; cellular organisms; life,104660,4592299,11389297,Pinctada maxima,Pteriidae,Pterioida,Bivalvia,True,14,28,False,1,Pinctada_maxima,855589,Opisthokonta ,Animals,Bivalvia,Ostreoida,Pteriidae,1.0,False,,,False,False,False,False,False,,False,,Metazoa
ott1044480,Pinus balfouriana,Pinus balfouriana,Pinus balfouriana,species,Chloroplastida,Tracheophyta,,Pinales,Pinaceae,Pinus,Acrogymnospermae; Spermatophyta; Euphyllophyta; Embryophyta; cellular organisms; life,Strobus; Pinus; Pinaceae; Pinales; Pinidae; Acrogymnospermae; Spermatophyta; Euphyllophyta; Tracheophyta; Embryophyta; Streptophyta; Chloroplastida; Archaeplastida; Eukaryota; cellular organisms; life,3338,5285708,10195156,Pinus balfouriana,Pinaceae,Pinales,Pinopsida,True,12,24,False,1,Pinus_balfouriana,1044480,Archaeplastida,Plants,Pinopsida,Pinales,Pinaceae,1.0,False,,,False,False,False,False,False,,False,,Chloroplastida
ott245809,Pinus elliottii,Pinus elliottii,Pinus elliottii,species,Chloroplastida,Tracheophyta,,Pinales,Pinaceae,Pinus,Acrogymnospermae; Spermatophyta; Euphyllophyta; Embryophyta; cellular organisms; life,Pinus subgenus Pinus; Pinus; Pinaceae; Pinales; Pinidae; Acrogymnospermae; Spermatophyta; Euphyllophyta; Tracheophyta; Embryophyta; Streptophyta; Chloroplastida; Archaeplastida; Eukaryota; cellular organisms; life,42064,5285777,11121318,Pinus elliottii,Pinaceae,Pinales,Pinopsida,True,12,24,False,1,Pinus_elliottii,245809,Archaeplastida,Plants,Pinopsida,Pinales,Pinaceae,1.0,False,,,False,False,False,False,False,,False,,Chloroplastida
ott830806,Pinus koraiensis,Pinus koraiensis,Pinus koraiensis,species,Chloroplastida,Tracheophyta,,Pinales,Pinaceae,Pinus,Acrogymnospermae; Spermatophyta; Euphyllophyta; Embryophyta; cellular organisms; life,Strobus; Pinus; Pinaceae; Pinales; Pinidae; Acrogymnospermae; Spermatophyta; Euphyllophyta; Tracheophyta; Embryophyta; Streptophyta; Chloroplastida; Archaeplastida; Eukaryota; cellular organisms; life,88728,5284979,,Pinus koraiensis,Pinaceae,Pinales,Pinopsida,True,12,24,False,1,Pinus_koraiensis,830806,Archaeplastida,Plants,Pinopsida,Pinales,Pinaceae,1.0,False,,,False,False,False,False,False,,False,,Chloroplastida
ott568626,Pinus lambertiana,Pinus lambertiana,Pinus lambertiana,species,Chloroplastida,Tracheophyta,,Pinales,Pinaceae,Pinus,Acrogymnospermae; Spermatophyta; Euphyllophyta; Embryophyta; cellular organisms; life,Strobus; Pinus; Pinaceae; Pinales; Pinidae; Acrogymnospermae; Spermatophyta; Euphyllophyta; Tracheophyta; Embryophyta; Streptophyta; Chloroplastida; Archaeplastida; Eukaryota; cellular organisms; life,3343,5284989,10193952,Pinus lambertiana,Pinaceae,Pinales,Pinopsida,True,12,24,False,1,Pinus_lambertiana,568626,Archaeplastida,Plants,Pinopsida,Pinales,Pinaceae,1.0,False,,,False,False,False,False,False,,False,,Chloroplastida
ott714296,Pinus massoniana,Pinus massoniana,Pinus massoniana,species,Chloroplastida,Tracheophyta,,Pinales,Pinaceae,Pinus,Acrogymnospermae; Spermatophyta; Euphyllophyta; Embryophyta; cellular organisms; life,Pinus subgenus Pinus; Pinus; Pinaceae; Pinales; Pinidae; Acrogymnospermae; Spermatophyta; Euphyllophyta; Tracheophyta; Embryophyta; Streptophyta; Chloroplastida; Archaeplastida; Eukaryota; cellular organisms; life,88730,5285215,,Pinus massoniana,Pinaceae,Pinales,Pinopsida,True,12,24,False,1,Pinus_massoniana,714296,Archaeplastida,Plants,Pinopsida,Pinales,Pinaceae,1.0,False,,,False,False,False,False,False,,False,,Chloroplastida
ott837883,Pinus pinaster,Pinus pinaster,Pinus pinaster,species,Chloroplastida,Tracheophyta,,Pinales,Pinaceae,Pinus,Acrogymnospermae; Spermatophyta; Euphyllophyta; Embryophyta; cellular organisms; life,Pinus subgenus Pinus; Pinus; Pinaceae; Pinales; Pinidae; Acrogymnospermae; Spermatophyta; Euphyllophyta; Tracheophyta; Embryophyta; Streptophyta; Chloroplastida; Archaeplastida; Eukaryota; cellular organisms; life,71647,5285565,10883338,Pinus pinaster,Pinaceae,Pinales,Pinopsida,True,12,24,False,1,Pinus_pinaster,837883,Archaeplastida,Plants,Pinopsida,Pinales,Pinaceae,1.0,False,,,False,False,False,False,False,,False,,Chloroplastida
ott568644,Pinus radiata,Pinus radiata,Pinus radiata,species,Chloroplastida,Tracheophyta,,Pinales,Pinaceae,Pinus,Acrogymnospermae; Spermatophyta; Euphyllophyta; Embryophyta; cellular organisms; life,Pinus subgenus Pinus; Pinus; Pinaceae; Pinales; Pinidae; Acrogymnospermae; Spermatophyta; Euphyllophyta; Tracheophyta; Embryophyta; Streptophyta; Chloroplastida; Archaeplastida; Eukaryota; cellular organisms; life,3347,5285727,10857999,Pinus radiata,Pinaceae,Pinales,Pinopsida,True,12,24,False,1,Pinus_radiata,568644,Archaeplastida,Plants,Pinopsida,Pinales,Pinaceae,1.0,False,,,False,False,False,False,False,,False,,Chloroplastida
ott568619,Pinus sylvestris,Pinus sylvestris,Pinus sylvestris,species,Chloroplastida,Tracheophyta,,Pinales,Pinaceae,Pinus,Acrogymnospermae; Spermatophyta; Euphyllophyta; Embryophyta; cellular organisms; life,Pinus subgenus Pinus; Pinus; Pinaceae; Pinales; Pinidae; Acrogymnospermae; Spermatophyta; Euphyllophyta; Tracheophyta; Embryophyta; Streptophyta; Chloroplastida; Archaeplastida; Eukaryota; cellular organisms; life,3349,5285637,10586133,Pinus sylvestris,Pinaceae,Pinales,Pinopsida,True,12,24,False,1,Pinus_sylvestris,568619,Archaeplastida,Plants,Pinopsida,Pinales,Pinaceae,1.0,False,,,False,False,False,False,False,,False,,Chloroplastida
ott1075736,Pinus taeda,Pinus taeda,Pinus taeda,species,Chloroplastida,Tracheophyta,,Pinales,Pinaceae,Pinus,Acrogymnospermae; Spermatophyta; Euphyllophyta; Embryophyta; cellular organisms; life,Pinus subgenus Pinus; Pinus; Pinaceae; Pinales; Pinidae; Acrogymnospermae; Spermatophyta; Euphyllophyta; Tracheophyta; Embryophyta; Streptophyta; Chloroplastida; Archaeplastida; Eukaryota; cellular organisms; life,3352,5285241,10200557,Pinus taeda,Pinaceae,Pinales,Pinopsida,True,12,24,False,1,Pinus_taeda,1075736,Archaeplastida,Plants,Pinopsida,Pinales,Pinaceae,1.0,False,,,False,False,False,False,False,,False,,Chloroplastida
ott200787,Pistacia vera,Pistacia vera,Pistacia vera,species,Chloroplastida,Tracheophyta,Magnoliopsida,Sapindales,Anacardiaceae,Pistacia,malvids; rosids; Pentapetalae; Gunneridae; eudicotyledons; Mesangiospermae,Pistacia; Anacardiaceae; Sapindales; malvids; rosids; Pentapetalae; Gunneridae; eudicotyledons; Mesangiospermae; Magnoliopsida; Spermatophyta; Euphyllophyta; Tracheophyta; Embryophyta; Streptophyta; Chloroplastida; Archaeplastida; Eukaryota; cellular organisms; life,55513,3190585,10206336,Pistacia vera,Anacardiaceae,Sapindales,Magnoliopsida,True,15,30,False,1,Pistacia_vera,200787,Archaeplastida,Plants,Eudicots,Sapindales,Anacardiaceae,1.0,False,,,False,False,False,False,False,,False,,Chloroplastida
ott359905,Pisum sativum,Pisum sativum,Pisum sativum,species,Chloroplastida,Tracheophyta,Magnoliopsida,Fabales,Fabaceae,Pisum,IRL clade; Hologalegina; NPAAA clade; 50 kb inversion clade; fabids; rosids,Pisum; Fabeae; IRL clade; Hologalegina; NPAAA clade; 50 kb inversion clade; Papilionoideae; Fabaceae; Fabales; fabids; rosids; Pentapetalae; Gunneridae; eudicotyledons; Mesangiospermae; Magnoliopsida; Spermatophyta; Euphyllophyta; Tracheophyta; Embryophyta; Streptophyta; Chloroplastida; Archaeplastida; Eukaryota; cellular organisms; life,3888,5347845,11310193,Lathyrus oleraceus,Fabaceae,Fabales,Magnoliopsida,True,7,14,False,1,Pisum_sativum,359905,Archaeplastida,Plants,Eudicots,Fabales,Fabaceae,1.0,False,,,False,False,False,False,False,,False,,Chloroplastida
ott724404,Plasmodium chabaudi,Plasmodium chabaudi,Plasmodium chabaudi,species,,Apicomplexa,Aconoidasida,,,Plasmodium,Haemosporoidia; cellular organisms; life,Plasmodium (Vinckeia); Plasmodium; Haemosporoidia; Aconoidasida; Apicomplexa; Alveolata; SAR; Eukaryota; cellular organisms; life,5825,,,Plasmodium chabaudi,Plasmodiidae,Haemosporida,Aconoidasida,,14,28,False,1,Plasmodium_chabaudi,724404,Chromalveolata,SAR,Aconoidasida,Haemosporida,Plasmodiidae,1.0,False,,,False,False,False,False,False,,False,,SAR
ott201128,Plasmodium falciparum,Plasmodium falciparum,Plasmodium falciparum (species in subkingdom SAR),species,,Apicomplexa,Aconoidasida,,,Plasmodium,Haemosporoidia; cellular organisms; life,Plasmodium (Laverania); Plasmodium; Haemosporoidia; Aconoidasida; Apicomplexa; Alveolata; SAR; Eukaryota; cellular organisms; life,5833,,,Plasmodium falciparum,Plasmodiidae,Haemosporida,Aconoidasida,,14,28,False,1,Plasmodium_falciparum,201128,Chromalveolata,SAR,Aconoidasida,Haemosporida,Plasmodiidae,1.0,False,,,False,False,False,False,False,,False,,SAR
ott826551,Plasmodium yoelii,Plasmodium yoelii,Plasmodium yoelii,species,,Apicomplexa,Aconoidasida,,,Plasmodium,Haemosporoidia; cellular organisms; life,Plasmodium (Vinckeia); Plasmodium; Haemosporoidia; Aconoidasida; Apicomplexa; Alveolata; SAR; Eukaryota; cellular organisms; life,5861,,,Plasmodium yoelii,Plasmodiidae,Haemosporida,Aconoidasida,,14,28,False,1,Plasmodium_yoelii,826551,Chromalveolata,SAR,Aconoidasida,Haemosporida,Plasmodiidae,1.0,False,,,False,False,False,False,False,,False,,SAR
ott216726,Pleurotus eryngii,Pleurotus eryngii,Pleurotus eryngii,species,Fungi,Basidiomycota,Agaricomycetes,Agaricales,Pleurotaceae,Pleurotus,h2007-1; h2007-2; Nucletmycea; Opisthokonta; cellular organisms; life,Pleurotus; Pleurotaceae; Agaricales; Agaricomycetes; Agaricomycotina; Basidiomycota; Dikarya; h2007-1; h2007-2; Fungi; Nucletmycea; Opisthokonta; Eukaryota; cellular organisms; life,662516,9741953,10382260,Pleurotus eryngii var. elaeoselini,Pleurotaceae,Agaricales,Agaricomycetes,True,,,False,1,Pleurotus_eryngii,216726,Opisthokonta ,Fungi,Agaricomycetes,Agaricales,Pleurotceae,1.0,False,,,False,False,False,False,True,typo/spelling in source file,False,,Fungi
ott17230,Pleurotus pulmonarius,Pleurotus pulmonarius,Pleurotus pulmonarius,species,Fungi,Basidiomycota,Agaricomycetes,Agaricales,Pleurotaceae,Pleurotus,h2007-1; h2007-2; Nucletmycea; Opisthokonta; cellular organisms; life,Pleurotus; Pleurotaceae; Agaricales; Agaricomycetes; Agaricomycotina; Basidiomycota; Dikarya; h2007-1; h2007-2; Fungi; Nucletmycea; Opisthokonta; Eukaryota; cellular organisms; life,518765,2526548,10650402,Pleurotus pulmonarius var. pulmonarius,Pleurotaceae,Agaricales,Agaricomycetes,True,,,False,1,Pleurotus_pulmonarius,17230,Opisthokonta ,Fungi,Agaricomycetes,Agaricales,Pleurotceae,1.0,False,,,False,False,False,False,True,typo/spelling in source file,False,,Fungi
ott312452,Poecilia reticulata,Poecilia reticulata,Poecilia reticulata,species,Metazoa,Chordata,Actinopteri,Cyprinodontiformes,Poeciliidae,Poecilia,Ovalentaria; Percomorphaceae; Euacanthomorphacea; Ctenosquamata; Eurypterygia; Neoteleostei,Poecilia; Poeciliinae; Poeciliidae; Cyprinodontoidei; Cyprinodontiformes; Atherinomorphae; Ovalentaria; Percomorphaceae; Euacanthomorphacea; Acanthomorphata; Ctenosquamata; Eurypterygia; Neoteleostei; Euteleosteomorpha; Clupeocephala; Osteoglossocephalai; Teleostei; Neopterygii; Actinopteri; Actinopterygii; Euteleostomi; Teleostomi; Gnathostomata; Vertebrata; Craniata; Chordata; Deuterostomia; Bilateria; Eumetazoa; Metazoa; Holozoa; Opisthokonta; Eukaryota; cellular organisms; life,8081,2350050,10534081,Poecilia reticulata,Poeciliidae,Cyprinodontiformes,Actinopteri,True,23,46,False,1,Poecilia_reticulata,312452,Opisthokonta ,Animals,Actinopterygii,Cyprinodontiformes,Poeciliidae,1.0,False,,,False,False,False,False,False,,False,,Metazoa
ott1042743,Pogonomyrmex rugosus,Pogonomyrmex rugosus,Pogonomyrmex rugosus,species,Metazoa,Arthropoda,Insecta,Hymenoptera,Formicidae,Pogonomyrmex,Dicondylia; Pancrustacea; Mandibulata; Panarthropoda; Ecdysozoa; Protostomia,Pogonomyrmex; Pogonomyrmecini; Myrmicinae; Formicidae; Formicoidea; Aculeata; Apocrita; Hymenoptera; Holometabola; Neoptera; Pterygota; Dicondylia; Insecta; Hexapoda; Pancrustacea; Mandibulata; Arthropoda; Panarthropoda; Ecdysozoa; Protostomia; Bilateria; Eumetazoa; Metazoa; Holozoa; Opisthokonta; Eukaryota; cellular organisms; life,144042,1325373,10199687,Pogonomyrmex rugosus,Formicidae,Hymenoptera,Insecta,True,16,32,False,1,Pogonomyrmex_rugosus,1042743,Opisthokonta ,Animals,Insecta,Hymenoptera,Formicidae,1.0,False,,,False,False,False,False,False,,False,,Metazoa
ott5763644,Populus adenopoda,Populus adenopoda,Populus adenopoda,species,Chloroplastida,Tracheophyta,Magnoliopsida,Malpighiales,Salicaceae,Populus,fabids; rosids; Pentapetalae; Gunneridae; eudicotyledons; Mesangiospermae,Populus; Saliceae; Salicaceae; Malpighiales; fabids; rosids; Pentapetalae; Gunneridae; eudicotyledons; Mesangiospermae; Magnoliopsida; Spermatophyta; Euphyllophyta; Tracheophyta; Embryophyta; Streptophyta; Chloroplastida; Archaeplastida; Eukaryota; cellular organisms; life,1536645,3806510,,Populus adenopoda,Salicaceae,Malpighiales,Magnoliopsida,True,19,38,False,1,Populus_adenopoda,5763644,Archaeplastida,Plants,Eudicots,Malpighiales,Salicaceae,1.0,False,,,False,False,False,False,False,,False,,Chloroplastida
ott1030862,Populus alba,Populus alba,Populus alba,species,Chloroplastida,Tracheophyta,Magnoliopsida,Malpighiales,Salicaceae,Populus,fabids; rosids; Pentapetalae; Gunneridae; eudicotyledons; Mesangiospermae,Populus; Saliceae; Salicaceae; Malpighiales; fabids; rosids; Pentapetalae; Gunneridae; eudicotyledons; Mesangiospermae; Magnoliopsida; Spermatophyta; Euphyllophyta; Tracheophyta; Embryophyta; Streptophyta; Chloroplastida; Archaeplastida; Eukaryota; cellular organisms; life,43335,3040233,10899079,Populus alba,Salicaceae,Malpighiales,Magnoliopsida,True,19,38,False,1,Populus_alba,1030862,Archaeplastida,Plants,Eudicots,Malpighiales,Salicaceae,1.0,False,,,False,False,False,False,False,,False,,Chloroplastida
ott8867,Populus deltoides,Populus deltoides,Populus deltoides,species,Chloroplastida,Tracheophyta,Magnoliopsida,Malpighiales,Salicaceae,Populus,fabids; rosids; Pentapetalae; Gunneridae; eudicotyledons; Mesangiospermae,Populus; Saliceae; Salicaceae; Malpighiales; fabids; rosids; Pentapetalae; Gunneridae; eudicotyledons; Mesangiospermae; Magnoliopsida; Spermatophyta; Euphyllophyta; Tracheophyta; Embryophyta; Streptophyta; Chloroplastida; Archaeplastida; Eukaryota; cellular organisms; life,3696,3040232,11282599,Populus deltoides,Salicaceae,Malpighiales,Magnoliopsida,True,19,38,False,2,Populus_deltoides,8867,Archaeplastida,Plants,Eudicots,Malpighiales,Salicaceae,1.0,False,,,False,False,False,False,False,,False,,Chloroplastida
ott980995,Populus fremontii,Populus fremontii,Populus fremontii,species,Chloroplastida,Tracheophyta,Magnoliopsida,Malpighiales,Salicaceae,Populus,fabids; rosids; Pentapetalae; Gunneridae; eudicotyledons; Mesangiospermae,Populus; Saliceae; Salicaceae; Malpighiales; fabids; rosids; Pentapetalae; Gunneridae; eudicotyledons; Mesangiospermae; Magnoliopsida; Spermatophyta; Euphyllophyta; Tracheophyta; Embryophyta; Streptophyta; Chloroplastida; Archaeplastida; Eukaryota; cellular organisms; life,295326,3040237,10588089,Populus fremontii,Salicaceae,Malpighiales,Magnoliopsida,True,19,38,False,1,Populus_fremontii,980995,Archaeplastida,Plants,Eudicots,Malpighiales,Salicaceae,1.0,False,,,False,False,False,False,False,,False,,Chloroplastida
ott8848,Populus nigra,Populus nigra,Populus nigra,species,Chloroplastida,Tracheophyta,Magnoliopsida,Malpighiales,Salicaceae,Populus,fabids; rosids; Pentapetalae; Gunneridae; eudicotyledons; Mesangiospermae,Populus; Saliceae; Salicaceae; Malpighiales; fabids; rosids; Pentapetalae; Gunneridae; eudicotyledons; Mesangiospermae; Magnoliopsida; Spermatophyta; Euphyllophyta; Tracheophyta; Embryophyta; Streptophyta; Chloroplastida; Archaeplastida; Eukaryota; cellular organisms; life,3691,3040227,10588091,Populus nigra,Salicaceae,Malpighiales,Magnoliopsida,True,19,38,False,1,Populus_nigra,8848,Archaeplastida,Plants,Eudicots,Malpighiales,Salicaceae,1.0,False,,,False,False,False,False,False,,False,,Chloroplastida
ott980993,Populus simonii,Populus simonii,Populus simonii,species,Chloroplastida,Tracheophyta,Magnoliopsida,Malpighiales,Salicaceae,Populus,fabids; rosids; Pentapetalae; Gunneridae; eudicotyledons; Mesangiospermae,Populus; Saliceae; Salicaceae; Malpighiales; fabids; rosids; Pentapetalae; Gunneridae; eudicotyledons; Mesangiospermae; Magnoliopsida; Spermatophyta; Euphyllophyta; Tracheophyta; Embryophyta; Streptophyta; Chloroplastida; Archaeplastida; Eukaryota; cellular organisms; life,295327,3040231,10910144,Populus simonii,Salicaceae,Malpighiales,Magnoliopsida,True,19,38,False,2,Populus_simonii,980993,Archaeplastida,Plants,Eudicots,Malpighiales,Salicaceae,1.0,False,,,False,False,False,False,False,,False,,Chloroplastida
ott839584,Populus tremula,Populus tremula,Populus tremula,species,Chloroplastida,Tracheophyta,Magnoliopsida,Malpighiales,Salicaceae,Populus,fabids; rosids; Pentapetalae; Gunneridae; eudicotyledons; Mesangiospermae,Populus; Saliceae; Salicaceae; Malpighiales; fabids; rosids; Pentapetalae; Gunneridae; eudicotyledons; Mesangiospermae; Magnoliopsida; Spermatophyta; Euphyllophyta; Tracheophyta; Embryophyta; Streptophyta; Chloroplastida; Archaeplastida; Eukaryota; cellular organisms; life,113636,3040249,11232149,Populus tremula,Salicaceae,Malpighiales,Magnoliopsida,True,19,38,False,1,Populus_tremula,839584,Archaeplastida,Plants,Eudicots,Malpighiales,Salicaceae,1.0,False,,,False,False,False,False,False,,False,,Chloroplastida
ott8861,Populus trichocarpa,Populus trichocarpa,Populus trichocarpa,species,Chloroplastida,Tracheophyta,Magnoliopsida,Malpighiales,Salicaceae,Populus,fabids; rosids; Pentapetalae; Gunneridae; eudicotyledons; Mesangiospermae,Populus; Saliceae; Salicaceae; Malpighiales; fabids; rosids; Pentapetalae; Gunneridae; eudicotyledons; Mesangiospermae; Magnoliopsida; Spermatophyta; Euphyllophyta; Tracheophyta; Embryophyta; Streptophyta; Chloroplastida; Archaeplastida; Eukaryota; cellular organisms; life,3694,,,Populus trichocarpa,Salicaceae,Malpighiales,Magnoliopsida,True,19,38,False,1,Populus_trichocarpa,8861,Archaeplastida,Plants,Eudicots,Malpighiales,Salicaceae,1.0,False,,,False,False,False,False,False,,False,,Chloroplastida
ott718120,Portunus trituberculatus,Portunus trituberculatus,Portunus trituberculatus,species,Metazoa,Arthropoda,Malacostraca,Decapoda,Portunidae,Portunus,Pancrustacea; Mandibulata; Panarthropoda; Ecdysozoa; Protostomia; Bilateria,Portunus subgenus Portunus; Portunus; Portuninae; Portunidae; Portunoidea; Heterotremata; Eubrachyura; Brachyura; Pleocyemata; Decapoda; Eucarida; Eumalacostraca; Malacostraca; Multicrustacea; Crustacea; Pancrustacea; Mandibulata; Arthropoda; Panarthropoda; Ecdysozoa; Protostomia; Bilateria; Eumetazoa; Metazoa; Holozoa; Opisthokonta; Eukaryota; cellular organisms; life,210409,5716110,10827933,Portunus trituberculatus,Portunidae,Decapoda,Malacostraca,True,53,106,False,1,Portunus_trituberculatus,718120,Opisthokonta ,Animals,Malacostraca,Decapoda,Portunidae,1.0,False,,,False,False,False,False,False,,False,,Metazoa
ott3885394,Primulina eburnea,Primulina eburnea,Primulina eburnea,species,Chloroplastida,Tracheophyta,Magnoliopsida,Lamiales,Gesneriaceae,Primulina,Core_Lamiales; lamiids; asterids; Pentapetalae; Gunneridae; eudicotyledons,Primulina; Didymocarpinae; Trichosporeae; Didymocarpoideae; Gesneriaceae; Core_Lamiales; Lamiales; lamiids; asterids; Pentapetalae; Gunneridae; eudicotyledons; Mesangiospermae; Magnoliopsida; Spermatophyta; Euphyllophyta; Tracheophyta; Embryophyta; Streptophyta; Chloroplastida; Archaeplastida; Eukaryota; cellular organisms; life,1245227,3819279,,Primulina eburnea,Gesneriaceae,Lamiales,Magnoliopsida,True,18,36,False,1,Primulina_eburnea,5264953,Archaeplastida,Plants,Eudicots,Lamiales,Gesneriaceae,1.0,True,same_genus_diff_species,Stored id was 'Primulina eburnea'; name now resolves to 'Primulina eburnea'.,False,False,False,False,False,,False,,Chloroplastida
ott197875,Pristionchus pacificus,Pristionchus pacificus,Pristionchus pacificus,species,Metazoa,Nematoda,Chromadorea,Rhabditida,Neodiplogasteridae,Pristionchus,Ecdysozoa; Protostomia; Bilateria; Eumetazoa; Holozoa; Opisthokonta,Pristionchus; Neodiplogasteridae; Diplogasteroidea; Diplogasteromorpha; Rhabditina; Rhabditida; Chromadorea; Nematoda; Ecdysozoa; Protostomia; Bilateria; Eumetazoa; Metazoa; Holozoa; Opisthokonta; Eukaryota; cellular organisms; life,54126,7026027,11472065,Pristionchus pacificus,Neodiplogasteridae,Rhabditida,Chromadorea,True,6,12,False,1,Pristionchus_pacificus,197875,Opisthokonta ,Animals,Chromodorea,Rhabditida,Diplogastridae,1.0,False,,,False,False,False,False,True,typo/spelling in source file,False,,Metazoa
ott217632,Prunus armeniaca,Prunus armeniaca,Prunus armeniaca,species,Chloroplastida,Tracheophyta,Magnoliopsida,Rosales,Rosaceae,Prunus,fabids; rosids; Pentapetalae; Gunneridae; eudicotyledons; Mesangiospermae,Prunus; Amygdaleae; Amygdaloideae; Rosaceae; Rosales; fabids; rosids; Pentapetalae; Gunneridae; eudicotyledons; Mesangiospermae; Magnoliopsida; Spermatophyta; Euphyllophyta; Tracheophyta; Embryophyta; Streptophyta; Chloroplastida; Archaeplastida; Eukaryota; cellular organisms; life,36596,7818643,10177882,Prunus armeniaca,Rosaceae,Rosales,Magnoliopsida,True,8,16,False,1,Prunus_armeniaca,217632,Archaeplastida,Plants,Eudicots,Rosales,Rosaceae,1.0,False,,,False,False,False,False,False,,False,,Chloroplastida
ott162547,Prunus avium,Prunus avium,Prunus avium,species,Chloroplastida,Tracheophyta,Magnoliopsida,Rosales,Rosaceae,Prunus,fabids; rosids; Pentapetalae; Gunneridae; eudicotyledons; Mesangiospermae,Prunus; Amygdaleae; Amygdaloideae; Rosaceae; Rosales; fabids; rosids; Pentapetalae; Gunneridae; eudicotyledons; Mesangiospermae; Magnoliopsida; Spermatophyta; Euphyllophyta; Tracheophyta; Embryophyta; Streptophyta; Chloroplastida; Archaeplastida; Eukaryota; cellular organisms; life,42229,3020791,10719241,Prunus avium,Rosaceae,Rosales,Magnoliopsida,True,8,16,False,1,Prunus_avium,162547,Archaeplastida,Plants,Eudicots,Rosales,Rosaceae,1.0,False,,,False,False,False,False,False,,False,,Chloroplastida
ott731568,Prunus dulcis,Prunus dulcis,Prunus dulcis,species,Chloroplastida,Tracheophyta,Magnoliopsida,Rosales,Rosaceae,Prunus,fabids; rosids; Pentapetalae; Gunneridae; eudicotyledons; Mesangiospermae,Prunus; Amygdaleae; Amygdaloideae; Rosaceae; Rosales; fabids; rosids; Pentapetalae; Gunneridae; eudicotyledons; Mesangiospermae; Magnoliopsida; Spermatophyta; Euphyllophyta; Tracheophyta; Embryophyta; Streptophyta; Chloroplastida; Archaeplastida; Eukaryota; cellular organisms; life,3755,3022502,10180980,Prunus dulcis,Rosaceae,Rosales,Magnoliopsida,True,8,16,False,1,Prunus_dulcis,731568,Archaeplastida,Plants,Eudicots,Rosales,Rosaceae,1.0,False,,,False,False,False,False,False,,False,,Chloroplastida
ott1020749,Prunus kansuensis,Prunus kansuensis,Prunus kansuensis,species,Chloroplastida,Tracheophyta,Magnoliopsida,Rosales,Rosaceae,Prunus,fabids; rosids; Pentapetalae; Gunneridae; eudicotyledons; Mesangiospermae,Prunus; Amygdaleae; Amygdaloideae; Rosaceae; Rosales; fabids; rosids; Pentapetalae; Gunneridae; eudicotyledons; Mesangiospermae; Magnoliopsida; Spermatophyta; Euphyllophyta; Tracheophyta; Embryophyta; Streptophyta; Chloroplastida; Archaeplastida; Eukaryota; cellular organisms; life,329890,3023046,10584656,Prunus kansuensis,Rosaceae,Rosales,Magnoliopsida,True,8,16,False,1,Prunus_kansuensis,1020749,Archaeplastida,Plants,Eudicots,Rosales,Rosaceae,1.0,False,,,False,False,False,False,False,,False,,Chloroplastida
ott426562,Prunus mume,Prunus mume,Prunus mume,species,Chloroplastida,Tracheophyta,Magnoliopsida,Rosales,Rosaceae,Prunus,fabids; rosids; Pentapetalae; Gunneridae; eudicotyledons; Mesangiospermae,Prunus; Amygdaleae; Amygdaloideae; Rosaceae; Rosales; fabids; rosids; Pentapetalae; Gunneridae; eudicotyledons; Mesangiospermae; Magnoliopsida; Spermatophyta; Euphyllophyta; Tracheophyta; Embryophyta; Streptophyta; Chloroplastida; Archaeplastida; Eukaryota; cellular organisms; life,102107,3021046,10182727,Prunus mume,Rosaceae,Rosales,Magnoliopsida,True,8,16,False,1,Prunus_mume,426562,Archaeplastida,Plants,Eudicots,Rosales,Rosaceae,1.0,False,,,False,False,False,False,False,,False,,Chloroplastida
ott259054,Prunus persica,Prunus persica,Prunus persica,species,Chloroplastida,Tracheophyta,Magnoliopsida,Rosales,Rosaceae,Prunus,fabids; rosids; Pentapetalae; Gunneridae; eudicotyledons; Mesangiospermae,Prunus; Amygdaleae; Amygdaloideae; Rosaceae; Rosales; fabids; rosids; Pentapetalae; Gunneridae; eudicotyledons; Mesangiospermae; Magnoliopsida; Spermatophyta; Euphyllophyta; Tracheophyta; Embryophyta; Streptophyta; Chloroplastida; Archaeplastida; Eukaryota; cellular organisms; life,3760,8149923,10183680,Prunus persica,Rosaceae,Rosales,Magnoliopsida,True,8,16,False,2,Prunus_persica,5146629,Archaeplastida,Plants,Eudicots,Rosales,Rosaceae,1.0,True,stored_was_hybrid,"Stored id pointed to the hybrid 'Prunus persica x Prunus dulcis', not the species.",False,False,False,False,False,,False,,Chloroplastida
ott769156,Prunus virginiana,Prunus virginiana,Prunus virginiana,species,Chloroplastida,Tracheophyta,Magnoliopsida,Rosales,Rosaceae,Prunus,fabids; rosids; Pentapetalae; Gunneridae; eudicotyledons; Mesangiospermae,Prunus; Amygdaleae; Amygdaloideae; Rosaceae; Rosales; fabids; rosids; Pentapetalae; Gunneridae; eudicotyledons; Mesangiospermae; Magnoliopsida; Spermatophyta; Euphyllophyta; Tracheophyta; Embryophyta; Streptophyta; Chloroplastida; Archaeplastida; Eukaryota; cellular organisms; life,133204,,10175682,Prunus virginiana,Rosaceae,Rosales,Magnoliopsida,True,16,32,False,1,Prunus_virginiana,769156,Archaeplastida,Plants,Eudicots,Rosales,Rosaceae,1.0,False,,,False,False,False,False,False,,False,,Chloroplastida
ott857565,Pseudocercospora fijiensis,Mycosphaerella fijiensis,Mycosphaerella fijiensis,species,Fungi,Ascomycota,Dothideomycetes,Capnodiales,Mycosphaerellaceae,Mycosphaerella,Dothideomyceta; Leotiomyceta; saccharomyceta; h2007-1; h2007-2; Nucletmycea,Mycosphaerella; Mycosphaerellaceae; Capnodiales; Dothideomycetes; Dothideomyceta; Leotiomyceta; Pezizomycotina; saccharomyceta; Ascomycota; Dikarya; h2007-1; h2007-2; Fungi; Nucletmycea; Opisthokonta; Eukaryota; cellular organisms; life,1873960,2621925,10390627,Pseudocercospora fijiensis,Mycosphaerellaceae,Mycosphaerellales,Dothideomycetes,True,12,24,False,1,Pseudocercospora_fijiensis,4073293,Opisthokonta ,Fungi,Dothideomycetes,Mycosphaerellales,Mycosphaerellaceae,1.0,True,different_taxon,Stored id was 'Pseudocercospora eucalypticola' (species); name resolves to 'Mycosphaerella fijiensis'.,True,False,False,False,False,,True,Same OTT taxon (ott857565) as: Mycosphaerella fijiensis. These are the same organism under different names and should be merged in maps.csv.,Fungi
ott1075713,Pseudotsuga menziesii,Pseudotsuga menziesii,Pseudotsuga menziesii,species,Chloroplastida,Tracheophyta,,Pinales,Pinaceae,Pseudotsuga,Acrogymnospermae; Spermatophyta; Euphyllophyta; Embryophyta; cellular organisms; life,Pseudotsuga; Pinaceae; Pinales; Pinidae; Acrogymnospermae; Spermatophyta; Euphyllophyta; Tracheophyta; Embryophyta; Streptophyta; Chloroplastida; Archaeplastida; Eukaryota; cellular organisms; life,3357,2685796,10591308,Pseudotsuga menziesii,Pinaceae,Pinales,Pinopsida,True,13,26,False,1,Pseudotsuga_menziesii,1075713,Archaeplastida,Plants,Pinopsida,Pinales,Pinaceae,1.0,False,,,False,False,False,False,False,,False,,Chloroplastida
ott561269,Pungitius pungitius,Pungitius pungitius,Pungitius pungitius,species,Metazoa,Chordata,Actinopteri,Perciformes,Gasterosteidae,Pungitius,Eupercaria; Percomorphaceae; Euacanthomorphacea; Ctenosquamata; Eurypterygia; Neoteleostei,Pungitius; Gasterosteidae; Gasterosteales; Cottioidei; Perciformes; Eupercaria; Percomorphaceae; Euacanthomorphacea; Acanthomorphata; Ctenosquamata; Eurypterygia; Neoteleostei; Euteleosteomorpha; Clupeocephala; Osteoglossocephalai; Teleostei; Neopterygii; Actinopteri; Actinopterygii; Euteleostomi; Teleostomi; Gnathostomata; Vertebrata; Craniata; Chordata; Deuterostomia; Bilateria; Eumetazoa; Metazoa; Holozoa; Opisthokonta; Eukaryota; cellular organisms; life,134920,5739510,10960097,Pungitius pungitius,Gasterosteidae,Perciformes,Actinopteri,True,21,42,False,1,Pungitius_pungitius,561269,Opisthokonta ,Animals,Actinopterygii,Gasterosteiformes,Gasterosteidae,1.0,False,,,False,False,False,False,False,,False,,Metazoa
ott646814,Punica granatum,Punica granatum,Punica granatum,species,Chloroplastida,Tracheophyta,Magnoliopsida,Myrtales,Lythraceae,Punica,malvids; rosids; Pentapetalae; Gunneridae; eudicotyledons; Mesangiospermae,Punica; Lythraceae; Myrtales; malvids; rosids; Pentapetalae; Gunneridae; eudicotyledons; Mesangiospermae; Magnoliopsida; Spermatophyta; Euphyllophyta; Tracheophyta; Embryophyta; Streptophyta; Chloroplastida; Archaeplastida; Eukaryota; cellular organisms; life,22663,5420901,10857323,Punica granatum,Lythraceae,Myrtales,Magnoliopsida,True,8,16,False,1,Punica_granatum,646814,Archaeplastida,Plants,Eudicots,Myrtales,Lythraceae,1.0,False,,,False,False,False,False,False,,False,,Chloroplastida
ott411919,Pyrenophora teres,Pyrenophora teres,Pyrenophora teres,species,Fungi,Ascomycota,Dothideomycetes,Pleosporales,Pleosporaceae,Pyrenophora,Dothideomyceta; Leotiomyceta; saccharomyceta; h2007-1; h2007-2; Nucletmycea,Pyrenophora; Pleosporaceae; Pleosporales; Dothideomycetes; Dothideomyceta; Leotiomyceta; Pezizomycotina; saccharomyceta; Ascomycota; Dikarya; h2007-1; h2007-2; Fungi; Nucletmycea; Opisthokonta; Eukaryota; cellular organisms; life,97480,2616563,11170936,Pyrenophora teres f. maculata,Pleosporaceae,Pleosporales,Dothideomycetes,True,9,18,False,1,Pyrenophora_teres,411919,Opisthokonta ,Fungi,Dothideomycetes,Pleosporales,Pleosporaceae,1.0,False,,,False,False,False,False,False,,False,,Fungi
ott314016,Pyropia haitanensis,Pyropia haitanensis,Pyropia haitanensis,species,Archaeplastida,Rhodophyta,,Bangiales,Bangiaceae,Pyropia,cellular organisms; life,Pyropia; Bangiaceae; Bangiales; Rhodophyta; Archaeplastida; Eukaryota; cellular organisms; life,1262161,7431662,11881874,Pyropia haitanensis,Bangiaceae,Bangiales,Bangiophyceae,True,5,10,False,1,Pyropia_haitanensis,314016,Archaeplastida,Plants,Bangiophyceae,Bangiales,Bangiaceae,1.0,False,,,False,False,False,False,False,,False,,Rhodophyta
ott972654,Pyrus communis,Pyrus communis,Pyrus communis,species,Chloroplastida,Tracheophyta,Magnoliopsida,Rosales,Rosaceae,Pyrus,fabids; rosids; Pentapetalae; Gunneridae; eudicotyledons; Mesangiospermae,Pyrus; Maleae; Amygdaloideae; Rosaceae; Rosales; fabids; rosids; Pentapetalae; Gunneridae; eudicotyledons; Mesangiospermae; Magnoliopsida; Spermatophyta; Euphyllophyta; Tracheophyta; Embryophyta; Streptophyta; Chloroplastida; Archaeplastida; Eukaryota; cellular organisms; life,23211,5362573,11347816,Pyrus communis,Rosaceae,Rosales,Magnoliopsida,True,17,34,False,1,Pyrus_communis,972654,Archaeplastida,Plants,Eudicots,Rosales,Rosaceae,1.0,False,,,False,False,False,False,False,,False,,Chloroplastida
ott443418,Pyrus pyrifolia,Pyrus pyrifolia,Pyrus pyrifolia,species,Chloroplastida,Tracheophyta,Magnoliopsida,Rosales,Rosaceae,Pyrus,fabids; rosids; Pentapetalae; Gunneridae; eudicotyledons; Mesangiospermae,Pyrus; Maleae; Amygdaloideae; Rosaceae; Rosales; fabids; rosids; Pentapetalae; Gunneridae; eudicotyledons; Mesangiospermae; Magnoliopsida; Spermatophyta; Euphyllophyta; Tracheophyta; Embryophyta; Streptophyta; Chloroplastida; Archaeplastida; Eukaryota; cellular organisms; life,3767,5362786,10690572,Pyrus pyrifolia,Rosaceae,Rosales,Magnoliopsida,True,17,34,False,1,Pyrus_pyrifolia,443418,Archaeplastida,Plants,Eudicots,Rosales,Rosaceae,1.0,False,,,False,False,False,False,False,,False,,Chloroplastida
ott259068,Pyrus x,Pyrus,,genus,Chloroplastida,Tracheophyta,Magnoliopsida,Rosales,Rosaceae,Pyrus,,Maleae; Amygdaloideae; Rosaceae; Rosales; fabids; rosids; Pentapetalae; Gunneridae; eudicotyledons; Mesangiospermae; Magnoliopsida; Spermatophyta; Euphyllophyta; Tracheophyta; Embryophyta; Streptophyta; Chloroplastida; Archaeplastida; Eukaryota; cellular organisms; life,3766,2986532,,,,,,,,,False,1,Pyrus_x,3902937,Archaeplastida,Plants,Eudicots,Rosales,Rosaceae,,False,,"Source string ""Pyrus_x"" is a placeholder for an interspecific Pyrus hybrid; no binomial given in the source. Resolved to the GENUS Pyrus (ott259068). The underlying study (Chen 2015) should be consulted to identify the actual cross before this record is used at species level.",False,False,True,False,False,,False,,Chloroplastida
ott791121,Quercus,Quercus,Quercus,genus,Chloroplastida,Tracheophyta,Magnoliopsida,Fagales,Fagaceae,,fabids; rosids; Pentapetalae; Gunneridae; eudicotyledons; Mesangiospermae,Fagaceae; Fagales; fabids; rosids; Pentapetalae; Gunneridae; eudicotyledons; Mesangiospermae; Magnoliopsida; Spermatophyta; Euphyllophyta; Tracheophyta; Embryophyta; Streptophyta; Chloroplastida; Archaeplastida; Eukaryota; cellular organisms; life,3511,2877951,1022836,Quercus,Fagaceae,Fagales,Magnoliopsida,True,12,24,False,1,Quercus_,239659,Archaeplastida,Plants,Eudicots,Fagales,Fagaceae,1.0,True,same_genus_diff_species,Stored id was 'Quercus robur'; name now resolves to 'Quercus'.,False,False,True,False,False,,False,,Chloroplastida
ott14718,Rana temporaria,Rana temporaria,Rana temporaria,species,Metazoa,Chordata,Amphibia,Anura,Ranidae,Rana,Dipnotetrapodomorpha; Euteleostomi; Teleostomi; Deuterostomia; Bilateria; Eumetazoa,Rana subgenus Rana; Rana; Ranidae; Ranoidea; Neobatrachia; Anura; Batrachia; Amphibia; Tetrapoda; Dipnotetrapodomorpha; Sarcopterygii; Euteleostomi; Teleostomi; Gnathostomata; Vertebrata; Craniata; Chordata; Deuterostomia; Bilateria; Eumetazoa; Metazoa; Holozoa; Opisthokonta; Eukaryota; cellular organisms; life,8407,2426805,10239802,Rana temporaria,Ranidae,Anura,Amphibia,True,13,26,False,1,Rana_temporaria,14718,Opisthokonta ,Animals,Amphibia,Anura,Ranida,1.0,False,,,False,False,False,False,True,typo/spelling in source file,False,,Metazoa
ott359073,Raphanus sativus,Raphanus sativus,Raphanus sativus,species,Chloroplastida,Tracheophyta,Magnoliopsida,Brassicales,Brassicaceae,Raphanus,malvids; rosids; Pentapetalae; Gunneridae; eudicotyledons; Mesangiospermae,Raphanus; Brassiceae; Brassicaceae; Brassicales; malvids; rosids; Pentapetalae; Gunneridae; eudicotyledons; Mesangiospermae; Magnoliopsida; Spermatophyta; Euphyllophyta; Tracheophyta; Embryophyta; Streptophyta; Chloroplastida; Archaeplastida; Eukaryota; cellular organisms; life,3726,7678610,10204418,Raphanus sativus,Brassicaceae,Brassicales,Magnoliopsida,True,9,18,False,1,Raphanus_sativus,359073,Archaeplastida,Plants,Eudicots,Brassicales,Brassicaceae,1.0,False,,,False,False,False,False,False,,False,,Chloroplastida
ott271555,Rattus norvegicus,Rattus norvegicus,Rattus norvegicus,species,Metazoa,Chordata,Mammalia,Rodentia,Muridae,Rattus,Muroidea; Glires; Boreoeutheria; Eutheria; Amniota; Dipnotetrapodomorpha,Rattus; Murinae; Muridae; Muroidea; Myomorpha; Rodentia; Glires; Euarchontoglires; Boreoeutheria; Eutheria; Theria; Mammalia; Amniota; Tetrapoda; Dipnotetrapodomorpha; Sarcopterygii; Euteleostomi; Teleostomi; Gnathostomata; Vertebrata; Craniata; Chordata; Deuterostomia; Bilateria; Eumetazoa; Metazoa; Holozoa; Opisthokonta; Eukaryota; cellular organisms; life,10116,2439261,11075687,Rattus norvegicus,Muridae,Rodentia,Mammalia,True,22,44,False,1,Rattus_norvegicus,271555,Opisthokonta ,Animals,Mammalia,Rodentia,Muridae,1.0,False,,,False,False,False,False,False,,False,,Metazoa
ott633644,Rhyzopertha dominica,Rhyzopertha dominica,Rhyzopertha dominica,species,Metazoa,Arthropoda,Insecta,Coleoptera,Bostrichidae,Rhyzopertha,Dicondylia; Pancrustacea; Mandibulata; Panarthropoda; Ecdysozoa; Protostomia,Rhyzopertha; Dinoderinae; Bostrichidae; Bostrichoidea; Bostrichiformia; Polyphaga; Coleoptera; Holometabola; Neoptera; Pterygota; Dicondylia; Insecta; Hexapoda; Pancrustacea; Mandibulata; Arthropoda; Panarthropoda; Ecdysozoa; Protostomia; Bilateria; Eumetazoa; Metazoa; Holozoa; Opisthokonta; Eukaryota; cellular organisms; life,92692,1095716,11205833,Rhyzopertha dominica,Bostrichidae,Coleoptera,Insecta,True,9,18,False,1,Rhyzopertha_dominica,633644,Opisthokonta ,Animals,Insecta,Coleoptera,Bostrichidae,1.0,False,,,False,False,False,False,False,,False,,Metazoa
ott248647,Ribes nigrum,Ribes nigrum,Ribes nigrum,species,Chloroplastida,Tracheophyta,Magnoliopsida,Saxifragales,Grossulariaceae,Ribes,Pentapetalae; Gunneridae; eudicotyledons; Mesangiospermae; Spermatophyta; Euphyllophyta,Ribes; Grossulariaceae; Saxifragales; Pentapetalae; Gunneridae; eudicotyledons; Mesangiospermae; Magnoliopsida; Spermatophyta; Euphyllophyta; Tracheophyta; Embryophyta; Streptophyta; Chloroplastida; Archaeplastida; Eukaryota; cellular organisms; life,78511,2986192,10588424,Ribes nigrum,Grossulariaceae,Saxifragales,Magnoliopsida,True,8,16,False,1,Ribes_nigrum,248647,Archaeplastida,Plants,Eudicots,Saxifragales,Grossulariaceae,1.0,False,,,False,False,False,False,False,,False,,Chloroplastida
ott339346,Ricinus communis,Ricinus communis,Ricinus communis,species,Chloroplastida,Tracheophyta,Magnoliopsida,Malpighiales,Euphorbiaceae,Ricinus,fabids; rosids; Pentapetalae; Gunneridae; eudicotyledons; Mesangiospermae,Ricinus; Acalypheae; Acalyphoideae; Euphorbiaceae; Malpighiales; fabids; rosids; Pentapetalae; Gunneridae; eudicotyledons; Mesangiospermae; Magnoliopsida; Spermatophyta; Euphyllophyta; Tracheophyta; Embryophyta; Streptophyta; Chloroplastida; Archaeplastida; Eukaryota; cellular organisms; life,3988,5380041,10248491,Ricinus communis,Euphorbiaceae,Malpighiales,Magnoliopsida,True,10,20,False,1,Ricinus_communis,339346,Archaeplastida,Plants,Eudicots,Malpighiales,Euphorbiaceae,1.0,False,,,False,False,False,False,False,,False,,Chloroplastida
ott3905012,Rosa hybrida,Rosa hybrid cultivar,Rosa hybrid cultivar,species,Chloroplastida,Tracheophyta,Magnoliopsida,Rosales,Rosaceae,Rosa,fabids; rosids; Pentapetalae; Gunneridae; eudicotyledons; Mesangiospermae,Rosa; Rosoideae; Rosaceae; Rosales; fabids; rosids; Pentapetalae; Gunneridae; eudicotyledons; Mesangiospermae; Magnoliopsida; Spermatophyta; Euphyllophyta; Tracheophyta; Embryophyta; Streptophyta; Chloroplastida; Archaeplastida; Eukaryota; cellular organisms; life,128735,8167030,10186753,Rosa hybrid cultivar,Rosaceae,Rosales,Magnoliopsida,True,7,14,False,1,Rosa_hybrida,3905484,Archaeplastida,Plants,Eudicots,Rosales,Rosaceae,1.0,True,same_genus_diff_species,Stored id was 'Rosa rubrifolia'; name now resolves to 'Rosa hybrid cultivar'.,True,False,False,False,False,,False,,Chloroplastida
ott156929,Rubus idaeus,Rubus idaeus,Rubus idaeus,species,Chloroplastida,Tracheophyta,Magnoliopsida,Rosales,Rosaceae,Rubus,fabids; rosids; Pentapetalae; Gunneridae; eudicotyledons; Mesangiospermae,Rubus; Rosoideae; Rosaceae; Rosales; fabids; rosids; Pentapetalae; Gunneridae; eudicotyledons; Mesangiospermae; Magnoliopsida; Spermatophyta; Euphyllophyta; Tracheophyta; Embryophyta; Streptophyta; Chloroplastida; Archaeplastida; Eukaryota; cellular organisms; life,32247,2993094,10187044,Rubus idaeus,Rosaceae,Rosales,Magnoliopsida,True,7,14,False,1,Rubus_idaeus,156929,Archaeplastida,Plants,Eudicots,Rosales,Rosaceae,1.0,False,,,False,False,False,False,False,,False,,Chloroplastida
ott670811,Rubus occidentalis,Rubus occidentalis,Rubus occidentalis,species,Chloroplastida,Tracheophyta,Magnoliopsida,Rosales,Rosaceae,Rubus,fabids; rosids; Pentapetalae; Gunneridae; eudicotyledons; Mesangiospermae,Rubus; Rosoideae; Rosaceae; Rosales; fabids; rosids; Pentapetalae; Gunneridae; eudicotyledons; Mesangiospermae; Magnoliopsida; Spermatophyta; Euphyllophyta; Tracheophyta; Embryophyta; Streptophyta; Chloroplastida; Archaeplastida; Eukaryota; cellular organisms; life,75079,2995851,10584158,Rubus occidentalis,Rosaceae,Rosales,Magnoliopsida,True,7,14,False,1,Rubus_occidentalis,670811,Archaeplastida,Plants,Eudicots,Rosales,Rosaceae,1.0,False,,,False,False,False,False,False,,False,,Chloroplastida
ott913666,Ruditapes philippinarum,Ruditapes philippinarum,Ruditapes philippinarum,species,Metazoa,Mollusca,Bivalvia,Venerida,Veneridae,Ruditapes,Lophotrochozoa; Protostomia; Bilateria; Eumetazoa; Holozoa; Opisthokonta,Ruditapes; Veneridae; Veneroidea; Venerida; Imparidentia; Euheterodonta; Heterodonta; Bivalvia; Mollusca; Lophotrochozoa; Protostomia; Bilateria; Eumetazoa; Metazoa; Holozoa; Opisthokonta; Eukaryota; cellular organisms; life,129788,4372686,10241408,Ruditapes philippinarum,Veneridae,Venerida,Bivalvia,True,19,38,False,1,Ruditapes_philippinarum,913666,Opisthokonta ,Animals,Bivalvia,Venerida,Veneridae,1.0,False,,,False,False,False,False,False,,False,,Metazoa
ott246789,Saccharina japonica,Saccharina japonica,Saccharina japonica,species,,,Phaeophyceae,Laminariales,Laminariaceae,Saccharina,cellular organisms; life,Saccharina; Laminariaceae; Laminariales; Phaeophyceae; Stramenopiles; SAR; Eukaryota; cellular organisms; life,88149,4377197,11694855,Saccharina japonica,Laminariaceae,Laminariales,Phaeophyceae,True,31,62,False,1,Saccharina_japonica,246789,Chromalveolata,SAR,Phaeophyceae,Laminariales,Lauraceae,1.0,False,,,False,False,False,False,True,genuine taxonomic revision or error,False,,SAR
ott895796,Saccharum spp,Saccharum sp.,Saccharum sp.,species,Chloroplastida,Tracheophyta,Liliopsida,Poales,Poaceae,Saccharum,Andropogonodae; PACMAD clade; commelinids; Mesangiospermae; Spermatophyta; Euphyllophyta,Saccharum; Saccharinae; Andropogoneae; Andropogonodae; Panicoideae; PACMAD clade; Poaceae; Poales; commelinids; Petrosaviidae; Liliopsida; Mesangiospermae; Magnoliopsida; Spermatophyta; Euphyllophyta; Tracheophyta; Embryophyta; Streptophyta; Chloroplastida; Archaeplastida; Eukaryota; cellular organisms; life,15819,,,Saccharum sp.,Poaceae,Poales,Magnoliopsida,True,50,100,False,1,Saccharum_spp,1063525,Archaeplastida,Plants,Monocots,Poales,Poaceae,0.9230769276618958,True,same_genus_diff_species,Stored id was 'Saccharum hybrid cultivar'; name now resolves to 'Saccharum sp.'.,False,True,False,False,False,,False,,Chloroplastida
ott688328,Salmo salar,Salmo salar,Salmo salar,species,Metazoa,Chordata,Actinopteri,Salmoniformes,Salmonidae,Salmo,Protacanthopterygii; Clupeocephala; Osteoglossocephalai; Euteleostomi; Teleostomi; Deuterostomia,Salmo; Salmoninae; Salmonidae; Salmoniformes; Protacanthopterygii; Euteleosteomorpha; Clupeocephala; Osteoglossocephalai; Teleostei; Neopterygii; Actinopteri; Actinopterygii; Euteleostomi; Teleostomi; Gnathostomata; Vertebrata; Craniata; Chordata; Deuterostomia; Bilateria; Eumetazoa; Metazoa; Holozoa; Opisthokonta; Eukaryota; cellular organisms; life,8030,7595433,11127393,Salmo salar,Salmonidae,Salmoniformes,Actinopteri,True,29,58,False,1,Salmo_salar,688328,Opisthokonta ,Animals,Actinopterygii,Salmoniformes,Salmonidae,1.0,False,,,False,False,False,False,False,,False,,Metazoa
ott688332,Salmo trutta,Salmo trutta,Salmo trutta,species,Metazoa,Chordata,Actinopteri,Salmoniformes,Salmonidae,Salmo,Protacanthopterygii; Clupeocephala; Osteoglossocephalai; Euteleostomi; Teleostomi; Deuterostomia,Salmo; Salmoninae; Salmonidae; Salmoniformes; Protacanthopterygii; Euteleosteomorpha; Clupeocephala; Osteoglossocephalai; Teleostei; Neopterygii; Actinopteri; Actinopterygii; Euteleostomi; Teleostomi; Gnathostomata; Vertebrata; Craniata; Chordata; Deuterostomia; Bilateria; Eumetazoa; Metazoa; Holozoa; Opisthokonta; Eukaryota; cellular organisms; life,8032,8215487,10570928,Salmo trutta,Salmonidae,Salmoniformes,Actinopteri,True,40,80,False,1,Salmo_trutta,688332,Opisthokonta ,Animals,Actinopterygii,Salmoniformes,Salmonidae,1.0,False,,,False,False,False,False,False,,False,,Metazoa
ott847543,Salvia miltiorrhiza,Salvia miltiorrhiza,Salvia miltiorrhiza,species,Chloroplastida,Tracheophyta,Magnoliopsida,Lamiales,Lamiaceae,Salvia,higher_core_Lamiales; Core_Lamiales; lamiids; asterids; Pentapetalae; Gunneridae,Salvia; Mentheae; Nepetoideae; Lamiaceae; higher_core_Lamiales; Core_Lamiales; Lamiales; lamiids; asterids; Pentapetalae; Gunneridae; eudicotyledons; Mesangiospermae; Magnoliopsida; Spermatophyta; Euphyllophyta; Tracheophyta; Embryophyta; Streptophyta; Chloroplastida; Archaeplastida; Eukaryota; cellular organisms; life,226208,7308369,,Salvia miltiorrhiza,Lamiaceae,Lamiales,Magnoliopsida,True,8,16,False,1,Salvia_miltiorrhiza,847543,Archaeplastida,Plants,Eudicots,Lamiales,Lamiaceae,1.0,False,,,False,False,False,False,False,,False,,Chloroplastida
ott191483,Schistosoma mansoni,Schistosoma mansoni,Schistosoma mansoni,species,Metazoa,Platyhelminthes,Trematoda,Strigeidida,Schistosomatidae,Schistosoma,Lophotrochozoa; Protostomia; Bilateria; Eumetazoa; Holozoa; Opisthokonta,Schistosoma; Schistosomatidae; Schistosomatoidea; Strigeidida; Digenea; Trematoda; Platyhelminthes; Lophotrochozoa; Protostomia; Bilateria; Eumetazoa; Metazoa; Holozoa; Opisthokonta; Eukaryota; cellular organisms; life,6183,5967489,10801704,Schistosoma mansoni,Schistosomatidae,Strigeidida,Trematoda,True,8,16,False,1,Schistosoma_mansoni,191483,Opisthokonta ,Animals,Trematoda,Strigeidida,Schistomatidae,1.0,False,,,False,False,False,False,True,typo/spelling in source file,False,,Metazoa
ott433079,Sciaenops ocellatus,Sciaenops ocellatus,Sciaenops ocellatus,species,Metazoa,Chordata,Actinopteri,Perciformes,Sciaenidae,Sciaenops,Eupercaria; Percomorphaceae; Euacanthomorphacea; Ctenosquamata; Eurypterygia; Neoteleostei,Sciaenops; Sciaenidae; Percoidei; Perciformes; Eupercaria; Percomorphaceae; Euacanthomorphacea; Acanthomorphata; Ctenosquamata; Eurypterygia; Neoteleostei; Euteleosteomorpha; Clupeocephala; Osteoglossocephalai; Teleostei; Neopterygii; Actinopteri; Actinopterygii; Euteleostomi; Teleostomi; Gnathostomata; Vertebrata; Craniata; Chordata; Deuterostomia; Bilateria; Eumetazoa; Metazoa; Holozoa; Opisthokonta; Eukaryota; cellular organisms; life,76340,2400222,10570446,Sciaenops ocellatus,Sciaenidae,,Actinopteri,True,24,48,False,1,Sciaenops_ocellatus,433079,Opisthokonta ,Animals,Actinopterygii,Perciformes,Sciaenidae,1.0,False,,,False,False,False,False,False,,False,,Metazoa
ott335717,Scleropages formosus,Scleropages formosus,Scleropages formosus,species,Metazoa,Chordata,Actinopteri,Osteoglossiformes,Osteoglossidae,Scleropages,Osteoglossomorpha; Osteoglossocephala; Osteoglossocephalai; Euteleostomi; Teleostomi; Deuterostomia,Scleropages; Osteoglossidae; Osteoglossiformes; Osteoglossomorpha; Osteoglossocephala; Osteoglossocephalai; Teleostei; Neopterygii; Actinopteri; Actinopterygii; Euteleostomi; Teleostomi; Gnathostomata; Vertebrata; Craniata; Chordata; Deuterostomia; Bilateria; Eumetazoa; Metazoa; Holozoa; Opisthokonta; Eukaryota; cellular organisms; life,113540,2402231,10762130,Scleropages formosus,Osteoglossidae,Osteoglossiformes,Actinopteri,True,22,44,False,1,Scleropages_formosus,335717,Opisthokonta ,Animals,Actinopterygii,Osteoglossiformes,Osteoglossidae,1.0,False,,,False,False,False,False,False,,False,,Metazoa
ott778695,Scophthalmus maximus,Scophthalmus maximus,Scophthalmus maximus,species,Metazoa,Chordata,Actinopteri,Pleuronectiformes,Scophthalmidae,Scophthalmus,Carangaria; Percomorphaceae; Euacanthomorphacea; Ctenosquamata; Eurypterygia; Neoteleostei,Scophthalmus; Scophthalmidae; Pleuronectoidei; Pleuronectiformes; Carangaria; Percomorphaceae; Euacanthomorphacea; Acanthomorphata; Ctenosquamata; Eurypterygia; Neoteleostei; Euteleosteomorpha; Clupeocephala; Osteoglossocephalai; Teleostei; Neopterygii; Actinopteri; Actinopterygii; Euteleostomi; Teleostomi; Gnathostomata; Vertebrata; Craniata; Chordata; Deuterostomia; Bilateria; Eumetazoa; Metazoa; Holozoa; Opisthokonta; Eukaryota; cellular organisms; life,52904,2409418,11226408,Scophthalmus maximus,Scophthalmidae,Pleuronectiformes,Actinopteri,True,22,44,False,1,Scophthalmus_maximus,778695,Opisthokonta ,Animals,Actinopterygii,Pleuronectiformes,Scophthalmidae,1.0,False,,,False,False,False,False,False,,False,,Metazoa
ott807488,Scophthalmus rhombus,Scophthalmus rhombus,Scophthalmus rhombus,species,Metazoa,Chordata,Actinopteri,Pleuronectiformes,Scophthalmidae,Scophthalmus,Carangaria; Percomorphaceae; Euacanthomorphacea; Ctenosquamata; Eurypterygia; Neoteleostei,Scophthalmus; Scophthalmidae; Pleuronectoidei; Pleuronectiformes; Carangaria; Percomorphaceae; Euacanthomorphacea; Acanthomorphata; Ctenosquamata; Eurypterygia; Neoteleostei; Euteleosteomorpha; Clupeocephala; Osteoglossocephalai; Teleostei; Neopterygii; Actinopteri; Actinopterygii; Euteleostomi; Teleostomi; Gnathostomata; Vertebrata; Craniata; Chordata; Deuterostomia; Bilateria; Eumetazoa; Metazoa; Holozoa; Opisthokonta; Eukaryota; cellular organisms; life,65125,2409403,10832856,Scophthalmus rhombus,Scophthalmidae,Pleuronectiformes,Actinopteri,True,22,44,False,1,Scophthalmus_rhombus,807488,Opisthokonta ,Animals,Actinopterygii,Pleuronectiformes,Scophthalmidae,1.0,False,,,False,False,False,False,False,,False,,Metazoa
ott1084541,Scylla paramamosain,Scylla paramamosain,Scylla paramamosain,species,Metazoa,Arthropoda,Malacostraca,Decapoda,Portunidae,Scylla,Pancrustacea; Mandibulata; Panarthropoda; Ecdysozoa; Protostomia; Bilateria,Scylla; Portuninae; Portunidae; Portunoidea; Heterotremata; Eubrachyura; Brachyura; Pleocyemata; Decapoda; Eucarida; Eumalacostraca; Malacostraca; Multicrustacea; Crustacea; Pancrustacea; Mandibulata; Arthropoda; Panarthropoda; Ecdysozoa; Protostomia; Bilateria; Eumetazoa; Metazoa; Holozoa; Opisthokonta; Eukaryota; cellular organisms; life,85552,5863635,11709860,Scylla paramamosain,Portunidae,Decapoda,Malacostraca,True,44,88,False,1,Scylla_paramamosain,1084541,Opisthokonta ,Animals,Malacostraca,Decapoda,Portunidae,1.0,False,,,False,False,False,False,False,,False,,Metazoa
ott206127,Sebastes schlegelii,Sebastes schlegelii,Sebastes schlegelii,species,Metazoa,Chordata,Actinopteri,Perciformes,Sebastidae,Sebastes,Eupercaria; Percomorphaceae; Euacanthomorphacea; Ctenosquamata; Eurypterygia; Neoteleostei,Sebastes; Sebastinae; Sebastidae; Scorpaenoidei; Perciformes; Eupercaria; Percomorphaceae; Euacanthomorphacea; Acanthomorphata; Ctenosquamata; Eurypterygia; Neoteleostei; Euteleosteomorpha; Clupeocephala; Osteoglossocephalai; Teleostei; Neopterygii; Actinopteri; Actinopterygii; Euteleostomi; Teleostomi; Gnathostomata; Vertebrata; Craniata; Chordata; Deuterostomia; Bilateria; Eumetazoa; Metazoa; Holozoa; Opisthokonta; Eukaryota; cellular organisms; life,214486,2335435,10142120,Sebastes schlegelii,Sebastidae,Perciformes,Actinopteri,True,24,48,False,1,Sebastes_schlegelii,206127,Opisthokonta ,Animals,Actinopterygii,Scorpaeniformes,Sebastidae,1.0,False,,,False,False,False,False,False,,False,,Metazoa
ott553015,Secale cereale,Secale cereale,Secale cereale,species,Chloroplastida,Tracheophyta,Liliopsida,Poales,Poaceae,Secale,Triticodae; BOP clade; commelinids; Mesangiospermae; Spermatophyta; Euphyllophyta,Secale; Hordeinae; Triticeae; Triticodae; Pooideae; BOP clade; Poaceae; Poales; commelinids; Petrosaviidae; Liliopsida; Mesangiospermae; Magnoliopsida; Spermatophyta; Euphyllophyta; Tracheophyta; Embryophyta; Streptophyta; Chloroplastida; Archaeplastida; Eukaryota; cellular organisms; life,4550,2705966,10202637,Secale cereale,Poaceae,Poales,Magnoliopsida,True,7,14,False,1,Secale_cereale,553015,Archaeplastida,Plants,Monocots,Poales,Poaceae,1.0,False,,,False,False,False,False,False,,False,,Chloroplastida
ott186469,Seriola quinqueradiata,Seriola quinqueradiata,Seriola quinqueradiata,species,Metazoa,Chordata,Actinopteri,Carangiformes,Carangidae,Seriola,Carangaria; Percomorphaceae; Euacanthomorphacea; Ctenosquamata; Eurypterygia; Neoteleostei,Seriola; Carangidae; Carangiformes; Carangaria; Percomorphaceae; Euacanthomorphacea; Acanthomorphata; Ctenosquamata; Eurypterygia; Neoteleostei; Euteleosteomorpha; Clupeocephala; Osteoglossocephalai; Teleostei; Neopterygii; Actinopteri; Actinopterygii; Euteleostomi; Teleostomi; Gnathostomata; Vertebrata; Craniata; Chordata; Deuterostomia; Bilateria; Eumetazoa; Metazoa; Holozoa; Opisthokonta; Eukaryota; cellular organisms; life,8161,5961724,10755109,Seriola quinqueradiata,Carangidae,Carangiformes,Actinopteri,True,24,48,False,1,Seriola_quinqueradiata,186469,Opisthokonta ,Animals,Actinopterygii,Perciformes,Carangidae,1.0,False,,,False,False,False,False,False,,False,,Metazoa
ott504628,Sesamum indicum,Sesamum indicum,Sesamum indicum (species in domain Eukaryota),species,Chloroplastida,Tracheophyta,Magnoliopsida,Lamiales,Pedaliaceae,Sesamum,higher_core_Lamiales; Core_Lamiales; lamiids; asterids; Pentapetalae; Gunneridae,Sesamum; Pedaliaceae; higher_core_Lamiales; Core_Lamiales; Lamiales; lamiids; asterids; Pentapetalae; Gunneridae; eudicotyledons; Mesangiospermae; Magnoliopsida; Spermatophyta; Euphyllophyta; Tracheophyta; Embryophyta; Streptophyta; Chloroplastida; Archaeplastida; Eukaryota; cellular organisms; life,4182,3172622,11437224,Sesamum indicum,Pedaliaceae,Lamiales,Magnoliopsida,True,16,32,False,1,Sesamum_indicum,504628,Archaeplastida,Plants,Eudicots,Lamiales,Pedaliaceae,1.0,False,,,False,False,False,False,False,,False,,Chloroplastida
ott553005,Setaria italica,Setaria italica,Setaria italica,species,Chloroplastida,Tracheophyta,Liliopsida,Poales,Poaceae,Setaria,Panicodae; PACMAD clade; commelinids; Mesangiospermae; Spermatophyta; Euphyllophyta,Setaria; Cenchrinae; Paniceae; Panicodae; Panicoideae; PACMAD clade; Poaceae; Poales; commelinids; Petrosaviidae; Liliopsida; Mesangiospermae; Magnoliopsida; Spermatophyta; Euphyllophyta; Tracheophyta; Embryophyta; Streptophyta; Chloroplastida; Archaeplastida; Eukaryota; cellular organisms; life,4555,5289698,11067885,Setaria italica,Poaceae,Poales,Magnoliopsida,True,9,18,False,2,Setaria_italica,553005,Archaeplastida,Plants,Monocots,Poales,Poaceae,1.0,False,,,False,False,False,False,False,,False,,Chloroplastida
ott609504,Silene latifolia,Silene latifolia,Silene latifolia,species,Chloroplastida,Tracheophyta,Magnoliopsida,Caryophyllales,Caryophyllaceae,Silene,Pentapetalae; Gunneridae; eudicotyledons; Mesangiospermae; Spermatophyta; Euphyllophyta,Silene; Sileneae; Caryophyllaceae; Caryophyllales; Pentapetalae; Gunneridae; eudicotyledons; Mesangiospermae; Magnoliopsida; Spermatophyta; Euphyllophyta; Tracheophyta; Embryophyta; Streptophyta; Chloroplastida; Archaeplastida; Eukaryota; cellular organisms; life,37657,5384805,11166653,Silene latifolia,Caryophyllaceae,Caryophyllales,Magnoliopsida,True,12,24,False,1,Silene_latifolia,609504,Archaeplastida,Plants,Eudicots,Caryophyllales,Caryophyllaceae,1.0,False,,,False,False,False,False,False,,False,,Chloroplastida
ott359058,Sinapis alba,Sinapis alba,Sinapis alba,species,Chloroplastida,Tracheophyta,Magnoliopsida,Brassicales,Brassicaceae,Sinapis,malvids; rosids; Pentapetalae; Gunneridae; eudicotyledons; Mesangiospermae,Sinapis; Brassiceae; Brassicaceae; Brassicales; malvids; rosids; Pentapetalae; Gunneridae; eudicotyledons; Mesangiospermae; Magnoliopsida; Spermatophyta; Euphyllophyta; Tracheophyta; Embryophyta; Streptophyta; Chloroplastida; Archaeplastida; Eukaryota; cellular organisms; life,3728,3047621,10204459,Sinapis alba,Brassicaceae,Brassicales,Magnoliopsida,True,12,24,False,1,Sinapis_alba,359058,Archaeplastida,Plants,Eudicots,Brassicales,Brassicaceae,1.0,False,,,False,False,False,False,False,,False,,Chloroplastida
ott532954,Siraitia grosvenorii,Siraitia grosvenorii,Siraitia grosvenorii,species,Chloroplastida,Tracheophyta,Magnoliopsida,Cucurbitales,Cucurbitaceae,Siraitia,fabids; rosids; Pentapetalae; Gunneridae; eudicotyledons; Mesangiospermae,Siraitia; Siraitieae; Cucurbitaceae; Cucurbitales; fabids; rosids; Pentapetalae; Gunneridae; eudicotyledons; Mesangiospermae; Magnoliopsida; Spermatophyta; Euphyllophyta; Tracheophyta; Embryophyta; Streptophyta; Chloroplastida; Archaeplastida; Eukaryota; cellular organisms; life,190515,3623059,,Siraitia grosvenorii,Cucurbitaceae,Cucurbitales,Magnoliopsida,True,14,28,False,1,Siraitia_grosvenorii,532954,Archaeplastida,Plants,Eudicots,Cucurbitales,Cucurbitaceae,1.0,False,,,False,False,False,False,False,,False,,Chloroplastida
ott475230,Solanum bulbocastanum,Solanum bulbocastanum,Solanum bulbocastanum,species,Chloroplastida,Tracheophyta,Magnoliopsida,Solanales,Solanaceae,Solanum,lamiids; asterids; Pentapetalae; Gunneridae; eudicotyledons; Mesangiospermae,Solanum; Solaneae; Solanoideae; Solanaceae; Solanales; lamiids; asterids; Pentapetalae; Gunneridae; eudicotyledons; Mesangiospermae; Magnoliopsida; Spermatophyta; Euphyllophyta; Tracheophyta; Embryophyta; Streptophyta; Chloroplastida; Archaeplastida; Eukaryota; cellular organisms; life,147425,2929907,11036111,Solanum bulbocastanum,Solanaceae,Solanales,Magnoliopsida,True,12,24,False,1,Solanum_bulbocastanum,475230,Archaeplastida,Plants,Eudicots,Solanales,Solanaceae,1.0,False,,,False,False,False,False,False,,False,,Chloroplastida
ott885264,Solanum habrochaites,Solanum habrochaites,Solanum habrochaites,species,Chloroplastida,Tracheophyta,Magnoliopsida,Solanales,Solanaceae,Solanum,lamiids; asterids; Pentapetalae; Gunneridae; eudicotyledons; Mesangiospermae,Lycopersicon; Solanum; Solaneae; Solanoideae; Solanaceae; Solanales; lamiids; asterids; Pentapetalae; Gunneridae; eudicotyledons; Mesangiospermae; Magnoliopsida; Spermatophyta; Euphyllophyta; Tracheophyta; Embryophyta; Streptophyta; Chloroplastida; Archaeplastida; Eukaryota; cellular organisms; life,62890,2929599,10212963,Solanum habrochaites,Solanaceae,Solanales,Magnoliopsida,True,12,24,False,1,Solanum_habrochaites,885264,Archaeplastida,Plants,Eudicots,Solanales,Solanaceae,1.0,False,,,False,False,False,False,False,,False,,Chloroplastida
ott378964,Solanum lycopersicum,Solanum lycopersicum,Solanum lycopersicum,species,Chloroplastida,Tracheophyta,Magnoliopsida,Solanales,Solanaceae,Solanum,lamiids; asterids; Pentapetalae; Gunneridae; eudicotyledons; Mesangiospermae,Lycopersicon; Solanum; Solaneae; Solanoideae; Solanaceae; Solanales; lamiids; asterids; Pentapetalae; Gunneridae; eudicotyledons; Mesangiospermae; Magnoliopsida; Spermatophyta; Euphyllophyta; Tracheophyta; Embryophyta; Streptophyta; Chloroplastida; Archaeplastida; Eukaryota; cellular organisms; life,4081,9608998,11222025,Solanum lycopersicum,Solanaceae,Solanales,Magnoliopsida,True,12,24,False,1,Solanum_lycopersicum,378964,Archaeplastida,Plants,Eudicots,Solanales,Solanaceae,1.0,False,,,False,False,False,False,False,,False,,Chloroplastida
ott494843,Solanum melongena,Solanum melongena,Solanum melongena,species,Chloroplastida,Tracheophyta,Magnoliopsida,Solanales,Solanaceae,Solanum,lamiids; asterids; Pentapetalae; Gunneridae; eudicotyledons; Mesangiospermae,Solanum; Solaneae; Solanoideae; Solanaceae; Solanales; lamiids; asterids; Pentapetalae; Gunneridae; eudicotyledons; Mesangiospermae; Magnoliopsida; Spermatophyta; Euphyllophyta; Tracheophyta; Embryophyta; Streptophyta; Chloroplastida; Archaeplastida; Eukaryota; cellular organisms; life,4111,2930617,10971067,Solanum melongena,Solanaceae,Solanales,Magnoliopsida,True,12,24,False,1,Solanum_melongena,494843,Archaeplastida,Plants,Eudicots,Solanales,Solanaceae,1.0,False,,,False,False,False,False,False,,False,,Chloroplastida
ott1069768,Solanum pennellii,Solanum pennellii,Solanum pennellii,species,Chloroplastida,Tracheophyta,Magnoliopsida,Solanales,Solanaceae,Solanum,lamiids; asterids; Pentapetalae; Gunneridae; eudicotyledons; Mesangiospermae,Lycopersicon; Solanum; Solaneae; Solanoideae; Solanaceae; Solanales; lamiids; asterids; Pentapetalae; Gunneridae; eudicotyledons; Mesangiospermae; Magnoliopsida; Spermatophyta; Euphyllophyta; Tracheophyta; Embryophyta; Streptophyta; Chloroplastida; Archaeplastida; Eukaryota; cellular organisms; life,28526,2930397,,Solanum pennellii,Solanaceae,Solanales,Magnoliopsida,True,12,24,False,1,Solanum_pennellii,1069768,Archaeplastida,Plants,Eudicots,Solanales,Solanaceae,1.0,False,,,False,False,False,False,False,,False,,Chloroplastida
ott797186,Solanum pimpinellifolium,Solanum pimpinellifolium,Solanum pimpinellifolium,species,Chloroplastida,Tracheophyta,Magnoliopsida,Solanales,Solanaceae,Solanum,lamiids; asterids; Pentapetalae; Gunneridae; eudicotyledons; Mesangiospermae,Lycopersicon; Solanum; Solaneae; Solanoideae; Solanaceae; Solanales; lamiids; asterids; Pentapetalae; Gunneridae; eudicotyledons; Mesangiospermae; Magnoliopsida; Spermatophyta; Euphyllophyta; Tracheophyta; Embryophyta; Streptophyta; Chloroplastida; Archaeplastida; Eukaryota; cellular organisms; life,4084,7390679,10458235,Solanum pimpinellifolium,Solanaceae,Solanales,Magnoliopsida,True,12,24,False,1,Solanum_pimpinellifolium,797186,Archaeplastida,Plants,Eudicots,Solanales,Solanaceae,1.0,False,,,False,False,False,False,False,,False,,Chloroplastida
ott494835,Solanum tuberosum,Solanum tuberosum,Solanum tuberosum,species,Chloroplastida,Tracheophyta,Magnoliopsida,Solanales,Solanaceae,Solanum,lamiids; asterids; Pentapetalae; Gunneridae; eudicotyledons; Mesangiospermae,Solanum; Solaneae; Solanoideae; Solanaceae; Solanales; lamiids; asterids; Pentapetalae; Gunneridae; eudicotyledons; Mesangiospermae; Magnoliopsida; Spermatophyta; Euphyllophyta; Tracheophyta; Embryophyta; Streptophyta; Chloroplastida; Archaeplastida; Eukaryota; cellular organisms; life,4113,2930262,10202886,Solanum tuberosum,Solanaceae,Solanales,Magnoliopsida,True,12,24,False,1,Solanum_tuberosum,494835,Archaeplastida,Plants,Eudicots,Solanales,Solanaceae,1.0,False,,,False,False,False,False,False,,False,,Chloroplastida
ott366998,Solea senegalensis,Solea senegalensis,Solea senegalensis,species,Metazoa,Chordata,Actinopteri,Pleuronectiformes,Soleidae,Solea,Carangaria; Percomorphaceae; Euacanthomorphacea; Ctenosquamata; Eurypterygia; Neoteleostei,Solea; Soleidae; Pleuronectoidei; Pleuronectiformes; Carangaria; Percomorphaceae; Euacanthomorphacea; Acanthomorphata; Ctenosquamata; Eurypterygia; Neoteleostei; Euteleosteomorpha; Clupeocephala; Osteoglossocephalai; Teleostei; Neopterygii; Actinopteri; Actinopterygii; Euteleostomi; Teleostomi; Gnathostomata; Vertebrata; Craniata; Chordata; Deuterostomia; Bilateria; Eumetazoa; Metazoa; Holozoa; Opisthokonta; Eukaryota; cellular organisms; life,28829,5214129,10158838,Solea senegalensis,Soleidae,Pleuronectiformes,Actinopteri,True,21,42,False,1,Solea_senegalensis,366998,Opisthokonta ,Animals,Actinopterygii,Pleuronectiformes,Soleidae,1.0,False,,,False,False,False,False,False,,False,,Metazoa
ott710233,Solea solea,Solea solea,Solea solea,species,Metazoa,Chordata,Actinopteri,Pleuronectiformes,Soleidae,Solea,Carangaria; Percomorphaceae; Euacanthomorphacea; Ctenosquamata; Eurypterygia; Neoteleostei,Solea; Soleidae; Pleuronectoidei; Pleuronectiformes; Carangaria; Percomorphaceae; Euacanthomorphacea; Acanthomorphata; Ctenosquamata; Eurypterygia; Neoteleostei; Euteleosteomorpha; Clupeocephala; Osteoglossocephalai; Teleostei; Neopterygii; Actinopteri; Actinopterygii; Euteleostomi; Teleostomi; Gnathostomata; Vertebrata; Craniata; Chordata; Deuterostomia; Bilateria; Eumetazoa; Metazoa; Holozoa; Opisthokonta; Eukaryota; cellular organisms; life,90069,5214139,10150800,Solea solea,Soleidae,Pleuronectiformes,Actinopteri,True,17,34,False,1,Solea_solea,710233,Opisthokonta ,Animals,Actinopterygii,Pleuronectiformes,Soleidae,1.0,False,,,False,False,False,False,False,,False,,Metazoa
ott552986,Sorghum bicolor,Sorghum bicolor,Sorghum bicolor,species,Chloroplastida,Tracheophyta,Liliopsida,Poales,Poaceae,Sorghum,Andropogonodae; PACMAD clade; commelinids; Mesangiospermae; Spermatophyta; Euphyllophyta,Sorghum; Sorghinae; Andropogoneae; Andropogonodae; Panicoideae; PACMAD clade; Poaceae; Poales; commelinids; Petrosaviidae; Liliopsida; Mesangiospermae; Magnoliopsida; Spermatophyta; Euphyllophyta; Tracheophyta; Embryophyta; Streptophyta; Chloroplastida; Archaeplastida; Eukaryota; cellular organisms; life,4558,2705181,10590652,Sorghum bicolor,Poaceae,Poales,Magnoliopsida,True,10,20,False,2,Sorghum_bicolor,552986,Archaeplastida,Plants,Monocots,Poales,Poaceae,1.0,False,,,False,False,False,False,False,,False,,Chloroplastida
ott778648,Spartina pectinata,Sporobolus michauxianus,Sporobolus michauxianus,species,Chloroplastida,Tracheophyta,Liliopsida,Poales,Poaceae,Sporobolus,PACMAD clade; commelinids; Mesangiospermae; Spermatophyta; Euphyllophyta; Embryophyta,Sporobolus; Sporobolinae; Zoysieae; Chloridoideae; PACMAD clade; Poaceae; Poales; commelinids; Petrosaviidae; Liliopsida; Mesangiospermae; Magnoliopsida; Spermatophyta; Euphyllophyta; Tracheophyta; Embryophyta; Streptophyta; Chloroplastida; Archaeplastida; Eukaryota; cellular organisms; life,65991,9592414,11307078,Sporobolus michauxianus,Poaceae,Poales,Magnoliopsida,True,20,40,False,1,Spartina_pectinata,3953843,Archaeplastida,Plants,Monocots,Poales,Poaceae,1.0,True,same_genus_diff_species,Stored id was 'Sporobolus longispicus'; name now resolves to 'Sporobolus michauxianus'.,True,False,False,False,False,,False,,Chloroplastida
ott760723,Sparus aurata,Sparus aurata,Sparus aurata,species,Metazoa,Chordata,Actinopteri,Spariformes,Sparidae,Sparus,Eupercaria; Percomorphaceae; Euacanthomorphacea; Ctenosquamata; Eurypterygia; Neoteleostei,Sparus; Sparidae; Spariformes; Eupercaria; Percomorphaceae; Euacanthomorphacea; Acanthomorphata; Ctenosquamata; Eurypterygia; Neoteleostei; Euteleosteomorpha; Clupeocephala; Osteoglossocephalai; Teleostei; Neopterygii; Actinopteri; Actinopterygii; Euteleostomi; Teleostomi; Gnathostomata; Vertebrata; Craniata; Chordata; Deuterostomia; Bilateria; Eumetazoa; Metazoa; Holozoa; Opisthokonta; Eukaryota; cellular organisms; life,8175,2392508,10166646,Sparus aurata,Sparidae,Spariformes,Actinopteri,True,24,48,False,1,Sparus_aurata,760723,Opisthokonta ,Animals,Actinopterygii,Perciformes,Sparidae,1.0,False,,,False,False,False,False,False,,False,,Metazoa
ott317784,Spinacia oleracea,Spinacia oleracea,Spinacia oleracea,species,Chloroplastida,Tracheophyta,Magnoliopsida,Caryophyllales,Chenopodiaceae,Spinacia,Pentapetalae; Gunneridae; eudicotyledons; Mesangiospermae; Spermatophyta; Euphyllophyta,Spinacia; Anserineae; Chenopodioideae; Chenopodiaceae; Caryophyllales; Pentapetalae; Gunneridae; eudicotyledons; Mesangiospermae; Magnoliopsida; Spermatophyta; Euphyllophyta; Tracheophyta; Embryophyta; Streptophyta; Chloroplastida; Archaeplastida; Eukaryota; cellular organisms; life,3562,3083647,10418849,Spinacia oleracea,Amaranthaceae,Caryophyllales,Magnoliopsida,False,6,12,False,1,Spinacia_oleracea,317784,Archaeplastida,Plants,Eudicots,Caryophyllales,Amaranthaceae,1.0,False,,,False,False,False,False,True,genuine taxonomic revision or error,False,,Chloroplastida
ott1040287,Strongyloides ratti,Strongyloides ratti,Strongyloides ratti,species,Metazoa,Nematoda,Chromadorea,Rhabditida,Strongyloididae,Strongyloides,Ecdysozoa; Protostomia; Bilateria; Eumetazoa; Holozoa; Opisthokonta,Strongyloides; Strongyloididae; Strongyloidoidea; Panagrolaimomorpha; Tylenchina; Rhabditida; Chromadorea; Nematoda; Ecdysozoa; Protostomia; Bilateria; Eumetazoa; Metazoa; Holozoa; Opisthokonta; Eukaryota; cellular organisms; life,34506,4558535,11646179,Strongyloides ratti,Strongyloididae,Rhabditida,Chromadorea,True,3,6,False,1,Strongyloides_ratti,1040287,Opisthokonta ,Animals,Secernentea,Rhabditida,Strongyloididae,1.0,False,,,False,False,False,False,False,,False,,Metazoa
ott647692,Struthio camelus,Struthio camelus,Struthio camelus,species,Metazoa,Chordata,Aves,Struthioniformes,Struthionidae,Struthio,Coelurosauria; Theropoda; Archosauria; Archelosauria; Sauropsida; Amniota,Struthio; Struthionidae; Struthioniformes; Palaeognathae; Aves; Coelurosauria; Theropoda; Saurischia; Dinosauria; Archosauria; Archelosauria; Sauria; Sauropsida; Amniota; Tetrapoda; Dipnotetrapodomorpha; Sarcopterygii; Euteleostomi; Teleostomi; Gnathostomata; Vertebrata; Craniata; Chordata; Deuterostomia; Bilateria; Eumetazoa; Metazoa; Holozoa; Opisthokonta; Eukaryota; cellular organisms; life,8801,2495150,10199490,Struthio camelus,Struthionidae,Struthioniformes,Aves,True,40,80,False,1,Struthio_camelus,647692,Opisthokonta ,Animals,Aves,Struthionifromes,Struthionidae,1.0,False,,,False,False,False,False,False,,False,,Metazoa
ott226396,Suncus murinus,Suncus murinus,Suncus murinus,species,Metazoa,Chordata,Mammalia,Eulipotyphla,Soricidae,Suncus,Boreoeutheria; Eutheria; Amniota; Dipnotetrapodomorpha; Euteleostomi; Teleostomi,Suncus; Crocidurinae; Soricidae; Eulipotyphla; Laurasiatheria; Boreoeutheria; Eutheria; Theria; Mammalia; Amniota; Tetrapoda; Dipnotetrapodomorpha; Sarcopterygii; Euteleostomi; Teleostomi; Gnathostomata; Vertebrata; Craniata; Chordata; Deuterostomia; Bilateria; Eumetazoa; Metazoa; Holozoa; Opisthokonta; Eukaryota; cellular organisms; life,9378,2435520,11238723,Suncus murinus,Soricidae,Eulipotyphla,Mammalia,True,20,40,False,1,Suncus_murinus,226396,Opisthokonta ,Animals,Mammalia,Eulipotyphyla,Soricidae,1.0,False,,,False,False,False,False,False,,False,,Metazoa
ott730013,Sus scrofa,Sus scrofa,Sus scrofa,species,Metazoa,Chordata,Mammalia,Artiodactyla,Suidae,Sus,Boreoeutheria; Eutheria; Amniota; Dipnotetrapodomorpha; Euteleostomi; Teleostomi,Sus; Suidae; Suina; Artiodactyla; Laurasiatheria; Boreoeutheria; Eutheria; Theria; Mammalia; Amniota; Tetrapoda; Dipnotetrapodomorpha; Sarcopterygii; Euteleostomi; Teleostomi; Gnathostomata; Vertebrata; Craniata; Chordata; Deuterostomia; Bilateria; Eumetazoa; Metazoa; Holozoa; Opisthokonta; Eukaryota; cellular organisms; life,9823,7705930,10425427,Sus scrofa,Suidae,Artiodactyla,Mammalia,True,20,40,False,2,Sus_scrofa,730013,Opisthokonta ,Animals,Mammalia,Artiodactyla,Suidae,1.0,False,,,False,False,False,False,False,,False,,Metazoa
ott708327,Taeniopygia guttata,Taeniopygia guttata,Taeniopygia guttata,species,Metazoa,Chordata,Aves,Passeriformes,Estrildidae,Taeniopygia,Coelurosauria; Theropoda; Archosauria; Archelosauria; Sauropsida; Amniota,Taeniopygia; Estrildinae; Estrildidae; Passeroidea; Passeriformes; Neognathae; Aves; Coelurosauria; Theropoda; Saurischia; Dinosauria; Archosauria; Archelosauria; Sauria; Sauropsida; Amniota; Tetrapoda; Dipnotetrapodomorpha; Sarcopterygii; Euteleostomi; Teleostomi; Gnathostomata; Vertebrata; Craniata; Chordata; Deuterostomia; Bilateria; Eumetazoa; Metazoa; Holozoa; Opisthokonta; Eukaryota; cellular organisms; life,59729,2493633,11336172,Taeniopygia guttata,Estrildidae,Passeriformes,Aves,True,35,70,False,1,Taeniopygia_guttata,708327,Opisthokonta ,Animals,Aves,Passeriformes,Estrildidae,1.0,False,,,False,False,False,False,False,,False,,Metazoa
ott65341,Takifugu rubripes,Takifugu rubripes,Takifugu rubripes,species,Metazoa,Chordata,Actinopteri,Tetraodontiformes,Tetraodontidae,Takifugu,Eupercaria; Percomorphaceae; Euacanthomorphacea; Ctenosquamata; Eurypterygia; Neoteleostei,Takifugu; Tetraodontidae; Tetradontoidea; Tetraodontoidei; Tetraodontiformes; Eupercaria; Percomorphaceae; Euacanthomorphacea; Acanthomorphata; Ctenosquamata; Eurypterygia; Neoteleostei; Euteleosteomorpha; Clupeocephala; Osteoglossocephalai; Teleostei; Neopterygii; Actinopteri; Actinopterygii; Euteleostomi; Teleostomi; Gnathostomata; Vertebrata; Craniata; Chordata; Deuterostomia; Bilateria; Eumetazoa; Metazoa; Holozoa; Opisthokonta; Eukaryota; cellular organisms; life,31033,2407604,10152264,Takifugu rubripes,Tetraodontidae,Tetraodontiformes,Actinopteri,True,22,44,False,2,Takifugu_rubripes,65341,Opisthokonta ,Animals,Actinopterygii,Tetraodontiformes,Tetraodontidae,1.0,False,,,False,False,False,False,False,,False,,Metazoa
ott843397,Taraxacum koksaghyz,Taraxacum kok-saghyz,Taraxacum kok-saghyz,species,Chloroplastida,Tracheophyta,Magnoliopsida,Asterales,Asteraceae,Taraxacum,asterids; Pentapetalae; Gunneridae; eudicotyledons; Mesangiospermae; Spermatophyta,Taraxacum; Crepidinae; Cichorieae; Cichorioideae; Asteraceae; Asterales; campanulids; asterids; Pentapetalae; Gunneridae; eudicotyledons; Mesangiospermae; Magnoliopsida; Spermatophyta; Euphyllophyta; Tracheophyta; Embryophyta; Streptophyta; Chloroplastida; Archaeplastida; Eukaryota; cellular organisms; life,333970,5394473,,Taraxacum kok-saghyz,Asteraceae,Asterales,Magnoliopsida,True,8,16,False,1,Taraxacum_koksaghyz,843397,Archaeplastida,Plants,Eudicots,Asterales,Asteraceae,0.949999988079071,False,,,False,True,False,False,False,,False,,Chloroplastida
ott309291,Taxodium mucronatum,Taxodium mucronatum,Taxodium mucronatum,species,Chloroplastida,Tracheophyta,,Cupressales,Cupressaceae,Taxodium,Acrogymnospermae; Spermatophyta; Euphyllophyta; Embryophyta; cellular organisms; life,Taxodium; Cupressaceae; Cupressales; Pinidae; Acrogymnospermae; Spermatophyta; Euphyllophyta; Tracheophyta; Embryophyta; Streptophyta; Chloroplastida; Archaeplastida; Eukaryota; cellular organisms; life,99812,2684192,10199666,Taxodium mucronatum,Cupressaceae,Cupressales,Pinopsida,True,11,22,False,1,Taxodium_mucronatum,309291,Archaeplastida,Plants,Pinopsida,Pinales,Cupressaceae,1.0,False,,,False,False,False,False,False,,False,,Chloroplastida
ott302422,Theileria parva,Theileria parva,Theileria parva,species,,Apicomplexa,Aconoidasida,Piroplasmorida,,Theileria,cellular organisms; life,Theileria; Piroplasmorida; Aconoidasida; Apicomplexa; Alveolata; SAR; Eukaryota; cellular organisms; life,5875,,,Theileria parva,Theileriidae,Piroplasmida,Aconoidasida,,2,4,False,1,Theileria_parva,302422,Chromalveolata,SAR,Aconoidasida,Piroplasmida,Theileriidae,1.0,False,,,False,False,False,False,False,,False,,SAR
ott388185,Theobroma cacao,Theobroma cacao,Theobroma cacao,species,Chloroplastida,Tracheophyta,Magnoliopsida,Malvales,Malvaceae,Theobroma,malvids; rosids; Pentapetalae; Gunneridae; eudicotyledons; Mesangiospermae,Theobroma; Byttnerioideae; Malvaceae; Malvales; malvids; rosids; Pentapetalae; Gunneridae; eudicotyledons; Mesangiospermae; Magnoliopsida; Spermatophyta; Euphyllophyta; Tracheophyta; Embryophyta; Streptophyta; Chloroplastida; Archaeplastida; Eukaryota; cellular organisms; life,3641,3152205,10199045,Theobroma cacao,Malvaceae,Malvales,Magnoliopsida,True,10,20,False,1,Theobroma_cacao,388185,Archaeplastida,Plants,Eudicots,Malvales,Sterculiaceae,1.0,False,,,False,False,False,False,True,genuine taxonomic revision or error,False,,Chloroplastida
ott833202,Thunnus orientalis,Thunnus orientalis,Thunnus orientalis,species,Metazoa,Chordata,Actinopteri,Scombriformes,Scombridae,Thunnus,Percomorphaceae; Euacanthomorphacea; Ctenosquamata; Eurypterygia; Neoteleostei; Clupeocephala,Thunnus; Thunnini; Scombrinae; Scombridae; Scombriformes; Pelagiaria; Percomorphaceae; Euacanthomorphacea; Acanthomorphata; Ctenosquamata; Eurypterygia; Neoteleostei; Euteleosteomorpha; Clupeocephala; Osteoglossocephalai; Teleostei; Neopterygii; Actinopteri; Actinopterygii; Euteleostomi; Teleostomi; Gnathostomata; Vertebrata; Craniata; Chordata; Deuterostomia; Bilateria; Eumetazoa; Metazoa; Holozoa; Opisthokonta; Eukaryota; cellular organisms; life,8238,2374058,10141685,Thunnus orientalis,Scombridae,Scombriformes,Actinopteri,True,24,48,False,1,Thunnus_orientalis,833202,Opisthokonta ,Animals,Actinopterygii,Perciformes,Scombridae,1.0,False,,,False,False,False,False,False,,False,,Metazoa
ott461524,Tigriopus californicus,Tigriopus californicus,Tigriopus californicus,species,Metazoa,Arthropoda,Hexanauplia,Harpacticoida,Harpacticidae,Tigriopus,Pancrustacea; Mandibulata; Panarthropoda; Ecdysozoa; Protostomia; Bilateria,Tigriopus; Harpacticidae; Harpacticoida; Podoplea; Neocopepoda; Copepoda; Hexanauplia; Multicrustacea; Crustacea; Pancrustacea; Mandibulata; Arthropoda; Panarthropoda; Ecdysozoa; Protostomia; Bilateria; Eumetazoa; Metazoa; Holozoa; Opisthokonta; Eukaryota; cellular organisms; life,6832,2111132,11825435,Tigriopus californicus,Harpacticidae,Harpacticoida,Copepoda,True,12,24,False,1,Tigriopus_californicus,461524,Opisthokonta ,Animals,Maxillopoda,Harpticoida,Harpacticidae,1.0,False,,,False,False,False,False,False,,False,,Metazoa
ott61762,Torreya grandis,Torreya grandis,Torreya grandis,species,Chloroplastida,Tracheophyta,,Cupressales,Taxaceae,Torreya,Acrogymnospermae; Spermatophyta; Euphyllophyta; Embryophyta; cellular organisms; life,Torreya; Taxaceae; Cupressales; Pinidae; Acrogymnospermae; Spermatophyta; Euphyllophyta; Tracheophyta; Embryophyta; Streptophyta; Chloroplastida; Archaeplastida; Eukaryota; cellular organisms; life,58047,5284483,,Torreya grandis,Taxaceae,Cupressales,Pinopsida,True,11,22,False,1,Torreya_grandis,61762,Archaeplastida,Plants,Pinopsida,Pinales,Cephalotaxaceae,1.0,False,,,False,False,False,False,True,genuine taxonomic revision or error,False,,Chloroplastida
ott252145,Toxoplasma gondii,Toxoplasma gondii,Toxoplasma gondii,species,,Apicomplexa,Conoidasida,Eucoccidiorida,,Toxoplasma,cellular organisms; life,Toxoplasma; Eimeriorina; Eucoccidiorida; Coccidia; Conoidasida; Apicomplexa; Alveolata; SAR; Eukaryota; cellular organisms; life,5811,8014281,,Toxoplasma gondii,Sarcocystidae,Eucoccidiorida,Conoidasida,,14,28,False,1,Toxoplasma_gondii,252145,Chromalveolata,SAR,Conoidasida,Eucoccidiorida,Sarcocystidae,1.0,False,,,False,False,False,False,False,,False,,SAR
ott148904,Tribolium castaneum,Tribolium castaneum,Tribolium castaneum,species,Metazoa,Arthropoda,Insecta,Coleoptera,Tenebrionidae,Tribolium,Dicondylia; Pancrustacea; Mandibulata; Panarthropoda; Ecdysozoa; Protostomia,Tribolium; Tenebrioninae; Tenebrionidae; Tenebrionoidea; Cucujiformia; Polyphaga; Coleoptera; Holometabola; Neoptera; Pterygota; Dicondylia; Insecta; Hexapoda; Pancrustacea; Mandibulata; Arthropoda; Panarthropoda; Ecdysozoa; Protostomia; Bilateria; Eumetazoa; Metazoa; Holozoa; Opisthokonta; Eukaryota; cellular organisms; life,7070,4990338,11063371,Tribolium castaneum,Tenebrionidae,Coleoptera,Insecta,True,10,20,False,1,Tribolium_castaneum,148904,Opisthokonta ,Animals,Insecta,Coleoptera,Tenebrionidae,1.0,False,,,False,False,False,False,False,,False,,Metazoa
ott389727,Tribolium confusum,Tribolium confusum,Tribolium confusum,species,Metazoa,Arthropoda,Insecta,Coleoptera,Tenebrionidae,Tribolium,Dicondylia; Pancrustacea; Mandibulata; Panarthropoda; Ecdysozoa; Protostomia,Tribolium; Tenebrioninae; Tenebrionidae; Tenebrionoidea; Cucujiformia; Polyphaga; Coleoptera; Holometabola; Neoptera; Pterygota; Dicondylia; Insecta; Hexapoda; Pancrustacea; Mandibulata; Arthropoda; Panarthropoda; Ecdysozoa; Protostomia; Bilateria; Eumetazoa; Metazoa; Holozoa; Opisthokonta; Eukaryota; cellular organisms; life,7071,4990339,11162515,Tribolium confusum,Tenebrionidae,Coleoptera,Insecta,True,8,16,False,1,Tribolium_confusum,677520,Opisthokonta ,Animals,Insecta,Coleoptera,Tenebrionidae,1.0,True,same_genus_diff_species,Stored id was 'Tribolium echinatum'; name now resolves to 'Tribolium confusum'.,False,False,False,False,False,,False,,Metazoa
ott137951,Trichogramma brassicae,Trichogramma brassicae,Trichogramma brassicae,species,Metazoa,Arthropoda,Insecta,Hymenoptera,Trichogrammatidae,Trichogramma,Dicondylia; Pancrustacea; Mandibulata; Panarthropoda; Ecdysozoa; Protostomia,Trichogramma; Trichogrammatidae; Chalcidoidea; Parasitoida; Apocrita; Hymenoptera; Holometabola; Neoptera; Pterygota; Dicondylia; Insecta; Hexapoda; Pancrustacea; Mandibulata; Arthropoda; Panarthropoda; Ecdysozoa; Protostomia; Bilateria; Eumetazoa; Metazoa; Holozoa; Opisthokonta; Eukaryota; cellular organisms; life,86971,4498457,,Trichogramma brassicae,Trichogrammatidae,Hymenoptera,Insecta,True,5,10,False,1,Trichogramma_brassicae,137951,Opisthokonta ,Animals,Insecta,Hymenoptera,Trichogrammatidae,1.0,False,,,False,False,False,False,False,,False,,Metazoa
ott839027,Trifolium pratense,Trifolium pratense,Trifolium pratense,species,Chloroplastida,Tracheophyta,Magnoliopsida,Fabales,Fabaceae,Trifolium,IRL clade; Hologalegina; NPAAA clade; 50 kb inversion clade; fabids; rosids,Trifolium; Trifolieae; IRL clade; Hologalegina; NPAAA clade; 50 kb inversion clade; Papilionoideae; Fabaceae; Fabales; fabids; rosids; Pentapetalae; Gunneridae; eudicotyledons; Mesangiospermae; Magnoliopsida; Spermatophyta; Euphyllophyta; Tracheophyta; Embryophyta; Streptophyta; Chloroplastida; Archaeplastida; Eukaryota; cellular organisms; life,57577,8324121,10179650,Trifolium pratense,Fabaceae,Fabales,Magnoliopsida,True,7,14,False,1,Trifolium_pratense,839027,Archaeplastida,Plants,Eudicots,Fabales,Fabaceae,1.0,False,,,False,False,False,False,False,,False,,Chloroplastida
ott116218,Trifolium repens,Trifolium repens,Trifolium repens,species,Chloroplastida,Tracheophyta,Magnoliopsida,Fabales,Fabaceae,Trifolium,IRL clade; Hologalegina; NPAAA clade; 50 kb inversion clade; fabids; rosids,Trifolium; Trifolieae; IRL clade; Hologalegina; NPAAA clade; 50 kb inversion clade; Papilionoideae; Fabaceae; Fabales; fabids; rosids; Pentapetalae; Gunneridae; eudicotyledons; Mesangiospermae; Magnoliopsida; Spermatophyta; Euphyllophyta; Tracheophyta; Embryophyta; Streptophyta; Chloroplastida; Archaeplastida; Eukaryota; cellular organisms; life,3899,5358748,10179654,Trifolium repens,Fabaceae,Fabales,Magnoliopsida,True,16,32,False,1,Trifolium_repens,116218,Archaeplastida,Plants,Eudicots,Fabales,Fabaceae,1.0,False,,,False,False,False,False,False,,False,,Chloroplastida
ott539553,Trifolium subterraneum,Trifolium subterraneum,Trifolium subterraneum,species,Chloroplastida,Tracheophyta,Magnoliopsida,Fabales,Fabaceae,Trifolium,IRL clade; Hologalegina; NPAAA clade; 50 kb inversion clade; fabids; rosids,Trifolium; Trifolieae; IRL clade; Hologalegina; NPAAA clade; 50 kb inversion clade; Papilionoideae; Fabaceae; Fabales; fabids; rosids; Pentapetalae; Gunneridae; eudicotyledons; Mesangiospermae; Magnoliopsida; Spermatophyta; Euphyllophyta; Tracheophyta; Embryophyta; Streptophyta; Chloroplastida; Archaeplastida; Eukaryota; cellular organisms; life,3900,5359330,11374007,Trifolium subterraneum,Fabaceae,Fabales,Magnoliopsida,True,8,16,False,1,Trifolium_subterraneum,539553,Archaeplastida,Plants,Eudicots,Fabales,Fabaceae,1.0,False,,,False,False,False,False,False,,False,,Chloroplastida
ott4731601,Triticosecale,x Triticosecale,x Triticosecale,genus,Chloroplastida,Tracheophyta,Liliopsida,Poales,Poaceae,,Triticodae; BOP clade; commelinids; Mesangiospermae; Spermatophyta; Euphyllophyta,Triticeae; Triticodae; Pooideae; BOP clade; Poaceae; Poales; commelinids; Petrosaviidae; Liliopsida; Mesangiospermae; Magnoliopsida; Spermatophyta; Euphyllophyta; Tracheophyta; Embryophyta; Streptophyta; Chloroplastida; Archaeplastida; Eukaryota; cellular organisms; life,49317,8365666,,x Triticosecale,Poaceae,Poales,Magnoliopsida,True,7,,False,1,Triticosecale_,5148344,Archaeplastida,Plants,Monocots,Poales,Poaceae,1.0,True,same_genus_diff_species,Stored id was 'x Triticosecale sp. Chase 19308'; name now resolves to 'x Triticosecale'.,True,False,True,False,False,,False,,Chloroplastida
ott31926,Triticum aestivum,Triticum aestivum,Triticum aestivum,species,Chloroplastida,Tracheophyta,Liliopsida,Poales,Poaceae,Triticum,Triticodae; BOP clade; commelinids; Mesangiospermae; Spermatophyta; Euphyllophyta,Triticum; Triticinae; Triticeae; Triticodae; Pooideae; BOP clade; Poaceae; Poales; commelinids; Petrosaviidae; Liliopsida; Mesangiospermae; Magnoliopsida; Spermatophyta; Euphyllophyta; Tracheophyta; Embryophyta; Streptophyta; Chloroplastida; Archaeplastida; Eukaryota; cellular organisms; life,4565,7795888,11133543,Triticum aestivum,Poaceae,Poales,Magnoliopsida,True,21,42,False,1,Triticum_aestivum,31926,Archaeplastida,Plants,Monocots,Poales,Poaceae,1.0,False,,,False,False,False,False,False,,False,,Chloroplastida
ott605173,Triticum dicoccum,Triticum turgidum,Triticum turgidum,species,Chloroplastida,Tracheophyta,Liliopsida,Poales,Poaceae,Triticum,Triticodae; BOP clade; commelinids; Mesangiospermae; Spermatophyta; Euphyllophyta,Triticum; Triticinae; Triticeae; Triticodae; Pooideae; BOP clade; Poaceae; Poales; commelinids; Petrosaviidae; Liliopsida; Mesangiospermae; Magnoliopsida; Spermatophyta; Euphyllophyta; Tracheophyta; Embryophyta; Streptophyta; Chloroplastida; Archaeplastida; Eukaryota; cellular organisms; life,4571,2706406,11193262,Triticum turgidum,Poaceae,Poales,Magnoliopsida,True,14,28,False,1,Triticum_dicoccum,810903,Archaeplastida,Plants,Monocots,Poales,Poaceae,1.0,True,same_genus_diff_species,Stored id was 'Triticum dicoccoides'; name now resolves to 'Triticum turgidum'.,True,False,False,False,False,,False,,Chloroplastida
ott494245,Trypanosoma brucei,Trypanosoma brucei,Trypanosoma brucei,species,,,,Trypanosomatida,,Trypanosoma,Discicristata; Discoba; cellular organisms; life,Trypanozoon; Trypanosoma; Trypanosomatida; Metakinetoplastina; Kinetoplastea; Euglenozoa; Discicristata; Discoba; Excavata; Eukaryota; cellular organisms; life,5691,,,Trypanosoma brucei,Trypanosomatidae,Trypanosomatida,Kinetoplastea,,11,22,False,1,Trypanosoma_brucei,494245,Chromalveolata,SAR,Kinetoplastea,Tyranosomatida,Trypanosomatida,1.0,False,,,False,False,False,False,False,,False,,Discoba
ott99027,Typhula ishikariensis,Typhula ishikariensis,Typhula ishikariensis,species,Fungi,Basidiomycota,Agaricomycetes,Agaricales,Typhulaceae,Typhula,h2007-1; h2007-2; Nucletmycea; Opisthokonta; cellular organisms; life,Typhula; Typhulaceae; Agaricales; Agaricomycetes; Agaricomycotina; Basidiomycota; Dikarya; h2007-1; h2007-2; Fungi; Nucletmycea; Opisthokonta; Eukaryota; cellular organisms; life,108008,2539028,10388838,Typhula ishikariensis var. ishikariensis,Typhulaceae,Agaricales,Agaricomycetes,True,7,,False,1,Typhula_ishikariensis,99027,Opisthokonta ,Fungi,Agaricomycetes,Agaricales,Typhulaceae,1.0,False,,,False,False,False,False,False,,False,,Fungi
ott616561,Undaria pinnatifida,Undaria pinnatifida,Undaria pinnatifida,species,,,Phaeophyceae,Laminariales,Alariaceae,Undaria,cellular organisms; life,Undaria; Alariaceae; Laminariales; Phaeophyceae; Stramenopiles; SAR; Eukaryota; cellular organisms; life,74381,5422556,10003126,Undaria pinnatifida,Alariaceae,Laminariales,Phaeophyceae,True,30,60,False,1,Undaria_pinnatifida,616561,Chromalveolata,SAR,Phaeophyceae,Laminariales,Alariaceae,1.0,False,,,False,False,False,False,False,,False,,SAR
ott322300,Urochloa humidicola,Brachiaria humidicola,Brachiaria humidicola,species,Chloroplastida,Tracheophyta,Liliopsida,Poales,Poaceae,Brachiaria,Panicodae; PACMAD clade; commelinids; Mesangiospermae; Spermatophyta; Euphyllophyta,Brachiaria; Melinidinae; Paniceae; Panicodae; Panicoideae; PACMAD clade; Poaceae; Poales; commelinids; Petrosaviidae; Liliopsida; Mesangiospermae; Magnoliopsida; Spermatophyta; Euphyllophyta; Tracheophyta; Embryophyta; Streptophyta; Chloroplastida; Archaeplastida; Eukaryota; cellular organisms; life,240451,,,Urochloa humidicola,Poaceae,Poales,Magnoliopsida,True,36,,False,1,Urochloa_humidicola,322300,Archaeplastida,Plants,Monocots,Poales,Poaceae,1.0,False,,,True,False,False,False,False,,False,,Chloroplastida
ott567253,Vaccinium corymbosum,Vaccinium corymbosum,Vaccinium corymbosum,species,Chloroplastida,Tracheophyta,Magnoliopsida,Ericales,Ericaceae,Vaccinium,asterids; Pentapetalae; Gunneridae; eudicotyledons; Mesangiospermae; Spermatophyta,Vaccinium; Vaccinieae; Vaccinioideae; Ericaceae; Ericales; asterids; Pentapetalae; Gunneridae; eudicotyledons; Mesangiospermae; Magnoliopsida; Spermatophyta; Euphyllophyta; Tracheophyta; Embryophyta; Streptophyta; Chloroplastida; Archaeplastida; Eukaryota; cellular organisms; life,69266,2882849,10203507,Vaccinium corymbosum,Ericaceae,Ericales,Magnoliopsida,True,12,24,False,1,Vaccinium_corymbosum,567253,Archaeplastida,Plants,Eudicots,Ericales,Ericaceae,1.0,False,,,False,False,False,False,False,,False,,Chloroplastida
ott295602,Vaccinium macrocarpon,Vaccinium macrocarpon,Vaccinium macrocarpon,species,Chloroplastida,Tracheophyta,Magnoliopsida,Ericales,Ericaceae,Vaccinium,asterids; Pentapetalae; Gunneridae; eudicotyledons; Mesangiospermae; Spermatophyta,Vaccinium; Vaccinieae; Vaccinioideae; Ericaceae; Ericales; asterids; Pentapetalae; Gunneridae; eudicotyledons; Mesangiospermae; Magnoliopsida; Spermatophyta; Euphyllophyta; Tracheophyta; Embryophyta; Streptophyta; Chloroplastida; Archaeplastida; Eukaryota; cellular organisms; life,13750,7777960,10857532,Vaccinium macrocarpon,Ericaceae,Ericales,Magnoliopsida,True,12,24,False,1,Vaccinium_macrocarpon,295602,Archaeplastida,Plants,Eudicots,Ericales,Ericaceae,1.0,False,,,False,False,False,False,False,,False,,Chloroplastida
ott1064791,Vanilla tahitensis,Vanilla x tahitensis,Vanilla x tahitensis,species,Chloroplastida,Tracheophyta,Liliopsida,Asparagales,Orchidaceae,Vanilla,Mesangiospermae; Spermatophyta; Euphyllophyta; Embryophyta; cellular organisms; life,Vanilla; Vanilleae; Vanilloideae; Orchidaceae; Asparagales; Petrosaviidae; Liliopsida; Mesangiospermae; Magnoliopsida; Spermatophyta; Euphyllophyta; Tracheophyta; Embryophyta; Streptophyta; Chloroplastida; Archaeplastida; Eukaryota; cellular organisms; life,669897,,,Vanilla x tahitensis,Orchidaceae,Asparagales,Magnoliopsida,True,13,26,False,1,Vanilla_tahitensis,1064791,Archaeplastida,Plants,Monocots,Asparagales,Orchidaceae,1.0,False,,,True,False,False,False,False,,False,,Chloroplastida
ott581449,Venturia inaequalis,Venturia inaequalis,Venturia inaequalis,species,Fungi,Ascomycota,Dothideomycetes,Venturiales,Venturiaceae,Venturia,Dothideomyceta; Leotiomyceta; saccharomyceta; h2007-1; h2007-2; Nucletmycea,Venturia; Venturiaceae; Venturiales; Dothideomycetes; Dothideomyceta; Leotiomyceta; Pezizomycotina; saccharomyceta; Ascomycota; Dikarya; h2007-1; h2007-2; Fungi; Nucletmycea; Opisthokonta; Eukaryota; cellular organisms; life,5025,5262796,11083411,Venturia inaequalis,Venturiaceae,Venturiales,Dothideomycetes,True,7,14,False,1,Venturia_inaequalis,581449,Opisthokonta ,Fungi,Dothideomycetes,Pleosporales,Venturiaceae,1.0,False,,,False,False,False,False,False,,False,,Fungi
ott52839,Vespula vulgaris,Vespula vulgaris,Vespula vulgaris,species,Metazoa,Arthropoda,Insecta,Hymenoptera,Vespidae,Vespula,Dicondylia; Pancrustacea; Mandibulata; Panarthropoda; Ecdysozoa; Protostomia,Vespula; Vespinae; Vespidae; Vespoidea; Aculeata; Apocrita; Hymenoptera; Holometabola; Neoptera; Pterygota; Dicondylia; Insecta; Hexapoda; Pancrustacea; Mandibulata; Arthropoda; Panarthropoda; Ecdysozoa; Protostomia; Bilateria; Eumetazoa; Metazoa; Holozoa; Opisthokonta; Eukaryota; cellular organisms; life,7454,1331504,11251045,Vespula vulgaris,Vespidae,Hymenoptera,Insecta,True,25,50,False,1,Vespula_vulgaris,52839,Opisthokonta ,Animals,Insecta,Hymenoptera,Vespidae,1.0,False,,,False,False,False,False,False,,False,,Metazoa
ott539544,Vicia faba,Vicia faba,Vicia faba,species,Chloroplastida,Tracheophyta,Magnoliopsida,Fabales,Fabaceae,Vicia,IRL clade; Hologalegina; NPAAA clade; 50 kb inversion clade; fabids; rosids,Vicia; Fabeae; IRL clade; Hologalegina; NPAAA clade; 50 kb inversion clade; Papilionoideae; Fabaceae; Fabales; fabids; rosids; Pentapetalae; Gunneridae; eudicotyledons; Mesangiospermae; Magnoliopsida; Spermatophyta; Euphyllophyta; Tracheophyta; Embryophyta; Streptophyta; Chloroplastida; Archaeplastida; Eukaryota; cellular organisms; life,3906,2974832,10763639,Vicia faba,Fabaceae,Fabales,Magnoliopsida,True,6,12,False,1,Vicia_faba,539544,Archaeplastida,Plants,Eudicots,Fabales,Fabaceae,1.0,False,,,False,False,False,False,False,,False,,Chloroplastida
ott1065959,Vigna angularis,Vigna angularis,Vigna angularis,species,Chloroplastida,Tracheophyta,Magnoliopsida,Fabales,Fabaceae,Vigna,indigoferoid/millettioid clade; NPAAA clade; 50 kb inversion clade; fabids; rosids; Pentapetalae,Vigna; Phaseoleae; indigoferoid/millettioid clade; NPAAA clade; 50 kb inversion clade; Papilionoideae; Fabaceae; Fabales; fabids; rosids; Pentapetalae; Gunneridae; eudicotyledons; Mesangiospermae; Magnoliopsida; Spermatophyta; Euphyllophyta; Tracheophyta; Embryophyta; Streptophyta; Chloroplastida; Archaeplastida; Eukaryota; cellular organisms; life,3914,2982508,10580599,Vigna angularis,Fabaceae,Fabales,Magnoliopsida,True,11,22,False,1,Vigna_angularis,1065959,Archaeplastida,Plants,Eudicots,Fabales,Fabaceae,1.0,False,,,False,False,False,False,False,,False,,Chloroplastida
ott1065954,Vigna mungo,Vigna mungo,Vigna mungo,species,Chloroplastida,Tracheophyta,Magnoliopsida,Fabales,Fabaceae,Vigna,indigoferoid/millettioid clade; NPAAA clade; 50 kb inversion clade; fabids; rosids; Pentapetalae,Vigna; Phaseoleae; indigoferoid/millettioid clade; NPAAA clade; 50 kb inversion clade; Papilionoideae; Fabaceae; Fabales; fabids; rosids; Pentapetalae; Gunneridae; eudicotyledons; Mesangiospermae; Magnoliopsida; Spermatophyta; Euphyllophyta; Tracheophyta; Embryophyta; Streptophyta; Chloroplastida; Archaeplastida; Eukaryota; cellular organisms; life,3915,2982533,10454686,Vigna mungo,Fabaceae,Fabales,Magnoliopsida,True,11,22,False,1,Vigna_mungo,1065954,Archaeplastida,Plants,Eudicots,Fabales,Fabaceae,1.0,False,,,False,False,False,False,False,,False,,Chloroplastida
ott806245,Vigna radiata,Vigna radiata,Vigna radiata,species,Chloroplastida,Tracheophyta,Magnoliopsida,Fabales,Fabaceae,Vigna,indigoferoid/millettioid clade; NPAAA clade; 50 kb inversion clade; fabids; rosids; Pentapetalae,Vigna; Phaseoleae; indigoferoid/millettioid clade; NPAAA clade; 50 kb inversion clade; Papilionoideae; Fabaceae; Fabales; fabids; rosids; Pentapetalae; Gunneridae; eudicotyledons; Mesangiospermae; Magnoliopsida; Spermatophyta; Euphyllophyta; Tracheophyta; Embryophyta; Streptophyta; Chloroplastida; Archaeplastida; Eukaryota; cellular organisms; life,157791,2982380,10175292,Vigna radiata,Fabaceae,Fabales,Magnoliopsida,True,11,22,False,1,Vigna_radiata,806245,Archaeplastida,Plants,Eudicots,Fabales,Fabaceae,1.0,False,,,False,False,False,False,False,,False,,Chloroplastida
ott853659,Vigna subterranea,Vigna subterranea,Vigna subterranea,species,Chloroplastida,Tracheophyta,Magnoliopsida,Fabales,Fabaceae,Vigna,indigoferoid/millettioid clade; NPAAA clade; 50 kb inversion clade; fabids; rosids; Pentapetalae,Vigna; Phaseoleae; indigoferoid/millettioid clade; NPAAA clade; 50 kb inversion clade; Papilionoideae; Fabaceae; Fabales; fabids; rosids; Pentapetalae; Gunneridae; eudicotyledons; Mesangiospermae; Magnoliopsida; Spermatophyta; Euphyllophyta; Tracheophyta; Embryophyta; Streptophyta; Chloroplastida; Archaeplastida; Eukaryota; cellular organisms; life,115715,2982714,11098555,Vigna subterranea,Fabaceae,Fabales,Magnoliopsida,True,11,22,False,2,Vigna_subterranea,853659,Archaeplastida,Plants,Eudicots,Fabales,Fabaceae,1.0,False,,,False,False,False,False,False,,False,,Chloroplastida
ott1065941,Vigna unguiculata,Vigna unguiculata,Vigna unguiculata,species,Chloroplastida,Tracheophyta,Magnoliopsida,Fabales,Fabaceae,Vigna,indigoferoid/millettioid clade; NPAAA clade; 50 kb inversion clade; fabids; rosids; Pentapetalae,Vigna; Phaseoleae; indigoferoid/millettioid clade; NPAAA clade; 50 kb inversion clade; Papilionoideae; Fabaceae; Fabales; fabids; rosids; Pentapetalae; Gunneridae; eudicotyledons; Mesangiospermae; Magnoliopsida; Spermatophyta; Euphyllophyta; Tracheophyta; Embryophyta; Streptophyta; Chloroplastida; Archaeplastida; Eukaryota; cellular organisms; life,3917,2982583,11374104,Vigna unguiculata,Fabaceae,Fabales,Magnoliopsida,True,11,22,False,1,Vigna_unguiculata,1065941,Archaeplastida,Plants,Eudicots,Fabales,Fabaceae,1.0,False,,,False,False,False,False,False,,False,,Chloroplastida
ott581960,Vigna vexillata,Vigna vexillata,Vigna vexillata,species,Chloroplastida,Tracheophyta,Magnoliopsida,Fabales,Fabaceae,Vigna,indigoferoid/millettioid clade; NPAAA clade; 50 kb inversion clade; fabids; rosids; Pentapetalae,Vigna; Phaseoleae; indigoferoid/millettioid clade; NPAAA clade; 50 kb inversion clade; Papilionoideae; Fabaceae; Fabales; fabids; rosids; Pentapetalae; Gunneridae; eudicotyledons; Mesangiospermae; Magnoliopsida; Spermatophyta; Euphyllophyta; Tracheophyta; Embryophyta; Streptophyta; Chloroplastida; Archaeplastida; Eukaryota; cellular organisms; life,59626,2982409,11056540,Vigna vexillata,Fabaceae,Fabales,Magnoliopsida,True,11,22,False,1,Vigna_vexillata,581960,Archaeplastida,Plants,Eudicots,Fabales,Fabaceae,1.0,False,,,False,False,False,False,False,,False,,Chloroplastida
ott805071,Vitis amurensis,Vitis amurensis,Vitis amurensis,species,Chloroplastida,Tracheophyta,Magnoliopsida,Vitales,Vitaceae,Vitis,Pentapetalae; Gunneridae; eudicotyledons; Mesangiospermae; Spermatophyta; Euphyllophyta,Vitis; Viteae; Vitaceae; Vitales; Pentapetalae; Gunneridae; eudicotyledons; Mesangiospermae; Magnoliopsida; Spermatophyta; Euphyllophyta; Tracheophyta; Embryophyta; Streptophyta; Chloroplastida; Archaeplastida; Eukaryota; cellular organisms; life,103351,5372380,10456126,Vitis amurensis,Vitaceae,Vitales,Magnoliopsida,True,19,38,False,1,Vitis_amurensis,805071,Archaeplastida,Plants,Eudicots,Vitales,Vitaceae,1.0,False,,,False,False,False,False,False,,False,,Chloroplastida
ott314458,Vitis cinerea,Vitis cinerea,Vitis cinerea,species,Chloroplastida,Tracheophyta,Magnoliopsida,Vitales,Vitaceae,Vitis,Pentapetalae; Gunneridae; eudicotyledons; Mesangiospermae; Spermatophyta; Euphyllophyta,Vitis; Viteae; Vitaceae; Vitales; Pentapetalae; Gunneridae; eudicotyledons; Mesangiospermae; Magnoliopsida; Spermatophyta; Euphyllophyta; Tracheophyta; Embryophyta; Streptophyta; Chloroplastida; Archaeplastida; Eukaryota; cellular organisms; life,226012,5372379,10208241,Vitis cinerea,Vitaceae,Vitales,Magnoliopsida,True,19,38,False,1,Vitis_cinerea,314458,Archaeplastida,Plants,Eudicots,Vitales,Vitaceae,1.0,False,,,False,False,False,False,False,,False,,Chloroplastida
ott756728,Vitis vinifera,Vitis vinifera,Vitis vinifera,species,Chloroplastida,Tracheophyta,Magnoliopsida,Vitales,Vitaceae,Vitis,Pentapetalae; Gunneridae; eudicotyledons; Mesangiospermae; Spermatophyta; Euphyllophyta,Vitis; Viteae; Vitaceae; Vitales; Pentapetalae; Gunneridae; eudicotyledons; Mesangiospermae; Magnoliopsida; Spermatophyta; Euphyllophyta; Tracheophyta; Embryophyta; Streptophyta; Chloroplastida; Archaeplastida; Eukaryota; cellular organisms; life,29760,5372392,10592411,Vitis vinifera,Vitaceae,Vitales,Magnoliopsida,True,19,38,False,1,Vitis_vinifera,756728,Archaeplastida,Plants,Eudicots,Vitales,Vitaceae,1.0,False,,,False,False,False,False,False,,False,,Chloroplastida
ott940184,Xenopus tropicalis,Xenopus tropicalis,Xenopus tropicalis,species,Metazoa,Chordata,Amphibia,Anura,Pipidae,Xenopus,Dipnotetrapodomorpha; Euteleostomi; Teleostomi; Deuterostomia; Bilateria; Eumetazoa,Silurana; Xenopus; Xenopodinae; Pipidae; Pipoidea; Anura; Batrachia; Amphibia; Tetrapoda; Dipnotetrapodomorpha; Sarcopterygii; Euteleostomi; Teleostomi; Gnathostomata; Vertebrata; Craniata; Chordata; Deuterostomia; Bilateria; Eumetazoa; Metazoa; Holozoa; Opisthokonta; Eukaryota; cellular organisms; life,8364,2423997,10233975,Xenopus tropicalis,Pipidae,Anura,Amphibia,True,10,20,False,1,Xenopus_tropicalis,940184,Opisthokonta ,Animals,Amphibia,Anura,Pipidae,1.0,False,,,False,False,False,False,False,,False,,Metazoa
ott416852,Xiphophorus maculatus,Xiphophorus maculatus,Xiphophorus maculatus,species,Metazoa,Chordata,Actinopteri,Cyprinodontiformes,Poeciliidae,Xiphophorus,Ovalentaria; Percomorphaceae; Euacanthomorphacea; Ctenosquamata; Eurypterygia; Neoteleostei,Xiphophorus; Poeciliinae; Poeciliidae; Cyprinodontoidei; Cyprinodontiformes; Atherinomorphae; Ovalentaria; Percomorphaceae; Euacanthomorphacea; Acanthomorphata; Ctenosquamata; Eurypterygia; Neoteleostei; Euteleosteomorpha; Clupeocephala; Osteoglossocephalai; Teleostei; Neopterygii; Actinopteri; Actinopterygii; Euteleostomi; Teleostomi; Gnathostomata; Vertebrata; Craniata; Chordata; Deuterostomia; Bilateria; Eumetazoa; Metazoa; Holozoa; Opisthokonta; Eukaryota; cellular organisms; life,8083,2350164,11113312,Xiphophorus maculatus,Poeciliidae,Cyprinodontiformes,Actinopteri,True,24,48,False,1,Xiphophorus_maculatus,416852,Opisthokonta ,Animals,Actinopterygii,Cyprinodontiformes,Poeciliidae,1.0,False,,,False,False,False,False,False,,False,,Metazoa
ott605194,Zea mays,Zea mays,Zea mays,species,Chloroplastida,Tracheophyta,Liliopsida,Poales,Poaceae,Zea,Andropogonodae; PACMAD clade; commelinids; Mesangiospermae; Spermatophyta; Euphyllophyta,Zea; Tripsacinae; Andropogoneae; Andropogonodae; Panicoideae; PACMAD clade; Poaceae; Poales; commelinids; Petrosaviidae; Liliopsida; Mesangiospermae; Magnoliopsida; Spermatophyta; Euphyllophyta; Tracheophyta; Embryophyta; Streptophyta; Chloroplastida; Archaeplastida; Eukaryota; cellular organisms; life,4577,5290052,10207796,Zea mays,Poaceae,Poales,Magnoliopsida,True,10,20,False,2,Zea_mays,605194,Archaeplastida,Plants,Monocots,Poales,Poaceae,1.0,False,,,False,False,False,False,False,,False,,Chloroplastida
ott908705,Zea nicaraguensis,Zea nicaraguensis,Zea nicaraguensis,species,Chloroplastida,Tracheophyta,Liliopsida,Poales,Poaceae,Zea,Andropogonodae; PACMAD clade; commelinids; Mesangiospermae; Spermatophyta; Euphyllophyta,Zea; Tripsacinae; Andropogoneae; Andropogonodae; Panicoideae; PACMAD clade; Poaceae; Poales; commelinids; Petrosaviidae; Liliopsida; Mesangiospermae; Magnoliopsida; Spermatophyta; Euphyllophyta; Tracheophyta; Embryophyta; Streptophyta; Chloroplastida; Archaeplastida; Eukaryota; cellular organisms; life,1293079,5678409,,Zea nicaraguensis,Poaceae,Poales,Magnoliopsida,True,10,20,False,1,Zea_nicaraguensis,908705,Archaeplastida,Plants,Monocots,Poales,Poaceae,1.0,False,,,False,False,False,False,False,,False,,Chloroplastida
ott73483,Ziziphus jujuba,Ziziphus jujuba,Ziziphus jujuba,species,Chloroplastida,Tracheophyta,Magnoliopsida,Rosales,Rhamnaceae,Ziziphus,fabids; rosids; Pentapetalae; Gunneridae; eudicotyledons; Mesangiospermae,Ziziphus; Paliureae; Rhamnaceae; Rosales; fabids; rosids; Pentapetalae; Gunneridae; eudicotyledons; Mesangiospermae; Magnoliopsida; Spermatophyta; Euphyllophyta; Tracheophyta; Embryophyta; Streptophyta; Chloroplastida; Archaeplastida; Eukaryota; cellular organisms; life,326968,8952420,,Ziziphus jujuba,Rhamnaceae,Rosales,Magnoliopsida,True,12,24,False,1,Ziziphus_jujuba,73483,Archaeplastida,Plants,Eudicots,Rosales,Rhamnaceae,1.0,False,,,False,False,False,False,False,,False,,Chloroplastida
ott586007,Zoysia japonica,Zoysia japonica,Zoysia japonica,species,Chloroplastida,Tracheophyta,Liliopsida,Poales,Poaceae,Zoysia,PACMAD clade; commelinids; Mesangiospermae; Spermatophyta; Euphyllophyta; Embryophyta,Zoysia; Zoysiinae; Zoysieae; Chloridoideae; PACMAD clade; Poaceae; Poales; commelinids; Petrosaviidae; Liliopsida; Mesangiospermae; Magnoliopsida; Spermatophyta; Euphyllophyta; Tracheophyta; Embryophyta; Streptophyta; Chloroplastida; Archaeplastida; Eukaryota; cellular organisms; life,309978,2704737,10207797,Zoysia japonica,Poaceae,Poales,Magnoliopsida,True,20,40,False,1,Zoysia_japonica,586007,Archaeplastida,Plants,Monocots,Poales,Poaceae,1.0,False,,,False,False,False,False,False,,False,,Chloroplastida
ott205630,Zoysia matrella,Zoysia matrella,Zoysia matrella,species,Chloroplastida,Tracheophyta,Liliopsida,Poales,Poaceae,Zoysia,PACMAD clade; commelinids; Mesangiospermae; Spermatophyta; Euphyllophyta; Embryophyta,Zoysia; Zoysiinae; Zoysieae; Chloridoideae; PACMAD clade; Poaceae; Poales; commelinids; Petrosaviidae; Liliopsida; Mesangiospermae; Magnoliopsida; Spermatophyta; Euphyllophyta; Tracheophyta; Embryophyta; Streptophyta; Chloroplastida; Archaeplastida; Eukaryota; cellular organisms; life,38722,2704740,10857105,Zoysia matrella,Poaceae,Poales,Magnoliopsida,True,20,40,False,1,Zoysia_matrella,205630,Archaeplastida,Plants,Monocots,Poales,Poaceae,1.0,False,,,False,False,False,False,False,,False,,Chloroplastida
ott906425,Zymoseptoria tritici,Zymoseptoria tritici,Zymoseptoria tritici,species,Fungi,Ascomycota,Dothideomycetes,Capnodiales,Mycosphaerellaceae,Zymoseptoria,Dothideomyceta; Leotiomyceta; saccharomyceta; h2007-1; h2007-2; Nucletmycea,Zymoseptoria; Mycosphaerellaceae; Capnodiales; Dothideomycetes; Dothideomyceta; Leotiomyceta; Pezizomycotina; saccharomyceta; Ascomycota; Dikarya; h2007-1; h2007-2; Fungi; Nucletmycea; Opisthokonta; Eukaryota; cellular organisms; life,1047171,7897674,,Zymoseptoria tritici,Mycosphaerellaceae,Mycosphaerellales,Dothideomycetes,True,21,42,False,1,Zymoseptoria_tritici,906425,Opisthokonta ,Fungi,Dothideomycetes,Capnodiales,Mycosphaerellaceae,1.0,False,,,False,False,False,False,False,,False,,Fungi
ott415181,Argyrosomus japonicus,Argyrosomus japonicus,Argyrosomus japonicus,species,Metazoa,Chordata,Actinopteri,Perciformes,Sciaenidae,Argyrosomus,Eupercaria; Percomorphaceae; Euacanthomorphacea; Ctenosquamata; Eurypterygia; Neoteleostei,Argyrosomus; Sciaenidae; Percoidei; Perciformes; Eupercaria; Percomorphaceae; Euacanthomorphacea; Acanthomorphata; Ctenosquamata; Eurypterygia; Neoteleostei; Euteleosteomorpha; Clupeocephala; Osteoglossocephalai; Teleostei; Neopterygii; Actinopteri; Actinopterygii; Euteleostomi; Teleostomi; Gnathostomata; Vertebrata; Craniata; Chordata; Deuterostomia; Bilateria; Eumetazoa; Metazoa; Holozoa; Opisthokonta; Eukaryota; cellular organisms; life,448029,5212440,,Argyrosomus japonicus,Sciaenidae,Perciformes,Actinopteri,True,24,48,False,1,,,,,,,,1.0,False,,,False,False,False,False,False,,False,,Metazoa
ott37136,Citrus reticulata,Citrus reticulata,Citrus reticulata,species,Chloroplastida,Tracheophyta,Magnoliopsida,Sapindales,Rutaceae,Citrus,malvids; rosids; Pentapetalae; Gunneridae; eudicotyledons; Mesangiospermae,Citrus; Aurantioideae; Rutaceae; Sapindales; malvids; rosids; Pentapetalae; Gunneridae; eudicotyledons; Mesangiospermae; Magnoliopsida; Spermatophyta; Euphyllophyta; Tracheophyta; Embryophyta; Streptophyta; Chloroplastida; Archaeplastida; Eukaryota; cellular organisms; life,85571,,,Citrus reticulata,Rutaceae,Sapindales,Magnoliopsida,True,9,18,False,1,,,,,,,,1.0,False,,,False,False,False,False,False,,False,,Chloroplastida
