no,Ref,year,corbett,species,uid,pid,check,phyl.info,ott.uid,ott.pid,Habitat,par.path,invasive,Kingdom,Tax.grp,Group,newGroup,SubGroup,newSubGroup,newSubGroup2,newSubGroupClade,newSubGrp2,Class,Order,newOrder,Family,newFamily,het.a.chiasmy,F.map.length,M.map.length,F.M.ratio,Sexual.sys,Karyotype,Genotypic,Size.Mb,Cval,est.Gsize.Mb,combined.Gsize,chr.2n,chr1n,No.Ind,Marker.mapped,av.sex,MapLength.cM,MarkerInterval ,LinkageGrps,CM.length.est,RR_Mb.cM,CorrectedRR,RR,haplodiploid,Selfing,plant.LifeForm,RI_hap,RI_chiasma,RI_status,PlantGrowthForm,LeafType,LeafPhenology,PhotosyntheticPathway,Woodiness,LeafCompoundness,Total.spp,Dioe,Pollination
1,Butcher,2000,n,Acacia_mangium ,444202,560307,y,Acacia_mangium ,ott444202,ott560307,Terrestrial,n,n,Eukaryota,Archaeplastida,Plants,Eudicots,Angiosperms,Superrosids,Superrosids,Fabids,Eudicots,Eudicots,Fabales,Fabales,Fabaceae,Fabaceae,H,834,795,1.04905660377359,hermaphrodite,NA,NA,NA,0.65,635.7,635.7,26,13,26,252,n,966,4.6,13,1548,NA,NA,1.51958470976876,NA,NA,NA,NA,NA,NA,NA,NA,NA,NA,NA,NA,NA,NA,NA
2,Sirvio,2011,n,Acromyrmex_echinatior,735589,680779,y,Acromyrmex_echinatior,ott735589,ott680779,Terrestrial,n,n,Eukaryota,Opisthokonta ,Animals,Invert,Insects,Insects,Insects,Insects,Insects,Insecta,Hymenoptera,Hymenoptera,Formicidae,Formicidae,NA,NA,NA,NA,male.haploid,NA,NA,NA,NA,335,335,38,19,NA,145,n,2033.8,14,22,2076,6.2,NA,6.0710447761194,y,NA,NA,NA,NA,NA,NA,NA,NA,NA,NA,NA,NA,NA,NA
3,Wang,2009,n,Acropora_millepora,718262,712401,y,Acropora_millepora,ott718262,ott712401,Aquatic,n,n,Eukaryota,Opisthokonta ,Animals,Invert,Cnidaria,OtherAnimals,OtherAnimals,OtherAnimals,OtherAnimals,Anthozoa,Scleractinia,OtherInvert,Acroporidae,OtherInvert,H,1185.8,945.5,1.25415124272872,hermaphrodite,NA,NA,NA,NA,NA,420,28,14,NA,429,n,1391,3.4,14,1493,NA,NA,3.31190476190476,n,NA,NA,NA,NA,NA,NA,NA,NA,NA,NA,NA,NA,NA,NA
4,Scaglione,2015,n,Actinidia_chinensis,279981,279984,y,Actinidia_chinensis,ott279981,ott279984,Terrestrial,n,n,Eukaryota,Archaeplastida,Plants,Eudicots,Angiosperms,Superasterids,Superasterids,Asterids,Eudicots,Eudicots,Ericales,Ericales,Actinidiaceae,Actinidiaceae,H,3614,3276,1.1031746031746,dioecy,H,NA,604.22,NA,1408.32,1408.32,58,29,94,6112,y,3445,2.59,29,NA,NA,NA,2.44617700522609,n,NA,NA,NA,NA,NA,shrub,broadleaved,deciduous,C3,woody,simple,30,8,insects
5,Zhang,2015,n,Actinidia_rufa,279954,279984,y,Actinidia_rufa,ott279954,ott279984,Terrestrial,n,n,Eukaryota,Archaeplastida,Plants,Eudicots,Angiosperms,Superasterids,Superasterids,Asterids,Eudicots,Eudicots,Ericales,Ericales,Actinidiaceae,Actinidiaceae,NA,NA,NA,NA,dioecy,H,NA,NA,NA,NA,NA,58,29,NA,2426,n,2651,1.09,29,NA,NA,NA,#VALUE!,n,NA,NA,NA,NA,NA,NA,broadleaved,NA,C3,NA,NA,30,8,insects
6,Hawthorne,2001,n,Acyrthosiphon_pisum,814484,814488,y,Acyrthosiphon_pisum,ott814484,ott814488,Terrestrial,n,n,Eukaryota,Opisthokonta ,Animals,Invert,Insects,Insects,Insects,Insects,Insects,Insecta,Hemiptera,Hemiptera,Aphididae,OtherHemiptera,NA,NA,NA,NA,parthenogenic,XO,MH,NA,NA,NA,165,10,5,NA,173,n,394,10.9,4,NA,4.8,NA,2.38787878787879,n,NA,NA,NA,NA,NA,NA,NA,NA,NA,NA,NA,NA,NA,NA
7,Juneja,2014,n,Aedes_aegypti,269666,565822,y,Aedes_aegypti,ott269666,ott565822,Terrestrial,n,y,Eukaryota,Opisthokonta ,Animals,Invert,Insects,Insects,Insects,Insects,Insects,Insecta,Diptera,Diptera,Culicidae,Culicidae,NA,NA,NA,NA,gonochorous,NA,NA,1383.96,0.963333333333333,942.14,942.14,6,3,99,2000,n,235,NA,3,NA,0.291,NA,0.249432143842741,n,NA,NA,NA,NA,NA,NA,NA,NA,NA,NA,NA,NA,NA,NA
8,Sutherland,2011,n,Aedes_albopictus,793181,565822,y,Aedes_albopictus,ott793181,ott565822,Terrestrial,n,y,Eukaryota,Opisthokonta ,Animals,Invert,Insects,Insects,Insects,Insects,Insects,Insecta,Diptera,Diptera,Culicidae,Culicidae,NA,NA,NA,NA,gonochorous,NA,NA,2111.34,1.115,1090.47,1090.47,6,3,NA,73,n,212.6,2.9,3,NA,NA,NA,0.194961805460031,n,NA,NA,NA,NA,NA,NA,NA,NA,NA,NA,NA,NA,NA,NA
9,Olivera,2013,n,Aegilops_sharonensis,327444,267024,y,Aegilops_sharonensis,ott327444,ott267024,Terrestrial,n,n,Eukaryota,Archaeplastida,Plants,Monocots,Angiosperms,Commelinid,Commelinid,Commelinid,Monocots,Monocots,Poales,Poales,Poaceae,Poaceae,NA,NA,NA,NA,NA,NA,NA,NA,NA,6894.9,6894.9,14,7,179,401,n,818,3.63,10,NA,NA,NA,0.118638413900129,n,NA,NA,NA,NA,NA,graminoid,broadleaved,NA,NA,non-woody,NA,NA,NA,NA
10,Luo,2013,n,Aegilops_tauschii,5148305,5148303,y,Aegilops_tauschii,ott5148305,ott5148303,Terrestrial,n,n,Eukaryota,Archaeplastida,Plants,Monocots,Angiosperms,Commelinid,Commelinid,Commelinid,Monocots,Monocots,Poales,Poales,Poaceae,Poaceae,NA,NA,NA,NA,NA,NA,NA,4327.21,NA,4327.21,4327.21,14,7,1102,7185,n,1374.4,0.193,7,NA,0.32,NA,0.31761804950534,n,NA,NA,NA,NA,NA,graminoid,broadleaved,NA,NA,non-woody,simple,NA,NA,NA
11,Edae,2017,n,Aegilops_umbellulata,790374,267024,y,Aegilops_umbellulata,ott790374,ott267024,Terrestrial,n,n,Eukaryota,Archaeplastida,Plants,Monocots,Angiosperms,Commelinid,Commelinid,Commelinid,Monocots,Monocots,Poales,Poales,Poaceae,Poaceae,NA,NA,NA,NA,NA,NA,NA,NA,5.05,4938.9,4938.9,14,7,140,3009,n,948.72,0.3,7,NA,NA,NA,0.192091356374901,n,SC,NA,NA,NA,NA,graminoid,broadleaved,NA,NA,non-woody,simple,NA,NA,NA
12,Foulogne-Oriol,2010,n,Agaricus_bisporus,564405,737448,y,Agaricus_bisporus,ott564405,ott737448,Terrestrial,n,n,Eukaryota,Opisthokonta ,Fungi,Fungi,Basidiomycota,Fungi,Fungi,Fungi,Fungi,Agaricomycetes,Agaricales,Agaricales,Agaricaceae,Agaricaceae,NA,NA,NA,NA,NA,H,NA,30.2337,NA,30.2337,30.2337,26,13,NA,231,n,1156,3.9,13,NA,NA,NA,38.235478952295,NA,NA,NA,NA,NA,NA,NA,NA,NA,NA,NA,NA,NA,NA,NA
13,Foulogne-Oriol,2016,n,Agaricus_subrufescens,583561,737448,y,Agaricus_subrufescens,ott583561,ott737448,Terrestrial,n,n,Eukaryota,Opisthokonta ,Fungi,Fungi,Basidiomycota,Fungi,Fungi,Fungi,Fungi,Agaricomycetes,Agaricales,Agaricales,Agaricaceae,Agaricaceae,NA,NA,NA,NA,NA,H,NA,NA,NA,NA,NA,NA,NA,NA,202,n,1701,8.2,16,NA,NA,NA,#VALUE!,NA,NA,NA,NA,NA,NA,NA,NA,NA,NA,NA,NA,NA,NA,NA
14,Rotter,2009,n,Agrostis_capillaris,550221,765663,y,Agrostis_capillaris,ott550221,ott765663,Terrestrial,n,n,Eukaryota,Archaeplastida,Plants,Monocots,Angiosperms,Commelinid,Commelinid,Commelinid,Monocots,Monocots,Poales,Poales,Poaceae,Poaceae,NA,NA,NA,NA,hermaphrodite,NA,NA,NA,NA,4000.02,4000.02,28,14,93,212,n,1156,NA,14,NA,NA,NA,0.288998555007225,NA,NA,NA,NA,NA,NA,graminoid,broadleaved,NA,C3,non-woody,simple,NA,NA,NA
15,Honig,2014,n,Agrostis_stolonifera,307879,765663,y,Agrostis_stolonifera,ott307879,ott765663,Terrestrial,n,n,Eukaryota,Archaeplastida,Plants,Monocots,Angiosperms,Commelinid,Commelinid,Commelinid,Monocots,Monocots,Poales,Poales,Poaceae,Poaceae,NA,NA,NA,NA,hermaphrodite,NA,NA,NA,NA,3423,3423,28,14,95,385,n,1424,NA,14,NA,NA,NA,0.416009348524686,NA,NA,NA,NA,NA,NA,graminoid,broadleaved,NA,C3,non-woody,simple,NA,NA,NA
16,Baldwin,2012,n,Allium_cepa,781600,781603,y,Allium_cepa,ott781600,ott781603,Terrestrial,n,n,Eukaryota,Archaeplastida,Plants,Monocots,Angiosperms,Lilioid,Lilioid.Alismatid,Lilioid,Monocots,Monocots,Asparagales,Asparagales,Amaryllidaceae,Amaryllidaceae,NA,NA,NA,NA,hermaphrodite,NA,SC,NA,NA,16381.5,16381.5,18,9,92,93,n,808,7.5,8,NA,NA,NA,0.0493239324848152,NA,NA,NA,8,22.4,Domesticated,herb,broadleaved,NA,C3,non-woody,simple,NA,NA,NA
17,Tsukazaki,2012,n,Allium_fistulosum,856720,781603,y,Allium_fistulosum,ott856720,ott781603,Terrestrial,n,n,Eukaryota,Archaeplastida,Plants,Monocots,Angiosperms,Lilioid,Lilioid.Alismatid,Lilioid,Monocots,Monocots,Asparagales,Asparagales,Amaryllidaceae,Amaryllidaceae,NA,NA,NA,NA,NA,NA,NA,NA,NA,12254.34,12254.34,16,8,119,268,n,1670,NA,17,NA,NA,NA,0.136278249175394,NA,NA,NA,8,16.81,Domesticated,herb,broadleaved,evergreen,C3,non-woody,simple,NA,NA,NA
18,Maughan,2011,n,Amaranthus_hybridus,317810,317808,y,Amaranthus_hybridus,ott317810,ott317808,Terrestrial,n,n,Eukaryota,Archaeplastida,Plants,Eudicots,Angiosperms,Superasterids,Superasterids,Superasterids,Eudicots,Eudicots,Caryophyllales,Caryophyllales,Amaranthaceae,Amaranthaceae,NA,NA,NA,NA,hermaphrodite,NA,NA,NA,0.63,616.14,616.14,32,16,134,411,n,1288,3.1,16,NA,NA,NA,2.09043399227448,NA,SI,NA,NA,NA,Cultivated,NA,broadleaved,NA,NA,non-woody,NA,60,45,wind
19,Smith,2005,n,Ambystoma_tigrinum,135594,1092552,y,Ambystoma_tigrinum,ott135594,ott1092552,Aquatic,n,n,Eukaryota,Opisthokonta ,Animals,Vert,Amphibia,Amphibia.Reptile,Amphibia.Reptile,Amphibia.Reptile,Amphibia.Reptile,Amphibia,Caudata,OtherAR,Ambystomatidae,OtherAR,NA,NA,NA,NA,gonochorous,H,FH,NA,NA,30875.46,30875.46,28,14,NA,790,n,5251.3,7.96,14,NA,NA,NA,0.170080057106842,n,NA,NA,NA,NA,NA,NA,NA,NA,NA,NA,NA,NA,NA,NA
20,Recknagel,2013,n,Amphilophus_astorquii,513777,358050,y,Amphilophus_astorquii,ott513777,ott358050,Aquatic,n,n,Eukaryota,Opisthokonta ,Animals,Vert,Fishes,Fishes,Fishes,Fishes,Fishes,Actinopterygii,Perciformes,Perciformes,Cichlidae,Cichlidae,NA,NA,NA,NA,NA,NA,NA,NA,NA,NA,NA,48,24,343,755,n,1427,1.95,25,NA,NA,NA,#VALUE!,n,NA,NA,NA,NA,NA,NA,NA,NA,NA,NA,NA,NA,NA,NA
21,vanderNest,2009,n,Amylostereum_areolatum,1016450,293461,y,Amylostereum_areolatum,ott1016450,ott293461,Plants,y,n,Eukaryota,Opisthokonta ,Fungi,Fungi,Basidiomycota,Fungi,Fungi,Fungi,Fungi,Agaricomycetes,Russulales,Russulales,Amylostereaceae,OtherBasido.,NA,NA,NA,NA,NA,H,NA,NA,NA,NA,NA,NA,NA,80,204,n,1693,7.2,14,NA,NA,NA,#VALUE!,NA,NA,NA,NA,NA,NA,NA,NA,NA,NA,NA,NA,NA,NA,NA
22,deSousa,2013,n,Ananas_comosus,627039,627043,y,Ananas_comosus,ott627039,ott627043,Terrestrial,n,n,Eukaryota,Archaeplastida,Plants,Monocots,Angiosperms,Commelinid,Commelinid,Commelinid,Monocots,Monocots,Poales,Poales,Bromeliaceae,OtherMonocots,NA,NA,NA,NA,hermaphrodite,NA,NA,381.896,0.55,537.9,537.9,50,25,NA,741,n,2113,2.67,28,NA,7.624,7.624,3.92823944971184,NA,SI,NA,NA,NA,NA,herb,broadleaved,evergreen,CAM,non-woody,simple,NA,NA,NA
23,Huang,2009,n,Anas_platyrhynchos,765167,765185,y,Anas_platyrhynchos,ott765167,ott765185,Terrestrial,n,y,Eukaryota,Opisthokonta ,Animals,Vert,Birds,Aves,Aves,Aves,Aves,Aves,Anseriformes,OtherAves,Anatidae,OtherAves,NA,NA,NA,NA,gonochorous,ZW,FH,1105.05,1.40666666666667,1375.72,1375.72,80,40,766,260,n,1766,7.75,32,NA,NA,NA,1.28369144884133,n,NA,NA,NA,NA,NA,NA,NA,NA,NA,NA,NA,NA,NA,NA
24,Kai,2014,n,Anguilla_japonica,854198,854195,y,Anguilla_japonica,ott854198,ott854195,Aquatic,n,n,Eukaryota,Opisthokonta ,Animals,Vert,Fishes,Fishes,Fishes,Fishes,Fishes,Actinopterygii,Anguilliformes,OtherFishes,Anguillidae,OtherFishes,H,1527,1346,1.13447251114413,gonochorous,ZW,FH,1151.14,NA,1151.14,1151.14,38,19,NA,2787,y,1436.5,1.65,19,NA,NA,NA,1.24789339263686,n,NA,NA,NA,NA,NA,NA,NA,NA,NA,NA,NA,NA,NA,NA
25,Wondji,2007,n,Anopheles_funestus,286257,286290,y,Anopheles_funestus,ott286257,ott286290,Terrestrial,n,n,Eukaryota,Opisthokonta ,Animals,Invert,Insects,Insects,Insects,Insects,Insects,Insecta,Diptera,Diptera,Culicidae,Culicidae,NA,NA,NA,NA,gonochorous,NA,NA,225.224,NA,225.224,225.224,6,3,349,56,n,145,2.7,3,NA,NA,NA,0.643803502291053,n,NA,NA,NA,NA,NA,NA,NA,NA,NA,NA,NA,NA,NA,NA
26,Corbet-Detig,2015,y,Anopheles_gambiae,553555,36636,y,Anopheles_gambiae,ott553555,ott36636,Terrestrial,n,n,Eukaryota,Opisthokonta ,Animals,Invert,Insects,Insects,Insects,Insects,Insects,Insecta,Diptera,Diptera,Culicidae,Culicidae,NA,NA,NA,NA,gonochorous,XO,MH,264.06,0.27,264.06,264.06,6,3,NA,38,n,166.1,4.37105263157895,NA,NA,0.836531543000713,NA,0.629023706733318,n,NA,NA,NA,NA,NA,NA,NA,NA,NA,NA,NA,NA,NA,NA
27,Rondeau,2013,n,Anoplopoma_fimbria,441856,967647,y,Anoplopoma_fimbria,ott441856,ott967647,Aquatic,n,n,Eukaryota,Opisthokonta ,Animals,Vert,Fishes,Fishes,Fishes,Fishes,Fishes,Actinopterygii,Scorpaeniformes,OtherFishes,Anoplopomatidae,OtherFishes,H,1610,860.4,1.87122268712227,NA,NA,NA,699.326,0.84,757.95,757.95,48,24,NA,360,n,1332.8,NA,24,NA,NA,NA,1.75842733689557,n,NA,NA,NA,NA,NA,NA,NA,NA,NA,NA,NA,NA,NA,NA
28,Venkat,2014,n,Anthurium_andreanum,3999674,1049799,y,Anthurium_longicaudatum ,ott3999674,ott1049799,Terrestrial,n,n,Eukaryota,Archaeplastida,Plants,Monocots,Angiosperms,Alismatid,Lilioid.Alismatid,Alismatid,Monocots,Monocots,Alismatales,OtherMonocots,Araceae,Araceae,NA,NA,NA,NA,NA,NA,NA,NA,4.8,4694.4,4694.4,30,15,43,78,n,1023.5,NA,12,1584.5,NA,NA,0.218025732788003,NA,NA,NA,NA,NA,NA,NA,NA,NA,NA,NA,NA,NA,NA,NA
29,Venkat,2014,n,Anthurium_ornatum,3999684,1049799,y,Anthurium_punctatum,ott3999684,ott1049799,Terrestrial,n,n,Eukaryota,Archaeplastida,Plants,Monocots,Angiosperms,Alismatid,Lilioid.Alismatid,Alismatid,Monocots,Monocots,Alismatales,OtherMonocots,Araceae,Araceae,NA,NA,NA,NA,NA,NA,NA,NA,NA,NA,NA,30,15,43,85,n,1233.5,NA,10,1395.5,NA,NA,#VALUE!,NA,NA,NA,NA,NA,NA,NA,NA,NA,NA,NA,NA,NA,NA,NA
30,Shi,2013,n,Apis_cerana,625771,52851,y,Apis_cerana,ott625771,ott52851,Terrestrial,n,n,Eukaryota,Opisthokonta ,Animals,Invert,Insects,Insects,Insects,Insects,Insects,Insecta,Hymenoptera,Hymenoptera,Apidae,Apidae,NA,NA,NA,NA,male.haploid,NA,NA,228.332,0.19,185.82,185.82,32,16,103,1535,n,574.5,2.6,19,NA,17.4,NA,3.09170164675492,y,NA,NA,NA,NA,NA,NA,NA,NA,NA,NA,NA,NA,NA,NA
31,Corbet-Detig,2015,y,Apis_mellifera,461645,52851,y,Apis_mellifera,ott461645,ott52851,Terrestrial,n,y,Eukaryota,Opisthokonta ,Animals,Invert,Insects,Insects,Insects,Insects,Insects,Insecta,Hymenoptera,Hymenoptera,Apidae,Apidae,NA,NA,NA,NA,male.haploid,NA,NA,249.39,0.235,229.83,229.83,32,16,NA,1163,n,2145,1.84436801375752,NA,NA,9.88665072477654,NA,9.33298524996737,y,NA,NA,NA,NA,NA,NA,NA,NA,NA,NA,NA,NA,NA,NA
32,Wilfert,2007,n,Apis_mellifera,461645,52851,y,Apis_mellifera,ott461645,ott52851,Terrestrial,n,y,Eukaryota,Opisthokonta ,Animals,Invert,Insects,Insects,Insects,Insects,Insects,Insecta,Hymenoptera,Hymenoptera,Apidae,Apidae,NA,NA,NA,NA,male.haploid,NA,NA,249.39,0.235,229.83,229.83,32,16,NA,2008,n,4115,2.05,16,NA,16,NA,17.9045381368838,y,NA,NA,NA,NA,NA,NA,NA,NA,NA,NA,NA,NA,NA,NA
33,Tian,2015,n,Apostichopus_japonicus,721060,956276,y,Apostichopus_japonicus,ott721060,ott956276,Aquatic,n,n,Eukaryota,Opisthokonta ,Animals,Invert,Echinoderm,OtherAnimals,OtherAnimals,OtherAnimals,OtherAnimals,Holothuroidae,Aspidochirotida,OtherInvert,Stichopodidae,OtherInvert,H,3728.9,1824.3,2.04401688318807,gonochorous,NA,NA,664.37,NA,664.37,664.37,44,22,NA,7839,n,3706.6,0.47,22,NA,0.129,NA,5.57912006863645,n,NA,NA,NA,NA,NA,NA,NA,NA,NA,NA,NA,NA,NA,NA
34,Willems,2007,n,Arabidopsis_halleri,152273,309275,y,Arabidopsis_halleri,ott152273,ott309275,Terrestrial,n,n,Eukaryota,Archaeplastida,Plants,Eudicots,Angiosperms,Superrosids,Superrosids,Malvids,Eudicots,Eudicots,Brassicales,Brassicales,Brassicaceae,Brassicaceae,NA,NA,NA,NA,NA,NA,NA,196.243,NA,234.72,234.72,16,8,196,85,n,567,6.6,8,NA,NA,NA,2.41564417177914,NA,NA,NA,NA,NA,NA,NA,NA,NA,NA,NA,NA,NA,NA,NA
35,Corbet-Detig,2015,y,Arabidopsis_thaliana,309263,309275,y,Arabidopsis_thaliana,ott309263,ott309275,Terrestrial,n,n,Eukaryota,Archaeplastida,Plants,Eudicots,Angiosperms,Superrosids,Superrosids,Malvids,Eudicots,Eudicots,Brassicales,Brassicales,Brassicaceae,Brassicaceae,NA,NA,NA,NA,NA,NA,NA,156.48,0.126278118609407,123.5,123.5,10,5,NA,666,n,422.5,0.634384384384384,5,NA,4.211,4.211,3.42105263157895,NA,SC,NA,5,9.24,Cultivated,herb,broadleaved,NA,C3,non-woody,simple,NA,NA,NA
36,Singer,2015,n,Arabidopsis_thaliana,309263,309275,y,Arabidopsis_thaliana,ott309263,ott309275,Terrestrial,n,n,Eukaryota,Archaeplastida,Plants,Eudicots,Angiosperms,Superrosids,Superrosids,Malvids,Eudicots,Eudicots,Brassicales,Brassicales,Brassicaceae,Brassicaceae,NA,NA,NA,NA,NA,NA,NA,156.48,0.126278118609407,123.5,123.5,10,5,NA,666,n,422.5,0.634384384384384,5,NA,4.211,4.211,3.42105263157895,NA,SC,NA,5,9.24,Cultivated,herb,broadleaved,NA,C3,non-woody,simple,NA,NA,NA
37,Nagy,2010,n,Arachis_duranensis,607569,39536,y,Arachis_duranensis,ott607569,ott39536,Terrestrial,n,n,Eukaryota,Archaeplastida,Plants,Eudicots,Angiosperms,Superrosids,Superrosids,Fabids,Eudicots,Eudicots,Fabales,Fabales,Fabaceae,Fabaceae,NA,NA,NA,NA,NA,NA,NA,1068.35,NA,1242.06,1242.06,20,10,NA,1724,n,1081.3,NA,10,NA,NA,NA,0.870569859749127,NA,NA,NA,NA,NA,NA,NA,NA,NA,NA,NA,NA,NA,NA,NA
38,Zhou,2014,n,Arachis_hypogaea,39541,39536,y,Arachis_hypogaea,ott39541,ott39536,Terrestrial,n,n,Eukaryota,Archaeplastida,Plants,Eudicots,Angiosperms,Superrosids,Superrosids,Fabids,Eudicots,Eudicots,Fabales,Fabales,Fabaceae,Fabaceae,NA,NA,NA,NA,hermaphrodite,NA,NA,NA,NA,2806.86,2806.86,40,20,166,1685,n,1446.7,0.9,20,NA,NA,NA,0.515415802711927,NA,SC,NA,20,34,Domesticated,herb,broadleaved,NA,C3,non-woody,compound,NA,NA,NA
39,Li,2012,n,Argopecten_irradians,6370122,6370103,y,Argopecten_irradians,ott6370122,ott6370103,Aquatic,n,n,Eukaryota,Opisthokonta ,Animals,Invert,Molluscs,Molluscs,Molluscs,Molluscs,Molluscs,Bivalvia,Ostreoida,Ostreoida,Pectinidae,Pectinidae,H,779.2,781.6,0.996929375639713,NA,NA,NA,NA,1.2,1173.6,1173.6,32,16,NA,161,n,849.3,5.9,16,NA,NA,NA,0.723670756646217,NA,NA,NA,NA,NA,NA,NA,NA,NA,NA,NA,NA,NA,NA,NA
40,Zhu,2014,n,Aristichthys_nobilis,5925455,429092,y,Hypophthalmichthys_nobilis,ott5925455,ott429092,Aquatic,n,n,Eukaryota,Opisthokonta ,Animals,Vert,Fishes,Fishes,Fishes,Fishes,Fishes,Actinopterygii,Cypriniformes,Cypriniformes,Cyprinidae,Cyprinidae,H,1814.6,1620,1.12012345679012,gonochorous,NA,MH,NA,1.05,865.53,865.53,48,24,NA,659,n,1917.3,2.9,24,NA,NA,NA,2.21517451734775,n,NA,NA,NA,NA,NA,NA,NA,NA,NA,NA,NA,NA,NA,NA
41,DeVos,2013,n,Artemia_franciscana,59094,59091,y,Artemia_franciscana,ott59094,ott59091,Aquatic,n,n,Eukaryota,Opisthokonta ,Animals,Invert,Crustaceans,Crustaceans,Crustaceans,Crustaceans,Crustaceans,Branchiopoda,Anostraca,OtherCrust,Artemiidae,OtherCrust,H,1313,1041,1.26128722382325,gonochorous,ZW,FH,NA,0.97,948.66,948.66,42,21,NA,433,y,1177,3.5,21,NA,NA,NA,1.2406974047604,n,NA,NA,NA,NA,NA,NA,NA,NA,NA,NA,NA,NA,NA,NA
42,Phan,2003,n,Ascochyta_rabiei,5712886,335005,y,Didymella_rabiei,ott5712886,ott335005,Plants,y,n,Eukaryota,Opisthokonta ,Fungi,Fungi,Ascomycota,Fungi,Fungi,Fungi,Fungi,Dothideomycetes,Pleosporales,OtherFungi,Didymellaceae,OtherAsco.,NA,NA,NA,NA,NA,H,NA,34.6583,NA,34.6583,34.6583,28,14,96,126,n,1271,15.1,18,NA,NA,NA,36.6723122599781,NA,NA,NA,NA,NA,NA,NA,NA,NA,NA,NA,NA,NA,NA,NA
43,Christians,2011,n,Aspergillus_nidulans,117339,550772,y,Aspergillus_nidulans,ott117339,ott550772,Terrestrial,n,n,Eukaryota,Opisthokonta ,Fungi,Fungi,Ascomycota,Fungi,Fungi,Fungi,Fungi,Eurotiomycetes,Eurotiales,OtherFungi,Trichocomaceae,OtherFungi,NA,NA,NA,NA,NA,H,NA,30.2427,NA,30.2427,30.2427,16,8,61,739,n,3624.7,5,8,3705,NA,NA,119.853716764707,NA,NA,NA,NA,NA,NA,NA,NA,NA,NA,NA,NA,NA,NA,NA
44,Sanetra,2009,n,Astatotilapia_burtoni,5861317,710024,y,Astatotilapia_sp,ott5861317,ott710024,Aquatic,n,n,Eukaryota,Opisthokonta ,Animals,Vert,Fishes,Fishes,Fishes,Fishes,Fishes,Actinopterygii,Perciformes,Perciformes,Cichlidae,Cichlidae,NA,NA,NA,NA,NA,NA,NA,NA,0.97,948.66,948.66,40,20,167,204,n,1249.3,6.12,25,NA,NA,NA,1.31691016802648,n,NA,NA,NA,NA,NA,NA,NA,NA,NA,NA,NA,NA,NA,NA
45,Carlson,2015,n,Astyanax_mexicanus,701518,701508,y,Astyanax_mexicanus,ott701518,ott701508,Aquatic,n,n,Eukaryota,Opisthokonta ,Animals,Vert,Fishes,Fishes,Fishes,Fishes,Fishes,Actinopterygii,Characiformes,OtherFishes,Characidae,OtherFishes,NA,NA,NA,NA,gonochorous,NA,NA,1191.24,NA,1191.24,1191.24,50,25,170,2235,n,2110.7,1.052,25,NA,NA,NA,1.77185118028273,n,NA,NA,NA,NA,NA,NA,NA,NA,NA,NA,NA,NA,NA,NA
46,Nichimori,2000,n,Athalia_rosae,106278,106277,y,Athalia_rosae,ott106278,ott106277,Terrestrial,n,n,Eukaryota,Opisthokonta ,Animals,Invert,Insects,Insects,Insects,Insects,Insects,Insecta,Hymenoptera,Hymenoptera,Tenthredinoidae,OtherHymen,NA,NA,NA,NA,male.haploid,NA,NA,163.838,NA,163.838,163.838,16,8,40,61,n,517.2,NA,16,NA,NA,NA,3.15677681612324,y,NA,NA,NA,NA,NA,NA,NA,NA,NA,NA,NA,NA,NA,NA
47,Chafffin,2016,n,Avena_sativa,790381,790365,y,Avena_sativa,ott790381,ott790365,Terrestrial,n,n,Eukaryota,Archaeplastida,Plants,Monocots,Angiosperms,Commelinid,Commelinid,Commelinid,Monocots,Monocots,Poales,Poales,Poaceae,Poaceae,NA,NA,NA,NA,hermaphrodite,NA,NA,12500,12.5,12938.94,12938.94,42,21,NA,7202,n,2843,NA,21,NA,NA,NA,0.219724335996612,NA,SC,NA,21,46.8,Domesticated,graminoid,broadleaved,NA,C3,non-woody,simple,NA,NA,NA
48,Sim,2017,n,Bactrocera_cucurbitae,227727,753219,y,Bactrocera_cucurbitae,ott227727,ott753219,Terrestrial,n,n,Eukaryota,Animals,Animals,Invert,Insects,Insects,Insects,Insects,Insects,Insecta,Diptera,Diptera,Tephritidae,OtherInsects,NA,NA,NA,NA,gonochorous,XY,MH,NA,NA,373,373,10,5,166,944,n,646,NA,5,NA,NA,NA,1.73190348525469,NA,NA,NA,NA,NA,NA,NA,NA,NA,NA,NA,NA,NA,NA,NA
49,Kuzina,2011,n,Barbarea_vulgaris,35910,35918,y,Barbarea_vulgaris,ott35910,ott35918,Terrestrial,n,n,Eukaryota,Archaeplastida,Plants,Eudicots,Angiosperms,Superrosids,Superrosids,Malvids,Eudicots,Eudicots,Brassicales,Brassicales,Brassicaceae,Brassicaceae,NA,NA,NA,NA,hermaphrodite,NA,NA,167.352,NA,NA,167.352,16,8,129,131,n,889,7.1,8,NA,NA,NA,5.31215641283044,NA,NA,NA,NA,NA,NA,herb,broadleaved,NA,C3,non-woody,simple,NA,NA,NA
50,Brennan,2012,n,Begonia_plebeja,434483,530190,y,Begonia_plebeja,ott434483,ott530190,Terrestrial,n,n,Eukaryota,Archaeplastida,Plants,Eudicots,Angiosperms,Superrosids,Superrosids,Fabids,Eudicots,Eudicots,Cucurbitales,OtherEudicots,Begoniaceae,OtherEudicots,NA,NA,NA,NA,monoecious,NA,NA,294,NA,616.14,616.14,28,14,255,225,n,1099,3.6,14,NA,NA,NA,1.78368552601681,NA,NA,NA,NA,NA,NA,NA,NA,NA,NA,NA,NA,900,30,insects
51,Laurent,2007,n,Beta_vulgaris,273185,892381,y,Beta_vulgaris,ott273185,ott892381,Terrestrial,n,n,Eukaryota,Archaeplastida,Plants,Eudicots,Angiosperms,Superasterids,Superasterids,Superasterids,Eudicots,Eudicots,Caryophyllales,Caryophyllales,Amaranthaceae,Amaranthaceae,NA,NA,NA,NA,hermaphrodite,NA,NA,566.55,NA,1222.5,1222.5,18,9,92,284,n,555,2.2,9,NA,NA,NA,0.45398773006135,NA,NA,NA,NA,NA,NA,herb,broadleaved,NA,C3,non-woody,simple,NA,NA,NA
52,Jiang,2011,n,Betula_pendula,5922058,267719,y,Betula_pendula,ott5922058,ott267719,Terrestrial,n,n,Eukaryota,Archaeplastida,Plants,Eudicots,Angiosperms,Superrosids,Superrosids,Fabids,Eudicots,Eudicots,Fagales,Fagales,Betulaceae,Betulaceae,NA,NA,NA,NA,NA,NA,NA,NA,1.4,1369.2,1369.2,28,14,80,226,n,2489.7,13.1,23,3097.2,1.008,1.008,1.81836108676599,NA,NA,NA,NA,NA,NA,NA,NA,NA,NA,NA,NA,NA,NA,NA
53,Jiang,2011,n,Betula_platyphylla,731671,267715,y,Betula_platyphylla,ott731671,ott267715,Terrestrial,n,n,Eukaryota,Archaeplastida,Plants,Eudicots,Angiosperms,Superrosids,Superrosids,Fabids,Eudicots,Eudicots,Fagales,Fagales,Betulaceae,Betulaceae,NA,NA,NA,NA,NA,NA,NA,NA,NA,NA,NA,28,14,80,226,n,2864.5,14.3,24,3552.7,86.2,NA,#VALUE!,NA,NA,NA,NA,NA,NA,tree,broadleaved,deciduous,C3,woody,simple,NA,NA,NA
54,Beldade,2009,n,Bicyclus_anynana,3108421,539845,y,Mycalesis_anynana,ott3108421,ott539845,Terrestrial,n,n,Eukaryota,Opisthokonta ,Animals,Invert,Insects,Insects,Insects,Insects,Insects,Insecta,Lepidoptera,Lepidoptera,Nymphalidae,Nymphalidae,A,NA,NA,NA,gonochorous,NA,NA,NA,0.49,479.22,479.22,56,28,288,297,n,1642.2,NA,27,NA,NA,NA,3.42681858019281,n,NA,NA,NA,NA,NA,NA,NA,NA,NA,NA,NA,NA,NA,NA
55,Schnabel,2003,n,Bison_bison,907693,907692,y,Bison_bison,ott907693,ott907692,Terrestrial,n,n,Eukaryota,Opisthokonta ,Animals,Vert,Mammals,Mammals,Mammals,Mammals,Mammals,Mammalia,Artiodactyla,Artiodactyla,Bovidae,Bovidae,NA,NA,NA,NA,gonochorous,XY,MH,2828.03,4.9,4792.2,4792.2,60,30,NA,292,n,2647,NA,29,NA,NA,NA,0.552355911689829,n,NA,NA,NA,NA,NA,NA,NA,NA,NA,NA,NA,NA,NA,NA
56,VantHof,2013,n,Biston_betularia,968114,968120,y,Biston_betularia,ott968114,ott968120,Terrestrial,n,n,Eukaryota,Opisthokonta ,Animals,Invert,Insects,Insects,Insects,Insects,Insects,Insecta,Lepidoptera,Lepidoptera,Geometridae,OtherLepid,A,NA,NA,NA,gonochorous,ZW,NA,500,NA,NA,500,62,31,73,227,n,1638,NA,31,NA,NA,NA,3.276,n,NA,NA,NA,NA,NA,NA,NA,NA,NA,NA,NA,NA,NA,NA
57,Pedersen,2002,n,Blumeria_graminis,555363,555362,y,Blumeria_graminis,ott555363,ott555362,Plants,y,n,Eukaryota,Opisthokonta ,Fungi,Fungi,Ascomycota,Fungi,Fungi,Fungi,Fungi,Leotiomycetes,Erysiphales,OtherFungi,Erysiphaceae,OtherAsco.,NA,NA,NA,NA,NA,H,NA,118.726,NA,118.726,118.726,NA,NA,81,359,n,2114,NA,34,NA,NA,NA,17.8057038896282,NA,NA,NA,NA,NA,NA,NA,NA,NA,NA,NA,NA,NA,NA,NA
58,Liu,2014,n,Boehmeria_nivea,594991,594987,y,Boehmeria_nivea,ott594991,ott594987,Terrestrial,n,n,Eukaryota,Archaeplastida,Plants,Eudicots,Angiosperms,Superrosids,Superrosids,Fabids,Eudicots,Eudicots,Rosales,Rosales,Urticaceae,OtherEudicots,NA,NA,NA,NA,monoecious,NA,NA,716,NA,NA,716,28,14,147,142,n,2265.1,17.1,18,NA,NA,NA,3.16354748603352,NA,NA,NA,14,27.06,Cultivated,herb/shrub,broadleaved,NA,C3,non-woody/woody,NA,80,40,wind
59,Stolle,2011,n,Bombus_terrestris,161197,67333,y,Bombus_terrestris,ott161197,ott67333,Terrestrial,n,n,Eukaryota,Opisthokonta ,Animals,Invert,Insects,Insects,Insects,Insects,Insects,Insecta,Hymenoptera,Hymenoptera,Apidae,Apidae,NA,NA,NA,NA,male.haploid,NA,NA,248.654,0.53,518.34,518.34,36,18,NA,516,n,2047,4.02,18,NA,4.4,NA,3.94914534861288,y,NA,NA,NA,NA,NA,NA,NA,NA,NA,NA,NA,NA,NA,NA
60,Corbet-Detig,2015,y,Bombyx_mori,440274,440273,y,Bombyx_mori,ott440274,ott440273,Terrestrial,n,n,Eukaryota,Opisthokonta ,Animals,Invert,Insects,Insects,Insects,Insects,Insects,Insecta,Lepidoptera,Lepidoptera,Bombycidae,Bombycidae,A,NA,NA,NA,gonochorous,ZW,FH,513.45,0.525,513.45,513.45,56,28,NA,1604,n,685.25,0.427213216957606,NA,NA,1.49298365007623,NA,1.33459927938456,n,NA,NA,NA,NA,NA,NA,NA,NA,NA,NA,NA,NA,NA,NA
61,Zhan,2009,n,Bombyx_mori,440274,440273,y,Bombyx_mori,ott440274,ott440273,Terrestrial,n,n,Eukaryota,Opisthokonta ,Animals,Invert,Insects,Insects,Insects,Insects,Insects,Insecta,Lepidoptera,Lepidoptera,Bombycidae,Bombycidae,A,NA,NA,NA,gonochorous,ZW,FH,450.81,0.525,513.45,513.45,56,28,NA,692,n,3320,6.3,27,NA,NA,NA,6.4660629077807,n,NA,NA,NA,NA,NA,NA,NA,NA,NA,NA,NA,NA,NA,NA
62,Corbet-Detig,2015,y,Bos_taurus,490099,1066581,y,Bos_taurus,ott490099,ott1066581,Terrestrial,n,y,Eukaryota,Opisthokonta ,Animals,Vert,Mammals,Mammals,Mammals,Mammals,Mammals,Mammalia,Artiodactyla,Artiodactyla,Bovidae,Bovidae,NA,NA,NA,NA,gonochorous,XY,MH,3569.7,3.61666666666667,3537.1,3537.1,62,31,NA,5499,n,3097.366,0.563259865430078,NA,NA,1.26304440926021,NA,0.875679511464193,n,NA,NA,NA,NA,NA,NA,NA,NA,NA,NA,NA,NA,NA,NA
63,Ihara,2004,n,Bos_taurus,490099,1066581,y,Bos_taurus,ott490099,ott1066581,Terrestrial,n,y,Eukaryota,Opisthokonta ,Animals,Vert,Mammals,Mammals,Mammals,Mammals,Mammals,Mammalia,Artiodactyla,Artiodactyla,Bovidae,Bovidae,NA,NA,NA,NA,gonochorous,XY,NA,NA,NA,3537.1,3537.1,62,31,NA,3960,n,3159.1,1.4,29,NA,29,NA,0.893132792400553,n,NA,NA,NA,NA,NA,NA,NA,NA,NA,NA,NA,NA,NA,NA
64,Corbet-Detig,2015,y,Brachypodium_distachyon,413237,413242,y,Brachypodium_distachyon,ott413237,ott413242,Terrestrial,n,n,Eukaryota,Archaeplastida,Plants,Monocots,Angiosperms,Commelinid,Commelinid,Commelinid,Monocots,Monocots,Poales,Poales,Poaceae,Poaceae,NA,NA,NA,NA,NA,NA,NA,352.08,NA,352.08,352.08,10,5,NA,556,n,1598,2.87410071942446,NA,NA,6.01348055256947,NA,4.53874119518291,NA,NA,NA,NA,NA,NA,graminoid,broadleaved,NA,C3,non-woody,simple,NA,NA,NA
65,Holloway,2001,n,Bracon_hebetor,3293364,1089665,y,Bracon_brevicornis,ott3293364,ott1089665,Animals,y,n,Eukaryota,Opisthokonta ,Animals,Invert,Insects,Insects,Insects,Insects,Insects,Insecta,Hymenoptera,Hymenoptera,Braconidae,OtherHymen,NA,NA,NA,NA,male.haploid,NA,NA,NA,NA,165,165,20,10,159,71,n,536.1,7.45,10,NA,NA,NA,3.24909090909091,n,NA,NA,NA,NA,NA,NA,NA,NA,NA,NA,NA,NA,NA,NA
66,Cheng,2009,n,Brassica_campestris,240937,833632,y,Brassica_rapa_oleifera,ott240937,ott833632,Terrestrial,n,n,Eukaryota,Archaeplastida,Plants,Eudicots,Angiosperms,Superrosids,Superrosids,Malvids,Eudicots,Eudicots,Brassicales,Brassicales,Brassicaceae,Brassicaceae,NA,NA,NA,NA,NA,NA,NA,NA,NA,567.24,567.24,20,10,NA,268,n,973.3,3.63,10,NA,NA,NA,1.71585219660109,NA,NA,NA,NA,NA,NA,NA,NA,NA,NA,NA,NA,NA,NA,NA
67,Zou,2014,n,Brassica_carinata,749459,309288,y,Brassica_carinata,ott749459,ott309288,Terrestrial,n,n,Eukaryota,Archaeplastida,Plants,Eudicots,Angiosperms,Superrosids,Superrosids,Malvids,Eudicots,Eudicots,Brassicales,Brassicales,Brassicaceae,Brassicaceae,NA,NA,NA,NA,NA,NA,NA,NA,NA,1545.24,1545.24,34,17,NA,1366,n,2048,0.5,17,NA,NA,NA,1.32536046180529,NA,NA,NA,NA,NA,NA,herb,broadleaved,NA,NA,non-woody,simple,NA,NA,NA
68,Zou,2016,n,Brassica_juncea,309279,309288,y,Brassica_juncea,ott309279,ott309288,Terrestrial,n,n,Eukaryota,Archaeplastida,Plants,Eudicots,Angiosperms,Superrosids,Superrosids,Malvids,Eudicots,Eudicots,Brassicales,Brassicales,Brassicaceae,Brassicaceae,NA,NA,NA,NA,hermaphrodite,NA,NA,954.861,NA,1496.34,1496.34,36,18,NA,3329,n,1579,0.5,18,NA,NA,NA,1.05524145581886,NA,both,NA,NA,NA,NA,herb,broadleaved,NA,C3,non-woody,simple,NA,NA,NA
69,Zhang,2016,n,Brassica_napus,309234,309288,y,Brassica_napus,ott309234,ott309288,Terrestrial,n,n,Eukaryota,Archaeplastida,Plants,Eudicots,Angiosperms,Superrosids,Superrosids,Malvids,Eudicots,Eudicots,Brassicales,Brassicales,Brassicaceae,Brassicaceae,NA,NA,NA,NA,NA,NA,NA,930.508,NA,1124.7,1124.7,38,19,202,1826,n,1917.9,1.18,19,NA,NA,NA,1.70525473459589,NA,NA,NA,NA,NA,NA,herb,broadleaved,NA,C3,non-woody,simple,NA,NA,NA
70,Zhao,2016,n,Brassica_oleracea,833642,309288,y,Brassica_oleracea,ott833642,ott309288,Terrestrial,n,n,Eukaryota,Archaeplastida,Plants,Eudicots,Angiosperms,Superrosids,Superrosids,Malvids,Eudicots,Eudicots,Brassicales,Brassicales,Brassicaceae,Brassicaceae,NA,NA,NA,NA,hermaphrodite,NA,NA,488.954,0.779959100204499,762.8,762.8,18,9,NA,2741,n,890.01,0.5,8,NA,2.11,2.11,1.16676717357105,NA,SI,NA,NA,NA,NA,herb,broadleaved,NA,C3,non-woody,simple,NA,NA,NA
71,Yu,2016,n,Brassica_rapa,833632,309288,y,Brassica_rapa,ott833632,ott309288,Terrestrial,n,n,Eukaryota,Archaeplastida,Plants,Eudicots,Angiosperms,Superrosids,Superrosids,Malvids,Eudicots,Eudicots,Brassicales,Brassicales,Brassicaceae,Brassicaceae,NA,NA,NA,NA,hermaphrodite,NA,NA,284.129,NA,782.4,782.4,20,10,NA,3688,n,858.98,0.81,10,NA,NA,NA,1.09787832310838,NA,both ,NA,NA,NA,NA,herb,broadleaved,NA,C3,non-woody,simple,NA,NA,NA
72,Corbet-Detig,2015,y,Caenorhabditis_briggsae,395053,395055,y,Caenorhabditis_briggsae,ott395053,ott395055,Complex,n,n,Eukaryota,Opisthokonta ,Animals,Invert,Nematode,UnSeg.Worms,UnSeg.Worms,UnSeg.Worms,UnSeg.Worms,Secernentea,Rhabditida,Rhabditida,Rhabditidae,Rhabditidae,NA,NA,NA,NA,NA,NA,NA,108.384,NA,108.384,108.384,12,6,NA,NA,n,484.4527,2.91838975903614,NA,NA,6.13822501209931,NA,4.46978059492176,n,NA,NA,NA,NA,NA,NA,NA,NA,NA,NA,NA,NA,NA,NA
73,Corbet-Detig,2015,y,Caenorhabditis_elegans,395048,395055,y,Caenorhabditis_elegans,ott395048,ott395055,Complex,n,n,Eukaryota,Opisthokonta ,Animals,Invert,Nematode,UnSeg.Worms,UnSeg.Worms,UnSeg.Worms,UnSeg.Worms,Secernentea,Rhabditida,Rhabditida,Rhabditidae,Rhabditidae,NA,NA,NA,NA,NA,NA,NA,100.286,NA,100.286,100.286,12,6,NA,5220,n,233.287,0.0446909961685824,NA,NA,2.83413845735893,NA,2.32621701932473,n,NA,NA,NA,NA,NA,NA,NA,NA,NA,NA,NA,NA,NA,NA
74,Bohra,2012,n,Cajanus_cajan,612448,612451,y,Cajanus_cajan,ott612448,ott612451,Terrestrial,n,n,Eukaryota,Archaeplastida,Plants,Eudicots,Angiosperms,Superrosids,Superrosids,Fabids,Eudicots,Eudicots,Fabales,Fabales,Fabaceae,Fabaceae,NA,NA,NA,NA,NA,NA,NA,592.817,NA,860.64,860.64,22,11,188,339,n,1059,3.1,11,NA,NA,NA,1.23047964305633,NA,NA,NA,11,21.02,Domesticated,shrub,broadleaved,NA,C3,woody,compound,NA,NA,NA
75,Sakaguchi,2015,n,Callitris_glaucophylla,615108,1080797,y,Callitris_glaucophylla,ott615108,ott1080797,Terrestrial,n,n,Eukaryota,Archaeplastida,Plants,Conifers,Pinophyta,Conifers,Conifers,Conifers,Conifers,Pinopsida,Pinales,Pinales,Cupressaceae,OtherConifer,NA,NA,NA,NA,NA,NA,NA,NA,NA,NA,NA,22,11,55,7565,n,5362,NA,11,NA,NA,NA,#VALUE!,NA,NA,NA,NA,NA,NA,tree,scale-shaped,evergreen,C3,woody,simple,NA,NA,NA
76,Gehringer,2006,n,Camelina_sativa,776348,502916,y,Camelina_sativa,ott776348,ott502916,Terrestrial,n,n,Eukaryota,Archaeplastida,Plants,Eudicots,Angiosperms,Superrosids,Superrosids,Malvids,Eudicots,Eudicots,Brassicales,Brassicales,Brassicaceae,Brassicaceae,NA,NA,NA,NA,NA,NA,NA,641.356,NA,641.356,641.356,40,20,NA,160,n,1385.6,8.6,20,NA,NA,NA,2.16042260460649,NA,both,NA,NA,NA,NA,herb,broadleaved,NA,C3,non-woody,simple,NA,NA,NA
77,Taniguchi,2012,n,Camellia_sinensis,1058509,1058508,y,Camellia_sinensis,ott1058509,ott1058508,Terrestrial,n,n,Eukaryota,Archaeplastida,Plants,Eudicots,Angiosperms,Superrosids,Superrosids,Malvids,Eudicots,Eudicots,Brassicales,Brassicales,Brassicaceae,Brassicaceae,NA,NA,NA,NA,NA,NA,NA,NA,3.9,3814.2,3814.2,30,15,NA,1124,n,1218,4.35,15,NA,0.354,0.354,0.319333018719522,NA,NA,NA,NA,NA,NA,shrub/tree,broadleaved,evergreen,C3,woody,simple,NA,NA,NA
78,Corbet-Detig,2015,y,Canis_lupus,247341,372706,y,Canis_lupus,ott247341,ott372706,Terrestrial,n,y,Eukaryota,Opisthokonta ,Animals,Vert,Mammals,Mammals,Mammals,Mammals,Mammals,Mammalia,Carnivora,Carnivora,Canidae,OtherCarnivor,NA,NA,NA,NA,gonochorous,XY,NA,2748.18,2.81,2748.18,2748.18,78,39,NA,3065,n,2084.8,0.680195758564437,NA,NA,0.970384921355155,NA,0.758611153563449,n,NA,NA,NA,NA,NA,NA,NA,NA,NA,NA,NA,NA,NA,NA
79,Wong,2010,n,Canis_lupus,247341,372706,y,Canis_lupus,ott247341,ott372706,Terrestrial,n,y,Eukaryota,Opisthokonta ,Animals,Vert,Mammals,Mammals,Mammals,Mammals,Mammals,Mammalia,Carnivora,Carnivora,Canidae,OtherCarnivor,NA,2387.7,1910,1.25010471204188,gonochorous,XY,NA,2748.18,2.81,2748.18,2748.18,78,39,NA,3549,n,2085.1,0.7,39,NA,0.97,NA,0.758720316718701,n,NA,NA,NA,NA,NA,NA,NA,NA,NA,NA,NA,NA,NA,NA
80,Schibler,1998,n,Capra_hircus,19017,19014,y,Capra_hircus,ott19017,ott19014,Terrestrial,n,y,Eukaryota,Opisthokonta ,Animals,Vert,Mammals,Mammals,Mammals,Mammals,Mammals,Mammalia,Artiodactyla,Artiodactyla,Bovidae,Bovidae,NA,NA,NA,NA,gonochorous,XY,MH,2922.81,3.24,3168.72,3168.72,60,30,430,284,n,2737,14.5,40,3100,NA,NA,0.863755712085637,n,NA,NA,NA,NA,NA,NA,NA,NA,NA,NA,NA,NA,NA,NA
81,Linde,2001,n,Capsella_bursa-pastoris,833644,833648,y,Capsella_bursa-pastoris,ott833644,ott833648,Terrestrial,n,n,Eukaryota,Archaeplastida,Plants,Eudicots,Angiosperms,Superrosids,Superrosids,Malvids,Eudicots,Eudicots,Brassicales,Brassicales,Brassicaceae,Brassicaceae,NA,NA,NA,NA,hermaphrodite,NA,NA,268.431,5.81,391.2,391.2,32,16,113,114,n,1064.4,9.93,17,NA,NA,NA,2.72085889570552,NA,NA,NA,NA,NA,NA,herb,broadleaved,NA,C3,non-woody,simple,NA,NA,NA
82,Corbet-Detig,2015,y,Capsella_rubella,19798,833648,y,Capsella_rubella,ott19798,ott833648,Terrestrial,n,n,Eukaryota,Archaeplastida,Plants,Eudicots,Angiosperms,Superrosids,Superrosids,Malvids,Eudicots,Eudicots,Brassicales,Brassicales,Brassicaceae,Brassicaceae,NA,NA,NA,NA,NA,NA,NA,215.16,NA,215.16,215.16,16,8,NA,877,n,381.82633647,0.435377806693273,NA,NA,3.21595887311511,NA,1.77461580437814,NA,NA,NA,NA,NA,NA,NA,broadleaved,NA,C3,non-woody,NA,NA,NA,NA
83,Han,2016,n,Capsicum_annuum,473836,473824,y,Capsicum_annuum,ott473836,ott473824,Terrestrial,n,n,Eukaryota,Archaeplastida,Plants,Eudicots,Angiosperms,Superasterids,Superasterids,Lamiids,Eudicots,Eudicots,Solanales,Solanales,Solanaceae,Solanaceae,NA,NA,NA,NA,NA,NA,NA,2935.88,NA,3090.48,3090.48,24,12,120,2578,n,1372,0.53,12,NA,NA,NA,0.443943982811732,NA,SC,NA,12,22.08,Domesticated,herb/shrub,broadleaved,evergreen,C3,non-woody/woody,simple,NA,NA,NA
84,Lee,2016,n,Capsicum_baccatum,232458,473824,y,Capsicum_baccatum,ott232458,ott473824,Terrestrial,n,n,Eukaryota,Archaeplastida,Plants,Eudicots,Angiosperms,Superasterids,Superasterids,Lamiids,Eudicots,Eudicots,Solanales,Solanales,Solanaceae,Solanaceae,NA,NA,NA,NA,NA,NA,NA,NA,NA,3628.38,3628.38,24,12,94,395,n,1056,2.67,12,NA,NA,NA,0.291038976071966,NA,NA,NA,12,22.1,Domesticated,NA,NA,NA,NA,NA,NA,NA,NA,NA
85,Kuang,2016,n,Carassius_auratus,1005907,1005913,y,Carassius_auratus,ott1005907,ott1005913,Aquatic,n,y,Eukaryota,Opisthokonta ,Animals,Vert,Fishes,Fishes,Fishes,Fishes,Fishes,Actinopterygii,Cypriniformes,Cypriniformes,Cyprinidae,Cyprinidae,NA,NA,NA,NA,NA,NA,NA,NA,NA,1643.04,1643.04,100,50,79,8521,n,5252,0.62,50,NA,NA,NA,3.19651377933587,n,NA,NA,NA,NA,NA,NA,NA,NA,NA,NA,NA,NA,NA,NA
86,Chen,2007,n,Carica_papaya,429474,429479,y,Carica_papaya,ott429474,ott429479,Terrestrial,n,n,Eukaryota,Archaeplastida,Plants,Eudicots,Angiosperms,Superrosids,Superrosids,Malvids,Eudicots,Eudicots,Brassicales,Brassicales,Caricaceae,OtherEudicots,NA,NA,NA,NA,polygamodioecy,NA,NA,369.782,0.380368098159509,372,372,36,18,54,707,n,1069.9,1.5,12,NA,1.526,1.526,2.8760752688172,NA,SC,P,NA,NA,NA,tree,broadleaved,evergreen,C3,woody,simple,1,1,insects
87,Bowers,2016,n,Carthamus_tinctorius,1061541,1092848,y,Carthamus_tinctorius,ott1061541,ott1092848,Terrestrial,n,n,Eukaryota,Archaeplastida,Plants,Eudicots,Angiosperms,Superasterids,Superasterids,Campanulids,Eudicots,Eudicots,Asterales,Asterales,Asteraceae,Asteraceae,NA,NA,NA,NA,hermaphrodite,NA,NA,661.938,NA,1369.2,1369.2,24,12,96,57388,n,959.44,NA,12,NA,NA,NA,0.70073035349109,NA,SC,NA,NA,NA,NA,herb,broadleaved,NA,C3,non-woody,simple,NA,NA,NA
88,Kubisiak,2013,n,Castanea_mollissima,540978,452591,y,Castanea_mollissima,ott540978,ott452591,Terrestrial,n,n,Eukaryota,Archaeplastida,Plants,Eudicots,Angiosperms,Superrosids,Superrosids,Fabids,Eudicots,Eudicots,Fagales,Fagales,Fagaceae,Fagaceae,NA,NA,NA,NA,NA,NA,NA,833.241,NA,833.241,833.241,24,12,337,1393,n,743,NA,12,NA,NA,NA,0.891698800227065,NA,NA,NA,NA,NA,NA,tree,broadleaved,deciduous,C3,woody,simple,NA,NA,NA
89,Sharma,2011,n,Catharanthus_roseus,524094,524057,y,Catharanthus_roseus,ott524094,ott524057,Terrestrial,n,n,Eukaryota,Archaeplastida,Plants,Eudicots,Angiosperms,Superasterids,Superasterids,Lamiids,Eudicots,Eudicots,Gentianales,Gentianales,Apocynaceae,OtherEudicots,NA,NA,NA,NA,NA,NA,NA,522.654,2.4299591002045,2376.5,2376.5,12,6,187,564,n,1790.4,10.3,8,NA,0.488,0.488,0.753376814643383,NA,NA,NA,NA,NA,NA,shrub,broadleaved,NA,C3,woody,simple,NA,NA,NA
90,Nakazato,2006,n,Ceratopteris_richardii,609865,190948,y,Ceratopteris_cornuta,ott609865,ott190948,Aquatic,n,n,Eukaryota,Archaeplastida,Plants,OtherPlants,Pteridophyta,OtherPlants,OtherPlants,OtherPlants,OtherPlants,Pteridopsida,Polypodiales,OtherPlants,Pteridopsidae,OtherPlants,NA,NA,NA,NA,hermaphrodite,NA,NA,NA,NA,11294,11294,78,39,NA,729,n,2178.8,3.18,41,2450.9,4.6,NA,0.192916592881176,y,NA,NA,NA,NA,NA,NA,NA,NA,NA,NA,NA,NA,NA,NA
91,Johnston,2017,n,Cervus_elaphus,936014,460519,y,Cervus_elaphus,ott936014,ott460519,Terrestrial,n,y,Eukaryota,Opisthokonta ,Animals,Vert,Mammals,Mammals,Mammals,Mammals,Mammals,Mammalia,Artiodactyla,Artiodactyla,Cervidae,OtherArtiodact,NA,2767.4,2280.8,1.21334619431778,gonochorous,XY,MH,NA,NA,NA,NA,68,34,2880,38038,n,2739.7,NA,34,NA,NA,NA,#VALUE!,n,NA,NA,NA,NA,NA,NA,NA,NA,NA,NA,NA,NA,NA,NA
92,Maughan,2012,n,Chenopodium_quinoa,117198,892400,y,Chenopodium_quinoa,ott117198,ott892400,Terrestrial,n,n,Eukaryota,Archaeplastida,Plants,Eudicots,Angiosperms,Superasterids,Superasterids,Superasterids,Eudicots,Eudicots,Caryophyllales,Caryophyllales,Amaranthaceae,Amaranthaceae,NA,NA,NA,NA,NA,NA,NA,1333.4,NA,1447.44,1447.44,36,18,NA,14689,n,1404,3.1,20,NA,NA,NA,0.969988393301277,NA,NA,NA,NA,NA,NA,herb,broadleaved,NA,C3,non-woody,simple,NA,NA,NA
93,Chen,2010,n,Chimonanthus_praecox,324777,324775,y,Chimonanthus_praecox,ott324777,ott324775,Terrestrial,n,n,Eukaryota,Archaeplastida,Plants,Eudicots,Angiosperms,Magnoliids,Magnoliids,Magnoliids,Magnoliids,Eudicots,Lauales,Magnoliids,Calycanthaceae,OtherEudicots,NA,2417.8,1184.2,2.04171592636379,NA,NA,NA,NA,NA,NA,600,22,11,NA,84,y,1801,NA,12,NA,NA,NA,3.00166666666667,NA,NA,NA,NA,NA,NA,shrub/tree,broadleaved,deciduous,NA,woody,simple,NA,NA,NA
94,Kathir,2003,n,Chlamydomonas_reinhardtii,33153,33160,y,Chlamydomonas_reinhardtii,ott33153,ott33160,Aquatic,n,n,Eukaryota,Archaeplastida,Plants,OtherPlants,Chlorophyta,OtherPlants,OtherPlants,OtherPlants,OtherPlants,Chlorophyceae,Chlamydomoadales,OtherPlants,Chlamydomoadaceae,OtherPlants,NA,NA,NA,NA,NA,NA,NA,120.405,NA,120.405,120.405,34,17,NA,264,n,1000,2,17,NA,NA,NA,8.30530293592459,NA,NA,NA,NA,NA,NA,NA,NA,NA,NA,NA,NA,NA,NA,NA
95,Zhan,2009,n,Chlamys_farreri,100122,100121,y,Notochlamys_hexactes,ott100122,ott100121,Aquatic,n,n,Eukaryota,Opisthokonta ,Animals,Invert,Molluscs,Molluscs,Molluscs,Molluscs,Molluscs,Bivalvia,Ostreoida,Ostreoida,Pectinidae,Pectinidae,NA,NA,NA,NA,NA,NA,NA,NA,1.272,1244.016,1244.016,38,19,NA,154,n,1561.8,12.3,19,NA,NA,NA,1.25545009067407,NA,NA,NA,NA,NA,NA,NA,NA,NA,NA,NA,NA,NA,NA,NA
96,Yuan,2010,n,Chlamys_noblis,6343069,100121,y,Notochlamys_foulcheri,ott6343069,ott100121,Aquatic,n,n,Eukaryota,Opisthokonta ,Animals,Invert,Molluscs,Molluscs,Molluscs,Molluscs,Molluscs,Bivalvia,Ostreoida,Ostreoida,Pectinidae,Pectinidae,NA,1698.6,1519,1.11823568136932,NA,NA,NA,NA,NA,NA,NA,32,16,NA,117,y,1608.8,NA,16,NA,NA,NA,#VALUE!,NA,NA,NA,NA,NA,NA,NA,NA,NA,NA,NA,NA,NA,NA,NA
97,Zhang,2011,n,Chrysanthemum_morifolium,452366,692375,y,Chrysanthemum_japonense,ott452366,ott692375,Terrestrial,n,n,Eukaryota,Archaeplastida,Plants,Eudicots,Angiosperms,Superasterids,Superasterids,Campanulids,Eudicots,Eudicots,Asterales,Asterales,Asteraceae,Asteraceae,NA,NA,NA,NA,NA,NA,NA,NA,NA,8635.74,8635.74,54,27,142,342,n,2873,6.6,55,NA,NA,NA,0.332687181411205,NA,NA,NA,NA,NA,NA,NA,broadleaved,NA,NA,NA,NA,NA,NA,NA
98,Gaur,2015,n,Cicer_arietinum,612429,612433,y,Cicer_arietinum,ott612429,ott612433,Terrestrial,n,n,Eukaryota,Archaeplastida,Plants,Eudicots,Angiosperms,Superrosids,Superrosids,Fabids,Eudicots,Eudicots,Fabales,Fabales,Fabaceae,Fabaceae,NA,NA,NA,NA,NA,NA,NA,530.894,NA,929.1,929.1,16,8,NA,6714,n,1083.93,0.16,8,NA,NA,NA,1.16664514045851,NA,NA,NA,8,10.22,Domesticated,herb,broadleaved,NA,C3,non-woody,compound,NA,NA,NA
99,Kano,2007,n,Ciona_intestinalis,744224,744230,y,Ciona_intestinalis,ott744224,ott744230,Aquatic,n,n,Eukaryota,Opisthokonta ,Animals,Invert,Tunicate,OtherAnimals,OtherAnimals,OtherAnimals,OtherAnimals,Ascidiacea,Enterogona,Enterogona,Coinidae,Coinidae,NA,NA,NA,NA,hermaphrodite,NA,NA,NA,NA,NA,150,28,14,50,276,n,4218.9,15.1,14,6199.8,NA,NA,28.126,n,NA,NA,NA,NA,NA,NA,NA,NA,NA,NA,NA,NA,NA,NA
100,Hill,2008,n,Ciona_savignyi,677382,744230,y,Ciona_savignyi,ott677382,ott744230,Aquatic,n,n,Eukaryota,Opisthokonta ,Animals,Invert,Tunicate,OtherAnimals,OtherAnimals,OtherAnimals,OtherAnimals,Ascidiacea,Enterogona,Enterogona,Coinidae,Coinidae,NA,NA,NA,NA,hermaphrodite,NA,NA,NA,NA,NA,170,28,14,48,110,n,650,4.4,14,783,200,NA,3.82352941176471,n,NA,NA,NA,NA,NA,NA,NA,NA,NA,NA,NA,NA,NA,NA
101,Corbet-Detig,2015,y,Citrullus_lanatus,1006251,1006276,y,Citrullus_lanatus,ott1006251,ott1006276,Terrestrial,n,n,Eukaryota,Archaeplastida,Plants,Eudicots,Angiosperms,Superrosids,Superrosids,Fabids,Eudicots,Eudicots,Cucurbitales,Cucurbitales,Cucurbitaceae,Cucurbitaceae,NA,NA,NA,NA,monoecious,NA,NA,440.1,NA,440.1,440.1,22,11,NA,922,n,799.3,0.866919739696312,NA,NA,2.45310944819569,NA,1.81617814133152,NA,NA,NA,11,20.26,Domesticated,herb,broadleaved,NA,C3,non-woody,simple,7,2,insects
102,Reddy,2014,n,Citrullus_lanatus,1006251,1006276,y,Citrullus_lanatus,ott1006251,ott1006276,Terrestrial,n,n,Eukaryota,Archaeplastida,Plants,Eudicots,Angiosperms,Superrosids,Superrosids,Fabids,Eudicots,Eudicots,Cucurbitales,Cucurbitales,Cucurbitaceae,Cucurbitaceae,NA,NA,NA,NA,monoecious,NA,NA,321.047,NA,321.047,440.1,22,11,NA,10480,n,1096,NA,11,NA,NA,NA,2.49034310384004,NA,NA,NA,11,20.26,Domesticated,herb,broadleaved,NA,C3,non-woody,simple,7,2,insects
103,Corbet-Detig,2015,y,Citrus_clementina,236255,929678,y,Citrus_clementina,ott236255,ott929678,Terrestrial,n,n,Eukaryota,Archaeplastida,Plants,Eudicots,Angiosperms,Superrosids,Superrosids,Malvids,Eudicots,Eudicots,Sapindales,Sapindales,Rutaceae,Rutaceae,NA,NA,NA,NA,NA,NA,NA,469.44,NA,469.44,469.44,18,9,NA,517,n,1084.08,2.0968665377176,NA,NA,3.82954812967632,NA,2.30930470347648,NA,NA,NA,NA,NA,NA,NA,NA,NA,NA,NA,NA,NA,NA,NA
104,Ollitrault,2012,n,Citrus_clementina,236255,929678,y,Citrus_clementina,ott236255,ott929678,Terrestrial,n,n,Eukaryota,Archaeplastida,Plants,Eudicots,Angiosperms,Superrosids,Superrosids,Malvids,Eudicots,Eudicots,Sapindales,Sapindales,Rutaceae,Rutaceae,NA,NA,NA,NA,NA,NA,NA,301.365,NA,301.365,301.365,18,9,NA,961,n,1084.1,NA,9,NA,NA,NA,3.59729895641498,NA,NA,NA,NA,NA,NA,NA,NA,NA,NA,NA,NA,NA,NA,NA
105,Guo,2015,n,Citrus_sinensis,3942433,929678,y,Citrus_sinensis,ott3942433,ott929678,Terrestrial,n,n,Eukaryota,Archaeplastida,Plants,Eudicots,Angiosperms,Superrosids,Superrosids,Malvids,Eudicots,Eudicots,Sapindales,Sapindales,Rutaceae,Rutaceae,NA,NA,NA,NA,NA,NA,NA,327.83,0.375255623721881,490.956,490.956,18,9,124,1563,n,976.58,0.62,9,NA,5.236,5.236,1.98913955629425,NA,NA,NA,NA,NA,NA,tree,broadleaved,evergreen,C3,woody,compound,NA,NA,NA
106,Shimada,2014,n,Citrus_unshiu,1011450,929678,y,Citrus_unshiu,ott1011450,ott929678,Terrestrial,n,n,Eukaryota,Archaeplastida,Plants,Eudicots,Angiosperms,Superrosids,Superrosids,Malvids,Eudicots,Eudicots,Sapindales,Sapindales,Rutaceae,Rutaceae,NA,NA,NA,NA,NA,NA,NA,1.1542,NA,NA,NA,18,9,87,706,n,990.9,1.4,9,NA,NA,NA,#VALUE!,NA,NA,NA,NA,NA,NA,tree,broadleaved,evergreen,C3,woody,NA,NA,NA,NA
107,Kaiser,2012,n,Clunio_marinus,192116,158195,y,Clunio_marinus,ott192116,ott158195,Terrestrial,n,n,Eukaryota,Opisthokonta ,Animals,Invert,Insects,Insects,Insects,Insects,Insects,Insecta,Diptera,Diptera,Chironomidae,OtherDiptera,NA,167.2,192.1,0.870380010411244,gonochorous,NA,NA,85.4914,NA,95,95,6,3,54,344,y,179.65,5,3,NA,NA,NA,1.89105263157895,n,NA,NA,NA,NA,NA,NA,NA,NA,NA,NA,NA,NA,NA,NA
108,Zhong,2002,n,Cochliobus_sativus,204741,432347,y,Bipolaris_sorokiniana,ott204741,ott432347,Plants,y,n,Eukaryota,Opisthokonta ,Fungi,Fungi,Ascomycota,Fungi,Fungi,Fungi,Fungi,Dothideomycetes,Pleosporales,OtherFungi,Pleosporaceae,OtherAsco.,NA,NA,NA,NA,NA,H,NA,NA,NA,33.4,33.4,30,15,104,158,n,849.4,31.5,27,1329,25,NA,25.4311377245509,NA,NA,NA,NA,NA,NA,NA,NA,NA,NA,NA,NA,NA,NA,NA
109,Riedel,2009,n,Cocos_nucifera,366250,366253,n,Cocos_nucifera,ott366250,ott366253,Terrestrial,n,n,Eukaryota,Archaeplastida,Plants,Monocots,Angiosperms,Commelinid,Commelinid,Commelinid,Monocots,Monocots,Arecales,Arecales,Arecaceae,Arecaceae,NA,NA,NA,NA,monoecious,NA,NA,NA,2.80572597137014,3107.106,3107.106,32,16,94,704,n,2739,NA,16,NA,1.138,1.138,0.88152769812166,NA,NA,NA,NA,NA,NA,tree,broadleaved,evergreen,C3,woody,compound,NA,NA,NA
110,Moncada,2016,n,Coffea_arabica,1001050,227658,y,Coffea_arabica,ott1001050,ott227658,Terrestrial,n,n,Eukaryota,Archaeplastida,Plants,Eudicots,Angiosperms,Superasterids,Superasterids,Lamiids,Eudicots,Eudicots,Gentianales,Gentianales,Rubiaceae,OtherEudicots,NA,NA,NA,NA,hermaphrodite,NA,NA,NA,NA,1173.6,1173.6,44,22,278,848,n,3800,NA,22,NA,NA,NA,3.23790047716428,NA,SC,NA,NA,NA,NA,shrub/tree,broadleaved,evergreen,NA,woody,simple,NA,NA,NA
111,Muraguchi,2003,n,Coprinus_cinereus,5304351,737440,y,Coprinus_cinereus,ott5304351,ott737440,Terrestrial,n,n,Eukaryota,Opisthokonta ,Fungi,Fungi,Basidiomycota,Fungi,Fungi,Fungi,Fungi,Agaricomycetes,Agaricales,Agaricales,Psathyrellaceae,OtherBasido.,NA,NA,NA,NA,NA,H,NA,NA,NA,NA,37.5,26,13,40,219,n,1346,5.7,13,NA,37.5,NA,35.8933333333333,NA,NA,NA,NA,NA,NA,NA,NA,NA,NA,NA,NA,NA,NA,NA
112,Biswass,2015,n,Corchorus_capsularis,679189,578272,y,Corchorus_capsularis,ott679189,ott578272,Terrestrial,n,n,Eukaryota,Archaeplastida,Plants,Eudicots,Angiosperms,Superrosids,Superrosids,Fabids,Eudicots,Eudicots,Malvales,Malvales,Malvaceae,Malvaceae,NA,NA,NA,NA,NA,NA,NA,317.178,NA,586.8,586.8,14,7,NA,705,n,2016,4.2,9,NA,NA,NA,3.43558282208589,NA,NA,NA,NA,NA,NA,herb,broadleaved,NA,C3,non-woody,simple,NA,NA,NA
113,Kundu,2015,n,Corchorus_olitorius,578269,578272,y,Corchorus_olitorius,ott578269,ott578272,Terrestrial,n,n,Eukaryota,Archaeplastida,Plants,Eudicots,Angiosperms,Superrosids,Superrosids,Fabids,Eudicots,Eudicots,Malvales,Malvales,Malvaceae,Malvaceae,NA,NA,NA,NA,NA,NA,NA,334.912,NA,909.54,909.54,14,7,NA,503,n,358.5,0.72,7,NA,0.72,NA,0.39415528728808,NA,NA,NA,7,13.65,Domesticated,herb,broadleaved,evergreen,C3,non-woody,simple,NA,NA,NA
114,Gagnaire,2013,n,Coregonus_clupeaformis,629345,804469,y,Coregonus_clupeaformis,ott629345,ott804469,Aquatic,n,n,Eukaryota,Opisthokonta ,Animals,Vert,Fishes,Fishes,Fishes,Fishes,Fishes,Actinopterygii,Salmoniformes,Salmoniformes,Salmonidae,Salmonidae,NA,NA,NA,NA,NA,NA,NA,NA,2.44,2386.32,2386.32,80,40,102,3438,n,3061,0.89,40,NA,NA,NA,1.28272821750645,n,NA,NA,NA,NA,NA,NA,NA,NA,NA,NA,NA,NA,NA,NA
115,Wang,2009,n,Cornus_florida,148264,82463,y,Cornus_florida,ott148264,ott82463,Terrestrial,n,n,Eukaryota,Archaeplastida,Plants,Eudicots,Angiosperms,Superasterids,Superasterids,Asterids,Eudicots,Eudicots,Cornales,OtherEudicots,Cornaceae,OtherEudicots,NA,NA,NA,NA,hermaphrodite,NA,NA,NA,1.58,1545.24,1545.24,14,7,94,255,n,1175,4.6,11,NA,NA,NA,0.760399679014263,NA,NA,NA,NA,NA,NA,shrub/tree,broadleaved,deciduous,C3,woody,simple,55,1,insects
116,Kikuchi,2005,n,Coturnix_japonica,803622,1098759,y,Coturnix_japonica,ott803622,ott1098759,Terrestrial,n,n,Eukaryota,Opisthokonta ,Animals,Vert,Birds,Aves,Aves,Aves,Aves,Aves,Galliformes,Galliformes,Phasianidae,Phasianidae,NA,NA,NA,NA,gonochorous,ZW,FH,927.657,1.35,1320.3,1320.3,64,32,NA,1735,n,2816,5.5,21,NA,NA,NA,2.13284859501628,n,NA,NA,NA,NA,NA,NA,NA,NA,NA,NA,NA,NA,NA,NA
117,Hedgecock,2015,n,Crassostrea_gigas,987409,355604,y,Crassostrea_gigas,ott987409,ott355604,Aquatic,n,n,Eukaryota,Opisthokonta ,Animals,Invert,Molluscs,Molluscs,Molluscs,Molluscs,Molluscs,Bivalvia,Ostreoida,Ostreoida,Ostreidae,Ostreidae,NA,NA,NA,NA,seq.hermaphrodite,NA,NA,557.736,NA,557.736,557.736,20,10,NA,1166,n,588,1,10,NA,NA,NA,1.05426223159344,NA,NA,NA,NA,NA,NA,NA,NA,NA,NA,NA,NA,NA,NA,NA
118,Yu,2003,n,Crassostrea_virginica,365708,355604,y,Crassostrea_virginica,ott365708,ott355604,Aquatic,n,n,Eukaryota,Opisthokonta ,Animals,Invert,Molluscs,Molluscs,Molluscs,Molluscs,Molluscs,Bivalvia,Ostreoida,Ostreoida,Ostreidae,Ostreidae,H,1091.6,718.4,1.51948775055679,NA,NA,NA,NA,NA,NA,675,20,10,81,84,y,905,9.45,12,1077,1.6,NA,1.34074074074074,NA,NA,NA,NA,NA,NA,NA,NA,NA,NA,NA,NA,NA,NA,NA
119,Miles,2009,n,Crocodylus_porosus,35872,35868,y,Crocodylus_porosus,ott35872,ott35868,Aquatic,n,n,Eukaryota,Opisthokonta ,Animals,Vert,Reptiles,Amphibia.Reptile,Amphibia.Reptile,Amphibia.Reptile,Amphibia.Reptile,Reptilia,Crocodilia,OtherAR,Crocodylidae,OtherAR,H,1824.1,319,5.71818181818182,gonochorous,NA,NA,2049.54,NA,NA,2049.54,34,17,NA,180,y,1071.55,NA,14,NA,NA,NA,0.522824633820272,n,NA,NA,NA,NA,NA,NA,NA,NA,NA,NA,NA,NA,NA,NA
120,Marra,2004,n,Cryptococcus_neoformans,48333,90104,y,Cryptococcus_neoformans,ott48333,ott90104,Animals,y,n,Eukaryota,Opisthokonta ,Fungi,Fungi,Basidiomycota,Fungi,Fungi,Fungi,Fungi,Tremellomycetes,Tremellales,OtherFungi,Tremellaceae,OtherBasido.,NA,NA,NA,NA,NA,NA,NA,19.0519,0.02,NA,19.0519,28,14,94,301,n,1500,5.4,20,NA,NA,NA,78.7323049144705,NA,NA,NA,NA,NA,NA,NA,NA,NA,NA,NA,NA,NA,NA,NA
121,Moriguchi,2016,n,Cryptomeria_japonica,620749,620748,n,Cryptomeria_japonica,ott620749,ott620748,Terrestrial,n,n,Eukaryota,Archaeplastida,Plants,Conifers,Angiosperms,Conifers,Conifers,Conifers,Conifers,Pinopsida,Pinales,Pinales,Cupressaceae,OtherConifer,NA,NA,NA,NA,NA,NA,NA,NA,11,10758,10758,22,11,NA,2560,n,1266.2,0.49,11,NA,1.087,1.087,0.117698456962261,NA,NA,NA,NA,NA,NA,tree,needleleaved,evergreen,C3,woody,simple,NA,NA,NA
122,Xia,2010,n,Ctenopharyngodon_idella,1005936,1005942,y,Ctenopharyngodon_idella,ott1005936,ott1005942,Aquatic,n,y,Eukaryota,Opisthokonta ,Animals,Vert,Fishes,Fishes,Fishes,Fishes,Fishes,Actinopterygii,Cypriniformes,Cypriniformes,Cyprinidae,Cyprinidae,H,1149.4,888.8,1.29320432043204,gonochorous,H,MH,NA,1.02714285714286,1004.54571428571,1004.54571428571,48,24,192,263,n,1176.1,4.2,24,NA,0.868,NA,1.17077797782082,n,NA,NA,NA,NA,NA,NA,NA,NA,NA,NA,NA,NA,NA,NA
123,Diaz,2011,n,Cucumis_melo,1006256,1006254,y,Cucumis_melo,ott1006256,ott1006254,Terrestrial,n,n,Eukaryota,Archaeplastida,Plants,Eudicots,Angiosperms,Superrosids,Superrosids,Fabids,Eudicots,Eudicots,Cucurbitales,Cucurbitales,Cucurbitaceae,Cucurbitaceae,NA,NA,NA,NA,monoecious,NA,NA,374.928,0.95,929.1,929.1,24,12,NA,1592,n,1150,0.72,12,NA,1.781,1.781,1.23775696910989,NA,both ,NA,12,NA,Domesticated,herb,broadleaved,NA,C3,non-woody,simple,66,25,insects
124,Corbet-Detig,2015,y,Cucumis_sativus,1006246,1006254,y,Cucumis_sativus,ott1006246,ott1006254,Terrestrial,n,n,Eukaryota,Archaeplastida,Plants,Eudicots,Angiosperms,Superrosids,Superrosids,Fabids,Eudicots,Eudicots,Cucurbitales,Cucurbitales,Cucurbitaceae,Cucurbitaceae,NA,NA,NA,NA,monoecious,NA,NA,195.669,NA,195.669,195.669,14,7,NA,508,n,707.8,1.39330708661417,NA,NA,3.75161769961923,NA,3.61733335377602,NA,NA,NA,7,15.8,Domesticated,herb,broadleaved,NA,C3,non-woody,simple,66,25,insects
125,Zhu,2016,n,Cucumis_sativus,1006246,1006254,y,Cucumis_sativus,ott1006246,ott1006254,Terrestrial,n,n,Eukaryota,Archaeplastida,Plants,Eudicots,Angiosperms,Superrosids,Superrosids,Fabids,Eudicots,Eudicots,Cucurbitales,Cucurbitales,Cucurbitaceae,Cucurbitaceae,NA,NA,NA,NA,monoecious,NA,NA,195.669,NA,195.669,195.669,14,7,153,7532,n,1061.19,0.35,7,NA,NA,NA,5.42339358815142,NA,NA,NA,7,15.8,Domesticated,herb,broadleaved,NA,C3,non-woody,simple,66,25,insects
126,Zhang,2015,n,Cucurbita_maxima,198660,379272,y,Cucurbita_maxima,ott198660,ott379272,Terrestrial,n,n,Eukaryota,Archaeplastida,Plants,Eudicots,Angiosperms,Superrosids,Superrosids,Fabids,Eudicots,Eudicots,Cucurbitales,Cucurbitales,Cucurbitaceae,Cucurbitaceae,NA,NA,NA,NA,monoecious,NA,NA,NA,NA,449.88,449.88,40,20,188,458,n,2533.8,5.6,20,NA,NA,NA,5.63216857828754,NA,NA,NA,NA,NA,NA,NA,NA,NA,NA,NA,NA,NA,NA,NA
127,Gong,2008,n,Cucurbita_moschata,84409,379277,y,Cucurbita_moschata,ott84409,ott379277,Terrestrial,n,n,Eukaryota,Archaeplastida,Plants,Eudicots,Angiosperms,Superrosids,Superrosids,Fabids,Eudicots,Eudicots,Cucurbitales,Cucurbitales,Cucurbitaceae,Cucurbitaceae,NA,NA,NA,NA,monoecious,NA,NA,NA,NA,420.54,420.54,40,20,94,659,n,1936,NA,20,NA,NA,NA,4.6036048889523,NA,NA,NA,NA,NA,NA,herb,broadleaved,NA,NA,non-woody,simple,NA,NA,NA
128,Montero-Pau,2017,n,Cucurbita_pepo,379282,379277,y,Cucurbita_pepo,ott379282,ott379277,Terrestrial,n,n,Eukaryota,Archaeplastida,Plants,Eudicots,Angiosperms,Superrosids,Superrosids,Fabids,Eudicots,Eudicots,Cucurbitales,Cucurbitales,Cucurbitaceae,Cucurbitaceae,NA,NA,NA,NA,NA,NA,NA,NA,0.55,537.9,537.9,40,20,120,7718,n,2817.6,0.4,21,NA,3.601,3.601,5.23814835471277,NA,NA,NA,NA,NA,NA,herb,broadleaved,NA,C3,non-woody,simple,NA,NA,NA
129,Hickner,2013,n,Culex_pipiens,218684,795224,y,Culex_pipiens,ott218684,ott795224,Terrestrial,n,n,Eukaryota,Opisthokonta ,Animals,Invert,Insects,Insects,Insects,Insects,Insects,Insecta,Diptera,Diptera,Culicidae,Culicidae,NA,NA,NA,NA,gonochorous,NA,NA,NA,0.7,684.6,684.6,6,3,NA,61,n,189.9,NA,3,NA,NA,NA,0.277388255915863,n,NA,NA,NA,NA,NA,NA,NA,NA,NA,NA,NA,NA,NA,NA
130,Venkatesan,2009,n,Culex_tarsalis,204596,722347,y,Culex_tarsalis,ott204596,ott722347,Terrestrial,n,n,Eukaryota,Opisthokonta ,Animals,Invert,Insects,Insects,Insects,Insects,Insects,Insecta,Diptera,Diptera,Culicidae,Culicidae,NA,NA,NA,NA,gonochorous,XY,MH,NA,NA,NA,NA,6,3,120,31,n,510,NA,4,NA,NA,NA,#VALUE!,n,NA,NA,NA,NA,NA,NA,NA,NA,NA,NA,NA,NA,NA,NA
131,Hansson,2010,n,Cyanistes_caeruleus,746120,73150,y,Cyanistes_caeruleus,ott746120,ott73150,Terrestrial,n,n,Eukaryota,Opisthokonta ,Animals,Vert,Birds,Aves,Aves,Aves,Aves,Aves,Passeriformes,Passeriformes,Paridae,Paridae,NA,NA,NA,NA,gonochorous,ZW,FH,NA,1.47,1437.66,1437.66,78,39,525,98,n,935,5.5,18,NA,NA,NA,0.650362394446531,n,NA,NA,NA,NA,NA,NA,NA,NA,NA,NA,NA,NA,NA,NA
132,Portis,2009,n,Cynara_cardunculus,991885,991883,y,Cynara_cardunculus,ott991885,ott991883,Terrestrial,n,n,Eukaryota,Archaeplastida,Plants,Eudicots,Angiosperms,Superasterids,Superasterids,Campanulids,Eudicots,Eudicots,Asterales,Asterales,Asteraceae,Asteraceae,H,1486.8,1015.5,1.46410635155096,NA,NA,NA,NA,1.1,1075.8,1075.8,34,17,NA,177,y,1251.15,NA,17,NA,1.232,1.232,1.16299498047964,NA,NA,NA,NA,NA,NA,NA,NA,NA,NA,NA,NA,NA,NA,NA
133,Harris-Shultz,2010,n,Cynodon_dactylon,927435,596405,y,Cynodon_dactylon,ott927435,ott596405,Terrestrial,n,n,Eukaryota,Archaeplastida,Plants,Monocots,Angiosperms,Commelinid,Commelinid,Commelinid,Monocots,Monocots,Poales,Poales,Poaceae,Poaceae,NA,NA,NA,NA,NA,NA,NA,NA,NA,1110.03,1110.03,18,9,118,36,n,311.1,NA,8,NA,NA,NA,0.280262695602822,NA,NA,NA,NA,NA,NA,graminoid,broadleaved,NA,C4,non-woody,simple,NA,NA,NA
134,Harris-Shultz,2010,n,Cynodon_dactylon,927435,596405,y,Cynodon_dactylon,ott927435,ott596405,Terrestrial,n,n,Eukaryota,Archaeplastida,Plants,Monocots,Angiosperms,Commelinid,Commelinid,Commelinid,Monocots,Monocots,Poales,Poales,Poaceae,Poaceae,NA,NA,NA,NA,hermaphrodite,NA,NA,NA,NA,1110.03,1110.03,36,18,118,125,n,1055,NA,26,NA,NA,NA,0.950424763294686,NA,NA,NA,NA,NA,NA,graminoid,broadleaved,NA,C4,non-woody,simple,NA,NA,NA
135,Corbet-Detig,2015,y,Cynoglossus_semilaevis,906506,888011,y,Cynoglossus_semilaevis,ott906506,ott888011,Aquatic,n,n,Eukaryota,Opisthokonta ,Animals,Vert,Fishes,Fishes,Fishes,Fishes,Fishes,Actinopterygii,Pleuronectiformes,Pleuronectiformes,Cynoglossidae,Cynoglossidae,H,1447.3,1497.5,0.966477462437396,gonochorous,ZW,FH,606.36,NA,606.36,606.36,42,21,NA,352,n,1620.4,4.60340909090909,NA,NA,4.25500500215174,NA,2.67233986410713,n,NA,NA,NA,NA,NA,NA,NA,NA,NA,NA,NA,NA,NA,NA
136,Song,2012,n,Cynoglossus_semilaevis,906506,888011,y,Cynoglossus_semilaevis,ott906506,ott888011,Aquatic,n,n,Eukaryota,Opisthokonta ,Animals,Vert,Fishes,Fishes,Fishes,Fishes,Fishes,Actinopterygii,Pleuronectiformes,Pleuronectiformes,Cynoglossidae,Cynoglossidae,NA,NA,NA,NA,gonochorous,ZW,FH,NA,NA,606.36,606.36,42,21,94,1007,n,1624,NA,21,NA,NA,NA,2.67827693119599,n,NA,NA,NA,NA,NA,NA,NA,NA,NA,NA,NA,NA,NA,NA
137,Zhao,2013,n,Cyprinus_carpio,429083,429094,y,Cyprinus_carpio,ott429083,ott429094,Aquatic,n,y,Eukaryota,Opisthokonta ,Animals,Vert,Fishes,Fishes,Fishes,Fishes,Fishes,Actinopterygii,Cypriniformes,Cypriniformes,Cyprinidae,Cyprinidae,NA,NA,NA,NA,gonochorous,XY,MH,NA,2.03,1741.9158,1741.9158,100,50,107,1209,n,3565.9,NA,50,NA,NA,NA,2.04711387312751,n,NA,NA,NA,NA,NA,NA,NA,NA,NA,NA,NA,NA,NA,NA
138,Zhao,2016,n,Dactylis_glomerata,83469,83473,y,Dactylis_glomerata,ott83469,ott83473,Terrestrial,n,n,Eukaryota,Archaeplastida,Plants,Monocots,Angiosperms,Commelinid,Commelinid,Commelinid,Monocots,Monocots,Poales,Poales,Poaceae,Poaceae,NA,NA,NA,NA,hermaphrodite,NA,NA,NA,NA,4303.2,4303.2,14,7,NA,2510,n,715.77,0.37,7,NA,NA,NA,0.166334355828221,NA,NA,NA,NA,NA,NA,graminoid,broadleaved,NA,C3,non-woody,simple,NA,NA,NA
139,Corbet-Detig,2015,y,Danio_rerio,1005914,1005927,y,Danio_rerio,ott1005914,ott1005927,Aquatic,n,n,Eukaryota,Opisthokonta ,Animals,Vert,Fishes,Fishes,Fishes,Fishes,Fishes,Actinopterygii,Cypriniformes,Cypriniformes,Cyprinidae,Cyprinidae,NA,NA,NA,NA,gonochorous,H,NA,1713.945,2.28,1817.124,1817.124,50,25,NA,1706,n,2177.363,1.27629718640094,NA,NA,1.6137816789211,NA,1.19824678998241,n,NA,NA,NA,NA,NA,NA,NA,NA,NA,NA,NA,NA,NA,NA
140,Bradley,2011,n,Danio_rerio,1005914,1005927,y,Danio_rerio,ott1005914,ott1005927,Aquatic,n,n,Eukaryota,Opisthokonta ,Animals,Vert,Fishes,Fishes,Fishes,Fishes,Fishes,Actinopterygii,Cypriniformes,Cypriniformes,Cyprinidae,Cyprinidae,NA,NA,NA,NA,gonochorous,H,NA,1713.945,2.28,1817.124,1817.124,50,25,NA,3966,n,2177.363,NA,25,NA,NA,NA,1.19824678998241,n,NA,NA,NA,NA,NA,NA,NA,NA,NA,NA,NA,NA,NA,NA
141,Dukic,2016,n,Daphnia_magna,668392,59084,y,Daphnia_magna,ott668392,ott59084,Aquatic,n,n,Eukaryota,Opisthokonta ,Animals,Invert,Crustaceans,Crustaceans,Crustaceans,Crustaceans,Crustaceans,Branchiopoda,Cladocera,Cladocera,Daphtniidae,Daphtniidae,NA,NA,NA,NA,parthenogenic,NA,NA,129.543,NA,NA,129.543,20,10,NA,4037,n,1614.5,NA,10,NA,6.78,NA,12.4630431594142,n,NA,NA,NA,NA,NA,NA,NA,NA,NA,NA,NA,NA,NA,NA
142,Cristescu,2006,n,Daphnia_pulex,59086,59084,y,Daphnia_pulex,ott59086,ott59084,Aquatic,n,n,Eukaryota,Opisthokonta ,Animals,Invert,Crustaceans,Crustaceans,Crustaceans,Crustaceans,Crustaceans,Branchiopoda,Cladocera,Cladocera,Daphtniidae,Daphtniidae,NA,NA,NA,NA,parthenogenic,NA,NA,197.206,NA,NA,197.206,24,12,129,115,n,1206,7,12,NA,NA,NA,6.1154325933288,n,NA,NA,NA,NA,NA,NA,NA,NA,NA,NA,NA,NA,NA,NA
143,Cavagnaro,2014,n,Daucus_carota,372836,6054299,y,Daucus_carota,ott372836,ott6054299,Terrestrial,n,n,Eukaryota,Archaeplastida,Plants,Eudicots,Angiosperms,Superasterids,Superasterids,Campanulids,Eudicots,Eudicots,Apiales,OtherEudicots,Apiaceae,OtherEudicots,NA,NA,NA,NA,hermaphrodite,NA,NA,421.539,1,421.539,421.539,18,9,187,894,n,635.1,1.3,9,NA,0.567,0.567,1.50662216307388,NA,SC,NA,9,16.2,Domesticated,herb,broadleaved,NA,C3,non-woody,compound,NA,NA,NA
144,Lu,2012,n,Dendrobium_moniliforme,171951,868270,y,Dendrobium_moniliforme,ott171951,ott868270,Terrestrial,n,n,Eukaryota,Archaeplastida,Plants,Monocots,Angiosperms,Lilioid,Lilioid.Alismatid,Lilioid,Monocots,Monocots,Asparagales,Asparagales,Orchidaceae,Orchidaceae,NA,NA,NA,NA,NA,NA,NA,NA,NA,NA,NA,38,19,NA,165,n,1127.9,10.25,17,1541.81,NA,NA,#VALUE!,NA,NA,NA,NA,NA,NA,NA,NA,NA,NA,NA,NA,NA,NA,NA
145,Feng,2013,n,Dendrobium_nobile,508208,868270,y,Dendrobium_nobile,ott508208,ott868270,Terrestrial,n,n,Eukaryota,Archaeplastida,Plants,Monocots,Angiosperms,Lilioid,Lilioid.Alismatid,Lilioid,Monocots,Monocots,Asparagales,Asparagales,Orchidaceae,Orchidaceae,NA,NA,NA,NA,NA,NA,NA,NA,NA,NA,NA,38,19,90,116,n,1474,14.75,15,1916.41,NA,NA,#VALUE!,NA,NA,NA,NA,NA,NA,NA,NA,NA,NA,NA,NA,NA,NA,NA
146,Lu,2012,n,Dendrobium_officinale,293900,868270,y,Dendrobium_aphyllum,ott293900,ott868270,Terrestrial,n,n,Eukaryota,Archaeplastida,Plants,Monocots,Angiosperms,Lilioid,Lilioid.Alismatid,Lilioid,Monocots,Monocots,Asparagales,Asparagales,Orchidaceae,Orchidaceae,NA,NA,NA,NA,NA,NA,NA,NA,NA,NA,NA,38,19,NA,169,n,1210.9,10.44,19,1687.52,NA,NA,#VALUE!,NA,NA,NA,NA,NA,NA,NA,NA,NA,NA,NA,NA,NA,NA,NA
147,Yagi,2013,n,Dianthus_caryophyllus,842200,317820,y,Dianthus_caryophyllus,ott842200,ott317820,Terrestrial,n,n,Eukaryota,Archaeplastida,Plants,Eudicots,Angiosperms,Superasterids,Superasterids,Superasterids,Eudicots,Eudicots,Caryophyllales,Caryophyllales,Caryophyllaceae,Caryophyllaceae,NA,NA,NA,NA,NA,NA,NA,567.662,NA,616.14,616.14,30,15,NA,348,n,978.3,NA,15,NA,NA,NA,1.58778848962898,NA,NA,NA,NA,NA,NA,herb,broadleaved,NA,C3,non-woody,simple,NA,NA,NA
148,Chistiakov,2008,n,Dicentrarchus_labrax,3549,21246,y,Dicentrarchus_labrax,ott3549,ott21246,Aquatic,n,n,Eukaryota,Opisthokonta ,Animals,Vert,Fishes,Fishes,Fishes,Fishes,Fishes,Actinopterygii,Perciformes,Perciformes,Moronidae,Moronidae,H,1380,1049,1.31553860819828,NA,NA,NA,675.917,0.78,762.84,762.84,48,24,NA,368,n,1373.1,3.67,35,NA,NA,NA,1.79998426930942,n,NA,NA,NA,NA,NA,NA,NA,NA,NA,NA,NA,NA,NA,NA
149,Laborda,2012,n,Drosophila_mediopunctata,327730,243247,y,Drosophila_mediopunctata,ott327730,ott243247,Terrestrial,n,n,Eukaryota,Opisthokonta ,Animals,Invert,Insects,Insects,Insects,Insects,Insects,Insecta,Diptera,Diptera,Drosophilidae,Drosophilidae,A,NA,NA,NA,gonochorous,XY,MH,NA,NA,NA,NA,10,5,800,49,n,453.8,9.5,5,NA,NA,NA,#VALUE!,n,NA,NA,NA,NA,NA,NA,NA,NA,NA,NA,NA,NA,NA,NA
150,Corbet-Detig,2015,y,Drosophila_melanogaster,505714,863009,y,Drosophila_melanogaster,ott505714,ott863009,Terrestrial,n,n,Eukaryota,Opisthokonta ,Animals,Invert,Insects,Insects,Insects,Insects,Insects,Insecta,Diptera,Diptera,Drosophilidae,Drosophilidae,A,NA,NA,NA,gonochorous,XY,MH,176.04,0.171818181818182,168.038181818182,168.038181818182,8,4,NA,969,n,105.46085,0.108834726522188,NA,NA,1.09452095074309,NA,0.627600518280477,n,NA,NA,NA,NA,NA,NA,NA,NA,NA,NA,NA,NA,NA,NA
151,Corbet-Detig,2015,y,Drosophila_pseudoobscura,1082272,863001,y,Drosophila_pseudoobscura,ott1082272,ott863001,Terrestrial,n,n,Eukaryota,Opisthokonta ,Animals,Invert,Insects,Insects,Insects,Insects,Insects,Insecta,Diptera,Diptera,Drosophilidae,Drosophilidae,A,NA,NA,NA,gonochorous,XY,MH,159.74,0.163333333333333,159.74,159.74,8,4,NA,141,n,53.520111655,0.379575259964539,NA,NA,1.77697896857476,NA,0.335045146206336,n,NA,NA,NA,NA,NA,NA,NA,NA,NA,NA,NA,NA,NA,NA
152,Stocker,2012,n,Drosophila_serrata,86632,518604,y,Drosophila_serrata,ott86632,ott518604,Terrestrial,n,n,Eukaryota,Opisthokonta ,Animals,Invert,Insects,Insects,Insects,Insects,Insects,Insecta,Diptera,Diptera,Drosophilidae,Drosophilidae,A,NA,NA,NA,gonochorous,XY,MH,NA,0.21,205.38,205.38,8,4,417,58,n,245.3,NA,4,NA,NA,NA,1.19437140909534,n,NA,NA,NA,NA,NA,NA,NA,NA,NA,NA,NA,NA,NA,NA
153,Heesch,2010,n,Ectocarpus_siliculosus,878345,48626,y,Ectocarpus_siliculosus,ott878345,ott48626,Aquatic,n,n,Eukaryota,Chromalveolata,SAR,SAR,Heterokonta,SAR,SAR,SAR,SAR,Phaeophyceae,Ectocarpales,OtherSAR,Ectocarpaceae,OtherSAR,NA,NA,NA,NA,NA,NA,NA,195.811,NA,195.811,195.811,68,34,NA,406,n,2459.3,NA,34,NA,NA,NA,12.559559983862,NA,NA,NA,NA,NA,NA,NA,NA,NA,NA,NA,NA,NA,NA,NA
154,Blake,2011,n,Eimeria_maxima,775254,775249,y,Eimeria_maxima,ott775254,ott775249,Animals,y,n,Eukaryota,Chromalveolata,SAR,SAR,Conoidasida,SAR,SAR,SAR,SAR,Conoidasida,Eucoccidiorida,Eucoccidiorida,Eimeriidae,Eimeriidae,NA,NA,NA,NA,NA,NA,NA,45.9751,NA,45.9751,45.9751,28,14,NA,647,n,2883.9,7.1,13,NA,NA,NA,62.7274328930225,NA,NA,NA,NA,NA,NA,NA,NA,NA,NA,NA,NA,NA,NA,NA
155,Shirley,2000,n,Eimeria_tenella,775246,775249,y,Eimeria_tenella,ott775246,ott775249,Animals,y,n,Eukaryota,Chromalveolata,SAR,SAR,Conoidasida,SAR,SAR,SAR,SAR,Conoidasida,Eucoccidiorida,Eucoccidiorida,Eimeriidae,Eimeriidae,NA,NA,NA,NA,NA,NA,NA,51.8944,NA,51.8944,51.8944,24,12,NA,443,n,653,NA,16,NA,NA,NA,12.5832459764445,NA,NA,NA,NA,NA,NA,NA,NA,NA,NA,NA,NA,NA,NA,NA
156,Ting,2016,n,Elaeis_guineensis,947656,891126,n,Elaeis_guineensis,ott947656,ott891126,Terrestrial,n,n,Eukaryota,Archaeplastida,Plants,Monocots,Angiosperms,Commelinid,Commelinid,Commelinid,Monocots,Monocots,Arecales,Arecales,Arecaceae,Arecaceae,NA,NA,NA,NA,monoecious,NA,NA,1535.18,1,1535.18,1535.18,32,16,118,1755,n,1499.5,0.9,16,NA,8.539,8.539,0.976758425722065,NA,NA,NA,NA,NA,NA,tree,broadleaved,evergreen,C3,woody,compound,NA,NA,NA
157,Montoya,2013,n,Elaeis_oleifera,210313,891126,y,Elaeis_oleifera,ott210313,ott891126,Terrestrial,n,n,Eukaryota,Archaeplastida,Plants,Monocots,Angiosperms,Commelinid,Lilioid.Alismatid,Commelinid,Monocots,Monocots,Arecales,Arecales,Arecaceae,Arecaceae,NA,NA,NA,NA,NA,NA,NA,1402.73,NA,1402.73,1402.73,32,16,NA,362,n,1485,NA,16,NA,NA,NA,1.05864991837346,NA,NA,NA,NA,NA,NA,tree,broadleaved,evergreen,C3,woody,compound,NA,NA,NA
158,Mott,2011,n,Elymus_lanceolatus,173152,605366,y,Elymus_lanceolatus,ott173152,ott605366,Terrestrial,n,n,Eukaryota,Archaeplastida,Plants,Monocots,Angiosperms,Commelinid,Commelinid,Commelinid,Monocots,Monocots,Poales,Poales,Poaceae,Poaceae,NA,NA,NA,NA,NA,NA,NA,NA,8.43,8244.54,8244.54,28,14,387,515,n,2574,NA,14,NA,NA,NA,0.312206624020261,NA,NA,NA,NA,NA,NA,NA,NA,NA,NA,NA,NA,NA,NA,NA
159,Dor,2014,n,Epinephelus_aeneus,306171,457801,y,Epinephelus_aeneus,ott306171,ott457801,Aquatic,n,n,Eukaryota,Opisthokonta ,Animals,Vert,Fishes,Fishes,Fishes,Fishes,Fishes,Actinopterygii,Perciformes,Perciformes,Serranidae,Serranidae,H,1053,886,1.18848758465011,hermaphrodite,NA,NA,NA,1.1,1075.8,1075.8,48,24,48,222,y,969.5,5.8,24,NA,NA,NA,0.901189812232757,n,NA,NA,NA,NA,NA,NA,NA,NA,NA,NA,NA,NA,NA,NA
160,Kessuwan,2016,n,Epinephelus_bruneus,876088,457801,y,Epinephelus_bruneus,ott876088,ott457801,Aquatic,n,n,Eukaryota,Opisthokonta ,Animals,Vert,Fishes,Fishes,Fishes,Fishes,Fishes,Actinopterygii,Perciformes,Perciformes,Serranidae,Serranidae,H,1475.95,1370.39,1.0770291668795,hermaphrodite,NA,NA,NA,NA,NA,NA,48,24,NA,714,y,1423.17,4.1,24,NA,NA,NA,#VALUE!,n,NA,NA,NA,NA,NA,NA,NA,NA,NA,NA,NA,NA,NA,NA
161,You,2013,n,Epinephelus_coioides,457795,457801,y,Epinephelus_coioides,ott457795,ott457801,Aquatic,n,n,Eukaryota,Opisthokonta ,Animals,Vert,Fishes,Fishes,Fishes,Fishes,Fishes,Actinopterygii,Perciformes,Perciformes,Serranidae,Serranidae,H,1370.9,1335.5,1.02650692624485,hermaphrodite,NA,NA,NA,NA,NA,NA,48,24,NA,4608,n,1582.7,0.34,24,NA,NA,NA,#VALUE!,n,NA,NA,NA,NA,NA,NA,NA,NA,NA,NA,NA,NA,NA,NA
162,Corbet-Detig,2015,y,Equus_caballus,1068218,94003,y,Equus_caballus,ott1068218,ott94003,Terrestrial,n,y,Eukaryota,Opisthokonta ,Animals,Vert,Mammals,Mammals,Mammals,Mammals,Mammals,Mammalia,Perissodactyla,OtherMammal,Equidae,Equidae,NA,NA,NA,NA,gonochorous,XY,NA,3117.864,3.22,3149.16,3149.16,64,32,NA,409,n,2692.1,6.58215158924205,NA,NA,1.40991304778554,NA,0.854862884070673,n,NA,NA,NA,NA,NA,NA,NA,NA,NA,NA,NA,NA,NA,NA
163,Swinburne,2006,n,Equus_caballus,1068218,94003,y,Equus_caballus,ott1068218,ott94003,Terrestrial,n,y,Eukaryota,Opisthokonta ,Animals,Vert,Mammals,Mammals,Mammals,Mammals,Mammals,Mammalia,Perissodactyla,OtherMammal,Equidae,Equidae,NA,NA,NA,NA,gonochorous,XY,NA,2474.93,3.22,3149.16,3149.16,64,32,61,742,n,2772,3.7,32,NA,NA,NA,0.880234729261136,n,NA,NA,NA,NA,NA,NA,NA,NA,NA,NA,NA,NA,NA,NA
164,Zeid,2011,n,Eragrostis_tef,1094963,587232,y,Eragrostis_tef,ott1094963,ott587232,Terrestrial,n,n,Eukaryota,Archaeplastida,Plants,Monocots,Angiosperms,Commelinid,Commelinid,Commelinid,Monocots,Monocots,Poales,Poales,Poaceae,Poaceae,NA,NA,NA,NA,NA,NA,NA,607.318,NA,665.04,665.04,40,20,151,NA,n,1277.4,5.7,30,NA,NA,NA,1.92078671959581,NA,NA,NA,NA,NA,NA,graminoid,broadleaved,NA,C4,non-woody,simple,NA,NA,NA
165,Zheng,2013,n,Eremochloa_ophiuroides,843929,449630,y,Eremochloa_ophiuroides,ott843929,ott449630,Terrestrial,n,n,Eukaryota,Archaeplastida,Plants,Monocots,Angiosperms,Commelinid,Commelinid,Commelinid,Monocots,Monocots,Poales,Poales,Poaceae,Poaceae,NA,NA,NA,NA,NA,NA,NA,NA,NA,811.74,811.74,18,9,86,89,n,623.6,7.1,10,NA,NA,NA,0.768226279350531,NA,NA,NA,NA,NA,NA,graminoid,broadleaved,NA,C4,non-woody,simple,NA,NA,NA
166,Fukuda,2016,n,Eriobotrya_japonica,207983,155169,y,Eriobotrya_japonica,ott207983,ott155169,Terrestrial,n,n,Eukaryota,Archaeplastida,Plants,Eudicots,Angiosperms,Superrosids,Superrosids,Fabids,Eudicots,Eudicots,Rosales,Rosales,Rosaceae,Rosaceae,NA,NA,NA,NA,NA,NA,NA,NA,NA,762.84,762.84,34,17,NA,308,n,1036,NA,19,NA,NA,NA,1.35808295317498,NA,NA,NA,NA,NA,NA,tree,broadleaved,evergreen,C3,woody,simple,NA,NA,NA
167,Cui,2015,n,Eriocheir_sinensis,566723,566716,y,Eriocheir_sinensis,ott566723,ott566716,Aquatic,n,n,Eukaryota,Opisthokonta ,Animals,Invert,Crustaceans,Crustaceans,Crustaceans,Crustaceans,Crustaceans,Malacostraca,Decapoda,Decapoda,Varunidae,OtherCrust.,H,4338.3,4392.7,0.987615817151183,gonochorous,ZW,MH,NA,NA,1680,1680,146,73,120,10358,n,5125.53,0.79,73,NA,3.09,NA,3.05091071428571,n,NA,NA,NA,NA,NA,NA,NA,NA,NA,NA,NA,NA,NA,NA
168,RONDEAU,2014,n,Esox_lucius,739941,216166,y,Esox_lucius,ott739941,ott216166,Aquatic,n,y,Eukaryota,Opisthokonta ,Animals,Vert,Fishes,Fishes,Fishes,Fishes,Fishes,Actinopterygii,Esociformes,OtherFishes,Esocidae,OtherFishes,H,1245.4,1160,1.07362068965517,gonochorous,NA,NA,904.497,1.4,1095.36,1095.36,50,25,92,180,n,1289.3,NA,25,NA,NA,NA,1.17705594507742,n,NA,NA,NA,NA,NA,NA,NA,NA,NA,NA,NA,NA,NA,NA
169,Agrama,2002,n,Eucalyptus_camaldulensis,505234,1015498,y,Eucalyptus_camaldulensis,ott505234,ott1015498,Terrestrial,n,n,Eukaryota,Archaeplastida,Plants,Eudicots,Angiosperms,Superrosids,Superrosids,Fabids,Eudicots,Eudicots,Myrtales,Myrtales,Myrtaceae,Myrtaceae,NA,NA,NA,NA,NA,NA,NA,654.922,NA,606.36,606.36,22,11,92,168,n,1236,NA,11,NA,NA,NA,2.03839303384128,NA,SC,NA,NA,NA,NA,tree,broadleaved,evergreen,C3,woody,simple,NA,NA,NA
170,Gion,2016,n,Eucalyptus_globulus,847929,1015498,y,Eucalyptus_globulus,ott847929,ott1015498,Terrestrial,n,n,Eukaryota,Archaeplastida,Plants,Eudicots,Angiosperms,Superrosids,Superrosids,Fabids,Eudicots,Eudicots,Myrtales,Myrtales,Myrtaceae,Myrtaceae,H,1587,1453,1.09222298692361,NA,NA,NA,NA,0.579959100204499,552.4722,552.4722,22,11,180,NA,y,1520,NA,11,NA,1.289,1.289,2.75126965664517,NA,both,NA,NA,NA,NA,tree,broadleaved,evergreen,C3,woody,simple,NA,NA,NA
171,Hudson,2012,n,Eucalyptus_grandis,40959,1015498,y,Eucalyptus_grandis,ott40959,ott1015498,Terrestrial,n,n,Eukaryota,Archaeplastida,Plants,Eudicots,Angiosperms,Superrosids,Superrosids,Fabids,Eudicots,Eudicots,Myrtales,Myrtales,Myrtaceae,Myrtaceae,NA,NA,NA,NA,NA,NA,NA,691.43,0.579959100204499,591.5922,591.5922,22,11,1950,4101,n,1107,0.31,11,NA,0.108,0.108,1.8712214258403,NA,SC,NA,NA,NA,NA,tree,broadleaved,evergreen,C3,woody,simple,NA,NA,NA
172,Li,2015,n,Eucalyptus_tereticornis,173799,1015498,y,Eucalyptus_tereticornis,ott173799,ott1015498,Terrestrial,n,n,Eukaryota,Archaeplastida,Plants,Eudicots,Angiosperms,Superrosids,Superrosids,Fabids,Eudicots,Eudicots,Myrtales,Myrtales,Myrtaceae,Myrtaceae,NA,NA,NA,NA,NA,NA,NA,NA,NA,586.8,586.8,22,11,NA,585,n,1241.4,NA,11,NA,NA,NA,2.11554192229039,NA,NA,NA,NA,NA,NA,tree,broadleaved,evergreen,C3,woody,simple,NA,NA,NA
173,Li,2015,n,Eucalyptus_urophylla,1049231,1015498,y,Eucalyptus_urophylla,ott1049231,ott1015498,Terrestrial,n,n,Eukaryota,Archaeplastida,Plants,Eudicots,Angiosperms,Superrosids,Superrosids,Fabids,Eudicots,Eudicots,Myrtales,Myrtales,Myrtaceae,Myrtaceae,NA,NA,NA,NA,NA,NA,NA,NA,0.579959100204499,595.602,595.602,22,11,NA,700,n,1208.5,NA,11,NA,0.095,0.095,2.02903952639514,NA,both,NA,NA,NA,NA,tree,broadleaved,evergreen,C3,woody,simple,NA,NA,NA
174,Li,2014,n,Eucommia_ulmoides,743836,736764,y,Eucommia_ulmoides,ott743836,ott736764,Terrestrial,n,n,Eukaryota,Archaeplastida,Plants,Eudicots,Angiosperms,Superasterids,Superasterids,Lamiids,Eudicots,Eudicots,Garryales,OtherEudicots,Eucommiaceae,OtherEudicots,NA,NA,NA,NA,NA,NA,NA,NA,NA,723.72,723.72,34,17,NA,706,n,2133,3.1,25,NA,NA,NA,2.94727242580003,NA,NA,NA,NA,NA,NA,tree,broadleaved,deciduous,NA,woody,NA,1,1,wind
175,Yabe,2014,n,Fagopyrum_esculentum,904381,904378,y,Fagopyrum_esculentum,ott904381,ott904378,Terrestrial,n,n,Eukaryota,Archaeplastida,Plants,Eudicots,Angiosperms,Superasterids,Superasterids,Superasterids,Eudicots,Eudicots,Caryophyllales,Caryophyllales,Polygonaceae,OtherEudicots,NA,NA,NA,NA,NA,NA,NA,1177.69,1.38997955010225,1359.4,1359.4,16,8,178,8884,n,1574.3,2.31,8,NA,0.377,0.377,1.15808444902163,NA,NA,NA,NA,NA,NA,herb,broadleaved,NA,C3,non-woody,simple,NA,NA,NA
176,Li,2016,n,Felis_silvestris,563163,563165,y,Felis_silvestris,ott563163,ott563165,Terrestrial,n,n,Eukaryota,Opisthokonta ,Animals,Vert,Mammals,Mammals,Mammals,Mammals,Mammals,Mammalia,Carnivora,Carnivora,Felidae,OtherCarnivor,NA,NA,NA,NA,gonochorous,XY,MH,NA,2.96,2894.88,2894.88,38,19,453,6637,n,4464,NA,19,NA,NA,NA,1.54203283037639,n,NA,NA,NA,NA,NA,NA,NA,NA,NA,NA,NA,NA,NA,NA
177,Wang,2012,n,Fenneropenaeus_chinensis,1076853,5845,y,Fenneropenaeus_chinensis,ott1076853,ott5845,Aquatic,n,n,Eukaryota,Opisthokonta ,Animals,Invert,Crustaceans,Crustaceans,Crustaceans,Crustaceans,Crustaceans,Malacostraca,Decapoda,Decapoda,Penaeidae,Penaeidae,H,1715.06,2076.53,0.825925943761949,gonochorous,NA,NA,NA,NA,1660,1660,88,44,NA,236,y,1895.795,10.13,39,NA,NA,NA,1.14204518072289,n,NA,NA,NA,NA,NA,NA,NA,NA,NA,NA,NA,NA,NA,NA
178,Dierking,2015,n,Festuca_arundinacea,105576,105596,y,Festuca_arundinacea,ott105576,ott105596,Terrestrial,n,n,Eukaryota,Archaeplastida,Plants,Monocots,Angiosperms,Commelinid,Commelinid,Commelinid,Monocots,Monocots,Poales,Poales,Poaceae,Poaceae,H,1258,1577,0.797717184527584,hermaphrodite,NA,NA,NA,NA,4185.84,4185.84,42,21,NA,594,y,1417.5,NA,22,NA,NA,NA,0.338641706324179,NA,NA,NA,NA,NA,NA,graminoid,broadleaved,NA,C3,non-woody,simple,450,10,wind
179,Backstrom,2008,n,Ficedula_albicollis,107840,131998,y,Ficedula_albicollis,ott107840,ott131998,Terrestrial,n,n,Eukaryota,Opisthokonta ,Animals,Vert,Birds,Aves,Aves,Aves,Aves,Aves,Passeriformes,Passeriformes,Muscicapidae,Muscicapidae,NA,NA,NA,NA,gonochorous,ZW,FH,1118.34,NA,1118.34,1118.34,60,30,322,211,n,1787,NA,33,NA,NA,NA,1.59790403633958,n,NA,NA,NA,NA,NA,NA,NA,NA,NA,NA,NA,NA,NA,NA
180,Corbet-Detig,2015,y,Ficedula_albicollis,107840,131998,y,Ficedula_albicollis,ott107840,ott131998,Terrestrial,n,n,Eukaryota,Opisthokonta ,Animals,Vert,Birds,Aves,Aves,Aves,Aves,Aves,Passeriformes,Passeriformes,Muscicapidae,Muscicapidae,NA,NA,NA,NA,gonochorous,ZW,FH,1118.34,NA,1118.34,1118.34,60,30,NA,3996,n,3132.061,0.783799049049049,NA,NA,3.24065054958299,NA,2.80063397535633,n,NA,NA,NA,NA,NA,NA,NA,NA,NA,NA,NA,NA,NA,NA
181,Mahoney,2016,n,Fragaria_iinumae,555467,208027,y,Fragaria_iinumae,ott555467,ott208027,Terrestrial,n,n,Eukaryota,Archaeplastida,Plants,Eudicots,Angiosperms,Superrosids,Superrosids,Fabids,Eudicots,Eudicots,Rosales,Rosales,Rosaceae,Rosaceae,NA,NA,NA,NA,hermaphrodite,NA,NA,199.628,NA,199.628,199.628,14,7,104,4173,n,451.7,NA,7,NA,NA,NA,2.2627086380668,NA,SC,P,NA,NA,NA,NA,NA,NA,NA,NA,NA,12,42795,insects
182,Davik,2015,n,Fragaria_vesca,852873,208027,y,Fragaria_vesca,ott852873,ott208027,Terrestrial,n,n,Eukaryota,Archaeplastida,Plants,Eudicots,Angiosperms,Superrosids,Superrosids,Fabids,Eudicots,Eudicots,Rosales,Rosales,Rosaceae,Rosaceae,NA,NA,NA,NA,hermaphrodite,NA,NA,214.373,NA,214.373,214.373,14,7,NA,151,n,416.2,2.76,7,NA,NA,NA,1.94147583884165,NA,SC,P,NA,NA,NA,herb,broadleaved,NA,C3,non-woody,compound,12,42795,insects
183,Sargent,2016,n,Fragaria_xananassa,3904118,208027,y,Fragaria_xananassa,ott3904118,ott208027,Terrestrial,n,n,Eukaryota,Archaeplastida,Plants,Eudicots,Angiosperms,Superrosids,Superrosids,Fabids,Eudicots,Eudicots,Rosales,Rosales,Rosaceae,Rosaceae,NA,NA,NA,NA,hermaphrodite,NA,NA,697.762,NA,697.762,697.762,56,28,86,8407,n,1820,NA,28,NA,NA,NA,2.60833923314827,NA,NA,NA,NA,NA,NA,NA,NA,NA,NA,NA,NA,12,42795,insects
184,DeVos,2007,n,Fusarium_circinatum,75556,955281,y,Fusarium_circinatum,ott75556,ott955281,Plants,y,n,Eukaryota,Opisthokonta ,Fungi,Fungi,Ascomycota,Fungi,Fungi,Fungi,Fungi,Sordariomycetes,Hypocreales,Hypocreales,Nectriaceae,Nectriaceae,NA,NA,NA,NA,parthenogenic,NA,NA,43.9486,NA,43.9486,43.9486,22,11,94,582,n,2774.4,11.6,12,NA,NA,NA,63.1282907760429,NA,NA,NA,NA,NA,NA,NA,NA,NA,NA,NA,NA,NA,NA,NA
185,Lee,2008,n,Fusarium_graminearum,5726284,264388,y,Fusarium_graminearum,ott5726284,ott264388,Plants,y,n,Eukaryota,Opisthokonta ,Fungi,Fungi,Ascomycota,Fungi,Fungi,Fungi,Fungi,Sordariomycetes,Hypocreales,Hypocreales,Nectriaceae,Nectriaceae,NA,NA,NA,NA,parthenogenic,NA,NA,36.458,NA,36.458,36.458,8,4,NA,115,n,1140,NA,6,NA,NA,NA,31.2688573152669,NA,NA,NA,NA,NA,NA,NA,NA,NA,NA,NA,NA,NA,NA,NA
186,Teunissen,2003,n,Fusarium_oxysporum,731146,655794,y,Fusarium_oxysporum,ott731146,ott655794,Soil,n,n,Eukaryota,Opisthokonta ,Fungi,Fungi,Ascomycota,Fungi,Fungi,Fungi,Fungi,Sordariomycetes,Hypocreales,Hypocreales,Nectriaceae,Nectriaceae,NA,NA,NA,NA,parthenogenic,NA,NA,61.3869,0.055,61.3869,61.3869,30,15,32,83,n,86,NA,23,NA,NA,NA,1.40095036563176,NA,NA,NA,NA,NA,NA,NA,NA,NA,NA,NA,NA,NA,NA,NA
187,Jurgenson,2002,n,Fusarium_verticillioides,966934,584890,y,Fusarium_verticillioides,ott966934,ott584890,Plants,y,n,Eukaryota,Opisthokonta ,Fungi,Fungi,Ascomycota,Fungi,Fungi,Fungi,Fungi,Sordariomycetes,Hypocreales,Hypocreales,Nectriaceae,Nectriaceae,NA,NA,NA,NA,parthenogenic,NA,NA,41.8449,NA,41.8449,41.8449,22,11,NA,636,n,2188,NA,12,NA,NA,NA,52.2883314334602,NA,NA,NA,NA,NA,NA,NA,NA,NA,NA,NA,NA,NA,NA,NA
188,Hubert,2010,n,Gadus_morhua,114170,114168,y,Gadus_morhua,ott114170,ott114168,Aquatic,n,n,Eukaryota,Opisthokonta ,Animals,Vert,Fishes,Fishes,Fishes,Fishes,Fishes,Actinopterygii,Gadiformes,OtherFishes,Gadidae,OtherFishes,H,NA,NA,1.78,gonochorous,XY,MH,824.311,0.93,909.54,909.54,46,23,182,924,n,1421.92,NA,23,NA,NA,NA,1.56333971018317,n,NA,NA,NA,NA,NA,NA,NA,NA,NA,NA,NA,NA,NA,NA
189,Pengelly,2016,n,Gallus_gallus,153563,153562,y,Gallus_gallus,ott153563,ott153562,Terrestrial,n,y,Eukaryota,Opisthokonta ,Animals,Vert,Birds,Aves,Aves,Aves,Aves,Aves,Galliformes,Galliformes,Phasianidae,Phasianidae,NA,NA,NA,NA,gonochorous,ZW,FH,1222.5,NA,1230.26,1230.26,70,35,NA,500000,n,2762.2,NA,28,NA,NA,NA,2.24521645830963,n,NA,NA,NA,NA,NA,NA,NA,NA,NA,NA,NA,NA,NA,NA
190,Corbet-Detig,2015,y,Gallus_gallus,153563,153562,y,Gallus_gallus,ott153563,ott153562,Terrestrial,n,y,Eukaryota,Opisthokonta ,Animals,Vert,Birds,Aves,Aves,Aves,Aves,Aves,Galliformes,Galliformes,Phasianidae,Phasianidae,NA,NA,NA,NA,gonochorous,ZW,FH,1222.5,NA,1230.26,1230.26,70,35,NA,8349,n,2867.6,0.343466283387232,NA,NA,3.1486092544282,NA,2.33088940549152,n,NA,NA,NA,NA,NA,NA,NA,NA,NA,NA,NA,NA,NA,NA
191,Corbet-Detig,2015,y,Gasterosteus_aculeatus,401066,401070,y,Gasterosteus_aculeatus,ott401066,ott401070,Aquatic,n,n,Eukaryota,Opisthokonta ,Animals,Vert,Fishes,Fishes,Fishes,Fishes,Fishes,Actinopterygii,Gasterosteiformes,OtherFishes,Gasterosteidae,OtherFishes,NA,NA,NA,NA,gonochorous,XY,MH,625.92,0.7,625.92,625.92,44,22,NA,1872,n,1251.1609277,0.66835519642094,NA,NA,3.1137123613754,NA,1.9989150813203,n,NA,NA,NA,NA,NA,NA,NA,NA,NA,NA,NA,NA,NA,NA
192,Rastas,2016,n,Gasterosteus_aculeatus,401066,401070,y,Gasterosteus_aculeatus,ott401066,ott401070,Aquatic,n,n,Eukaryota,Opisthokonta ,Animals,Vert,Fishes,Fishes,Fishes,Fishes,Fishes,Actinopterygii,Gasterosteiformes,OtherFishes,Gasterosteidae,OtherFishes,H,2335.72,1584.26,1.47432870867156,gonochorous,XY,MH,446.611,0.7,625.92,625.92,44,22,NA,13060,n,1980.74,0.5,21,NA,NA,NA,3.16452581799591,n,NA,NA,NA,NA,NA,NA,NA,NA,NA,NA,NA,NA,NA,NA
193,Nakatsuka,2012,n,Gentiana_scabra,717875,168233,y,Gentiana_scabra,ott717875,ott168233,Terrestrial,n,n,Eukaryota,Archaeplastida,Plants,Eudicots,Angiosperms,Superasterids,Superasterids,Lamiids,Eudicots,Eudicots,Gentianales,Gentianales,Gentianaceae,OtherEudicots,NA,NA,NA,NA,NA,NA,NA,NA,NA,5000,5000,26,13,93,263,n,613.7,NA,19,NA,NA,NA,0.12274,NA,NA,NA,NA,NA,NA,NA,NA,NA,NA,NA,NA,NA,NA,NA
194,vanderVoort,1999,n,Globodera_rostochiensis,232963,232964,y,Globodera_rostochiensis,ott232963,ott232964,Plants,y,n,Eukaryota,Opisthokonta ,Animals,Invert,Nematode,UnSeg.Worms,UnSeg.Worms,UnSeg.Worms,UnSeg.Worms,Secernentea,Tylenchida,OtherHelminth,Heteroderidae,Heteroderidae,NA,NA,NA,NA,gonochorous,NA,NA,95.8763,NA,95.8763,95.8763,18,9,NA,62,n,431,NA,9,NA,NA,NA,4.4953758123749,n,NA,NA,NA,NA,NA,NA,NA,NA,NA,NA,NA,NA,NA,NA
195,Corbet-Detig,2015,y,Glycine_max,681762,5533150,y,Glycine_max,ott681762,ott5533150,Terrestrial,n,n,Eukaryota,Archaeplastida,Plants,Eudicots,Angiosperms,Superrosids,Superrosids,Fabids,Eudicots,Eudicots,Fabales,Fabales,Fabaceae,Fabaceae,NA,NA,NA,NA,hermaphrodite,NA,NA,978.972,NA,1105.14,1105.14,40,20,NA,2549,n,2241.32,0.879293840721852,NA,NA,2.37632821956651,NA,2.02808693921132,NA,SC,NA,NA,NA,NA,herb,broadleaved,NA,C3,non-woody,compound,NA,NA,NA
196,Song,2016,n,Glycine_max,681762,5533150,y,Glycine_max,ott681762,ott5533150,Terrestrial,n,n,Eukaryota,Archaeplastida,Plants,Eudicots,Angiosperms,Superrosids,Superrosids,Fabids,Eudicots,Eudicots,Fabales,Fabales,Fabaceae,Fabaceae,NA,NA,NA,NA,hermaphrodite,NA,NA,978.972,NA,1105.14,1105.14,40,20,NA,21478,n,2445.8,NA,20,NA,NA,NA,2.21311327071683,NA,SC,NA,NA,NA,NA,herb,broadleaved,NA,C3,non-woody,compound,NA,NA,NA
197,Kakioka,2013,n,Gnathopogon_caerulescens,325187,19422,y,Globodera_rostochiensis,ott325187,ott19422,Aquatic,n,n,Eukaryota,Opisthokonta ,Animals,Vert,Fishes,Fishes,Fishes,Fishes,Fishes,Actinopterygii,Cypriniformes,Cypriniformes,Cyprinidae,Cyprinidae,NA,NA,NA,NA,NA,NA,NA,NA,NA,NA,NA,50,25,198,1622,n,1390.9,0.87,25,1451,NA,NA,#VALUE!,n,NA,NA,NA,NA,NA,NA,NA,NA,NA,NA,NA,NA,NA,NA
198,Badigannavar,2015,n,Gossypium_arboreum,625750,800239,y,Gossypium_arboreum,ott625750,ott800239,Terrestrial,n,n,Eukaryota,Archaeplastida,Plants,Eudicots,Angiosperms,Superrosids,Superrosids,Fabids,Eudicots,Eudicots,Malvales,Malvales,Malvaceae,Malvaceae,NA,NA,NA,NA,hermaphrodite,NA,NA,1694.6,NA,1682.16,1682.16,26,13,94,606,n,1109,7.92,37,NA,NA,NA,0.659271412945261,NA,both,NA,NA,NA,NA,NA,NA,NA,C3,NA,NA,NA,NA,NA
199,Shi,2016,n,Gossypium_barbadense,854476,800239,y,Gossypium_barbadense,ott854476,ott800239,Terrestrial,n,n,Eukaryota,Archaeplastida,Plants,Eudicots,Angiosperms,Superrosids,Superrosids,Fabids,Eudicots,Eudicots,Malvales,Malvales,Malvaceae,Malvaceae,NA,NA,NA,NA,hermaphrodite,NA,NA,2566.74,NA,2694.39,2694.39,52,26,NA,2292,n,5115.6,2.23,26,NA,NA,NA,1.89861155957378,NA,both,NA,NA,NA,NA,herb,broadleaved,NA,C3,non-woody,simple,NA,NA,NA
200,Jia,2016,n,Gossypium_hirsutum,854480,800239,y,Gossypium_hirsutum,ott854480,ott800239,Terrestrial,n,n,Eukaryota,Archaeplastida,Plants,Eudicots,Angiosperms,Superrosids,Superrosids,Fabids,Eudicots,Eudicots,Malvales,Malvales,Malvaceae,Malvaceae,NA,NA,NA,NA,hermaphrodite,NA,NA,2189.14,NA,2347.2,2347.2,52,26,NA,6434,n,4071.98,0.63,26,NA,NA,NA,1.73482447171097,NA,both,NA,NA,NA,NA,shrub/tree,broadleaved,NA,C3,woody,simple,NA,NA,NA
201,Corbet-Detig,2015,y,Gossypium_raimondii,79347,800239,y,Gossypium_raimondii,ott79347,ott800239,Terrestrial,n,n,Eukaryota,Archaeplastida,Plants,Eudicots,Angiosperms,Superrosids,Superrosids,Fabids,Eudicots,Eudicots,Malvales,Malvales,Malvaceae,Malvaceae,NA,NA,NA,NA,NA,NA,NA,761.565,1.35276073619632,1101.228,1101.228,26,13,NA,433,n,1493.3,3.44872979214781,NA,NA,2.04971450838414,1.135,1.3560316301438,NA,NA,NA,NA,NA,NA,NA,NA,NA,NA,NA,NA,NA,NA,NA
202,Wang,2013,n,Gossypium_raimondii,79347,800239,y,Gossypium_raimondii,ott79347,ott800239,Terrestrial,n,n,Eukaryota,Archaeplastida,Plants,Eudicots,Angiosperms,Superrosids,Superrosids,Fabids,Eudicots,Eudicots,Malvales,Malvales,Malvaceae,Malvaceae,NA,NA,NA,NA,NA,NA,NA,761.565,1.35276073619632,1101.228,1101.228,26,13,NA,48958,n,2325,NA,13,NA,1.135,1.135,2.11127940807898,NA,NA,NA,NA,NA,NA,NA,NA,NA,NA,NA,NA,NA,NA,NA
203,Hou,2013,n,Gossypium_tomentosum,733231,800239,y,Gossypium_tomentosum,ott733231,ott800239,Terrestrial,n,n,Eukaryota,Archaeplastida,Plants,Eudicots,Angiosperms,Superrosids,Superrosids,Fabids,Eudicots,Eudicots,Malvales,Malvales,Malvaceae,Malvaceae,NA,NA,NA,NA,NA,NA,NA,NA,NA,2386.32,2386.32,52,26,NA,1204,n,3320.8,2.76,35,NA,NA,NA,1.39159877971102,NA,NA,NA,NA,NA,NA,shrub,broadleaved,NA,C3,woody,simple,NA,NA,NA
204,Ren,2016,n,Haliotis_diversicolor,780542,228119,y,Haliotis_diversicolor,ott780542,ott228119,Aquatic,n,n,Eukaryota,Opisthokonta ,Animals,Invert,Molluscs,Molluscs,Molluscs,Molluscs,Molluscs,Gastropoda,Vetigastropoda,Vetigastropoda,Halliotidae,Halliotidae,H,2197.8,1764.7,1.24542415141384,NA,NA,NA,NA,1.45,1418.1,1418.1,32,16,131,3717,n,2190.1,1.27,16,2209.6,NA,NA,1.54439038149637,NA,NA,NA,NA,NA,NA,NA,NA,NA,NA,NA,NA,NA,NA,NA
205,Vervalle,2013,n,Haliotis_midae,780532,228119,y,Haliotis_midae,ott780532,ott228119,Aquatic,n,n,Eukaryota,Opisthokonta ,Animals,Invert,Molluscs,Molluscs,Molluscs,Molluscs,Molluscs,Gastropoda,Vetigastropoda,Vetigastropoda,Halliotidae,Halliotidae,NA,NA,NA,NA,NA,NA,NA,NA,1.43,1398.54,1398.54,36,18,NA,186,n,1038,6.88,18,1327,NA,NA,0.74220258269338,NA,NA,NA,NA,NA,NA,NA,NA,NA,NA,NA,NA,NA,NA,NA
206,Baranski,2006,n,Haliotis_rubra,695282,228119,y,Haliotis_rubra,ott695282,ott228119,Aquatic,n,n,Eukaryota,Opisthokonta ,Animals,Invert,Molluscs,Molluscs,Molluscs,Molluscs,Molluscs,Gastropoda,Vetigastropoda,Vetigastropoda,Halliotidae,Halliotidae,H,766,621,1.23349436392915,NA,NA,NA,NA,NA,NA,NA,NA,NA,NA,122,y,693.5,NA,17,NA,NA,NA,#VALUE!,NA,NA,NA,NA,NA,NA,NA,NA,NA,NA,NA,NA,NA,NA,NA
207,Henning,2017,n,Haplochromis_chilotes,138490,288092,y,Haplochromis_chilotes,ott138490,ott288092,Aquatic,n,n,Eukaryota,Opisthokonta ,Animals,Vert,Fishes,Fishes,Fishes,Fishes,Fishes,Actinopterygii,Perciformes,Perciformes,Cichlidae,Cichlidae,NA,NA,NA,NA,NA,NA,NA,NA,NA,1075.8,1075.8,44,22,NA,1122,n,1225.68,NA,22,NA,NA,NA,1.13931957612939,n,NA,NA,NA,NA,NA,NA,NA,NA,NA,NA,NA,NA,NA,NA
208,Henning,2014,n,Haplochromis_sauvagei,685068,288092,y,Haplochromis_sauvagei,ott685068,ott288092,Aquatic,n,n,Eukaryota,Opisthokonta ,Animals,Vert,Fishes,Fishes,Fishes,Fishes,Fishes,Actinopterygii,Perciformes,Perciformes,Cichlidae,Cichlidae,NA,NA,NA,NA,NA,NA,NA,NA,NA,1075.8,1075.8,44,22,NA,867,n,1130.63,NA,22,NA,NA,NA,1.05096672243912,n,NA,NA,NA,NA,NA,NA,NA,NA,NA,NA,NA,NA,NA,NA
209,Celik,2016,n,Helianthus_annuus,515712,515718,y,Helianthus_annuus,ott515712,ott515718,Terrestrial,n,n,Eukaryota,Archaeplastida,Plants,Eudicots,Angiosperms,Superasterids,Superasterids,Campanulids,Eudicots,Eudicots,Asterales,Asterales,Asteraceae,Asteraceae,NA,NA,NA,NA,hermaphrodite,NA,NA,NA,NA,2376.54,2376.54,34,17,93,817,n,2472,NA,17,NA,NA,NA,1.04016763866798,NA,both,NA,17,27.71,Domesticated,herb,broadleaved,NA,C3,non-woody,simple,NA,NA,NA
210,Corbet-Detig,2015,y,Heliconius_melpomene,896444,1050577,y,Heliconius_melpomene,ott896444,ott1050577,Terrestrial,n,n,Eukaryota,Opisthokonta ,Animals,Invert,Insects,Insects,Insects,Insects,Insects,Insecta,Lepidoptera,Lepidoptera,Nymphalidae,Nymphalidae,A,NA,NA,NA,gonochorous,ZW,NA,293.4,0.3,293.4,293.4,42,21,NA,1017,n,689.262,0.677740412979351,NA,NA,3.32508090841105,NA,2.34922290388548,n,NA,NA,NA,NA,NA,NA,NA,NA,NA,NA,NA,NA,NA,NA
211,Davey,2016,n,Heliconius_melpomene,896444,1050577,y,Heliconius_melpomene,ott896444,ott1050577,Terrestrial,n,n,Eukaryota,Opisthokonta ,Animals,Invert,Insects,Insects,Insects,Insects,Insects,Insecta,Lepidoptera,Lepidoptera,Nymphalidae,Nymphalidae,A,NA,NA,NA,gonochorous,ZW,NA,293.4,0.3,293.4,293.4,42,21,69,431488,n,1364.23,NA,21,NA,NA,NA,4.64972733469666,n,NA,NA,NA,NA,NA,NA,NA,NA,NA,NA,NA,NA,NA,NA
212,Lind,2012,n,Heterobasidion_annosum,1072058,1072057,y,Heterobasidion_annosum,ott1072058,ott1072057,Plants,y,n,Eukaryota,Opisthokonta ,Fungi,Fungi,Basidiomycota,Fungi,Fungi,Fungi,Fungi,Agaricomycetes,Russulales,Russulales,Bondarzewiaceae,OtherBasido.,NA,NA,NA,NA,NA,H,NA,27.9883,0.034,27.9883,27.9883,NA,NA,102,241,n,2476,5.8,17,NA,NA,NA,88.4655373852646,NA,NA,NA,NA,NA,NA,NA,NA,NA,NA,NA,NA,NA,NA,NA
213,Atibalentja,2005,n,Heterodera_glycines,332065,1040296,y,Heterodera_glycines,ott332065,ott1040296,Plants,y,n,Eukaryota,Opisthokonta ,Animals,Invert,Nematode,UnSeg.Worms,UnSeg.Worms,UnSeg.Worms,UnSeg.Worms,Secernentea,Tylenchida,OtherHelminth,Heteroderidae,Heteroderidae,NA,NA,NA,NA,gonochorous,NA,NA,81.908,NA,81.908,81.908,18,9,63,131,n,539,4.5,10,NA,NA,NA,6.58055379205938,n,NA,NA,NA,NA,NA,NA,NA,NA,NA,NA,NA,NA,NA,NA
214,Shearman,2015,n,Hevea_brasiliensis,339361,339360,y,Hevea_brasiliensis,ott339361,ott339360,Terrestrial,n,n,Eukaryota,Archaeplastida,Plants,Eudicots,Angiosperms,Superrosids,Superrosids,Fabids,Eudicots,Eudicots,Malpighiales,Malpighiales,Euphorbiaceae,Euphorbiaceae,NA,NA,NA,NA,monoecious,NA,NA,1373.37,NA,2102.7,2102.7,36,18,149,12326,n,4160,NA,18,NA,NA,NA,1.9784087126076,NA,NA,NA,NA,NA,NA,tree,broadleaved,deciduous,C3,woody,compound,NA,NA,NA
215,Chen,2011,n,Hibiscus_cannabinus,393745,83402,y,Hibiscus_cannabinus,ott393745,ott83402,Terrestrial,n,n,Eukaryota,Archaeplastida,Plants,Eudicots,Angiosperms,Superrosids,Superrosids,Fabids,Eudicots,Eudicots,Malvales,Malvales,Malvaceae,Malvaceae,NA,NA,NA,NA,NA,NA,NA,NA,1.53,1496.34,1496.34,36,18,180,396,n,4924.8,16.04,26,NA,NA,NA,3.29123060267052,NA,NA,NA,NA,NA,NA,NA,NA,NA,NA,NA,NA,NA,NA,NA
216,Shirasawa,2015,n,Hieracium_,711719,23821,y,Hieracium_mixtum,ott711719,ott23821,Terrestrial,n,n,Eukaryota,Archaeplastida,Plants,Eudicots,Angiosperms,Superasterids,Superasterids,Campanulids,Eudicots,Eudicots,Asterales,Asterales,Asteraceae,Asteraceae,NA,NA,NA,NA,hermaphrodite,NA,NA,NA,4.15,4058.7,4058.7,36,18,95,518,n,1650,8.5,16,NA,NA,NA,0.406534111907754,NA,NA,NA,NA,NA,NA,herb,broadleaved,NA,C3,non-woody,simple,NA,NA,NA
217,Palaiokostas,2013,n,Hippoglossus_hippoglossus,408328,261426,y,Hippoglossus_hippoglossus,ott408328,ott261426,Aquatic,n,n,Eukaryota,Opisthokonta ,Animals,Vert,Fishes,Fishes,Fishes,Fishes,Fishes,Actinopterygii,Pleuronectiformes,Pleuronectiformes,Pleuronectinae,OtherPleuron,H,1496,1378.1,1.08555257238227,gonochorous,XY,MH,NA,NA,NA,713.94,48,24,90,4049,n,1514,NA,24,NA,NA,NA,2.12062638316945,n,NA,NA,NA,NA,NA,NA,NA,NA,NA,NA,NA,NA,NA,NA
218,Corbet-Detig,2015,y,Homo_sapiens,770315,770309,y,Homo_sapiens,ott770315,ott770309,Terrestrial,n,n,Eukaryota,Opisthokonta ,Animals,Vert,Mammals,Mammals,Mammals,Mammals,Mammals,Mammalia,Primates,Primates,Hominidae,OtherPrimate,NA,NA,NA,NA,gonochorous,XY,MH,3423,3.5,3423,3423,96,48,NA,276215,n,3179.9563005,0.0115126126405155,NA,NA,1.19071999919365,NA,0.928996874233129,n,NA,NA,NA,NA,NA,NA,NA,NA,NA,NA,NA,NA,NA,NA
219,Zhou,2016,n,Hordeum_vulgare,657948,649371,y,Hordeum_vulgare,ott657948,ott649371,Terrestrial,n,n,Eukaryota,Archaeplastida,Plants,Monocots,Angiosperms,Commelinid,Commelinid,Commelinid,Monocots,Monocots,Poales,Poales,Poaceae,Poaceae,NA,NA,NA,NA,hermaphrodite,NA,NA,1779.49,5.53997955010225,5418.1,5418.1,14,7,NA,1832,n,927.07,0.49,7,NA,0.171,0.171,0.17110610730699,NA,SC,NA,7,16.9,Domesticated,graminoid,broadleaved,NA,C3,non-woody,simple,NA,NA,NA
220,Henning,2015,n,Humulus_lupulus,84020,84015,y,Humulus_lupulus,ott84020,ott84015,Terrestrial,n,n,Eukaryota,Archaeplastida,Plants,Eudicots,Angiosperms,Superrosids,Superrosids,Fabids,Eudicots,Eudicots,Rosales,Rosales,Cannabaceae,OtherEudicots,NA,NA,NA,NA,dioecy,NA,NA,NA,2.9,2836.2,2836.2,20,10,NA,3341,n,745.9,NA,11,NA,0.245,0.245,0.262992736760454,NA,NA,NA,NA,NA,NA,NA,NA,NA,NA,NA,NA,2,2,wind
221,Brelsford,2016,n,Hyla_aborea,3619928,1062216,y,Hyla_europaea,ott3619928,ott1062216,Terrestrial,n,n,Eukaryota,Opisthokonta ,Animals,Vert,Amphibia,Amphibia.Reptile,Amphibia.Reptile,Amphibia.Reptile,Amphibia.Reptile,Amphibia,Anura,Anura,Hylidae,OtherAR,H,2393.696,1147.748,2.08555885089758,gonochorous,NA,NA,NA,4.75428571428571,4649.69142857143,4649.69,24,12,90,1598,y,1770.722,1.18,12,NA,NA,NA,0.380825818495427,n,NA,NA,NA,NA,NA,NA,NA,NA,NA,NA,NA,NA,NA,NA
222,Guo,2013,n,Hypophthalmichthys_molitrix,35786,429092,y,Hypophthalmichthys_molitrix,ott35786,ott429092,Aquatic,n,y,Eukaryota,Opisthokonta ,Animals,Vert,Fishes,Fishes,Fishes,Fishes,Fishes,Actinopterygii,Cypriniformes,Cypriniformes,Cyprinidae,Cyprinidae,NA,NA,NA,NA,gonochorous,XY,MH,NA,1,978,978,8,24,NA,703,n,1561.1,2.2,24,NA,NA,NA,1.59621676891616,n,NA,NA,NA,NA,NA,NA,NA,NA,NA,NA,NA,NA,NA,NA
223,Sun,2016,n,Hypsizygus_marmoreus,762099,762103,y,Hypsizygus_marmoreus,ott762099,ott762103,Terrestrial,n,n,Eukaryota,Opisthokonta ,Fungi,Fungi,Basidiomycota,Fungi,Fungi,Fungi,Fungi,Agaricomycetes,Agaricales,Agaricales,Tricholomataceae,OtherBasido.,NA,NA,NA,NA,NA,H,NA,41.6261,NA,41.6261,41.6261,22,11,NA,14,n,86.2,NA,2,NA,NA,NA,2.07081614660033,NA,NA,NA,NA,NA,NA,NA,NA,NA,NA,NA,NA,NA,NA,NA
224,Bai,2016,n,Hyriopsis_cumingii,351029,58700,y,Hyriopsis_cumingii,ott351029,ott58700,Aquatic,n,n,Eukaryota,Opisthokonta ,Animals,Invert,Molluscs,Molluscs,Molluscs,Molluscs,Molluscs,Bivalvia,Unionida,OtherMollusc,Unionidae,OtherMollusc,H,2810,2561,1.097227645451,NA,NA,NA,NA,NA,NA,3000,38,19,157,4920,n,2713,1.81,19,NA,NA,NA,0.904333333333333,NA,NA,NA,NA,NA,NA,NA,NA,NA,NA,NA,NA,NA,NA,NA
225,Liu,2016,n,Ictalurus_punctatus,701523,701512,y,Ictalurus_punctatus,ott701523,ott701512,Aquatic,n,n,Eukaryota,Opisthokonta ,Animals,Vert,Fishes,Fishes,Fishes,Fishes,Fishes,Actinopterygii,Siluriformes,OtherFishes,Ictaluridae,OtherFishes,NA,NA,NA,NA,gonochorous,NA,FH,783.275,1.06,993.648,993.648,58,29,NA,26238,n,3240,0.25,29,NA,NA,NA,3.26071204289648,n,NA,NA,NA,NA,NA,NA,NA,NA,NA,NA,NA,NA,NA,NA
226,Zhao,2013,n,Ipomoea_batatas,1071040,494853,y,Ipomoea_batatas,ott1071040,ott494853,Terrestrial,n,n,Eukaryota,Archaeplastida,Plants,Eudicots,Angiosperms,Superasterids,Superasterids,Lamiids,Eudicots,Eudicots,Solanales,Solanales,Convolvulaceae,OtherEudicots,NA,NA,NA,NA,hermaphrodite,NA,NA,NA,NA,1833.75,1833.75,180,90,202,2077,n,8184.5,3.9,90,NA,NA,NA,4.46325835037492,NA,both,NA,NA,NA,NA,herb,broadleaved,NA,C3,non-woody,simple,NA,NA,NA
227,Wellenreuther,2013,n,Ischnura_elegans,253311,409467,y,Ischnura_elegans,ott253311,ott409467,Terrestrial,n,n,Eukaryota,Opisthokonta ,Animals,Invert,Insects,Insects,Insects,Insects,Insects,Insecta,Odonata,OtherInsects,Coenargrionidae,OtherInsects,H,179.2,331.7,0.540247211335544,gonochorous,XO,MH,NA,NA,NA,NA,28,14,212,19,n,211.5,NA,4,NA,NA,NA,#VALUE!,n,NA,NA,NA,NA,NA,NA,NA,NA,NA,NA,NA,NA,NA,NA
228,Ullmann,2003,n,Ixodes_scapularis,621065,435915,y,Ixodes_scapularis,ott621065,ott435915,Terrestrial,n,n,Eukaryota,Opisthokonta ,Animals,Invert,Arachnid,Insects,Insects,Insects,Insects,Arachnida,Ixodida,OtherInvert,Ixodidae,OtherInvert,NA,NA,NA,NA,gonochorous,XY,MH,1765.38,NA,1765.38,1765.38,30,15,232,127,n,616,10.8,14,NA,NA,NA,0.348933374117754,n,NA,NA,NA,NA,NA,NA,NA,NA,NA,NA,NA,NA,NA,NA
229,Wu,2015,n,Jatropha_curcas,916001,864024,y,Jatropha_curcas,ott916001,ott864024,Terrestrial,n,n,Eukaryota,Archaeplastida,Plants,Eudicots,Angiosperms,Superrosids,Superrosids,Fabids,Eudicots,Eudicots,Malpighiales,Malpighiales,Euphorbiaceae,Euphorbiaceae,NA,NA,NA,NA,monoecious,NA,NA,318.527,NA,420.54,420.54,22,11,190,1208,n,1655.8,1.4,11,NA,NA,NA,3.9373186854996,NA,NA,NA,NA,NA,NA,shrub,broadleaved,NA,NA,woody,simple,170,70,insects
230,Zhu,2015,n,Juglans_regia,138717,1072884,y,Juglans_regia,ott138717,ott1072884,Terrestrial,n,n,Eukaryota,Archaeplastida,Plants,Eudicots,Angiosperms,Superrosids,Superrosids,Fabids,Eudicots,Eudicots,Fagales,Fagales,Juglandaceae,OtherEudicots,H,2664.3,1305.36,2.04104614818901,monoecious,NA,NA,606,NA,606.36,606.36,32,16,NA,2577,n,2457.82,1.11,16,NA,NA,NA,4.05340062009367,NA,NA,NA,NA,NA,NA,tree,broadleaved,deciduous,C3,woody,compound,NA,NA,NA
231,Kanomori,2016,n,Kryptolebias_marmoratus,229709,179841,y,Kryptolebias_marmoratus,ott229709,ott179841,Aquatic,n,n,Eukaryota,Opisthokonta ,Animals,Vert,Fishes,Fishes,Fishes,Fishes,Fishes,Actinopterygii,Cyprinodontiformes,Cyprinodontiformes,Rivulidae,OtherFishes,NA,NA,NA,NA,NA,NA,NA,680.367,NA,NA,680.367,48,24,49,9904,n,1248,NA,24,NA,NA,NA,1.8343041329165,n,NA,NA,NA,NA,NA,NA,NA,NA,NA,NA,NA,NA,NA,NA
232,Robinson,2014,n,Labeo_rohita,160616,160620,y,Labeo_rohita,ott160616,ott160620,Aquatic,n,n,Eukaryota,Opisthokonta ,Animals,Vert,Fishes,Fishes,Fishes,Fishes,Fishes,Actinopterygii,Cypriniformes,Cypriniformes,Cyprinidae,Cyprinidae,H,1384,1393,0.993539124192391,NA,NA,NA,NA,NA,NA,1950,50,25,NA,3193,n,1373.8,NA,25,NA,NA,NA,0.704512820512821,n,NA,NA,NA,NA,NA,NA,NA,NA,NA,NA,NA,NA,NA,NA
233,Labbe,2008,n,Laccaria_bicolor,985685,985684,y,Laccaria_bicolor,ott985685,ott985684,Terrestrial,n,n,Eukaryota,Opisthokonta ,Fungi,Fungi,Basidiomycota,Fungi,Fungi,Fungi,Fungi,Agaricomycetes,Agaricales,Agaricales,Hydnangiaceae,OtherBasido.,NA,NA,NA,NA,NA,H,NA,64.8774,0.062,64.8774,64.8774,NA,NA,NA,294,n,812,2.76,13,NA,NA,NA,12.5159146328305,NA,NA,NA,NA,NA,NA,NA,NA,NA,NA,NA,NA,NA,NA,NA
234,Truco,2013,n,Lactuca_sativa,515700,515705,y,Lactuca_sativa,ott515700,ott515705,Terrestrial,n,n,Eukaryota,Archaeplastida,Plants,Eudicots,Angiosperms,Superasterids,Superasterids,Campanulids,Eudicots,Eudicots,Asterales,Asterales,Asteraceae,Asteraceae,NA,NA,NA,NA,hermaphrodite,NA,SC,2600,NA,2591.7,2591.7,18,9,213,3696,n,2974,NA,9,NA,NA,NA,1.14750935679284,NA,NA,NA,9,20.2,Domesticated,herb,broadleaved,NA,C3,non-woody,simple,NA,NA,NA
235,He,2014,n,Lagerstroemia_,838580,264011,y,Lagerstroemia_speciosa,ott838580,ott264011,Terrestrial,n,n,Eukaryota,Archaeplastida,Plants,Eudicots,Angiosperms,Superrosids,Superrosids,Fabids,Eudicots,Eudicots,Myrtales,Myrtales,Lythraceae,OtherEudicots,NA,NA,NA,NA,NA,NA,NA,NA,NA,NA,NA,48,24,NA,173,n,1162.1,10.69,20,1788.7,NA,NA,#VALUE!,NA,NA,NA,NA,NA,NA,NA,NA,NA,NA,NA,NA,NA,NA,NA
236,Ao,2015,n,Larimichthys_crocea,679823,679820,y,Larimichthys_crocea,ott679823,ott679820,Aquatic,n,n,Eukaryota,Opisthokonta ,Animals,Vert,Fishes,Fishes,Fishes,Fishes,Fishes,Actinopterygii,Perciformes,Perciformes,Sciaenidae,Sciaenidae,NA,NA,NA,NA,NA,NA,NA,678.938,NA,678.938,678.938,48,24,NA,10150,n,5451.3,0.54,24,NA,NA,NA,8.02915730155036,n,NA,NA,NA,NA,NA,NA,NA,NA,NA,NA,NA,NA,NA,NA
237,Guan,2011,n,Larix_kaempferi,154040,994551,y,Larix_kaempferi,ott154040,ott994551,Terrestrial,n,n,Eukaryota,Archaeplastida,Plants,Conifers,Pinophyta,Conifers,Conifers,Conifers,Conifers,Pinopsida,Pinales,Pinales,Pinaceae,Pinaceae,NA,NA,NA,NA,monoecious,H,NA,NA,9.5,9291,9291,24,12,NA,581,n,546.5,1.9,15,NA,1.92,1.92,0.0588203637929179,NA,NA,NA,NA,NA,NA,NA,NA,NA,NA,NA,NA,NA,NA,NA
238,Liu,2016,n,Lateolabrax_japonicus,186480,186466,y,Lateolabrax_japonicus,ott186480,ott186466,Aquatic,n,n,Eukaryota,Opisthokonta ,Animals,Vert,Fishes,Fishes,Fishes,Fishes,Fishes,Actinopterygii,Perciformes,Perciformes,Lateolabracidae,OtherPerciform,NA,NA,NA,NA,NA,NA,NA,NA,NA,NA,NA,48,24,179,3000,n,2957.79,1.27,24,NA,NA,NA,#VALUE!,n,NA,NA,NA,NA,NA,NA,NA,NA,NA,NA,NA,NA,NA,NA
239,Wang,2017,n,Lates_calcarifer,6362446,6362444,y,Lates_calcarifer,ott6362446,ott6362444,Aquatic,n,n,Eukaryota,Opisthokonta ,Animals,Vert,Fishes,Fishes,Fishes,Fishes,Fishes,Actinopterygii,Perciformes,Perciformes,Latidae,OtherPerciform,NA,NA,NA,NA,hermaphrodite,NA,NA,668.481,0.7,684.6,684.6,48,24,118,3836,n,1412.9,0.38,24,NA,4.52,NA,2.06383289512124,n,NA,NA,NA,NA,NA,NA,NA,NA,NA,NA,NA,NA,NA,NA
240,Shaw,2007,n,Laupala,168740,743052,y,Laupala_molokaiensis,ott168740,ott743052,Terrestrial,n,n,Eukaryota,Opisthokonta ,Animals,Invert,Insects,Insects,Insects,Insects,Insects,Insecta,Orthoptera ,OtherInsects,Gryllidae,OtherInsects,NA,NA,NA,NA,gonochorous,XY,NA,NA,NA,NA,1900,16,8,NA,131,m,795.3,6.9,16,NA,1.2,NA,0.418578947368421,n,NA,NA,NA,NA,NA,NA,NA,NA,NA,NA,NA,NA,NA,NA
241,Sudheesh,2016,n,Lens_culinaris,6245,510038,y,Lens_culinaris,ott6245,ott510038,Terrestrial,n,n,Eukaryota,Archaeplastida,Plants,Eudicots,Angiosperms,Superrosids,Superrosids,Fabids,Eudicots,Eudicots,Fabales,Fabales,Fabaceae,Fabaceae,NA,NA,NA,NA,hermaphrodite,NA,NA,NA,NA,4107.6,4107.6,14,7,NA,689,n,2429.61,3.5,7,NA,NA,NA,0.591491381828805,NA,SC,NA,7,13.038,Domesticated,herb,broadleaved,NA,C3,non-woody,compound,NA,NA,NA
242,Gong,2016,n,Lentinula_edodes,162647,162650,y,Lentinula_edodes,ott162647,ott162650,Terrestrial,n,n,Eukaryota,Opisthokonta ,Fungi,Fungi,Basidiomycota,Fungi,Fungi,Fungi,Fungi,Agaricomycetes,Agaricales,Agaricales,Marasmiaceae,OtherBasido.,NA,NA,NA,NA,NA,H,NA,46.1067,NA,46.1067,46.1067,NA,NA,NA,572,n,983.7,NA,12,NA,NA,NA,21.3352940028239,NA,NA,NA,NA,NA,NA,NA,NA,NA,NA,NA,NA,NA,NA,NA
243,Corbet-Detig,2015,y,Lepisosteus_oculatus,1028028,904121,y,Lepisosteus_oculatus,ott1028028,ott904121,Aquatic,n,n,Eukaryota,Opisthokonta ,Animals,Vert,Fishes,Fishes,Fishes,Fishes,Fishes,Actinopterygii,Lepisosteiformes,OtherFishes,Lepisosteidae,OtherFishes,NA,NA,NA,NA,NA,NA,NA,1369.2,1.44,1378.98,1378.98,58,29,NA,2820,n,2923.736,1.03678581560284,NA,NA,3.33036154499458,NA,2.12021639182584,n,NA,NA,NA,NA,NA,NA,NA,NA,NA,NA,NA,NA,NA,NA
244,Wang,2010,n,Lepomis_macrochirus,836783,836782,y,Lepomis_macrochirus,ott836783,ott836782,Aquatic,n,y,Eukaryota,Opisthokonta ,Animals,Vert,Fishes,Fishes,Fishes,Fishes,Fishes,Actinopterygii,Perciformes,Perciformes,Centrarchidae,OtherPerciform,H,1628.2,1525.3,1.06746213859569,NA,NA,NA,NA,1.01,987.78,987.78,48,24,NA,222,y,1576.75,NA,31,NA,NA,NA,1.59625625139201,n,NA,NA,NA,NA,NA,NA,NA,NA,NA,NA,NA,NA,NA,NA
245,Hawthorne,2001,n,Leptinotarsa_decemlineata,185597,30409,y,Leptinotarsa_decemlineata,ott185597,ott30409,Terrestrial,n,y,Eukaryota,Opisthokonta ,Animals,Invert,Insects,Insects,Insects,Insects,Insects,Insecta,Coleoptera,Coleoptera,Chrysomelidae,OtherColeopt,NA,NA,NA,NA,gonochorous,NA,NA,1170.24,0.46,449.88,449.88,36,18,74,182,n,1032,11.1,18,NA,NA,NA,2.29394505201387,n,NA,NA,NA,NA,NA,NA,NA,NA,NA,NA,NA,NA,NA,NA
246,Pannebakker,2004,n,Leptopilina_clavipes,1061491,485012,y,Leptopilina_clavipes,ott1061491,ott485012,Animals,y,n,Eukaryota,Opisthokonta ,Animals,Invert,Insects,Insects,Insects,Insects,Insects,Insecta,Hymenoptera,Hymenoptera,Figitidae,OtherHymen,NA,NA,NA,NA,male.haploid,NA,NA,255.344,NA,255.344,255.344,10,5,72,32,n,219.9,6.9,5,NA,NA,NA,0.861191177392067,y,NA,NA,NA,NA,NA,NA,NA,NA,NA,NA,NA,NA,NA,NA
247,Shahin,2011,n,Lilium_,73804,748393,y,Lilium_maculatum,ott73804,ott748393,Terrestrial,n,n,Eukaryota,Archaeplastida,Plants,Monocots,Angiosperms,Lilioid,Lilioid.Alismatid,Lilioid,Monocots,Monocots,Liliales,OtherMonocots,Liliaceae,OtherMonocots,NA,NA,NA,NA,NA,NA,NA,NA,NA,NA,NA,NA,NA,198,411,n,1627,3.9,22,NA,NA,NA,#VALUE!,NA,NA,NA,NA,NA,NA,NA,NA,NA,NA,NA,NA,NA,NA,NA
248,Cloutier,2012,n,Linum_usitatissimum,1000262,1000260,y,Linum_usitatissimum,ott1000262,ott1000260,Terrestrial,n,n,Eukaryota,Archaeplastida,Plants,Eudicots,Angiosperms,Superrosids,Superrosids,Fabids,Eudicots,Eudicots,Malpighiales,Malpighiales,Linaceae,OtherEudicots,NA,NA,NA,NA,hermaphrodite,NA,NA,282.202,NA,684.6,684.6,30,15,NA,770,n,1151,2,15,NA,NA,NA,1.68127373648846,NA,SC,NA,15,27.29,Domesticated,herb,broadleaved,NA,C3,non-woody,simple,NA,NA,NA
249,Yu,2015,n,Litopenaeus_vannamei,169168,5845,y,Penaeus_vannamei,ott169168,ott5845,Aquatic,n,n,Eukaryota,Opisthokonta ,Animals,Invert,Crustaceans,Crustaceans,Crustaceans,Crustaceans,Crustaceans,Malacostraca,Decapoda,Decapoda,Penaeidae,Penaeidae,NA,NA,NA,NA,gonochorous,ZW,FH,NA,NA,2640,2640,88,44,NA,6146,n,4271.43,0.7,44,4341.39,1.7,NA,1.61796590909091,n,NA,NA,NA,NA,NA,NA,NA,NA,NA,NA,NA,NA,NA,NA
250,Guan,2014,n,Lolium_multiflorum,135777,135782,y,Lolium_multiflorum,ott135777,ott135782,Terrestrial,n,n,Eukaryota,Archaeplastida,Plants,Monocots,Angiosperms,Commelinid,Commelinid,Commelinid,Monocots,Monocots,Poales,Poales,Poaceae,Poaceae,NA,NA,NA,NA,hermaphrodite,NA,NA,NA,NA,2660.16,2660.16,14,7,881,192,n,488.8,2.5,7,NA,NA,NA,0.183748345964153,NA,NA,NA,7,12.77,Cultivated,graminoid,broadleaved,NA,C3,non-woody,simple,NA,NA,NA
251,Velmurugan,2016,n,Lolium_perenne,135774,135782,y,Lolium_perenne,ott135774,ott135782,Terrestrial,n,n,Eukaryota,Archaeplastida,Plants,Monocots,Angiosperms,Commelinid,Commelinid,Commelinid,Monocots,Monocots,Poales,Poales,Poaceae,Poaceae,NA,NA,NA,NA,hermaphrodite,NA,NA,481.479,2.0799591002045,2365.782,2365.782,14,7,169,1865,n,952.6,0.4,7,NA,0.396,0.396,0.402657556782493,NA,NA,NA,7,0,Cultivated,graminoid,broadleaved,NA,C3,non-woody,simple,NA,NA,NA
252,Wang,2008,n,Lotus_japonicus,1081728,879017,y,Lotus_japonicus,ott1081728,ott879017,Terrestrial,n,n,Eukaryota,Archaeplastida,Plants,Eudicots,Angiosperms,Superrosids,Superrosids,Fabids,Eudicots,Eudicots,Fabales,Fabales,Fabaceae,Fabaceae,NA,NA,NA,NA,NA,NA,NA,394.455,NA,469.44,469.44,12,6,94,1023,n,508.5,6,6,NA,NA,NA,1.08320552147239,NA,NA,NA,NA,NA,NA,NA,broadleaved,NA,C3,NA,compound,NA,NA,NA
253,Berdan,2014,n,Lucania_goodei,84261,84264,y,Lucania_goodei,ott84261,ott84264,Aquatic,n,n,Eukaryota,Opisthokonta ,Animals,Vert,Fishes,Fishes,Fishes,Fishes,Fishes,Actinopterygii,Cyprinodontiformes,Cyprinodontiformes,Fundulidae ,Fundulidae ,NA,NA,NA,NA,gonochorous,H,NA,NA,1.349,1319.322,1319.322,48,24,303,915,n,392,0.5,23,NA,NA,NA,0.297122309792454,n,NA,NA,NA,NA,NA,NA,NA,NA,NA,NA,NA,NA,NA,NA
254,Berdan,2014,n,Lucania_parva,839518,84264,y,Lucania_parva,ott839518,ott84264,Aquatic,n,n,Eukaryota,Opisthokonta ,Animals,Vert,Fishes,Fishes,Fishes,Fishes,Fishes,Actinopterygii,Cyprinodontiformes,Cyprinodontiformes,Fundulidae ,Fundulidae ,NA,NA,NA,NA,gonochorous,H,NA,NA,1.423,1391.694,1391.694,46,23,161,766,n,605,1,23,NA,NA,NA,0.434722000669687,n,NA,NA,NA,NA,NA,NA,NA,NA,NA,NA,NA,NA,NA,NA
255,Wu,2016,n,Luffa_acutangula,379286,462358,y,Luffa_,ott379286,ott462358,Terrestrial,n,n,Eukaryota,Archaeplastida,Plants,Eudicots,Angiosperms,Superrosids,Superrosids,Fabids,Eudicots,Eudicots,Cucurbitales,Cucurbitales,Cucurbitaceae,Cucurbitaceae,NA,NA,NA,NA,monoecious,NA,NA,NA,NA,831.3,831.3,26,13,NA,177,n,1436.12,NA,14,NA,NA,NA,1.72755924455672,NA,NA,NA,NA,NA,NA,NA,NA,NA,NA,NA,NA,8,1,insects
256,Vipin,2013,n,Lupinus_albus,1030424,878988,y,Lupinus_albus,ott1030424,ott878988,Terrestrial,n,n,Eukaryota,Archaeplastida,Plants,Eudicots,Angiosperms,Superrosids,Superrosids,Fabids,Eudicots,Eudicots,Fabales,Fabales,Fabaceae,Fabaceae,NA,NA,NA,NA,NA,NA,NA,NA,NA,586.8,586.8,50,25,NA,461,n,2169,4.6,38,NA,NA,NA,3.69631901840491,NA,NA,NA,NA,NA,NA,herb,broadleaved,NA,C3,non-woody,compound,NA,NA,NA
257,Yang,2013,n,Lupinus_angustifolius,1030433,878988,y,Lupinus_angustifolius,ott1030433,ott878988,Terrestrial,n,n,Eukaryota,Archaeplastida,Plants,Eudicots,Angiosperms,Superrosids,Superrosids,Fabids,Eudicots,Eudicots,Fabales,Fabales,Fabaceae,Fabaceae,NA,NA,NA,NA,hermaphrodite,NA,NA,1153,NA,1153,1153,40,20,94,8246,n,1629.9,5.1,20,NA,NA,NA,1.41361665221162,NA,NA,NA,NA,NA,NA,herb,broadleaved,NA,C3,non-woody,compound,NA,NA,NA
258,Rogers,2006,n,Macaca_mulatta,689650,268324,y,Macaca_mulatta,ott689650,ott268324,Terrestrial,n,y,Eukaryota,Opisthokonta ,Animals,Vert,Mammals,Mammals,Mammals,Mammals,Mammals,Mammalia,Primates,Primates,Cercopithecidae,Cercopithecidae,NA,NA,NA,NA,gonochorous,XY,NA,3290.97,3.365,3290.97,3290.97,44,22,NA,241,n,2048,9.3,20,NA,NA,NA,0.622308924116598,n,NA,NA,NA,NA,NA,NA,NA,NA,NA,NA,NA,NA,NA,NA
259,Corbet-Detig,2015,y,Macaca_mulatta,689650,268324,y,Macaca_mulatta,ott689650,ott268324,Terrestrial,n,y,Eukaryota,Opisthokonta ,Animals,Vert,Mammals,Mammals,Mammals,Mammals,Mammals,Mammalia,Primates,Primates,Cercopithecidae,Cercopithecidae,NA,NA,NA,NA,gonochorous,XY,NA,3290.97,3.365,3290.97,3290.97,44,22,NA,274,n,2473.9,9.02883211678832,NA,NA,1.08485593381464,NA,0.751723655943384,n,NA,NA,NA,NA,NA,NA,NA,NA,NA,NA,NA,NA,NA,NA
260,Wang,2011,n,Macropus_eugenii,539171,42495,y,Macropus_eugenii,ott539171,ott42495,Terrestrial,n,y,Eukaryota,Opisthokonta ,Animals,Vert,Mammals,Mammals,Mammals,Mammals,Mammals,Mammalia,Diprotodontia,OtherMammal,Macropodidae,OtherMammal,H,1066.5,1272.2,0.83831158622858,gonochorous,XY,NA,3075.18,NA,1153,1153,14,7,0,148,n,1402.4,10.9,8,NA,NA,NA,1.2163052905464,n,NA,NA,NA,NA,NA,NA,NA,NA,NA,NA,NA,NA,NA,NA
261,Zheng,2008,n,Magnaporthe_grisea,258235,348529,y,Magnaporthe_grisea,ott258235,ott348529,Plants,y,n,Eukaryota,Opisthokonta ,Fungi,Fungi,Ascomycota,Fungi,Fungi,Fungi,Fungi,Sordariomycetes,Magnaporthales,OtherFungi,Magnaporthaceae,OtherAsco.,NA,NA,NA,NA,NA,NA,NA,42.711,0.041,42.711,42.711,14,7,NA,176,n,1247,7.1,7,NA,NA,NA,29.1962257966332,NA,NA,NA,NA,NA,NA,NA,NA,NA,NA,NA,NA,NA,NA,NA
262,DiPierro,2016,n,Malus_domestica,3902985,208026,y,Malus_domestica,ott3902985,ott208026,Terrestrial,n,n,Eukaryota,Archaeplastida,Plants,Eudicots,Angiosperms,Superrosids,Superrosids,Fabids,Eudicots,Eudicots,Rosales,Rosales,Rosaceae,Rosaceae,NA,NA,NA,NA,hermaphrodite,NA,NA,1874.77,NA,1874.77,1874.77,34,17,NA,15417,n,1267,0.37,17,NA,NA,NA,0.675816233457971,NA,SI,NA,NA,NA,NA,tree,broadleaved,deciduous,C3,woody,simple,NA,NA,NA
263,Liu,2016,n,Malus_sieversii,321926,208026,y,Malus_sieversii,ott321926,ott208026,Terrestrial,n,n,Eukaryota,Archaeplastida,Plants,Eudicots,Angiosperms,Superrosids,Superrosids,Fabids,Eudicots,Eudicots,Rosales,Rosales,Rosaceae,Rosaceae,NA,NA,NA,NA,NA,NA,NA,NA,NA,733.5,733.5,34,17,110,280,n,1299.67,4.6,17,NA,NA,NA,1.77187457396046,NA,NA,NA,NA,NA,NA,NA,NA,NA,NA,NA,NA,NA,NA,NA
264,Clark,2014,n,Malus_pumila,854961,208026,y,Malus_pumila,ott854961,ott208026,Terrestrial,n,n,Eukaryota,Archaeplastida,Plants,Eudicots,Angiosperms,Superrosids,Superrosids,Fabids,Eudicots,Eudicots,Rosales,Rosales,Rosaceae,Rosaceae,NA,NA,NA,NA,hermaphrodite,NA,NA,742.3,NA,753.06,753.06,34,17,NA,1091,n,1481.72,1.36,17,NA,NA,NA,1.96759886330438,NA,SI,NA,NA,NA,NA,NA,NA,NA,NA,NA,NA,NA,NA,NA
265,Luo,2016,n,Mangifera_indica,807634,203764,y,Mangifera_indica,ott807634,ott203764,Terrestrial,n,n,Eukaryota,Archaeplastida,Plants,Eudicots,Angiosperms,Superrosids,Superrosids,Malvids,Eudicots,Eudicots,Sapindales,Sapindales,Anacardiaceae,OtherEudicots,NA,NA,NA,NA,monoecious,NA,NA,NA,NA,440.1,440.1,40,20,NA,6594,n,3148.28,0.48,20,NA,NA,NA,7.15355600999773,NA,NA,NA,NA,NA,NA,tree,broadleaved,evergreen,C3,woody,NA,NA,NA,NA
266,Alaba,2015,n,Manihot_esculenta,339369,339367,y,Manihot_esculenta,ott339369,ott339367,Terrestrial,n,n,Eukaryota,Archaeplastida,Plants,Eudicots,Angiosperms,Superrosids,Superrosids,Fabids,Eudicots,Eudicots,Malpighiales,Malpighiales,Euphorbiaceae,Euphorbiaceae,NA,NA,NA,NA,monoecious,NA,NA,582.118,1.6700408997955,1222.5,1222.5,36,18,NA,22403,n,2412,NA,18,NA,0.761,0.761,1.97300613496933,NA,NA,NA,NA,NA,NA,shrub,broadleaved,evergreen,C3,woody,simple,NA,NA,NA
267,Lu,2016,n,Marsupenaeus_japonicus,5787510,5845,y,Penaeus_japonicus,ott5787510,ott5845,Aquatic,n,n,Eukaryota,Opisthokonta ,Animals,Invert,Crustaceans,Crustaceans,Crustaceans,Crustaceans,Crustaceans,Malacostraca,Decapoda,Decapoda,Penaeidae,Penaeidae,H,3127.23,3326.19,0.940183813913216,gonochorous,NA,NA,NA,2.83,2767.74,2767.74,86,43,NA,9289,n,3610.9,0.388,41,NA,NA,NA,1.3046384414721,n,NA,NA,NA,NA,NA,NA,NA,NA,NA,NA,NA,NA,NA,NA
268,Li,2014,n,Medicago_sativa,1086789,1086823,y,Medicago_sativa,ott1086789,ott1086823,Terrestrial,n,n,Eukaryota,Archaeplastida,Plants,Eudicots,Angiosperms,Superrosids,Superrosids,Fabids,Eudicots,Eudicots,Fabales,Fabales,Fabaceae,Fabaceae,NA,NA,NA,NA,hermaphrodite,NA,NA,NA,NA,1276.29,1276.29,64,32,384,2154,n,2133,1,32,NA,NA,NA,1.67125026443833,NA,SI,NA,16,17.36,Domesticated,herb,broadleaved,NA,C3,non-woody,compound,NA,NA,NA
269,Corbet-Detig,2015,y,Medicago_truncatula,1060499,1086823,y,Medicago_truncatula,ott1060499,ott1086823,Terrestrial,n,n,Eukaryota,Archaeplastida,Plants,Eudicots,Angiosperms,Superrosids,Superrosids,Fabids,Eudicots,Eudicots,Fabales,Fabales,Fabaceae,Fabaceae,NA,NA,NA,NA,NA,NA,NA,469.44,NA,469.44,469.44,16,8,NA,540,n,556.7,1.03092592592593,NA,NA,2.10396640184481,NA,1.18588104976142,NA,NA,NA,NA,NA,NA,NA,broadleaved,NA,C3,NA,compound,NA,NA,NA
270,Gorton,2012,n,Medicago_truncatula,1060499,1086823,y,Medicago_truncatula,ott1060499,ott1086823,Terrestrial,n,n,Eukaryota,Archaeplastida,Plants,Eudicots,Angiosperms,Superrosids,Superrosids,Fabids,Eudicots,Eudicots,Fabales,Fabales,Fabaceae,Fabaceae,NA,NA,NA,NA,NA,NA,NA,550,NA,469.44,469.44,16,8,177,184,n,1215,6.6,8,NA,NA,NA,2.58819018404908,NA,NA,NA,NA,NA,NA,NA,broadleaved,NA,C3,NA,compound,NA,NA,NA
271,Anderson,2016,n,Melampsora_lini,809207,809209,y,Melampsora_lini,ott809207,ott809209,Plants,y,n,Eukaryota,Opisthokonta ,Fungi,Fungi,Basidiomycota,Fungi,Fungi,Fungi,Fungi,Urediniomycetes,Uredinales,OtherFungi,Melampsoraceae,OtherBasido.,NA,NA,NA,NA,NA,NA,NA,NA,0.174,170.172,170.172,36,18,NA,13412,n,5860,NA,27,NA,NA,NA,34.4357473614931,NA,NA,NA,NA,NA,NA,NA,NA,NA,NA,NA,NA,NA,NA,NA
272,Corbet-Detig,2015,y,Meleagris_gallopavo,446482,446481,y,Meleagris_gallopavo,ott446482,ott446481,Terrestrial,n,y,Eukaryota,Opisthokonta ,Animals,Vert,Birds,Aves,Aves,Aves,Aves,Aves,Galliformes,Galliformes,Phasianidae,Phasianidae,NA,NA,NA,NA,gonochorous,ZW,FH,1431.14,1.46333333333333,1431.14,1431.14,64,32,NA,471,n,2157.9,4.58152866242038,NA,NA,2.49300152121962,NA,1.50781894154311,n,NA,NA,NA,NA,NA,NA,NA,NA,NA,NA,NA,NA,NA,NA
273,Aslam,2010,n,Meleagris_gallopavo,446482,446481,y,Meleagris_gallopavo,ott446482,ott446481,Terrestrial,n,y,Eukaryota,Opisthokonta ,Animals,Vert,Birds,Aves,Aves,Aves,Aves,Aves,Galliformes,Galliformes,Phasianidae,Phasianidae,NA,NA,NA,NA,gonochorous,ZW,FH,1128.34,1.46333333333333,1431.14,1431.14,64,32,1008,531,n,2324,4.6,28,NA,NA,NA,1.62388026328661,n,NA,NA,NA,NA,NA,NA,NA,NA,NA,NA,NA,NA,NA,NA
274,Thomas,2012,n,Meloidogyne_hapla,1043271,270136,y,Meloidogyne_hapla,ott1043271,ott270136,Plants,y,n,Eukaryota,Opisthokonta ,Animals,Invert,Nematode,UnSeg.Worms,UnSeg.Worms,UnSeg.Worms,UnSeg.Worms,Secernentea,Tylenchida,OtherHelminth,Heteroderidae,Heteroderidae,NA,NA,NA,NA,parthenogenic,NA,NA,53.013,NA,NA,53.013,32,16,183,182,n,1294.1,NA,16,NA,NA,NA,24.4109935298889,n,NA,NA,NA,NA,NA,NA,NA,NA,NA,NA,NA,NA,NA,NA
275,Nietlisbach,2015,n,Melospiza_melodia,265548,265546,y,Melospiza_melodia,ott265548,ott265546,Terrestrial,n,n,Eukaryota,Opisthokonta ,Animals,Vert,Birds,Aves,Aves,Aves,Aves,Aves,Passeriformes,Passeriformes,Emberizidae,OtherAves,NA,NA,NA,NA,gonochorous,ZW,FH,NA,1.43,1398.54,1398.54,80,40,NA,191,n,1731,NA,35,NA,NA,NA,1.23771933587885,n,NA,NA,NA,NA,NA,NA,NA,NA,NA,NA,NA,NA,NA,NA
276,O'Quin,2013,n,Metriaclima_zebra,677719,254526,y,Maylandia_zebra,ott677719,ott254526,Aquatic,n,n,Eukaryota,Opisthokonta ,Animals,Vert,Fishes,Fishes,Fishes,Fishes,Fishes,Actinopterygii,Perciformes,Perciformes,Cichlidae,Cichlidae,NA,NA,NA,NA,NA,NA,NA,848.776495,NA,NA,848.776495,44,22,160,843,m,1933,NA,22,NA,NA,NA,2.27739577072054,n,NA,NA,NA,NA,NA,NA,NA,NA,NA,NA,NA,NA,NA,NA
277,McGraw,2011,n,Microtus_ochrogaster,927240,241405,y,Microtus_ochrogaster,ott927240,ott241405,Terrestrial,n,n,Eukaryota,Opisthokonta ,Animals,Vert,Mammals,Mammals,Mammals,Mammals,Mammals,Mammalia,Rodentia,Rodentia,Cricetidae,Cricetidae,NA,NA,NA,NA,gonochorous,XY,NA,2287.34,NA,NA,2287.34,56,28,NA,406,n,1707,NA,20,NA,NA,NA,0.7462817071358,n,NA,NA,NA,NA,NA,NA,NA,NA,NA,NA,NA,NA,NA,NA
278,Holeski,2014,n,Mimulus_guttatus,504496,5334418,y,Erythranthe_guttata,ott504496,ott5334418,Terrestrial,n,n,Eukaryota,Archaeplastida,Plants,Eudicots,Angiosperms,Superasterids,Superasterids,Lamiids,Eudicots,Eudicots,Lamiales,Lamiales,Phrymaceae,OtherEudicots,NA,NA,NA,NA,hermaphrodite,NA,NA,NA,NA,450,450,28,14,100,3073,n,1750,0.6,14,NA,3.9,NA,3.88888888888889,NA,NA,NA,NA,NA,NA,herb,broadleaved,NA,C3,non-woody,simple,NA,NA,NA
279,Liu,2016,n,Miscanthus_sinensis,764796,764804,y,Miscanthus_sinensis,ott764796,ott764804,Terrestrial,n,n,Eukaryota,Archaeplastida,Plants,Monocots,Angiosperms,Commelinid,Commelinid,Commelinid,Monocots,Monocots,Poales,Poales,Poaceae,Poaceae,H,1599,1612,0.991935483870968,NA,NA,NA,NA,NA,2591.7,2591.7,38,19,261,1821,y,1605.5,0.9,19,NA,NA,NA,0.619477562989544,NA,NA,NA,NA,NA,NA,NA,NA,NA,NA,NA,NA,NA,NA,NA
280,Morishima,2008,n,Misgurnus_anguillicaudatus,312382,1058127,y,Misgurnus_anguillicaudatus,ott312382,ott1058127,Aquatic,n,y,Eukaryota,Opisthokonta ,Animals,Vert,Fishes,Fishes,Fishes,Fishes,Fishes,Actinopterygii,Cypriniformes,Cypriniformes,Cobitidae,OtherFishes,H,784.5,662.2,1.18468740561764,gonochorous,NA,MH,NA,1.86,1594.14,1594.14,50,25,NA,159,y,723.35,NA,27,NA,NA,NA,0.453755629994856,n,NA,NA,NA,NA,NA,NA,NA,NA,NA,NA,NA,NA,NA,NA
281,Samollow,2007,n,Monodelphis_domestica,122362,122359,y,Monodelphis_domestica,ott122362,ott122359,Terrestrial,n,n,Eukaryota,Opisthokonta ,Animals,Vert,Mammals,Mammals,Mammals,Mammals,Mammals,Mammalia,Didelphimorphia,OtherMammal,Didelphidae,OtherMammal,H,443.1,884.6,0.500904363554149,gonochorous,XY,NA,3598.44,NA,3598.44,3598.44,18,9,NA,150,n,715,NA,8,NA,NA,NA,0.198697213236847,n,NA,NA,NA,NA,NA,NA,NA,NA,NA,NA,NA,NA,NA,NA
282,Liu,2014,n,Mus_musculus,542509,164652,y,Mus_musculus,ott542509,ott164652,Terrestrial,n,y,Eukaryota,Opisthokonta ,Animals,Vert,Mammals,Mammals,Mammals,Mammals,Mammals,Mammalia,Rodentia,Rodentia,Muridae,Muridae,NA,NA,NA,NA,gonochorous,XY,MH,3002.46,3.25411764705882,3182.52705882353,3182.52705882353,42,20,237,NA,n,1288,NA,20,NA,NA,NA,0.40470983472993,n,NA,NA,NA,NA,NA,NA,NA,NA,NA,NA,NA,NA,NA,NA
283,Corbet-Detig,2015,y,Mus_musculus,542509,164652,y,Mus_musculus,ott542509,ott164652,Terrestrial,n,y,Eukaryota,Opisthokonta ,Animals,Vert,Mammals,Mammals,Mammals,Mammals,Mammals,Mammalia,Rodentia,Rodentia,Muridae,Muridae,H,1330,1279,1.0398749022674,gonochorous,XY,MH,3002.46,3.25411764705882,3182.52705882353,3182.52705882353,42,20,NA,9872,n,1436.348,0.1454971636953,NA,NA,0.606862614719967,NA,0.451323106905796,n,NA,NA,NA,NA,NA,NA,NA,NA,NA,NA,NA,NA,NA,NA
284,Hipplyte,2010,n,Musa_acuminata,207474,207473,y,Musa_acuminata,ott207474,ott207473,Terrestrial,n,n,Eukaryota,Archaeplastida,Plants,Monocots,Angiosperms,Commelinid,Commelinid,Commelinid,Monocots,Monocots,Zingiberales,OtherMonocots,Musaceae,OtherMonocots,NA,NA,NA,NA,monoecious,NA,NA,472.231,NA,472.231,472.231,22,11,180,489,n,1197,NA,11,NA,NA,NA,2.53477641239139,NA,NA,NA,NA,NA,NA,herb,broadleaved,evergreen,C3,non-woody,simple,NA,NA,NA
285,Feldmeyer,2010,n,Musca_domestica,1011010,533283,y,Musca_domestica,ott1011010,ott533283,Terrestrial,n,n,Eukaryota,Opisthokonta ,Animals,Invert,Insects,Insects,Insects,Insects,Insects,Insecta,Diptera,Diptera,Schizophoroa,OtherDiptera,NA,NA,NA,NA,gonochorous,NA,NA,750.404,0.95,929.1,929.1,10,5,236,35,n,229.3,4.4,5,230.9,NA,NA,0.246797976536433,n,NA,NA,NA,NA,NA,NA,NA,NA,NA,NA,NA,NA,NA,NA
286,Anistoroaei,2007,n,Mustela_vison,310482,310487,y,Neovison_vison,ott310482,ott310487,Terrestrial,n,y,Eukaryota,Opisthokonta ,Animals,Vert,Mammals,Mammals,Mammals,Mammals,Mammals,Mammalia,Carnivora,Carnivora,Mustelidae,OtherCarnivor,NA,NA,NA,NA,gonochorous,XY,MH,NA,NA,NA,NA,28,14,92,85,n,690,8,17,NA,NA,NA,#VALUE!,n,NA,NA,NA,NA,NA,NA,NA,NA,NA,NA,NA,NA,NA,NA
287,Manzo-Sanchez,2008,n,Mycosphaerella_fijiensis,857565,708974,y,Mycosphaerella_fijiensis,ott857565,ott708974,Plants,y,n,Eukaryota,Opisthokonta ,Fungi,Fungi,Ascomycota,Fungi,Fungi,Fungi,Fungi,Dothideomycetes,Mycosphaerellales,Mycosphaerellales,Mycosphaerellaceae,OtherAsco.,NA,NA,NA,NA,NA,H,NA,NA,0.076,NA,NA,NA,NA,NA,314,n,1879,5.9,23,4298.2,NA,NA,#VALUE!,NA,NA,NA,NA,NA,NA,NA,NA,NA,NA,NA,NA,NA,NA,NA
288,Kema,2002,n,Mycosphaerella_graminicola,5319573,708974,y,Mycosphaerella_graminicola,ott5319573,ott708974,Plants,y,n,Eukaryota,Opisthokonta ,Fungi,Fungi,Ascomycota,Fungi,Fungi,Fungi,Fungi,Dothideomycetes,Mycosphaerellales,Mycosphaerellales,Mycosphaerellaceae,OtherAsco.,NA,NA,NA,NA,NA,H,NA,39.7,NA,NA,39.7,42,21,68,223,n,1216,4.3,23,NA,NA,NA,30.6297229219144,NA,NA,NA,NA,NA,NA,NA,NA,NA,NA,NA,NA,NA,NA,NA
289,Diao,2016,n,Nasonia_giraulti,729592,729596,y,Nasonia_giraulti,ott729592,ott729596,Terrestrial,n,n,Eukaryota,Opisthokonta ,Animals,Invert,Insects,Insects,Insects,Insects,Insects,Insecta,Hymenoptera,Hymenoptera,Pteromalidae,Pteromalidae,NA,NA,NA,NA,male.haploid,NA,NA,283.607,NA,283.607,283.607,10,5,475,92,n,620,NA,5,NA,NA,NA,2.18612375576061,y,NA,NA,NA,NA,NA,NA,NA,NA,NA,NA,NA,NA,NA,NA
290,Beukeboom,2010,n,Nasonia_vitripennis,729593,729596,y,Nasonia_vitripennis,ott729593,ott729596,Animals,y,n,Eukaryota,Opisthokonta ,Animals,Invert,Insects,Insects,Insects,Insects,Insects,Insecta,Hymenoptera,Hymenoptera,Pteromalidae,Pteromalidae,NA,NA,NA,NA,male.haploid,NA,NA,295.781,0.34,332.52,332.52,10,5,NA,36,n,515,NA,5,NA,NA,NA,1.54877902081078,y,NA,NA,NA,NA,NA,NA,NA,NA,NA,NA,NA,NA,NA,NA
291,Zhang,2014,n,Nelumbo_lutea,532278,532286,y,Nelumbo_lutea,ott532278,ott532286,Terrestrial,n,n,Eukaryota,Archaeplastida,Plants,Eudicots,Angiosperms,Basal.Eudicots,Basal.Eudicots,Basal.Eudicots,Basal.Eudicots,Basal.Eudicots,Proteales,Proteales,Nelumbonaceae,Nelumbonaceae,NA,NA,NA,NA,NA,NA,NA,NA,NA,948.66,948.66,16,8,NA,4098,n,494.3,NA,9,NA,NA,NA,0.521050745261738,NA,NA,NA,NA,NA,NA,herb,broadleaved,NA,C3,non-woody,simple,NA,NA,NA
292,Liu,2016,n,Nelumbo_nucifera,532288,532286,y,Nelumbo_nucifera,ott532288,ott532286,Terrestrial,n,n,Eukaryota,Archaeplastida,Plants,Eudicots,Angiosperms,Basal.Eudicots,Basal.Eudicots,Basal.Eudicots,Basal.Eudicots,Basal.Eudicots,Proteales,Proteales,Nelumbonaceae,Nelumbonaceae,NA,NA,NA,NA,NA,NA,NA,804.648,NA,234.72,234.72,16,8,96,8971,n,581.3,0.74,8,NA,NA,NA,2.47656782549421,NA,NA,NA,8,11.3,Cultivated,NA,NA,NA,C3,NA,NA,NA,NA,NA
293,Zhang,2012,n,Nicotiana_langsdorffii,733968,797191,y,Nicotiana_langsdorffii,ott733968,ott797191,Terrestrial,n,n,Eukaryota,Archaeplastida,Plants,Eudicots,Angiosperms,Superasterids,Superasterids,Lamiids,Eudicots,Eudicots,Solanales,Solanales,Solanaceae,Solanaceae,NA,NA,NA,NA,NA,NA,NA,NA,NA,4254.3,4254.3,18,9,90,266,n,1062,NA,12,NA,NA,NA,0.249629786333827,NA,NA,NA,NA,NA,NA,NA,NA,NA,NA,NA,NA,NA,NA,NA
294,Gong,2016,n,Nicotiana_tabacum,222787,797191,y,Nicotiana_tabacum,ott222787,ott797191,Terrestrial,n,n,Eukaryota,Archaeplastida,Plants,Eudicots,Angiosperms,Superasterids,Superasterids,Lamiids,Eudicots,Eudicots,Solanales,Solanales,Solanaceae,Solanaceae,NA,NA,NA,NA,hermaphrodite,NA,NA,3643.47,NA,5066.04,5066.04,48,24,NA,4409,n,2662.43,0.6,24,NA,NA,NA,0.52554460683295,NA,SC,NA,NA,NA,NA,herb,broadleaved,NA,C3,non-woody,simple,NA,NA,NA
295,Jairin,2013,n,Nilaparvata_lugens,876508,876546,y,Nilaparvata_lugens,ott876508,ott876546,Terrestrial,n,n,Eukaryota,Opisthokonta ,Animals,Invert,Insects,Insects,Insects,Insects,Insects,Insecta,Hemiptera,Hemiptera,Delphacidae,OtherHemiptera,NA,NA,NA,NA,gonochorous,NA,NA,1140.79,NA,1140.79,1140.79,30,15,NA,518,n,1093.3,2.3,17,NA,NA,NA,0.958370953462075,n,NA,NA,NA,NA,NA,NA,NA,NA,NA,NA,NA,NA,NA,NA
296,Petersen,2012,n,Nodipecten_subnodosus,547026,547027,y,Nodipecten_subnodosus,ott547026,ott547027,Aquatic,n,n,Eukaryota,Opisthokonta ,Animals,Invert,Molluscs,Molluscs,Molluscs,Molluscs,Molluscs,Bivalvia,Ostreoida,Ostreoida,Pectinidae,Pectinidae,H,919.7,963.7,0.954342637750337,NA,NA,NA,NA,NA,NA,NA,38,19,NA,320,n,1124.1,NA,22,NA,NA,NA,#VALUE!,NA,NA,NA,NA,NA,NA,NA,NA,NA,NA,NA,NA,NA,NA,NA
297,Kirschner,2012,n,Nothobranchius_furzeri,513643,708882,y,Nothobranchius_furzeri,ott513643,ott708882,Aquatic,n,n,Eukaryota,Opisthokonta ,Animals,Vert,Fishes,Fishes,Fishes,Fishes,Fishes,Actinopterygii,Cyprinodontiformes,OtherFishes,Aplocheilidae,OtherFishes,NA,NA,NA,NA,NA,NA,NA,1242.52,NA,1242.52,1242.52,38,19,402,355,n,1965,5.5,22,NA,NA,NA,1.58146347744906,n,NA,NA,NA,NA,NA,NA,NA,NA,NA,NA,NA,NA,NA,NA
298,Ipek,2016,n,Olea_europaea,23729,23722,y,Olea_europaea,ott23729,ott23722,Terrestrial,n,n,Eukaryota,Archaeplastida,Plants,Eudicots,Angiosperms,Superasterids,Superasterids,Lamiids,Eudicots,Eudicots,Lamiales,Lamiales,Oleaceae,OtherEudicots,NA,NA,NA,NA,andromonoecy,NA,NA,NA,NA,1907.1,1907.1,46,23,121,5634,n,3049,0.53,25,NA,NA,NA,1.59876251900792,NA,NA,NA,NA,NA,NA,shrub/tree,broadleaved,evergreen,C3,woody,simple,20,1,insects
299,McClelland,2008,n,Oncorhynchus_kisutch,739917,739931,y,Oncorhynchus_kisutch,ott739917,ott739931,Aquatic,n,n,Eukaryota,Opisthokonta ,Animals,Vert,Fishes,Fishes,Fishes,Fishes,Fishes,Actinopterygii,Salmoniformes,Salmoniformes,Salmonidae,Salmonidae,H,429.7,287.4,1.49512874043145,gonochorous,H,MH,NA,3.05,2767.74,2767.74,60,30,NA,281,y,358.55,NA,33,NA,NA,NA,0.129546127887735,n,NA,NA,NA,NA,NA,NA,NA,NA,NA,NA,NA,NA,NA,NA
300,Guyomard,2012,n,Oncorhynchus_mykiss,165368,739931,y,Oncorhynchus_mykiss,ott165368,ott739931,Aquatic,n,y,Eukaryota,Opisthokonta ,Animals,Vert,Fishes,Fishes,Fishes,Fishes,Fishes,Actinopterygii,Salmoniformes,Salmoniformes,Salmonidae,Salmonidae,NA,NA,NA,NA,gonochorous,H,MH,NA,2.92,2592.678,2592.678,58,29,NA,2226,n,3600,NA,29,NA,NA,NA,1.3885256865681,n,NA,NA,NA,NA,NA,NA,NA,NA,NA,NA,NA,NA,NA,NA
301,Larson,2016,n,Oncorhynchus_nerka,165375,739931,y,Oncorhynchus_nerka,ott165375,ott739931,Aquatic,n,n,Eukaryota,Opisthokonta ,Animals,Vert,Fishes,Fishes,Fishes,Fishes,Fishes,Actinopterygii,Salmoniformes,Salmoniformes,Salmonidae,Salmonidae,H,4082,2291,1.78175469227412,NA,NA,NA,NA,3.04,2858.694,2858.694,58,29,NA,6322,y,3186.5,NA,29,NA,NA,NA,1.11466984574075,n,NA,NA,NA,NA,NA,NA,NA,NA,NA,NA,NA,NA,NA,NA
302,McKinney,2016,n,Oncorhynchus_tshawytscha,730762,739931,y,Oncorhynchus_tshawytscha,ott730762,ott739931,Aquatic,n,n,Eukaryota,Opisthokonta ,Animals,Vert,Fishes,Fishes,Fishes,Fishes,Fishes,Actinopterygii,Salmoniformes,Salmoniformes,Salmonidae,Salmonidae,H,3119.7,870.11,3.5854087414235,gonochorous,H,MH,NA,3.3,2709.06,2709.06,68,34,NA,14620,f,3119.7,0.68,34,NA,NA,NA,1.15158025292906,n,NA,NA,NA,NA,NA,NA,NA,NA,NA,NA,NA,NA,NA,NA
303,Liu,2013,n,Oreochromis_mossambicus,288069,862685,y,Oreochromis_mossambicus,ott288069,ott862685,Aquatic,n,y,Eukaryota,Opisthokonta ,Animals,Vert,Fishes,Fishes,Fishes,Fishes,Fishes,Actinopterygii,Perciformes,Perciformes,Cichlidae,Cichlidae,NA,NA,NA,NA,NA,NA,NA,NA,1,978,978,44,22,95,401,n,1067.6,3.3,22,NA,NA,NA,1.09161554192229,n,NA,NA,NA,NA,NA,NA,NA,NA,NA,NA,NA,NA,NA,NA
304,Kocher,1998,n,Oreochromis_niloticus,288063,862685,y,Oreochromis_niloticus,ott288063,ott862685,Aquatic,n,y,Eukaryota,Opisthokonta ,Animals,Vert,Fishes,Fishes,Fishes,Fishes,Fishes,Actinopterygii,Perciformes,Perciformes,Cichlidae,Cichlidae,NA,NA,NA,NA,gonochorous,XY,MH,1009.86,1.2,1058.196,1058.196,44,22,40,174,n,704,NA,30,NA,NA,NA,0.665283180053601,n,NA,NA,NA,NA,NA,NA,NA,NA,NA,NA,NA,NA,NA,NA
305,Sternstein,2015,n,Oryctolagus_cuniculus,864596,864605,y,Oryctolagus_cuniculus,ott864596,ott864605,Terrestrial,n,y,Eukaryota,Opisthokonta ,Animals,Vert,Mammals,Mammals,Mammals,Mammals,Mammals,Mammalia,Lagomorpha,OtherMammal,Leporidae,OtherMammal,NA,NA,NA,NA,gonochorous,XY,MH,2737.46,3.17714285714286,3107.24571428572,3107.24571428572,44,22,363,184,n,1419,7.8,34,NA,NA,NA,0.456674537670477,n,NA,NA,NA,NA,NA,NA,NA,NA,NA,NA,NA,NA,NA,NA
306,Luo,2016,n,Oryza_rufipogon,135756,135764,y,Oryza_rufipogon,ott135756,ott135764,Terrestrial,n,n,Eukaryota,Archaeplastida,Plants,Monocots,Angiosperms,Commelinid,Commelinid,Commelinid,Monocots,Monocots,Poales,Poales,Poaceae,Poaceae,NA,NA,NA,NA,NA,NA,NA,339.177,NA,449.88,449.88,24,12,NA,153,n,1596.8,11.32,12,NA,NA,NA,3.54939094869743,NA,NA,NA,12,23.91,Wild,graminoid,broadleaved,NA,C3,non-woody,NA,NA,NA,NA
307,DeLeon,2016,n,Oryza_sativa,709894,135764,y,Oryza_sativa,ott709894,ott135764,Terrestrial,n,n,Eukaryota,Archaeplastida,Plants,Monocots,Angiosperms,Commelinid,Commelinid,Commelinid,Monocots,Monocots,Poales,Poales,Poaceae,Poaceae,NA,NA,NA,NA,hermaphrodite,NA,NA,374.423,0.5,489,489,24,12,187,9303,n,1650,0.59,12,NA,3.221,3.221,3.37423312883436,NA,SC,NA,12,31.17,Domesticated,graminoid,broadleaved,NA,C3,non-woody,simple,NA,NA,NA
308,Corbet-Detig,2015,y,Oryza_sativa,709894,135764,y,Oryza_sativa,ott709894,ott135764,Terrestrial,n,n,Eukaryota,Archaeplastida,Plants,Monocots,Angiosperms,Commelinid,Commelinid,Commelinid,Monocots,Monocots,Poales,Poales,Poaceae,Poaceae,NA,NA,NA,NA,hermaphrodite,NA,NA,374.423,0.5,489,489,24,12,NA,30971,n,1863.5528,0.060170895353718,NA,NA,5.02947588797233,3.221,3.81094642126789,NA,SC,NA,12,31.17,Domesticated,graminoid,broadleaved,NA,C3,non-woody,simple,NA,NA,NA
309,Corbet-Detig,2015,y,Oryzias_latipes,942673,416870,y,Oryzias_latipes,ott942673,ott416870,Aquatic,n,n,Eukaryota,Opisthokonta ,Animals,Vert,Fishes,Fishes,Fishes,Fishes,Fishes,Actinopterygii,Beloniformes,OtherFishes,Adrianichthyidae,OtherFishes,NA,NA,NA,NA,gonochorous,H,MH,1056.24,1.1,1009.296,1009.296,48,24,NA,2142,n,1426.93,0.666167133520075,NA,NA,1.99525742496878,NA,1.41378743203183,n,NA,NA,NA,NA,NA,NA,NA,NA,NA,NA,NA,NA,NA,NA
310,Harrang,2015,n,Ostrea_edulis,1033104,969369,y,Ostrea_edulis,ott1033104,ott969369,Aquatic,n,n,Eukaryota,Opisthokonta ,Animals,Invert,Molluscs,Molluscs,Molluscs,Molluscs,Molluscs,Bivalvia,Ostreoida,Ostreoida,Ostreidae,Ostreidae,NA,NA,NA,NA,NA,NA,NA,NA,1.17,1144.26,1144.26,20,10,92,293,n,536.4,2.2,10,NA,NA,NA,0.468774579204027,NA,NA,NA,NA,NA,NA,NA,NA,NA,NA,NA,NA,NA,NA,NA
311,Streiff,2014,n,Ostrinia_nubilalis,1058331,1058336,y,Ostrinia_nubilalis,ott1058331,ott1058336,Terrestrial,n,n,Eukaryota,Opisthokonta ,Animals,Invert,Insects,Insects,Insects,Insects,Insects,Insecta,Lepidoptera,Lepidoptera,Crambidae,OtherLepid,A,NA,NA,NA,NA,NA,NA,NA,NA,NA,NA,62,31,71,323,m,997,3.8,31,NA,NA,NA,#VALUE!,n,NA,NA,NA,NA,NA,NA,NA,NA,NA,NA,NA,NA,NA,NA
312,Johnston,2017,n,Ovis_aries,70819,540244,y,Ovis_aries,ott70819,ott540244,Terrestrial,n,y,Eukaryota,Opisthokonta ,Animals,Vert,Mammals,Mammals,Mammals,Mammals,Mammals,Mammalia,Artiodactyla,Artiodactyla,Bovidae,Bovidae,H,2860,3748,0.76307363927428,gonochorous,XY,MH,2615.52,3.008,2941.824,2941.824,54,27,5805,39104,n,3304,NA,26,NA,NA,NA,1.12311273550015,n,NA,NA,NA,NA,NA,NA,NA,NA,NA,NA,NA,NA,NA,NA
313,Corbet-Detig,2015,y,Ovis_aries,70819,540244,y,Ovis_aries,ott70819,ott540244,Terrestrial,n,y,Eukaryota,Opisthokonta ,Animals,Vert,Mammals,Mammals,Mammals,Mammals,Mammals,Mammalia,Artiodactyla,Artiodactyla,Bovidae,Bovidae,NA,NA,NA,NA,gonochorous,XY,MH,3227.4,3.008,2941.824,2941.824,54,27,NA,554,n,3468.8,6.26137184115523,NA,NA,1.59008242269799,NA,1.17913240221033,n,NA,NA,NA,NA,NA,NA,NA,NA,NA,NA,NA,NA,NA,NA
314,Poissant,2010,n,Ovis_canadensis,123206,540244,y,Ovis_canadensis,ott123206,ott540244,Terrestrial,n,n,Eukaryota,Opisthokonta ,Animals,Vert,Mammals,Mammals,Mammals,Mammals,Mammals,Mammalia,Artiodactyla,Artiodactyla,Bovidae,Bovidae,H,3166,2831,1.11833274461321,gonochorous,XY,NA,2590.55,NA,2590.55,2590.55,54,27,0,247,n,3051,14.3,27,NA,NA,NA,1.1777421783019,n,NA,NA,NA,NA,NA,NA,NA,NA,NA,NA,NA,NA,NA,NA
315,Manousaki,2016,n,Pagellus_erythrinus,271163,271162,y,Pagellus_erythrinus,ott271163,ott271162,Aquatic,n,n,Eukaryota,Opisthokonta ,Animals,Vert,Fishes,Fishes,Fishes,Fishes,Fishes,Actinopterygii,Perciformes,Perciformes,Sparidae,Sparidae,NA,NA,NA,NA,hermaphrodite,NA,NA,NA,0.65,NA,NA,NA,NA,99,917,n,2201.78,98,24,NA,NA,NA,#VALUE!,n,NA,NA,NA,NA,NA,NA,NA,NA,NA,NA,NA,NA,NA,NA
316,Liu,2012,n,Panicum_virgatum,205619,709879,y,Panicum_virgatum,ott205619,ott709879,Terrestrial,n,n,Eukaryota,Archaeplastida,Plants,Monocots,Angiosperms,Commelinid,Commelinid,Commelinid,Monocots,Monocots,Poales,Poales,Poaceae,Poaceae,NA,NA,NA,NA,NA,NA,NA,NA,NA,1792.674,1792.674,36,18,139,499,n,2085.2,4.2,18,NA,NA,NA,1.16317858127021,NA,NA,NA,NA,NA,NA,graminoid,broadleaved,NA,C4,non-woody,simple,NA,NA,NA
317,Winter,2010,n,Papilio_glaucus,947948,661370,y,Papilio_glaucus,ott947948,ott661370,Terrestrial,n,n,Eukaryota,Opisthokonta ,Animals,Invert,Insects,Insects,Insects,Insects,Insects,Insecta,Lepidoptera,Lepidoptera,Paplionidae,OtherLepid,A,86.5,1038.5,0.0832932113625421,gonochorous,XY,NA,NA,0.44,430.32,430.32,56,28,58,253,n,1167,3.7,28,NA,NA,NA,2.71193530395984,n,NA,NA,NA,NA,NA,NA,NA,NA,NA,NA,NA,NA,NA,NA
318,Corbet-Detig,2015,y,Papio_anubis,115449,115460,y,Papio_anubis,ott115449,ott115460,Terrestrial,n,n,Eukaryota,Opisthokonta ,Animals,Vert,Mammals,Mammals,Mammals,Mammals,Mammals,Mammalia,Primates,Primates,Cercopithecidae,Cercopithecidae,NA,NA,NA,NA,gonochorous,XY,NA,3452.34,NA,NA,3452.34,42,21,NA,242,n,2422.1,10.0086776859504,NA,NA,1.09724002836305,NA,0.701582115318885,n,NA,NA,NA,NA,NA,NA,NA,NA,NA,NA,NA,NA,NA,NA
319,Rogers,2006,n,Papio_hamadryas,115463,115460,y,Papio_hamadryas,ott115463,ott115460,Terrestrial,n,n,Eukaryota,Opisthokonta ,Animals,Vert,Mammals,Mammals,Mammals,Mammals,Mammals,Mammalia,Primates,Primates,Cercopithecidae,Cercopithecidae,NA,NA,NA,NA,gonochorous,XY,NA,NA,3.535,3457.23,3457.23,40,20,984,284,n,2354,NA,20,NA,NA,NA,0.680891927930742,n,NA,NA,NA,NA,NA,NA,NA,NA,NA,NA,NA,NA,NA,NA
320,Song,2012,n,Paralichthys_olivaceus,883392,883403,y,Paralichthys_olivaceus,ott883392,ott883403,Aquatic,n,n,Eukaryota,Opisthokonta ,Animals,Vert,Fishes,Fishes,Fishes,Fishes,Fishes,Actinopterygii,Pleuronectiformes,Pleuronectiformes,Paralichthyidae,OtherPleuron,H,1663.8,1726.5,0.963683753258037,gonochorous,H,MH,643.911,0.71,694.38,694.38,48,24,NA,1487,y,1695.15,NA,24,NA,NA,NA,2.44124254730839,n,NA,NA,NA,NA,NA,NA,NA,NA,NA,NA,NA,NA,NA,NA
321,vanOers,2014,n,Parus_major,515143,515141,y,Parus_major,ott515143,ott515141,Terrestrial,n,n,Eukaryota,Opisthokonta ,Animals,Vert,Birds,Aves,Aves,Aves,Aves,Aves,Passeriformes,Passeriformes,Paridae,Paridae,H,NA,NA,1.04,gonochorous,ZW,FH,1020.31,1.51,1476.78,1476.78,64,32,1656,4878,n,1916.82,NA,32,NA,NA,NA,1.29797261609718,n,NA,NA,NA,NA,NA,NA,NA,NA,NA,NA,NA,NA,NA,NA
322,Wang,2017,n,Patinopecten_yessoensis,6370603,6370600,y,Mizuhopecten_yessoensis,ott6370603,ott6370600,Aquatic,n,n,Eukaryota,Opisthokonta ,Animals,Invert,Molluscs,Molluscs,Molluscs,Molluscs,Molluscs,Bivalvia,Ostreoida,Ostreoida,Pectinidae,Pectinidae,NA,NA,NA,NA,NA,NA,NA,NA,1.47,1437.66,1437.66,38,19,117,7489,n,1918.65,0.26,19,NA,NA,NA,1.33456450064688,NA,NA,NA,NA,NA,NA,NA,NA,NA,NA,NA,NA,NA,NA,NA
323,Liu,2010,n,Penaeus_chinensis,475468,5845,y,Penaeus_chinensis,ott475468,ott5845,Aquatic,n,n,Eukaryota,Opisthokonta ,Animals,Invert,Crustaceans,Crustaceans,Crustaceans,Crustaceans,Crustaceans,Malacostraca,Decapoda,Decapoda,Penaeidae,Penaeidae,NA,NA,NA,NA,gonochorous,NA,NA,NA,NA,NA,NA,88,44,100,354,n,580.2,11.3,7,NA,NA,NA,#VALUE!,n,NA,NA,NA,NA,NA,NA,NA,NA,NA,NA,NA,NA,NA,NA
324,Baranski,2014,n,Penaeus_monodon,212713,5845,y,Penaeus_monodon,ott212713,ott5845,Aquatic,n,n,Eukaryota,Opisthokonta ,Animals,Invert,Crustaceans,Crustaceans,Crustaceans,Crustaceans,Crustaceans,Malacostraca,Decapoda,Decapoda,Penaeidae,Penaeidae,H,4060,2917,1.39184093246486,gonochorous,ZW,FH,NA,2.53,2474.34,2170,88,44,1024,3959,y,3488.5,1,44,3584.3,NA,NA,1.60760368663594,n,NA,NA,NA,NA,NA,NA,NA,NA,NA,NA,NA,NA,NA,NA
325,Punnuri,2016,n,Pennisetum_glaucum,1027230,985632,y,Pennisetum_schweinfurthii,ott1027230,ott985632,Terrestrial,n,n,Eukaryota,Archaeplastida,Plants,Monocots,Angiosperms,Commelinid,Commelinid,Commelinid,Monocots,Monocots,Poales,Poales,Poaceae,Poaceae,NA,NA,NA,NA,hermaphrodite,NA,NA,NA,NA,2621.04,2621.04,14,7,150,16650,n,716.7,NA,7,NA,NA,NA,0.273441076824467,NA,SC,NA,7,11.33,Domesticated,graminoid,broadleaved,NA,C4,non-woody,simple,NA,NA,NA
326,Jaari,2009,n,Perisoreus_infaustus,140438,906627,y,Perisoreus_infaustus,ott140438,ott906627,Terrestrial,n,n,Eukaryota,Opisthokonta ,Animals,Vert,Birds,Aves,Aves,Aves,Aves,Aves,Passeriformes,Passeriformes,Corvidae,OtherAves,H,988.4,774,1.27700258397933,gonochorous,ZW,FH,NA,NA,NA,NA,80,40,349,117,n,862.8,9.69,10,NA,NA,NA,#VALUE!,n,NA,NA,NA,NA,NA,NA,NA,NA,NA,NA,NA,NA,NA,NA
327,Kenney-Hunt,2014,n,Peromyscus_maniculatus,377525,764826,y,Peromyscus_maniculatus,ott377525,ott764826,Terrestrial,n,y,Eukaryota,Opisthokonta ,Animals,Vert,Mammals,Mammals,Mammals,Mammals,Mammals,Mammalia,Rodentia,Rodentia,Cricetidae,Cricetidae,NA,NA,NA,NA,gonochorous,XY,NA,NA,4.36,4264.08,4264.08,48,24,145,340,n,1499,NA,24,NA,NA,NA,0.351541246880922,n,NA,NA,NA,NA,NA,NA,NA,NA,NA,NA,NA,NA,NA,NA
328,Borrone,2009,n,Persea_americana,913249,1081446,y,Persea_americana,ott913249,ott1081446,Terrestrial,n,n,Eukaryota,Archaeplastida,Plants,Eudicots,Angiosperms,Magnoliids,Magnoliids,Magnoliids,Magnoliids,Eudicots,Laurales,Magnoliids,Lauraceae,OtherEudicots,NA,NA,NA,NA,hermaphrodite,NA,NA,NA,NA,909.54,909.54,24,12,715,152,n,1087.4,NA,12,NA,NA,NA,1.19554939859709,NA,SC,NA,NA,NA,NA,tree,broadleaved,evergreen,C3,woody,simple,NA,NA,NA
329,Bossolini,2011,n,Petunia_axillaris,232467,1020635,y,Petunia_axillaris,ott232467,ott1020635,Terrestrial,n,n,Eukaryota,Archaeplastida,Plants,Eudicots,Angiosperms,Superasterids,Superasterids,Lamiids,Eudicots,Eudicots,Solanales,Solanales,Solanaceae,Solanaceae,NA,NA,NA,NA,NA,NA,NA,NA,NA,1369.2,1369.2,14,7,176,125,n,970,NA,7,NA,NA,NA,0.708442886356997,NA,NA,NA,7,11.67,Cultivated,NA,NA,NA,NA,NA,NA,NA,NA,NA
330,Malkus,2009,n,Phaeosphaeria_nodorum,5346507,5486272,y,Phaeosphaeria_nodorum,ott5346507,ott5486272,Plants,y,n,Eukaryota,Opisthokonta ,Fungi,Fungi,Ascomycota,Fungi,Fungi,Fungi,Fungi,Dothideomycetes,Pleosporales,OtherFungi,Phaeospaeriaceae,OtherAsco.,NA,NA,NA,NA,NA,H,NA,NA,NA,32.3666666666667,37.1,34,17,152,276,n,1932.1,6.88,21,NA,NA,NA,52.078167115903,NA,NA,NA,NA,NA,NA,NA,NA,NA,NA,NA,NA,NA,NA,NA
331,Gutierrez,2011,n,Phalloceros_caudimaculatus,808637,808632,y,Phalloceros_caudimaculatus,ott808637,ott808632,Aquatic,n,y,Eukaryota,Opisthokonta ,Animals,Vert,Fishes,Fishes,Fishes,Fishes,Fishes,Actinopterygii,Cyprinodontiformes,Cyprinodontiformes,Poeciliidae,Poeciliidae,NA,NA,NA,NA,NA,NA,NA,NA,NA,700,700,48,24,46,189,n,1477,11.1,22,NA,NA,NA,2.11,n,NA,NA,NA,NA,NA,NA,NA,NA,NA,NA,NA,NA,NA,NA
332,Song,2015,n,Phaseolus_vulgaris,825707,826181,y,Phaseolus_vulgaris,ott825707,ott826181,Terrestrial,n,n,Eukaryota,Archaeplastida,Plants,Eudicots,Angiosperms,Superrosids,Superrosids,Fabids,Eudicots,Eudicots,Fabales,Fabales,Fabaceae,Fabaceae,NA,NA,NA,NA,hermaphrodite,NA,NA,521.077,NA,586.8,586.8,22,11,267,7040,n,1042.2,NA,11,NA,NA,NA,1.7760736196319,NA,SC,NA,11,21.8,Domesticated,herb,broadleaved,NA,C3,non-woody,compound,NA,NA,NA
333,Farrell,2013,n,Philomachus_pugnax,1090732,887704,y,Calidris_pugnax,ott1090732,ott887704,Terrestrial,n,n,Eukaryota,Opisthokonta ,Animals,Vert,Birds,Aves,Aves,Aves,Aves,Aves,Charadriiformes,OtherAves,Scolopacidae,OtherAves,NA,NA,NA,NA,gonochorous,ZW,FH,NA,NA,NA,NA,80,40,381,58,n,641.6,22.9,7,NA,NA,NA,#VALUE!,n,NA,NA,NA,NA,NA,NA,NA,NA,NA,NA,NA,NA,NA,NA
334,Mathew,2014,n,Phoenix_dactylifera,789008,452638,y,Phoenix_dactylifera,ott789008,ott452638,Terrestrial,n,n,Eukaryota,Archaeplastida,Plants,Monocots,Angiosperms,Commelinid,Lilioid.Alismatid,Commelinid,Monocots,Monocots,Arecales,Arecales,Arecaceae,Arecaceae,NA,NA,NA,NA,dioecy,NA,NA,556.481,NA,929.1,929.1,36,18,NA,1200,n,1293,1,18,NA,NA,NA,1.39166935744269,NA,SI,P,NA,NA,NA,tree,broadleaved,evergreen,C3,woody,compound,17,17,variable
335,Chaudhary,2013,n,Phycomyces_blakesleeanus,735973,735974,y,Phycomyces_blakesleeanus,ott735973,ott735974,Terrestrial,n,n,Eukaryota,Opisthokonta ,Fungi,Fungi,Zygomycota,Fungi,Fungi,Fungi,Fungi,Fungi,Mucorales,OtherFungi,Phycomycetaceae,OtherFungi,NA,NA,NA,NA,NA,H,NA,53.9392,0.041,53.9392,53.9392,NA,NA,121,134,n,1583.4,NA,12,NA,NA,NA,29.3552740863787,NA,NA,NA,NA,NA,NA,NA,NA,NA,NA,NA,NA,NA,NA,NA
336,Kamisugi,2008,n,Physcomitrella_patens,821359,821349,y,Physcomitrella_patens,ott821359,ott821349,Terrestrial,n,n,Eukaryota,Archaeplastida,Plants,OtherPlants,Bryophyta,OtherPlants,OtherPlants,OtherPlants,OtherPlants,Bryopsida,Funariales,OtherPlants,Furnariacae,OtherPlants,NA,NA,NA,NA,NA,NA,NA,477.948,NA,477.948,477.948,54,27,188,1420,n,4410,NA,31,NA,NA,NA,9.2269451906902,NA,NA,NA,NA,NA,NA,NA,NA,NA,NA,NA,NA,NA,NA,NA
337,Lamour,2012,n,Phytophthora_capsici,775738,775740,y,Phytophthora_capsici,ott775738,ott775740,Plants,y,n,Eukaryota,Chromalveolata,SAR,SAR,Heterokonta,SAR,SAR,SAR,SAR,Oomycota,Peronosporales,OtherSAR,Pythiaceae,OtherSAR,NA,NA,NA,NA,NA,NA,NA,56.0343,NA,64,64,18,9,65,1136,n,1654,NA,18,NA,NA,NA,25.84375,NA,NA,NA,NA,NA,NA,NA,NA,NA,NA,NA,NA,NA,NA,NA
338,vanderLee,2004,n,Phytophthora_infestans,775725,775740,y,Phytophthora_infestans,ott775725,ott775740,Plants,y,n,Eukaryota,Chromalveolata,SAR,SAR,Heterokonta,SAR,SAR,SAR,SAR,Oomycota,Peronosporales,OtherSAR,Pythiaceae,OtherSAR,NA,NA,NA,NA,NA,NA,NA,228.544,NA,240,240,18,9,NA,629,n,1091,2,13,NA,NA,NA,4.54583333333333,NA,NA,NA,NA,NA,NA,NA,NA,NA,NA,NA,NA,NA,NA,NA
339,Lind,2014,n,Picea_abies,517943,517942,y,Picea_abies,ott517943,ott517942,Terrestrial,n,n,Eukaryota,Archaeplastida,Plants,Conifers,Pinophyta,Conifers,Conifers,Conifers,Conifers,Pinopsida,Pinales,Pinales,Pinaceae,Pinaceae,NA,NA,NA,NA,monoecious,H,NA,NA,18.6,18190.8,18190.8,24,12,247,686,n,1889.2,NA,12,NA,0.065,0.065,0.103854695780285,NA,NA,NA,NA,NA,NA,tree,needleleaved,evergreen,C3,woody,simple,NA,NA,NA
340,Gosselin,2002,n,Picea_glauca,771681,517942,y,Picea_glauca,ott771681,ott517942,Terrestrial,n,n,Eukaryota,Archaeplastida,Plants,Conifers,Pinophyta,Conifers,Conifers,Conifers,Conifers,Pinopsida,Pinales,Pinales,Pinaceae,Pinaceae,NA,NA,NA,NA,monoecious,H,NA,24633.1,20.2,19755.6,19755.6,24,12,NA,165,n,2059.4,NA,23,NA,0.091,0.091,0.104243859968819,NA,NA,NA,NA,NA,NA,tree,needleleaved,evergreen,C3,woody,simple,NA,NA,NA
341,Kang,2011,n,Picea_mariana,363879,517942,y,Picea_mariana,ott363879,ott517942,Terrestrial,n,n,Eukaryota,Archaeplastida,Plants,Conifers,Pinophyta,Conifers,Conifers,Conifers,Conifers,Pinopsida,Pinales,Pinales,Pinaceae,Pinaceae,H,1670,1563,1.06845809341011,monoecious,H,NA,NA,NA,20000,NA,24,12,NA,1216,n,1865,1.5,12,NA,NA,NA,#VALUE!,NA,NA,NA,NA,NA,NA,tree,needleleaved,evergreen,C3,woody,simple,NA,NA,NA
342,Shi,2009,n,Pinctada_martensii,763333,978940,y,Pinctada_martensii,ott763333,ott978940,Aquatic,n,n,Eukaryota,Opisthokonta ,Animals,Invert,Molluscs,Molluscs,Molluscs,Molluscs,Molluscs,Bivalvia,Ostreoida,Ostreoida,Pteriidae,Pteriidae,NA,NA,NA,NA,NA,NA,NA,NA,1.18,1154.04,1154.04,56,28,NA,3117,n,990.74,0.39,NA,NA,NA,NA,0.858497105819556,NA,NA,NA,NA,NA,NA,NA,NA,NA,NA,NA,NA,NA,NA,NA
343,Jones,2013,n,Pinctada_maxima,855589,978940,y,Pinctada_maxima,ott855589,ott978940,Aquatic,n,n,Eukaryota,Opisthokonta ,Animals,Invert,Molluscs,Molluscs,Molluscs,Molluscs,Molluscs,Bivalvia,Ostreoida,Ostreoida,Pteriidae,Pteriidae,NA,NA,NA,NA,NA,NA,NA,NA,NA,NA,NA,28,14,NA,887,n,813.7,NA,14,NA,NA,NA,#VALUE!,NA,NA,NA,NA,NA,NA,NA,NA,NA,NA,NA,NA,NA,NA,NA
344,Friesline,2015,n,Pinus_balfouriana,1044480,1005718,y,Pinus_balfouriana,ott1044480,ott1005718,Terrestrial,n,n,Eukaryota,Archaeplastida,Plants,Conifers,Pinophyta,Conifers,Conifers,Conifers,Conifers,Pinopsida,Pinales,Pinales,Pinaceae,Pinaceae,NA,NA,NA,NA,monoecious,H,NA,NA,29.94,29281.32,29281.32,24,12,NA,507,n,1572.8,NA,12,NA,NA,NA,0.0537134254876488,NA,NA,NA,NA,NA,NA,tree,needleleaved,evergreen,C3,woody,simple,NA,NA,NA
345,Yang,2013,n,Pinus_elliottii,245809,531304,y,Pinus_elliottii,ott245809,ott531304,Terrestrial,n,n,Eukaryota,Archaeplastida,Plants,Conifers,Pinophyta,Conifers,Conifers,Conifers,Conifers,Pinopsida,Pinales,Pinales,Pinaceae,Pinaceae,H,1006.7,1065.9,0.944460080682991,monoecious,H,NA,NA,23.3,22787.4,22787.4,24,12,122,108,y,1036.3,NA,16,NA,NA,NA,0.0454768863494738,NA,NA,NA,NA,NA,NA,NA,NA,NA,NA,NA,NA,NA,NA,NA
346,Chen,2010,n,Pinus_koraiensis,830806,1005718,y,Pinus_koraiensis,ott830806,ott1005718,Terrestrial,n,n,Eukaryota,Archaeplastida,Plants,Conifers,Pinophyta,Conifers,Conifers,Conifers,Conifers,Pinopsida,Pinales,Pinales,Pinaceae,Pinaceae,NA,NA,NA,NA,monoecious,H,NA,NA,28.2,27579.6,27579.6,24,12,94,122,n,857.46,7.03,11,NA,NA,NA,0.031090371143889,NA,NA,NA,NA,NA,NA,tree,needleleaved,evergreen,C3,woody,simple,NA,NA,NA
347,Jermstad,2011,n,Pinus_lambertiana,568626,1005718,y,Pinus_lambertiana,ott568626,ott1005718,Terrestrial,n,n,Eukaryota,Archaeplastida,Plants,Conifers,Pinophyta,Conifers,Conifers,Conifers,Conifers,Pinopsida,Pinales,Pinales,Pinaceae,Pinaceae,NA,NA,NA,NA,monoecious,H,NA,27602.7,NA,27602.7,27602.7,24,12,NA,399,n,1231,NA,19,NA,NA,NA,0.0445970865168987,NA,NA,NA,NA,NA,NA,tree,needleleaved,evergreen,C3,woody,simple,NA,NA,NA
348,Chen,2014,n,Pinus_massoniana,714296,531304,y,Pinus_massoniana,ott714296,ott531304,Terrestrial,n,n,Eukaryota,Archaeplastida,Plants,Conifers,Pinophyta,Conifers,Conifers,Conifers,Conifers,Pinopsida,Pinales,Pinales,Pinaceae,Pinaceae,NA,NA,NA,NA,monoecious,H,NA,NA,25.7,25134.6,25134.6,24,12,NA,251,n,1956,8.4,17,NA,NA,NA,0.0778210116731518,NA,NA,NA,NA,NA,NA,tree,needleleaved,evergreen,C3,woody,simple,NA,NA,NA
349,Chancerel,2013,n,Pinus_pinaster,837883,531304,y,Pinus_pinaster,ott837883,ott531304,Terrestrial,n,n,Eukaryota,Archaeplastida,Plants,Conifers,Pinophyta,Conifers,Conifers,Conifers,Conifers,Pinopsida,Pinales,Pinales,Pinaceae,Pinaceae,NA,NA,NA,NA,monoecious,H,NA,NA,24.35,23814.3,23814.3,24,12,NA,1131,n,1708,2.4,12,NA,0.323,0.323,0.0717216126445035,NA,NA,NA,NA,NA,NA,tree,needleleaved,evergreen,C3,woody,simple,NA,NA,NA
350,Moraga-Suazo,2014,n,Pinus_radiata,568644,531304,y,Pinus_radiata,ott568644,ott531304,Terrestrial,n,n,Eukaryota,Archaeplastida,Plants,Conifers,Pinophyta,Conifers,Conifers,Conifers,Conifers,Pinopsida,Pinales,Pinales,Pinaceae,Pinaceae,NA,NA,NA,NA,monoecious,H,NA,NA,22.43,21936.54,21936.54,24,12,86,458,n,1060,NA,12,NA,NA,NA,0.0483212028879668,NA,NA,NA,NA,NA,NA,tree,needleleaved,evergreen,C3,woody,simple,NA,NA,NA
351,Lind,2007,n,Pinus_sylvestris,568619,531304,y,Pinus_sylvestris,ott568619,ott531304,Terrestrial,n,n,Eukaryota,Archaeplastida,Plants,Conifers,Pinophyta,Conifers,Conifers,Conifers,Conifers,Pinopsida,Pinales,Pinales,Pinaceae,Pinaceae,NA,NA,NA,NA,monoecious,H,NA,0.985624,42.51,41574.78,41574.78,24,12,102,358,n,1468,NA,39,NA,NA,NA,0.0353098681460251,NA,NA,NA,NA,NA,NA,tree,needleleaved,evergreen,C3,woody,simple,NA,NA,NA
352,Westbrook,2015,n,Pinus_taeda,1075736,531304,y,Pinus_taeda,ott1075736,ott531304,Terrestrial,n,n,Eukaryota,Archaeplastida,Plants,Conifers,Pinophyta,Conifers,Conifers,Conifers,Conifers,Pinopsida,Pinales,Pinales,Pinaceae,Pinaceae,NA,NA,NA,NA,monoecious,H,NA,22103.6,22,21516,21516,24,12,1251,3856,n,2305,0.6,12,NA,1.357,1.357,0.107129577988474,NA,NA,NA,NA,NA,NA,tree,needleleaved,evergreen,C3,woody,simple,NA,NA,NA
353,Turkeli,2013,n,Pistacia_vera,200787,200790,y,Pistacia_vera,ott200787,ott200790,Terrestrial,n,n,Eukaryota,Archaeplastida,Plants,Eudicots,Angiosperms,Superrosids,Superrosids,Malvids,Eudicots,Eudicots,Sapindales,Sapindales,Anacardiaceae,OtherEudicots,NA,NA,NA,NA,NA,NA,NA,NA,NA,NA,NA,30,15,NA,144,n,1237.3,7.5,17,NA,NA,NA,#VALUE!,NA,NA,NA,NA,NA,NA,tree,broadleaved,deciduous,C3,woody,compound,9,9,wind
354,Boutet,2016,n,Pisum_sativum,359905,825832,y,Pisum_sativum,ott359905,ott825832,Terrestrial,n,n,Eukaryota,Archaeplastida,Plants,Eudicots,Angiosperms,Superrosids,Superrosids,Fabids,Eudicots,Eudicots,Fabales,Fabales,Fabaceae,Fabaceae,NA,NA,NA,NA,hermaphrodite,NA,NA,NA,NA,4772.64,4772.64,14,7,NA,2071,n,1255,0.2,7,NA,NA,NA,0.262957189312414,NA,SC,NA,7,16.26,Domesticated,herb,broadleaved,NA,C3,non-woody,compound,NA,NA,NA
355,Martinello,2005,n,Plasmodium_chabaudi,724404,474838,y,Plasmodium_chabaudi,ott724404,ott474838,Animals,y,n,Eukaryota,Chromalveolata,SAR,SAR,Micro/Protist,SAR,SAR,SAR,SAR,Aconoidasida,Haemosporida,Haemosporida,Plasmodiidae,Plasmodiidae,NA,NA,NA,NA,NA,NA,NA,18.8678,NA,18.8678,18.8678,28,14,NA,614,n,1676,13.7,22,NA,NA,NA,88.8285862686694,NA,NA,NA,NA,NA,NA,NA,NA,NA,NA,NA,NA,NA,NA,NA
356,Jiang,2011,n,Plasmodium_falciparum,201128,474842,y,Plasmodium_falciparum,ott201128,ott474842,Animals,y,n,Eukaryota,Chromalveolata,SAR,SAR,Micro/Protist,SAR,SAR,SAR,SAR,Aconoidasida,Haemosporida,Haemosporida,Plasmodiidae,Plasmodiidae,NA,NA,NA,NA,NA,NA,NA,23.2703,NA,23.2703,23.2703,28,14,32,3438,n,2514,NA,14,NA,96,NA,108.034705182142,NA,NA,NA,NA,NA,NA,NA,NA,NA,NA,NA,NA,NA,NA,NA
357,Li,2011,n,Plasmodium_yoelii,826551,474838,y,Plasmodium_yoelii,ott826551,ott474838,Animals,y,n,Eukaryota,Chromalveolata,SAR,SAR,Micro/Protist,SAR,SAR,SAR,SAR,Aconoidasida,Haemosporida,Haemosporida,Plasmodiidae,Plasmodiidae,NA,NA,NA,NA,NA,NA,NA,23.1254,NA,23.1254,23.1254,28,14,75,NA,n,579.2,NA,14,NA,NA,NA,25.0460532574572,NA,NA,NA,NA,NA,NA,NA,NA,NA,NA,NA,NA,NA,NA,NA
358,Im,2016,n,Pleurotus_eryngii,216726,581152,y,Pleurotus_eryngii,ott216726,ott581152,Terrestrial,n,n,Eukaryota,Opisthokonta ,Fungi,Fungi,Basidiomycota,Fungi,Fungi,Fungi,Fungi,Agaricomycetes,Agaricales,Agaricales,Pleurotceae,Pleurotceae,NA,NA,NA,NA,NA,H,NA,43.7797,0.051,43.7797,43.7797,NA,NA,NA,256,n,1047.8,4.09,12,NA,NA,NA,23.9334668807689,NA,NA,NA,NA,NA,NA,NA,NA,NA,NA,NA,NA,NA,NA,NA
359,Okuda,2009,n,Pleurotus_pulmonarius,17230,581152,y,Pleurotus_pulmonarius,ott17230,ott581152,Terrestrial,n,n,Eukaryota,Opisthokonta ,Fungi,Fungi,Basidiomycota,Fungi,Fungi,Fungi,Fungi,Agaricomycetes,Agaricales,Agaricales,Pleurotceae,Pleurotceae,NA,NA,NA,NA,NA,H,NA,NA,NA,NA,NA,NA,NA,150,303,n,971,5.2,12,NA,NA,NA,#VALUE!,NA,NA,NA,NA,NA,NA,NA,NA,NA,NA,NA,NA,NA,NA,NA
360,Tripathi,2009,n,Poecilia_reticulata,312452,312449,y,Poecilia_reticulata,ott312452,ott312449,Aquatic,n,y,Eukaryota,Opisthokonta ,Animals,Vert,Fishes,Fishes,Fishes,Fishes,Fishes,Actinopterygii,Cyprinodontiformes,Cyprinodontiformes,Poeciliidae,Poeciliidae,NA,NA,NA,NA,gonochorous,H,MH,731.622,1,865.53,865.53,46,23,NA,790,n,899,NA,23,NA,NA,NA,1.0386699478932,n,NA,NA,NA,NA,NA,NA,NA,NA,NA,NA,NA,NA,NA,NA
361,Sirvio,2011,n,Pogonomyrmex_rugosus,1042743,566774,y,Pogonomyrmex_rugosus,ott1042743,ott566774,Terrestrial,n,n,Eukaryota,Opisthokonta ,Animals,Invert,Insects,Insects,Insects,Insects,Insects,Insecta,Hymenoptera,Hymenoptera,Formicidae,Formicidae,NA,NA,NA,NA,male.haploid,NA,NA,NA,NA,255,255,32,16,92,215,m,2823,NA,14,3558,14,NA,11.0705882352941,y,NA,NA,NA,NA,NA,NA,NA,NA,NA,NA,NA,NA,NA,NA
362,Wang,2010,n,Populus_adenopoda,5763644,530178,y,Populus_adenopoda,ott5763644,ott530178,Terrestrial,n,n,Eukaryota,Archaeplastida,Plants,Eudicots,Angiosperms,Superrosids,Superrosids,Fabids,Eudicots,Eudicots,Malpighiales,Malpighiales,Salicaceae,Salicaceae,NA,NA,NA,NA,dioecy,NA,NA,NA,0.52,508.56,508.56,38,19,189,212,n,2178.5,11.7,26,NA,NA,NA,4.28366367783546,NA,NA,P,NA,NA,NA,NA,NA,NA,NA,NA,NA,35,35,wind
363,Paolucci,2010,n,Populus_alba,1030862,530178,y,Populus_alba,ott1030862,ott530178,Terrestrial,n,n,Eukaryota,Archaeplastida,Plants,Eudicots,Angiosperms,Superrosids,Superrosids,Fabids,Eudicots,Eudicots,Malpighiales,Malpighiales,Salicaceae,Salicaceae,NA,NA,NA,NA,dioecy,NA,NA,NA,NA,508.56,508.56,38,19,141,322,n,3027.1,NA,19,NA,NA,NA,5.95229668082429,NA,NA,P,NA,NA,NA,tree,broadleaved,deciduous,C3,woody,simple,35,35,wind
364,Mousavi,2016,n,Populus_deltoides,8867,530178,y,Populus_deltoides,ott8867,ott530178,Terrestrial,n,n,Eukaryota,Archaeplastida,Plants,Eudicots,Angiosperms,Superrosids,Superrosids,Fabids,Eudicots,Eudicots,Malpighiales,Malpighiales,Salicaceae,Salicaceae,NA,NA,NA,NA,dioecy,NA,NA,NA,0.511247443762781,500,500,38,19,150,2012,n,4067.16,2.04,19,NA,4.579,4.579,8.13432,NA,NA,P,NA,NA,NA,tree,broadleaved,deciduous,C3,woody,simple,35,35,wind
365,Woolbright,2008,n,Populus_fremontii,980995,530178,y,Populus_fremontii,ott980995,ott530178,Terrestrial,n,n,Eukaryota,Archaeplastida,Plants,Eudicots,Angiosperms,Superrosids,Superrosids,Fabids,Eudicots,Eudicots,Malpighiales,Malpighiales,Salicaceae,Salicaceae,NA,NA,NA,NA,dioecy,NA,NA,NA,NA,NA,NA,38,19,246,652,n,2030.6,NA,19,NA,NA,NA,#VALUE!,NA,NA,P,NA,NA,NA,NA,NA,NA,NA,NA,NA,35,35,wind
366,Gaudet,2008,n,Populus_nigra,8848,530178,y,Populus_nigra,ott8848,ott530178,Terrestrial,n,n,Eukaryota,Archaeplastida,Plants,Eudicots,Angiosperms,Superrosids,Superrosids,Fabids,Eudicots,Eudicots,Malpighiales,Malpighiales,Salicaceae,Salicaceae,H,2104,2453,0.857725234406849,dioecy,NA,NA,NA,0.511247443762781,514.0368,514.0368,38,19,92,368,y,2278.5,NA,20,NA,3.761,3.761,4.43256202668758,NA,NA,P,NA,NA,NA,tree,broadleaved,deciduous,C3,woody,simple,35,35,wind
367,Mousavi,2016,n,Populus_simonii,980993,530178,y,Populus_simonii,ott980993,ott530178,Terrestrial,n,n,Eukaryota,Archaeplastida,Plants,Eudicots,Angiosperms,Superrosids,Superrosids,Fabids,Eudicots,Eudicots,Malpighiales,Malpighiales,Salicaceae,Salicaceae,NA,NA,NA,NA,dioecy,NA,NA,NA,NA,NA,NA,38,19,150,1430,n,4356.04,3.09,19,NA,NA,NA,#VALUE!,NA,NA,P,NA,NA,NA,tree,broadleaved,deciduous,C3,woody,simple,35,35,wind
368,Pakull,2009,n,Populus_tremula,839584,530178,y,Populus_tremula,ott839584,ott530178,Terrestrial,n,n,Eukaryota,Archaeplastida,Plants,Eudicots,Angiosperms,Superrosids,Superrosids,Fabids,Eudicots,Eudicots,Malpighiales,Malpighiales,Salicaceae,Salicaceae,H,1681.5,1403.2,1.19833238312429,dioecy,NA,NA,NA,0.511247443762781,469.44,469.44,38,19,61,344,y,1542.35,NA,32,NA,1.408,1.408,3.28551039536469,NA,NA,P,NA,NA,NA,NA,NA,NA,NA,NA,NA,35,35,wind
369,Corbet-Detig,2015,y,Populus_trichocarpa,8861,530178,y,Populus_trichocarpa,ott8861,ott530178,Terrestrial,n,n,Eukaryota,Archaeplastida,Plants,Eudicots,Angiosperms,Superrosids,Superrosids,Fabids,Eudicots,Eudicots,Malpighiales,Malpighiales,Salicaceae,Salicaceae,NA,NA,NA,NA,dioecy,NA,NA,479.22,0.511247443762781,489,489,38,19,NA,411,n,2801.5,6.81630170316302,NA,NA,7.83638001056187,2.107,5.72903885480573,NA,NA,P,NA,NA,NA,tree,broadleaved,deciduous,C3,woody,simple,35,35,wind
370,Liu,2012,n,Portunus_trituberculatus,718120,4669288,y,Portunus_trituberculatus,ott718120,ott4669288,Aquatic,n,n,Eukaryota,Opisthokonta ,Animals,Invert,Crustaceans,Crustaceans,Crustaceans,Crustaceans,Crustaceans,Malacostraca,Decapoda,Decapoda,Portunidae,Portunidae,H,3521.3,3517.6,1.0010518535365,gonochorous,NA,NA,NA,2.31,2259.18,2259.18,106,53,110,919,y,3519.45,8.25,51,NA,NA,NA,1.5578439964943,n,NA,NA,NA,NA,NA,NA,NA,NA,NA,NA,NA,NA,NA,NA
371,Feng,2016,n,Primulina_eburnea,5264953,312375,y,Primulina_eburnea,ott5264953,ott312375,Terrestrial,n,n,Eukaryota,Archaeplastida,Plants,Eudicots,Angiosperms,Superasterids,Superasterids,Lamiids,Eudicots,Eudicots,Lamiales,Lamiales,Gesneriaceae,OtherEudicots,NA,NA,NA,NA,NA,NA,NA,NA,2.03,1985.34,1985.34,36,18,189,216,n,3774.7,17.6,18,NA,NA,NA,1.90128642952844,NA,NA,NA,NA,NA,NA,NA,NA,NA,NA,NA,NA,NA,NA,NA
372,Srinivasan,2002,n,Pristionchus_pacificus,197875,197876,y,Pristionchus_pacificus,ott197875,ott197876,Terrestrial,n,n,Eukaryota,Opisthokonta ,Animals,Invert,Nematode,UnSeg.Worms,UnSeg.Worms,UnSeg.Worms,UnSeg.Worms,Chromodorea,Rhabditida,Rhabditida,Diplogastridae,OtherHelminth,NA,NA,NA,NA,NA,NA,NA,133.114,NA,133.114,133.114,12,6,46,122,n,338.6,NA,6,NA,NA,NA,2.54368436077347,n,NA,NA,NA,NA,NA,NA,NA,NA,NA,NA,NA,NA,NA,NA
373,Lalli,2008,n,Prunus_armeniaca,217632,731578,y,Prunus_armeniaca,ott217632,ott731578,Terrestrial,n,n,Eukaryota,Archaeplastida,Plants,Eudicots,Angiosperms,Superrosids,Superrosids,Fabids,Eudicots,Eudicots,Rosales,Rosales,Rosaceae,Rosaceae,NA,NA,NA,NA,monoecious,NA,NA,NA,0.3,293.4,293.4,16,8,67,450,n,522.69,NA,8,NA,1.123,1.123,1.78149284253579,NA,both ,NA,NA,NA,NA,tree,broadleaved,deciduous,C3,woody,simple,400,5,insects
374,Wang,2015,n,Prunus_avium,162547,731578,y,Prunus_avium,ott162547,ott731578,Terrestrial,n,n,Eukaryota,Archaeplastida,Plants,Eudicots,Angiosperms,Superrosids,Superrosids,Fabids,Eudicots,Eudicots,Rosales,Rosales,Rosaceae,Rosaceae,NA,NA,NA,NA,hermaphrodite,NA,NA,NA,NA,342.3,342.3,16,8,NA,718,n,849,1.18,8,NA,8,NA,2.48028045574058,NA,NA,NA,NA,NA,NA,tree,broadleaved,deciduous,C3,woody,simple,400,5,insects
375,Tavassolian,2010,n,Prunus_dulcis,731568,731578,y,Prunus_dulcis,ott731568,ott731578,Terrestrial,n,n,Eukaryota,Archaeplastida,Plants,Eudicots,Angiosperms,Superrosids,Superrosids,Fabids,Eudicots,Eudicots,Rosales,Rosales,Rosaceae,Rosaceae,NA,NA,NA,NA,monoecious,NA,NA,NA,NA,240,240,16,8,NA,157,n,591.4,4,8,NA,NA,NA,2.46416666666667,NA,NA,NA,8,9.1,Domesticated,NA,broadleaved,NA,C3,woody,simple,400,5,insects
376,Cao,2011,n,Prunus_kansuensis,1020749,731578,y,Prunus_kansuensis,ott1020749,ott731578,Terrestrial,n,n,Eukaryota,Archaeplastida,Plants,Eudicots,Angiosperms,Superrosids,Superrosids,Fabids,Eudicots,Eudicots,Rosales,Rosales,Rosaceae,Rosaceae,NA,NA,NA,NA,monoecious,NA,NA,NA,NA,293.4,293.4,16,8,190,138,n,616,4.9,8,NA,NA,NA,2.09952283571916,NA,NA,NA,NA,NA,NA,NA,NA,NA,C3,NA,NA,400,5,insects
377,Zhang,2015,n,Prunus_mume,426562,731578,y,Prunus_mume,ott426562,ott731578,Terrestrial,n,n,Eukaryota,Archaeplastida,Plants,Eudicots,Angiosperms,Superrosids,Superrosids,Fabids,Eudicots,Eudicots,Rosales,Rosales,Rosaceae,Rosaceae,NA,NA,NA,NA,monoecious,NA,NA,234.03,NA,234.03,234.03,16,8,387,8007,n,1550.62,0.195,8,NA,NA,NA,6.62573174379353,NA,NA,NA,NA,NA,NA,NA,broadleaved,deciduous,C3,woody,simple,400,5,insects
378,Corbet-Detig,2015,y,Prunus_persica,5146629,731578,y,Prunus_persica,ott5146629,ott731578,Terrestrial,n,n,Eukaryota,Archaeplastida,Plants,Eudicots,Angiosperms,Superrosids,Superrosids,Fabids,Eudicots,Eudicots,Rosales,Rosales,Rosaceae,Rosaceae,NA,NA,NA,NA,hermaphrodite,NA,NA,303.18,NA,273.84,273.84,16,8,NA,195,n,484.3,2.48358974358974,NA,NA,2.38609031239007,NA,1.76855097867368,NA,SC,NA,8,10.8,Domesticated,tree,broadleaved,deciduous,C3,woody,simple,400,5,insects
379,Nunez-Lillo,2015,n,Prunus_persica,5146629,731578,y,Prunus_persica,ott5146629,ott731578,Terrestrial,n,n,Eukaryota,Archaeplastida,Plants,Eudicots,Angiosperms,Superrosids,Superrosids,Fabids,Eudicots,Eudicots,Rosales,Rosales,Rosaceae,Rosaceae,NA,NA,NA,NA,hermaphrodite,NA,NA,NA,NA,273.84,273.84,16,8,NA,1837,n,389.2,NA,8,NA,NA,NA,1.42126789366053,NA,SC,NA,NA,NA,NA,NA,NA,NA,NA,NA,NA,400,5,insects
380,Wang,2014,n,Prunus_virginiana,769156,731578,y,Prunus_virginiana,ott769156,ott731578,Terrestrial,n,n,Eukaryota,Archaeplastida,Plants,Eudicots,Angiosperms,Superrosids,Superrosids,Fabids,Eudicots,Eudicots,Rosales,Rosales,Rosaceae,Rosaceae,NA,NA,NA,NA,hermaphrodite,NA,NA,NA,NA,NA,NA,32,16,101,302,n,2089,6.9,14,NA,NA,NA,#VALUE!,NA,both,NA,NA,NA,NA,shrub/tree,broadleaved,deciduous,C3,woody,NA,400,5,insects
381,Arango_Isaza,2016,n,Pseudocercospora_fijiensis,4073293,251928,y,Pseudocercospora_eucalypticola,ott4073293,ott251928,Plants,y,n,Eukaryota,Opisthokonta ,Fungi,Fungi,Ascomycota,Fungi,Fungi,Fungi,Fungi,Dothideomycetes,Mycosphaerellales,Mycosphaerellales,Mycosphaerellaceae,OtherAsco.,NA,NA,NA,NA,NA,H,NA,74.1412,NA,74.1412,74.1412,24,12,NA,376,n,1416,NA,17,NA,NA,NA,19.0986927646167,NA,NA,NA,NA,NA,NA,NA,NA,NA,NA,NA,NA,NA,NA,NA
382,Ukrainetz,2008,n,Pseudotsuga_menziesii,1075713,1075718,y,Pseudotsuga_menziesii,ott1075713,ott1075718,Terrestrial,n,n,Eukaryota,Archaeplastida,Plants,Conifers,Pinophyta,Conifers,Conifers,Conifers,Conifers,Pinopsida,Pinales,Pinales,Pinaceae,Pinaceae,NA,NA,NA,NA,monoecious,H,NA,14673.2,19.05,18630.9,18630.9,26,13,40,NA,n,938.6,9.3,19,NA,1.961,1.961,0.0503786719911545,NA,NA,NA,NA,NA,NA,tree,needleleaved,evergreen,C3,woody,simple,NA,NA,NA
383,Rastas,2016,n,Pungitius_pungitius,561269,401021,y,Pungitius_pungitius,ott561269,ott401021,Aquatic,n,n,Eukaryota,Opisthokonta ,Animals,Vert,Fishes,Fishes,Fishes,Fishes,Fishes,Actinopterygii,Gasterosteiformes,OtherFishes,Gasterosteidae,OtherFishes,H,2335.72,1584.26,1.47432870867156,gonochorous,XY,MH,NA,NA,NA,NA,42,21,284,20054,n,1980.74,0.16,21,NA,NA,NA,#VALUE!,n,NA,NA,NA,NA,NA,NA,NA,NA,NA,NA,NA,NA,NA,NA
384,Harel-Beja,2015,n,Punica_granatum,646814,368841,y,Punica_granatum,ott646814,ott368841,Terrestrial,n,n,Eukaryota,Archaeplastida,Plants,Eudicots,Angiosperms,Superrosids,Superrosids,Fabids,Eudicots,Eudicots,Myrtales,Myrtales,Lythraceae,OtherEudicots,NA,NA,NA,NA,NA,NA,NA,NA,NA,704.16,704.16,16,8,76,1092,n,1141,1.1,11,NA,NA,NA,1.62037037037037,NA,NA,NA,NA,NA,NA,shrub/tree,broadleaved,deciduous,C3,woody,simple,NA,NA,NA
385,Ellwood,2010,n,Pyrenophora_teres,411919,646185,y,Pyrenophora_teres,ott411919,ott646185,Plants,y,n,Eukaryota,Opisthokonta ,Fungi,Fungi,Ascomycota,Fungi,Fungi,Fungi,Fungi,Dothideomycetes,Pleosporales,OtherFungi,Pleosporaceae,OtherAsco.,NA,NA,NA,NA,NA,H,NA,33.5833,0.045,33.5833,33.5833,18,9,NA,243,n,2477.7,NA,25,NA,NA,NA,73.7777407223233,NA,NA,NA,NA,NA,NA,NA,NA,NA,NA,NA,NA,NA,NA,NA
386,Xu,2015,n,Pyropia_haitanensis,314016,784229,y,Pyropia_haitanensis,ott314016,ott784229,Aquatic,n,n,Eukaryota,Archaeplastida,Plants,OtherPlants,Rhodophyta,OtherPlants,OtherPlants,OtherPlants,OtherPlants,Bangiophyceae,Bangiales,OtherPlants,Bangiaceae,OtherPlants,NA,NA,NA,NA,NA,NA,NA,NA,NA,NA,NA,10,5,NA,740,n,874.33,1.1,5,NA,NA,NA,#VALUE!,NA,NA,NA,NA,NA,NA,NA,NA,NA,NA,NA,NA,NA,NA,NA
387,Wu,2014,n,Pyrus_communis,972654,259068,y,Pyrus_communis,ott972654,ott259068,Terrestrial,n,n,Eukaryota,Archaeplastida,Plants,Eudicots,Angiosperms,Superrosids,Superrosids,Fabids,Eudicots,Eudicots,Rosales,Rosales,Rosaceae,Rosaceae,NA,NA,NA,NA,NA,NA,NA,NA,NA,537.9,537.9,34,17,NA,3241,n,2243.4,0.7,17,NA,NA,NA,4.17066369213609,NA,NA,NA,NA,NA,NA,NA,NA,NA,NA,NA,NA,NA,NA,NA
388,Yamamoto,2014,n,Pyrus_pyrifolia,443418,259068,y,Pyrus_pyrifolia,ott443418,ott259068,Terrestrial,n,n,Eukaryota,Archaeplastida,Plants,Eudicots,Angiosperms,Superrosids,Superrosids,Fabids,Eudicots,Eudicots,Rosales,Rosales,Rosaceae,Rosaceae,NA,NA,NA,NA,NA,NA,NA,NA,NA,NA,NA,34,17,NA,275,n,1039,0.27,17,NA,NA,NA,#VALUE!,NA,NA,NA,NA,NA,NA,tree,broadleaved,NA,C3,woody,simple,NA,NA,NA
389,Chen,2015,n,Pyrus_x,3902937,259068,y,Pyrus_x_bretschneideri,ott3902937,ott259068,Terrestrial,n,n,Eukaryota,Archaeplastida,Plants,Eudicots,Angiosperms,Superrosids,Superrosids,Fabids,Eudicots,Eudicots,Rosales,Rosales,Rosaceae,Rosaceae,NA,NA,NA,NA,NA,NA,NA,NA,NA,NA,NA,NA,NA,56,743,n,1661.4,2.26,17,NA,NA,NA,#VALUE!,NA,NA,NA,NA,NA,NA,NA,NA,NA,NA,NA,NA,NA,NA,NA
390,Bodenes,2016,n,Quercus_,239659,267713,y,Quercus_robur,ott239659,ott267713,Terrestrial,n,n,Eukaryota,Archaeplastida,Plants,Eudicots,Angiosperms,Superrosids,Superrosids,Fabids,Eudicots,Eudicots,Fagales,Fagales,Fagaceae,Fagaceae,NA,NA,NA,NA,NA,NA,NA,NA,NA,909.5,909.5,24,12,NA,4216,n,742,NA,12,NA,NA,NA,0.815832875206157,NA,NA,NA,NA,NA,NA,NA,NA,NA,NA,NA,NA,NA,NA,NA
391,Cano,2011,n,Rana_temporaria,14718,6158879,y,Rana_temporaria,ott14718,ott6158879,Terrestrial,n,n,Eukaryota,Opisthokonta ,Animals,Vert,Amphibia,Amphibia.Reptile,Amphibia.Reptile,Amphibia.Reptile,Amphibia.Reptile,Amphibia,Anura,Anura,Ranida,OtherAR,H,2089.8,1371.5,1.52373313889902,gonochorous,NA,NA,NA,4.263,4169.214,4169.21,26,13,800,107,n,1698.8,NA,15,NA,NA,NA,0.407463284411195,n,NA,NA,NA,NA,NA,NA,NA,NA,NA,NA,NA,NA,NA,NA
392,Mun,2015,n,Raphanus_sativus,359073,359071,y,Raphanus_sativus,ott359073,ott359071,Terrestrial,n,n,Eukaryota,Archaeplastida,Plants,Eudicots,Angiosperms,Superrosids,Superrosids,Malvids,Eudicots,Eudicots,Brassicales,Brassicales,Brassicaceae,Brassicaceae,NA,NA,NA,NA,hermaphrodite,NA,NA,426.614,NA,978,978,18,9,93,2637,n,1538,1.5,9,NA,NA,NA,1.57259713701432,NA,SI,NA,9,17.46,Domesticated,herb,broadleaved,NA,C3,non-woody,simple,NA,NA,NA
393,Steen,1999,n,Rattus_norvegicus,271555,271578,y,Rattus_norvegicus,ott271555,ott271578,Terrestrial,n,y,Eukaryota,Opisthokonta ,Animals,Vert,Mammals,Mammals,Mammals,Mammals,Mammals,Mammalia,Rodentia,Rodentia,Muridae,Muridae,NA,NA,NA,NA,gonochorous,XY,MH,2870.18,3.36,3286.08,3286.08,44,22,91,4736,n,1503,1.1,21,NA,NA,NA,0.457383873794917,n,NA,NA,NA,NA,NA,NA,NA,NA,NA,NA,NA,NA,NA,NA
394,Schlipallus,2002,n,Rhyzopertha_dominica,633644,633648,y,Rhyzopertha_dominica,ott633644,ott633648,Terrestrial,n,y,Eukaryota,Opisthokonta ,Animals,Invert,Insects,Insects,Insects,Insects,Insects,Insecta,Coleoptera,Coleoptera,Bostrichidae,OtherColeopt,NA,NA,NA,NA,NA,NA,NA,NA,NA,NA,476,18,9,92,94,n,390.1,4.6,9,NA,1.22,NA,0.819537815126051,n,NA,NA,NA,NA,NA,NA,NA,NA,NA,NA,NA,NA,NA,NA
395,Russell,2014,n,Ribes_nigrum,248647,560321,y,Ribes_nigrum,ott248647,ott560321,Terrestrial,n,n,Eukaryota,Archaeplastida,Plants,Eudicots,Angiosperms,Superrosids,Superrosids,Superrosids,Eudicots,Eudicots,Saxifragales,OtherEudicots,Grossulariaceae,OtherEudicots,NA,NA,NA,NA,hermaphrodite,NA,NA,6888,NA,NA,NA,16,8,NA,1578,n,583.2,8,NA,NA,NA,NA,#VALUE!,NA,NA,NA,NA,NA,NA,shrub,broadleaved,deciduous,C3,woody,simple,150,61,insects
396,Rukam,2016,n,Ricinus_communis,339346,934795,y,Ricinus_communis,ott339346,ott934795,Terrestrial,n,n,Eukaryota,Archaeplastida,Plants,Eudicots,Angiosperms,Superrosids,Superrosids,Fabids,Eudicots,Eudicots,Malpighiales,Malpighiales,Euphorbiaceae,Euphorbiaceae,NA,NA,NA,NA,monoecious,NA,NA,350.622,NA,508.56,508.56,20,10,190,141,n,1551,NA,10,NA,NA,NA,3.04978763567721,NA,NA,NA,NA,NA,NA,shrub/tree,broadleaved,evergreen,C3,woody,simple,NA,NA,NA
397,Bourke,2017,n,Rosa_hybrida,3905484,259066,y,Rosa_rubrifolia,ott3905484,ott259066,Terrestrial,n,n,Eukaryota,Archaeplastida,Plants,Eudicots,Angiosperms,Superrosids,Superrosids,Fabids,Eudicots,Eudicots,Rosales,Rosales,Rosaceae,Rosaceae,NA,NA,NA,NA,NA,NA,NA,NA,NA,NA,NA,14,7,NA,25695,n,573.66,1.88857142857143,7,NA,NA,NA,#VALUE!,NA,NA,NA,NA,NA,NA,NA,NA,NA,NA,NA,NA,NA,NA,NA
398,Ward,2013,n,Rubus_idaeus,156929,972648,y,Rubus_idaeus,ott156929,ott972648,Terrestrial,n,n,Eukaryota,Archaeplastida,Plants,Eudicots,Angiosperms,Superrosids,Superrosids,Fabids,Eudicots,Eudicots,Rosales,Rosales,Rosaceae,Rosaceae,NA,NA,NA,NA,monoecious,NA,NA,NA,0.33997955010225,311.982,311.982,14,7,NA,4521,n,462.7,0.1,7,NA,NA,NA,1.48309838388112,NA,NA,NA,NA,NA,NA,shrub,broadleaved,deciduous,C3,woody,compound,250,5,insects
399,Bushakra,2012,n,Rubus_occidentalis,670811,972648,y,Rubus_occidentalis,ott670811,ott972648,Terrestrial,n,n,Eukaryota,Archaeplastida,Plants,Eudicots,Angiosperms,Superrosids,Superrosids,Fabids,Eudicots,Eudicots,Rosales,Rosales,Rosaceae,Rosaceae,NA,NA,NA,NA,monoecious,NA,NA,NA,NA,293.4,293.4,14,7,NA,131,n,309,10,6,NA,NA,NA,1.05316973415133,NA,NA,NA,NA,NA,NA,shrub,broadleaved,deciduous,C3,woody,compound,250,5,insects
400,Nie,2017,n,Ruditapes_philippinarum,913666,244017,y,Ruditapes_philippinarum,ott913666,ott244017,Aquatic,n,n,Eukaryota,Opisthokonta ,Animals,Invert,Molluscs,Molluscs,Molluscs,Molluscs,Molluscs,Bivalvia,Venerida,OtherMollusc,Veneridae,OtherMollusc,NA,NA,NA,NA,NA,NA,NA,1967,NA,NA,1967,38,19,119,9658,n,1926.98,0.42,18,NA,NA,NA,0.979654295882054,n,NA,NA,NA,NA,NA,NA,NA,NA,NA,NA,NA,NA,NA,NA
401,Zhang,2015,n,Saccharina_japonica,246789,690480,y,Saccharina_japonica,ott246789,ott690480,Aquatic,n,n,Eukaryota,Chromalveolata,SAR,SAR,Ochrophyta,SAR,SAR,SAR,SAR,Phaeophyceae,Laminariales,Laminariales,Lauraceae,OtherSAR,NA,NA,NA,NA,NA,NA,NA,543.426,NA,543.426,543.426,62,31,NA,4994,n,1782.75,0.36,31,NA,NA,NA,3.28057546013625,NA,NA,NA,NA,NA,NA,NA,NA,NA,NA,NA,NA,NA,NA,NA
402,Liu,2016,n,Saccharum_spp,1063525,55664,y,Saccharum_hybrid_cultivar,ott1063525,ott55664,Terrestrial,n,n,Eukaryota,Archaeplastida,Plants,Monocots,Angiosperms,Commelinid,Commelinid,Commelinid,Monocots,Monocots,Poales,Poales,Poaceae,Poaceae,NA,NA,NA,NA,hermaphrodite,NA,NA,NA,4.49333333333333,4394.48,4394.48,100,50,NA,967,n,7406.3,NA,NA,NA,NA,NA,1.68536436620488,NA,SC,NA,NA,NA,NA,NA,NA,NA,NA,NA,NA,NA,NA,NA
403,Tsai,2016,n,Salmo_salar,688328,982359,y,Salmo_salar,ott688328,ott982359,Aquatic,n,y,Eukaryota,Opisthokonta ,Animals,Vert,Fishes,Fishes,Fishes,Fishes,Fishes,Actinopterygii,Salmoniformes,Salmoniformes,Salmonidae,Salmonidae,H,7153,4769,1.49989515621724,gonochorous,H,MH,2966.89,3.27,3048.426,3048.426,58,29,622,96000,y,5961,NA,29,NA,NA,NA,1.95543536238045,n,NA,NA,NA,NA,NA,NA,NA,NA,NA,NA,NA,NA,NA,NA
404,Leitwein,2017,n,Salmo_trutta,688332,982359,y,Salmo_trutta,ott688332,ott982359,Aquatic,n,y,Eukaryota,Opisthokonta ,Animals,Vert,Fishes,Fishes,Fishes,Fishes,Fishes,Actinopterygii,Salmoniformes,Salmoniformes,Salmonidae,Salmonidae,NA,NA,NA,NA,gonochorous,H,MH,NA,3.19,2875.32,2875.32,80,40,300,3977,n,1403,NA,40,NA,NA,NA,0.487945689523253,n,NA,NA,NA,NA,NA,NA,NA,NA,NA,NA,NA,NA,NA,NA
405,Liu,2016,n,Salvia_miltiorrhiza,847543,374096,y,Salvia_miltiorrhiza,ott847543,ott374096,Terrestrial,n,n,Eukaryota,Archaeplastida,Plants,Eudicots,Angiosperms,Superasterids,Superasterids,Lamiids,Eudicots,Eudicots,Lamiales,Lamiales,Lamiaceae,OtherEudicots,NA,NA,NA,NA,NA,NA,NA,NA,NA,615,615,16,8,96,5164,n,1516,0.29,8,NA,NA,NA,2.4650406504065,NA,NA,NA,NA,NA,NA,NA,NA,NA,NA,NA,NA,NA,NA,NA
406,Criscione,2009,n,Schistosoma_mansoni,191483,191485,y,Schistosoma_mansoni,ott191483,ott191485,Animals,y,n,Eukaryota,Opisthokonta ,Animals,Invert,Trematode,UnSeg.Worms,UnSeg.Worms,UnSeg.Worms,UnSeg.Worms,Trematoda,Strigeidida,OtherHelminth,Schistomatidae,OtherHelminth,H,NA,NA,1.27,gonochorous,ZW,NA,364.538,NA,364.538,364.538,16,8,88,210,n,1134.84,5.62,8,1228.6,NA,NA,3.11309109064076,n,NA,NA,NA,NA,NA,NA,NA,NA,NA,NA,NA,NA,NA,NA
407,Hollenbeck,2015,n,Sciaenops_ocellatus,433079,907852,y,Sciaenops_ocellatus,ott433079,ott907852,Aquatic,n,n,Eukaryota,Opisthokonta ,Animals,Vert,Fishes,Fishes,Fishes,Fishes,Fishes,Actinopterygii,Perciformes,Perciformes,Sciaenidae,Sciaenidae,NA,NA,NA,NA,NA,NA,NA,NA,0.39,381.42,381.42,48,24,207,486,n,1815.3,3.96,24,NA,NA,NA,4.75932043416706,n,NA,NA,NA,NA,NA,NA,NA,NA,NA,NA,NA,NA,NA,NA
408,Shen,2014,n,Scleropages_formosus,335717,179340,y,Scleropages_formosus,ott335717,ott179340,Aquatic,n,n,Eukaryota,Opisthokonta ,Animals,Vert,Fishes,Fishes,Fishes,Fishes,Fishes,Actinopterygii,Osteoglossiformes,OtherFishes,Osteoglossidae,OtherFishes,H,2301.8,2097.4,1.0974539906551,gonochorous,ZW,FH,777.359,NA,777.359,777.359,44,22,NA,308,n,2218.3,8.2,28,NA,NA,NA,2.85363647941299,n,NA,NA,NA,NA,NA,NA,NA,NA,NA,NA,NA,NA,NA,NA
409,Wang,2015,n,Scophthalmus_maximus,778695,778684,y,Scophthalmus_maximus,ott778695,ott778684,Aquatic,n,n,Eukaryota,Opisthokonta ,Animals,Vert,Fishes,Fishes,Fishes,Fishes,Fishes,Actinopterygii,Pleuronectiformes,Pleuronectiformes,Scophthalmidae,Scophthalmidae,NA,NA,NA,NA,NA,NA,NA,NA,0.86,841.08,841.08,44,22,149,939,n,2622.09,0.3958,22,NA,NA,NA,3.11752746468826,n,NA,NA,NA,NA,NA,NA,NA,NA,NA,NA,NA,NA,NA,NA
410,Hermida,2014,n,Scophthalmus_rhombus,807488,778684,y,Scophthalmus_rhombus,ott807488,ott778684,Aquatic,n,n,Eukaryota,Opisthokonta ,Animals,Vert,Fishes,Fishes,Fishes,Fishes,Fishes,Actinopterygii,Pleuronectiformes,Pleuronectiformes,Scophthalmidae,Scophthalmidae,NA,NA,NA,NA,gonochorous,ZW,FH,NA,NA,NA,NA,44,22,142,70,n,739.4,NA,24,NA,NA,NA,#VALUE!,n,NA,NA,NA,NA,NA,NA,NA,NA,NA,NA,NA,NA,NA,NA
411,Ma,2016,n,Scylla_paramamosain,1084541,182918,y,Scylla_paramamosain,ott1084541,ott182918,Aquatic,n,n,Eukaryota,Opisthokonta ,Animals,Invert,Crustaceans,Crustaceans,Crustaceans,Crustaceans,Crustaceans,Malacostraca,Decapoda,Decapoda,Portunidae,Portunidae,NA,NA,NA,NA,gonochorous,NA,NA,NA,1.64,1603.92,1603.92,88,44,NA,212,n,2746.4,18.68,65,5539.62,NA,NA,1.71230485310988,n,NA,NA,NA,NA,NA,NA,NA,NA,NA,NA,NA,NA,NA,NA
412,Chu,2014,n,Sebastes_schlegelii,206127,696010,y,Sebastes_schlegelii,ott206127,ott696010,Aquatic,n,n,Eukaryota,Opisthokonta ,Animals,Vert,Fishes,Fishes,Fishes,Fishes,Fishes,Actinopterygii,Scorpaeniformes,Scorpaeniformes,Sebastidae,OtherFishes,H,1334.1,1359.6,0.981244483671668,seq.hermaphrodite,NA,NA,NA,NA,NA,NA,48,24,NA,435,y,1346.85,13.3,23,NA,NA,NA,#VALUE!,n,NA,NA,NA,NA,NA,NA,NA,NA,NA,NA,NA,NA,NA,NA
413,Milczarski,2015,n,Secale_cereale,553015,1079443,y,Secale_cereale,ott553015,ott1079443,Terrestrial,n,n,Eukaryota,Archaeplastida,Plants,Monocots,Angiosperms,Commelinid,Commelinid,Commelinid,Monocots,Monocots,Poales,Poales,Poaceae,Poaceae,NA,NA,NA,NA,NA,NA,NA,NA,NA,8097.84,8097.84,14,7,NA,3397,n,1593,0.47,7,NA,NA,NA,0.196719125100027,NA,NA,NA,7,13.5,Domesticated,graminoid,broadleaved,NA,C3,non-woody,simple,NA,NA,NA
414,Aoki,2015,n,Seriola_quinqueradiata,186469,186473,y,Seriola_quinqueradiata,ott186469,ott186473,Aquatic,n,n,Eukaryota,Opisthokonta ,Animals,Vert,Fishes,Fishes,Fishes,Fishes,Fishes,Actinopterygii,Perciformes,Perciformes,Carangidae,OtherPerciform,H,1029.24,1227.95,0.838177450221915,NA,NA,NA,NA,0.83,811.74,811.74,48,24,NA,1039,y,1128.595,NA,24,NA,NA,NA,1.39034050311676,n,NA,NA,NA,NA,NA,NA,NA,NA,NA,NA,NA,NA,NA,NA
415,Zhang,2016,n,Sesamum_indicum,504628,497147,y,Sesamum_indicum,ott504628,ott497147,Terrestrial,n,n,Eukaryota,Archaeplastida,Plants,Eudicots,Angiosperms,Superasterids,Superasterids,Lamiids,Eudicots,Eudicots,Lamiales,Lamiales,Pedaliaceae,OtherEudicots,NA,NA,NA,NA,hermaphrodite,NA,NA,275.059,NA,948.66,948.66,32,16,120,3041,n,2981.28,0.1,13,NA,NA,NA,3.14262222503321,NA,SC,NA,NA,NA,NA,herb,broadleaved,NA,NA,non-woody,simple,NA,NA,NA
416,Fang,2016,n,Setaria_italica,553005,553003,y,Setaria_italica,ott553005,ott553003,Terrestrial,n,n,Eukaryota,Archaeplastida,Plants,Monocots,Angiosperms,Commelinid,Commelinid,Commelinid,Monocots,Monocots,Poales,Poales,Poaceae,Poaceae,NA,NA,NA,NA,NA,NA,NA,405.868,NA,518.34,518.34,18,9,167,1035,n,1318.8,1.27,9,NA,NA,NA,2.54427595786549,NA,NA,NA,9,17.28,Domesticated,graminoid,broadleaved,NA,C4,non-woody,simple,NA,NA,NA
417,Corbet-Detig,2015,y,Setaria_italica,553005,553003,y,Setaria_italica,ott553005,ott553003,Terrestrial,n,n,Eukaryota,Archaeplastida,Plants,Monocots,Angiosperms,Commelinid,Commelinid,Commelinid,Monocots,Monocots,Poales,Poales,Poaceae,Poaceae,NA,NA,NA,NA,NA,NA,NA,405.868,NA,518.34,518.34,18,9,NA,983,n,1415.923,1.44040996948118,NA,NA,3.57138673723277,NA,2.73164911062237,NA,NA,NA,9,17.28,Domesticated,graminoid,broadleaved,NA,C4,non-woody,simple,NA,NA,NA
418,Bergero,2013,n,Silene_latifolia,609504,154053,y,Silene_latifolia,ott609504,ott154053,Terrestrial,n,n,Eukaryota,Archaeplastida,Plants,Eudicots,Angiosperms,Superasterids,Superasterids,Superasterids,Eudicots,Eudicots,Caryophyllales,Caryophyllales,Caryophyllaceae,Caryophyllaceae,NA,NA,NA,NA,dioecy,NA,NA,665.279,NA,2640.6,2640.6,24,12,87,755,n,671.1,NA,12,NA,NA,NA,0.254146784821631,NA,NA,NA,NA,NA,NA,herb,broadleaved,NA,C3,non-woody,simple,600,10,insects
419,Javidfar,2013,n,Sinapis_alba,359058,359076,y,Sinapis_alba,ott359058,ott359076,Terrestrial,n,n,Eukaryota,Archaeplastida,Plants,Eudicots,Angiosperms,Superrosids,Superrosids,Malvids,Eudicots,Eudicots,Brassicales,Brassicales,Brassicaceae,Brassicaceae,NA,NA,NA,NA,hermaphrodite,NA,NA,NA,NA,489,489,24,12,NA,264,n,890.4,3.3,12,NA,NA,NA,1.82085889570552,NA,NA,NA,NA,NA,NA,herb,broadleaved,NA,C3,non-woody,simple,NA,NA,NA
420,Liu,2011,n,Siraitia_grosvenorii,532954,197749,y,Siraitia_grosvenorii,ott532954,ott197749,Terrestrial,n,n,Eukaryota,Archaeplastida,Plants,Eudicots,Angiosperms,Superrosids,Superrosids,Fabids,Eudicots,Eudicots,Cucurbitales,Cucurbitales,Cucurbitaceae,Cucurbitaceae,NA,NA,NA,NA,NA,NA,NA,NA,NA,NA,NA,28,14,NA,199,n,1463.3,7.35,25,NA,NA,NA,#VALUE!,NA,NA,NA,NA,NA,NA,NA,NA,NA,NA,NA,NA,NA,NA,NA
421,Iorizzo,2014,n,Solanum_bulbocastanum,475230,1020645,y,Solanum_bulbocastanum,ott475230,ott1020645,Terrestrial,n,n,Eukaryota,Archaeplastida,Plants,Eudicots,Angiosperms,Superasterids,Superasterids,Lamiids,Eudicots,Eudicots,Solanales,Solanales,Solanaceae,Solanaceae,NA,NA,NA,NA,hermaphrodite,NA,NA,NA,NA,NA,NA,24,12,NA,401,n,645,NA,12,NA,NA,NA,#VALUE!,NA,both,P,NA,NA,NA,NA,NA,NA,C3,NA,NA,1000,11,insects
422,Geethanjali,2011,n,Solanum_habrochaites,885264,79618,y,Solanum_habrochaites,ott885264,ott79618,Terrestrial,n,n,Eukaryota,Archaeplastida,Plants,Eudicots,Angiosperms,Superasterids,Superasterids,Lamiids,Eudicots,Eudicots,Solanales,Solanales,Solanaceae,Solanaceae,NA,NA,NA,NA,hermaphrodite,NA,NA,724.285,NA,724.285,724.285,24,12,NA,16,n,118.7,NA,12,NA,NA,NA,0.16388576320095,NA,both,P,NA,NA,NA,NA,NA,NA,NA,NA,NA,1000,11,insects
423,Viquez-Zamora,2014,n,Solanum_lycopersicum,378964,79618,y,Solanum_lycopersicum,ott378964,ott79618,Terrestrial,n,n,Eukaryota,Archaeplastida,Plants,Eudicots,Angiosperms,Superasterids,Superasterids,Lamiids,Eudicots,Eudicots,Solanales,Solanales,Solanaceae,Solanaceae,NA,NA,NA,NA,hermaphrodite,NA,NA,823.786,NA,823.786,823.786,24,12,100,715,n,1297.3,1.85,12,NA,NA,NA,1.57480219377363,NA,SC,PA,NA,NA,NA,herb,broadleaved,evergreen,C3,non-woody,simple,1000,11,insects
424,Fukuoka,2012,n,Solanum_melongena,494843,1020645,y,Solanum_melongena,ott494843,ott1020645,Terrestrial,n,n,Eukaryota,Archaeplastida,Plants,Eudicots,Angiosperms,Superasterids,Superasterids,Lamiids,Eudicots,Eudicots,Solanales,Solanales,Solanaceae,Solanaceae,NA,NA,NA,NA,andromonoecy,NA,NA,833.081,NA,958.44,958.44,24,12,NA,952,n,1285.5,NA,12,NA,NA,NA,1.3412420182797,NA,SC,PA,12,17.3,Domesticated,herb/shrub,broadleaved,evergreen,C3,non-woody/woody,simple,1000,11,insects
425,vandenOever-vandenElsen,2016,n,Solanum_pennellii,1069768,79618,y,Solanum_pennellii,ott1069768,ott79618,Terrestrial,n,n,Eukaryota,Archaeplastida,Plants,Eudicots,Angiosperms,Superasterids,Superasterids,Lamiids,Eudicots,Eudicots,Solanales,Solanales,Solanaceae,Solanaceae,NA,NA,NA,NA,hermaphrodite,NA,NA,926.426,NA,926.426,926.426,24,12,131,208,n,789.7,NA,11,NA,NA,NA,0.852415627367971,NA,both,P,NA,NA,NA,NA,NA,NA,NA,NA,NA,1000,11,insects
426,Chen,2014,n,Solanum_pimpinellifolium,797186,79618,y,Solanum_pimpinellifolium,ott797186,ott79618,Terrestrial,n,n,Eukaryota,Archaeplastida,Plants,Eudicots,Angiosperms,Superasterids,Superasterids,Lamiids,Eudicots,Eudicots,Solanales,Solanales,Solanaceae,Solanaceae,NA,NA,NA,NA,hermaphrodite,NA,NA,688.247,NA,688.247,688.247,24,12,NA,365,n,1567.5,3.65,12,NA,NA,NA,2.27752536516687,NA,SC,PA,NA,NA,NA,NA,NA,NA,NA,NA,NA,1000,11,insects
427,Endelman,2016,n,Solanum_tuberosum,494835,1020645,y,Solanum_tuberosum,ott494835,ott1020645,Terrestrial,n,n,Eukaryota,Archaeplastida,Plants,Eudicots,Angiosperms,Superasterids,Superasterids,Lamiids,Eudicots,Eudicots,Solanales,Solanales,Solanaceae,Solanaceae,NA,NA,NA,NA,hermaphrodite,NA,NA,705.934,NA,860.64,860.64,24,12,109,2264,n,883,NA,12,NA,NA,NA,1.02598066555122,NA,both,P,NA,NA,NA,herb,broadleaved,NA,C3,non-woody,simple,1000,11,insects
428,Molina-Luzon,2015,n,Solea_senegalensis,366998,367001,y,Solea_senegalensis,ott366998,ott367001,Aquatic,n,n,Eukaryota,Opisthokonta ,Animals,Vert,Fishes,Fishes,Fishes,Fishes,Fishes,Actinopterygii,Pleuronectiformes,Pleuronectiformes,Soleidae,Soleidae,NA,NA,NA,NA,NA,NA,NA,NA,NA,NA,NA,42,21,NA,129,n,1004,NA,27,NA,NA,NA,#VALUE!,n,NA,NA,NA,NA,NA,NA,NA,NA,NA,NA,NA,NA,NA,NA
429,Diopere,2014,n,Solea_solea,710233,367001,y,Solea_solea,ott710233,ott367001,Aquatic,n,n,Eukaryota,Opisthokonta ,Animals,Vert,Fishes,Fishes,Fishes,Fishes,Fishes,Actinopterygii,Pleuronectiformes,Pleuronectiformes,Soleidae,Soleidae,NA,NA,NA,NA,NA,NA,NA,NA,0.73,713.94,713.94,34,17,NA,423,n,1233.8,NA,33,1849.4,NA,NA,1.72815642771101,n,NA,NA,NA,NA,NA,NA,NA,NA,NA,NA,NA,NA,NA,NA
430,Corbet-Detig,2015,y,Sorghum_bicolor,552986,553001,y,Sorghum_bicolor,ott552986,ott553001,Terrestrial,n,n,Eukaryota,Archaeplastida,Plants,Monocots,Angiosperms,Commelinid,Commelinid,Commelinid,Monocots,Monocots,Poales,Poales,Poaceae,Poaceae,NA,NA,NA,NA,hermaphrodite,NA,NA,739.15,NA,1188.27,1188.27,20,10,NA,446,n,1227,2.75112107623318,NA,NA,1.94479697742095,NA,1.03259360246409,NA,both,NA,10,20.91,Domesticated,graminoid,broadleaved,NA,C4,non-woody,simple,NA,NA,NA
431,Ji,2017,n,Sorghum_bicolor,552986,553001,y,Sorghum_bicolor,ott552986,ott553001,Terrestrial,n,n,Eukaryota,Archaeplastida,Plants,Monocots,Angiosperms,Commelinid,Commelinid,Commelinid,Monocots,Monocots,Poales,Poales,Poaceae,Poaceae,NA,NA,NA,NA,hermaphrodite,NA,NA,739.15,NA,1188.27,1188.27,20,10,130,2246,n,2158,0.98,10,NA,NA,NA,1.81608556977791,NA,both,NA,10,20.91,Domesticated,graminoid,broadleaved,NA,C4,non-woody,simple,NA,NA,NA
432,Crawford,2016,n,Spartina_pectinata,3953843,997889,y,Spartina_longispica,ott3953843,ott997889,Terrestrial,n,n,Eukaryota,Archaeplastida,Plants,Monocots,Angiosperms,Commelinid,Commelinid,Commelinid,Monocots,Monocots,Poales,Poales,Poaceae,Poaceae,NA,NA,NA,NA,NA,NA,NA,NA,NA,NA,NA,40,20,63,1773,n,1838,NA,20,NA,NA,NA,#VALUE!,NA,NA,NA,NA,NA,NA,graminoid,broadleaved,NA,C4,non-woody,simple,NA,NA,NA
433,Palaiokostas,2016,n,Sparus_aurata,760723,760719,y,Sparus_aurata,ott760723,ott760719,Aquatic,n,y,Eukaryota,Opisthokonta ,Animals,Vert,Fishes,Fishes,Fishes,Fishes,Fishes,Actinopterygii,Perciformes,Perciformes,Sparidae,Sparidae,H,3822,4010,0.953117206982544,hermaphrodite,NA,NA,NA,0.95,929.1,929.1,48,24,825,12085,n,3899,NA,24,NA,NA,NA,4.19653428048649,n,NA,NA,NA,NA,NA,NA,NA,NA,NA,NA,NA,NA,NA,NA
434,Chan-Navarrete,2016,n,Spinacia_oleracea,317784,317799,y,Spinacia_oleracea,ott317784,ott317799,Terrestrial,n,n,Eukaryota,Archaeplastida,Plants,Eudicots,Angiosperms,Superasterids,Superasterids,Superasterids,Eudicots,Eudicots,Caryophyllales,Caryophyllales,Amaranthaceae,Amaranthaceae,NA,NA,NA,NA,polygamodioecy,NA,NA,493.772,1.0299591002045,1007.3,1007.3,12,6,335,283,n,433.6,NA,6,NA,0.593,0.593,0.430457659088653,NA,NA,NA,NA,NA,NA,herb,broadleaved,NA,C3,non-woody,simple,3,3,wind
435,Nemetschke,2010,n,Strongyloides_ratti,1040287,920947,y,Strongyloides_ratti,ott1040287,ott920947,Animals,y,n,Eukaryota,Opisthokonta ,Animals,Invert,Nematode,UnSeg.Worms,UnSeg.Worms,UnSeg.Worms,UnSeg.Worms,Secernentea,Rhabditida,Rhabditida,Strongyloididae,OtherHelminth,NA,NA,NA,NA,parthenogenic,XO,NA,43.1502,NA,43.1502,43.1502,6,3,50,74,n,90.2,1.27,3,NA,NA,NA,2.09037269815667,n,NA,NA,NA,NA,NA,NA,NA,NA,NA,NA,NA,NA,NA,NA
436,Huang,2008,n,Struthio_camelus,647692,292466,y,Struthio_camelus,ott647692,ott292466,Terrestrial,n,n,Eukaryota,Opisthokonta ,Animals,Vert,Birds,Aves,Aves,Aves,Aves,Aves,Struthionifromes,OtherAves,Struthionidae,OtherAves,NA,NA,NA,NA,gonochorous,ZW,FH,1225.04,2.16,2112.48,2112.48,80,40,NA,35,n,365.4,NA,13,NA,NA,NA,0.172972051806408,n,NA,NA,NA,NA,NA,NA,NA,NA,NA,NA,NA,NA,NA,NA
437,Adjei,2008,n,Suncus_murinus,226396,222368,y,Suncus_murinus,ott226396,ott222368,Terrestrial,n,y,Eukaryota,Opisthokonta ,Animals,Vert,Mammals,Mammals,Mammals,Mammals,Mammals,Mammalia,Eulipotyphyla,OtherMammal,Soricidae,OtherMammal,NA,NA,NA,NA,gonochorous,XY,MH,NA,NA,NA,NA,40,20,NA,42,n,403.5,NA,12,NA,NA,NA,#VALUE!,n,NA,NA,NA,NA,NA,NA,NA,NA,NA,NA,NA,NA,NA,NA
438,Corbet-Detig,2015,y,Sus_scrofa,730013,730021,y,Sus_scrofa,ott730013,ott730021,Terrestrial,n,y,Eukaryota,Opisthokonta ,Animals,Vert,Mammals,Mammals,Mammals,Mammals,Mammals,Mammalia,Artiodactyla,Artiodactyla,Suidae,OtherArtiodact,NA,NA,NA,NA,gonochorous,XY,MH,2748.18,NA,2922.264,2922.264,40,20,NA,2365,n,1603.8745458277,0.678171055318266,NA,NA,0.668784478803514,NA,0.548846560689828,n,NA,NA,NA,NA,NA,NA,NA,NA,NA,NA,NA,NA,NA,NA
439,Tortereau,2012,n,Sus_scrofa,730013,730021,y,Sus_scrofa,ott730013,ott730021,Terrestrial,n,y,Eukaryota,Opisthokonta ,Animals,Vert,Mammals,Mammals,Mammals,Mammals,Mammals,Mammalia,Artiodactyla,Artiodactyla,Suidae,OtherArtiodact,H,2244,1782,1.25925925925926,gonochorous,XY,MH,2808.53,NA,2922.264,2922.264,40,20,573,38599,n,2012,0.78,20,NA,NA,NA,0.688507266968351,n,NA,NA,NA,NA,NA,NA,NA,NA,NA,NA,NA,NA,NA,NA
440,Backstrom,2010,n,Taeniopygia_guttata,708327,708325,y,Taeniopygia_guttata,ott708327,ott708325,Terrestrial,n,y,Eukaryota,Opisthokonta ,Animals,Vert,Birds,Aves,Aves,Aves,Aves,Aves,Passeriformes,Passeriformes,Estrildidae,OtherAves,H,1330,1304,1.01993865030675,gonochorous,ZW,FH,1232.14,1.25,1222.5,1222.5,70,35,1000,1398,n,1479,NA,29,NA,1.5,NA,1.20981595092025,n,NA,NA,NA,NA,NA,NA,NA,NA,NA,NA,NA,NA,NA,NA
441,Kai,2005,n,Takifugu_rubripes,65341,557119,y,Takifugu_rubripes,ott65341,ott557119,Aquatic,n,n,Eukaryota,Opisthokonta ,Animals,Vert,Fishes,Fishes,Fishes,Fishes,Fishes,Actinopterygii,Tetraodontiformes,OtherFishes,Tetraodontidae,OtherFishes,H,2189.8,1202.8,1.82058530096442,gonochorous,H,MH,392,0.4,391.2,391.2,44,22,62,1000,y,1696.3,NA,22,NA,NA,NA,4.33614519427403,n,NA,NA,NA,NA,NA,NA,NA,NA,NA,NA,NA,NA,NA,NA
442,Arias,2016,n,Taraxacum_koksaghyz,843397,524978,y,Taraxacum_kok_saghyz ,ott843397,ott524978,Terrestrial,n,n,Eukaryota,Archaeplastida,Plants,Eudicots,Angiosperms,Superasterids,Superasterids,Campanulids,Eudicots,Eudicots,Asterales,Asterales,Asteraceae,Asteraceae,NA,NA,NA,NA,NA,NA,NA,NA,NA,1.45,1420,16,8,94,518,n,894.1,NA,8,NA,NA,NA,0.629647887323944,NA,NA,NA,NA,NA,NA,NA,NA,NA,NA,NA,NA,NA,NA,NA
443,Wang,2016,n,Taxodium_mucronatum,309291,652337,y,Taxodium_mucronatum,ott309291,ott652337,Terrestrial,n,n,Eukaryota,Archaeplastida,Plants,Conifers,Pinophyta,Conifers,Conifers,Conifers,Conifers,Pinopsida,Pinales,Pinales,Cupressaceae,OtherConifer,NA,NA,NA,NA,NA,NA,NA,NA,9.05,8850.9,8850.9,22,11,148,179,n,976.5,7,34,NA,NA,NA,0.110327763278311,NA,NA,NA,NA,NA,NA,NA,NA,NA,NA,NA,NA,NA,NA,NA
444,Katzer,2011,n,Theileria_parva,302422,422823,y,Theileria_parva,ott302422,ott422823,Animals,y,n,Eukaryota,Chromalveolata,SAR,SAR,Micro/Protist,SAR,SAR,SAR,SAR,Aconoidasida,Piroplasmida,OtherSAR,Theileriidae,OtherSAR,NA,NA,NA,NA,NA,NA,NA,8.34761,NA,8.34761,8.34761,4,2,35,39,n,1683.8,NA,4,NA,220,NA,201.710429691852,NA,NA,NA,NA,NA,NA,NA,NA,NA,NA,NA,NA,NA,NA,NA
445,Royaert,2016,n,Theobroma_cacao,388185,388189,y,Theobroma_cacao,ott388185,ott388189,Terrestrial,n,n,Eukaryota,Archaeplastida,Plants,Eudicots,Angiosperms,Superrosids,Superrosids,Fabids,Eudicots,Eudicots,Malvales,Malvales,Sterculiaceae,OtherEudicots,NA,NA,NA,NA,hermaphrodite,NA,NA,324.88,0.429959100204499,420.5,420.5,20,10,NA,3526,n,852.8,0.24,10,NA,2.623,2.623,2.02806183115339,NA,SI,NA,NA,NA,NA,tree,broadleaved,evergreen,C3,woody,simple,NA,NA,NA
446,Uchino,2016,n,Thunnus_orientalis,833202,833200,y,Thunnus_orientalis,ott833202,ott833200,Aquatic,n,n,Eukaryota,Opisthokonta ,Animals,Vert,Fishes,Fishes,Fishes,Fishes,Fishes,Actinopterygii,Perciformes,Perciformes,Scombridae,OtherFishes,H,1332.3,992.9,1.34182697149763,gonochorous,NA,NA,740,NA,800,800,48,24,193,370,y,1162.6,3.7,24,NA,NA,NA,1.45325,n,NA,NA,NA,NA,NA,NA,NA,NA,NA,NA,NA,NA,NA,NA
447,Foley,2011,n,Tigriopus_californicus,461524,461527,y,Tigriopus_californicus,ott461524,ott461527,Aquatic,n,n,Eukaryota,Opisthokonta ,Animals,Invert,Crustaceans,Crustaceans,Crustaceans,Crustaceans,Crustaceans,Maxillopoda,Harpticoida,OtherCrust,Harpacticidae,OtherCrust,A,NA,NA,NA,gonochorous,H,NA,NA,0.25,244.5,244.5,24,12,250,190,n,401,1.8,12,NA,NA,NA,1.640081799591,n,NA,NA,NA,NA,NA,NA,NA,NA,NA,NA,NA,NA,NA,NA
448,Zeng,2014,n,Torreya_grandis,61762,238593,y,Torreya_grandis,ott61762,ott238593,Terrestrial,n,n,Eukaryota,Archaeplastida,Plants,Conifers,Pinophyta,Conifers,Conifers,Conifers,Conifers,Pinopsida,Pinales,Pinales,Cephalotaxaceae,OtherConifer,NA,NA,NA,NA,NA,NA,NA,NA,NA,NA,NA,22,11,96,262,n,7139.9,NA,10,NA,NA,NA,#VALUE!,NA,NA,NA,NA,NA,NA,tree,needleleaved,evergreen,C3,woody,simple,NA,NA,NA
449,Khan,2005,n,Toxoplasma_gondii,252145,252143,y,Toxoplasma_gondii,ott252145,ott252143,Animals,y,n,Eukaryota,Chromalveolata,SAR,SAR,Conoidasida,SAR,SAR,SAR,SAR,Conoidasida,Eucoccidiorida,OtherSAR,Sarcocystidae,OtherSAR,NA,NA,NA,NA,NA,NA,NA,65.6681,NA,65.6681,65.6681,28,14,71,NA,n,592,NA,14,NA,NA,NA,9.01503165159339,NA,NA,NA,NA,NA,NA,NA,NA,NA,NA,NA,NA,NA,NA,NA
450,Lorenzen,2005,n,Tribolium_castaneum,148904,1093463,y,Tribolium_castaneum,ott148904,ott1093463,Terrestrial,n,n,Eukaryota,Opisthokonta ,Animals,Invert,Insects,Insects,Insects,Insects,Insects,Insecta,Coleoptera,Coleoptera,Tenebrionidae,Tenebrionidae,NA,NA,NA,NA,gonochorous,NA,NA,165.944,0.2075,202.935,202.935,20,10,NA,424,n,571,1.3,10,NA,NA,NA,2.81370882302215,n,NA,NA,NA,NA,NA,NA,NA,NA,NA,NA,NA,NA,NA,NA
451,Yezerski,2003,n,Tribolium_confusum,677520,546761,y,Tribolium_echinatum,ott677520,ott546761,Terrestrial,n,y,Eukaryota,Opisthokonta ,Animals,Invert,Insects,Insects,Insects,Insects,Insects,Insecta,Coleoptera,Coleoptera,Tenebrionidae,Tenebrionidae,NA,NA,NA,NA,gonochorous,XY,MH,NA,NA,NA,245,16,8,182,137,n,968,7,8,NA,4,NA,3.95102040816327,n,NA,NA,NA,NA,NA,NA,NA,NA,NA,NA,NA,NA,NA,NA
452,Laurent,1998,n,Trichogramma_brassicae,137951,1048704,y,Trichogramma_brassicae,ott137951,ott1048704,Animals,y,n,Eukaryota,Opisthokonta ,Animals,Invert,Insects,Insects,Insects,Insects,Insects,Insecta,Hymenoptera,Hymenoptera,Trichogrammatidae,OtherHymen,NA,NA,NA,NA,male.haploid,NA,NA,NA,NA,NA,246,10,5,93,84,n,1330,17.7,7,NA,5.4,NA,5.40650406504065,n,NA,NA,NA,NA,NA,NA,NA,NA,NA,NA,NA,NA,NA,NA
453,Hirakawa,2016,n,Trifolium_pratense,839027,935477,y,Trifolium_pratense,ott839027,ott935477,Terrestrial,n,n,Eukaryota,Archaeplastida,Plants,Eudicots,Angiosperms,Superrosids,Superrosids,Fabids,Eudicots,Eudicots,Fabales,Fabales,Fabaceae,Fabaceae,NA,NA,NA,NA,hermaphrodite,NA,NA,540,0.65,528.12,528.12,14,7,155,2153,n,2084,NA,8,NA,0.702,0.702,3.94607286222828,NA,SI,NA,NA,NA,NA,herb,broadleaved,NA,C3,non-woody,compound,NA,NA,NA
454,Griffiths,2013,n,Trifolium_repens,116218,935477,y,Trifolium_repens,ott116218,ott935477,Terrestrial,n,n,Eukaryota,Archaeplastida,Plants,Eudicots,Angiosperms,Superrosids,Superrosids,Fabids,Eudicots,Eudicots,Fabales,Fabales,Fabaceae,Fabaceae,NA,NA,NA,NA,hermaphrodite,NA,NA,NA,NA,1095.36,1095.36,32,16,NA,1109,n,1274,1.2,16,NA,NA,NA,1.16308793456033,NA,SI,NA,NA,NA,NA,herb,broadleaved,NA,C3,non-woody,compound,NA,NA,NA
455,Ghamkhar,2012,n,Trifolium_subterraneum,539553,935477,y,Trifolium_subterraneum,ott539553,ott935477,Terrestrial,n,n,Eukaryota,Archaeplastida,Plants,Eudicots,Angiosperms,Superrosids,Superrosids,Fabids,Eudicots,Eudicots,Fabales,Fabales,Fabaceae,Fabaceae,NA,NA,NA,NA,NA,NA,NA,471.834,NA,547.68,547.68,16,8,NA,144,n,1701.7,14,8,NA,NA,NA,3.1071063394683,NA,NA,NA,NA,NA,NA,herb,broadleaved,NA,C3,non-woody,compound,NA,NA,NA
456,Alheit,2011,n,Triticosecale_,5148344,4731601,y,Triticosecale_,ott5148344,ott4731601,Terrestrial,n,n,Eukaryota,Archaeplastida,Plants,Monocots,Angiosperms,Commelinid,Commelinid,Commelinid,Monocots,Monocots,Poales,Poales,Poaceae,Poaceae,NA,NA,NA,NA,hermaphrodite,NA,NA,NA,NA,NA,NA,NA,7,NA,1929,n,2309.9,1.2,8,NA,NA,NA,#VALUE!,NA,SC,NA,NA,NA,NA,NA,NA,NA,NA,NA,NA,NA,NA,NA
457,Zhai,2016,n,Triticum_aestivum,31926,31937,y,Triticum_aestivum,ott31926,ott31937,Terrestrial,n,n,Eukaryota,Archaeplastida,Plants,Monocots,Angiosperms,Commelinid,Commelinid,Commelinid,Monocots,Monocots,Poales,Poales,Poaceae,Poaceae,NA,NA,NA,NA,hermaphrodite,NA,NA,13427.4,NA,16948.74,16948.74,42,21,191,10990,n,2875.3,1.4,21,NA,NA,NA,0.169646829203823,NA,SC,NA,21,49.8,Domesticated,graminoid,broadleaved,NA,C3,non-woody,simple,NA,NA,NA
458,Russo,2014,n,Triticum_dicoccum,810903,31937,y,Triticum_dicoccoides,ott810903,ott31937,Terrestrial,n,n,Eukaryota,Archaeplastida,Plants,Monocots,Angiosperms,Commelinid,Commelinid,Commelinid,Monocots,Monocots,Poales,Poales,Poaceae,Poaceae,NA,NA,NA,NA,NA,NA,NA,NA,12.03,11765.34,11765.34,28,14,136,9040,n,2879.3,NA,45,NA,NA,NA,0.244727309198034,NA,NA,NA,NA,NA,NA,NA,NA,NA,NA,NA,NA,NA,NA,NA
459,MacLeod,2005,n,Trypanosoma_brucei,494245,770746,y,Trypanosoma_brucei,ott494245,ott770746,Animals,y,n,Eukaryota,Chromalveolata,SAR,SAR,Micro/Protist,SAR,SAR,SAR,SAR,Kinetoplastea,Tyranosomatida,OtherSAR,Trypanosomatida,OtherSAR,NA,NA,NA,NA,NA,NA,NA,22.1481,NA,22.1481,22.1481,22,11,NA,182,n,1157.5,NA,11,NA,NA,NA,52.2618192982694,NA,NA,NA,NA,NA,NA,NA,NA,NA,NA,NA,NA,NA,NA,NA
460,Chang,2008,n,Typhula_ishikariensis,99027,723281,y,Typhula_ishikariensis,ott99027,ott723281,Plants,y,n,Eukaryota,Opisthokonta ,Fungi,Fungi,Basidiomycota,Fungi,Fungi,Fungi,Fungi,Agaricomycetes,Agaricales,Agaricales,Typhulaceae,OtherBasido.,NA,NA,NA,NA,NA,H,NA,NA,NA,NA,NA,NA,7,93,502,n,436,2.2,7,NA,NA,NA,#VALUE!,NA,NA,NA,NA,NA,NA,NA,NA,NA,NA,NA,NA,NA,NA,NA
461,Shan,2015,n,Undaria_pinnatifida,616561,495530,y,Undaria_pinnatifida,ott616561,ott495530,Aquatic,n,n,Eukaryota,Chromalveolata,SAR,SAR,Ochrophyta,SAR,SAR,SAR,SAR,Phaeophyceae,Laminariales,Laminariales,Alariaceae,OtherSAR,NA,NA,NA,NA,NA,UV,NA,NA,NA,NA,560,60,30,101,4626,n,1816.28,0.39,30,NA,NA,NA,3.24335714285714,y,NA,NA,NA,NA,Cultivated,NA,NA,NA,NA,non-woody,NA,NA,NA,NA
462,Vigna,2016,n,Urochloa_humidicola,322300,596637,y,Urochloa_humidicola,ott322300,ott596637,Terrestrial,n,n,Eukaryota,Archaeplastida,Plants,Monocots,Angiosperms,Commelinid,Commelinid,Commelinid,Monocots,Monocots,Poales,Poales,Poaceae,Poaceae,NA,NA,NA,NA,NA,NA,NA,NA,NA,NA,NA,NA,36,NA,102,n,1702.82,10.6,49,NA,NA,NA,#VALUE!,NA,NA,NA,NA,NA,NA,NA,NA,NA,NA,NA,NA,NA,NA,NA
463,McCallum,2016,n,Vaccinium_corymbosum,567253,820031,y,Vaccinium_corymbosum,ott567253,ott820031,Terrestrial,n,n,Eukaryota,Archaeplastida,Plants,Eudicots,Angiosperms,Superasterids,Superasterids,Asterids,Eudicots,Eudicots,Ericales,Ericales,Ericaceae,Ericaceae,NA,NA,NA,NA,NA,NA,NA,NA,NA,655.26,655.26,24,12,NA,785,n,1621,NA,12,NA,NA,NA,2.47382718310289,NA,both,NA,NA,NA,NA,shrub,broadleaved,deciduous,C3,woody,simple,NA,NA,NA
464,Covarrubias-Pazaran,2016,n,Vaccinium_macrocarpon,295602,820031,y,Vaccinium_macrocarpon,ott295602,ott820031,Terrestrial,n,n,Eukaryota,Archaeplastida,Plants,Eudicots,Angiosperms,Superasterids,Superasterids,Asterids,Eudicots,Eudicots,Ericales,Ericales,Ericaceae,Ericaceae,NA,NA,NA,NA,hermaphrodite,NA,NA,414.622,NA,414.622,414.622,24,12,NA,4849,n,1112,NA,12,NA,NA,NA,2.68196091861985,NA,NA,NA,NA,NA,NA,shrub,broadleaved,evergreen,C3,woody,simple,NA,NA,NA
465,Lepers-Andrzejewski,2012,n,Vanilla_tahitensis,1064791,713005,y,Vanilla_tahitensis,ott1064791,ott713005,Terrestrial,n,n,Eukaryota,Archaeplastida,Plants,Monocots,Angiosperms,Lilioid,Lilioid.Alismatid,Lilioid,Monocots,Monocots,Asparagales,Asparagales,Orchidaceae,Orchidaceae,NA,NA,NA,NA,NA,NA,NA,NA,5.73,5603.94,5603.94,26,13,NA,225,n,1035.85,NA,18,NA,NA,NA,0.184843163916816,NA,NA,NA,NA,NA,NA,NA,NA,NA,NA,NA,NA,NA,NA,NA
466,Broggini,2011,n,Venturia_inaequalis,581449,581453,y,Venturia_inaequalis,ott581449,ott581453,Plants,y,n,Eukaryota,Opisthokonta ,Fungi,Fungi,Ascomycota,Fungi,Fungi,Fungi,Fungi,Dothideomycetes,Pleosporales,OtherFungi,Venturiaceae,OtherAsco.,NA,NA,NA,NA,NA,H,NA,55.1254,NA,55.1254,55.1254,14,7,NA,217,n,975,NA,13,NA,NA,NA,17.6869464892772,NA,NA,NA,NA,NA,NA,NA,NA,NA,NA,NA,NA,NA,NA,NA
467,Sirvio,2011,n,Vespula_vulgaris,52839,52847,y,Vespula_vulgaris,ott52839,ott52847,Terrestrial,n,y,Eukaryota,Opisthokonta ,Animals,Invert,Insects,Insects,Insects,Insects,Insects,Insecta,Hymenoptera,Hymenoptera,Vespidae,OtherHymen,NA,NA,NA,NA,male.haploid,NA,NA,NA,NA,219.8,219.8,50,25,96,210,n,2129,NA,38,NA,9.7,NA,9.68607825295723,y,NA,NA,NA,NA,NA,NA,NA,NA,NA,NA,NA,NA,NA,NA
468,Kaur,2014,n,Vicia_faba,539544,539539,y,Vicia_faba,ott539544,ott539539,Terrestrial,n,n,Eukaryota,Archaeplastida,Plants,Eudicots,Angiosperms,Superrosids,Superrosids,Fabids,Eudicots,Eudicots,Fabales,Fabales,Fabaceae,Fabaceae,NA,NA,NA,NA,NA,NA,NA,80.3627,13.3299591002045,17622.582,17622.582,12,6,NA,822,n,1216.8,2.3,6,NA,0.12,0.12,0.0690477706388315,NA,NA,NA,6,21.11,Domesticated,herb,broadleaved,NA,C3,non-woody,compound,NA,NA,NA
469,Liu,2016,n,Vigna_angularis,1065959,904024,y,Vigna_angularis,ott1065959,ott904024,Terrestrial,n,n,Eukaryota,Archaeplastida,Plants,Eudicots,Angiosperms,Superrosids,Superrosids,Fabids,Eudicots,Eudicots,Fabales,Fabales,Fabaceae,Fabaceae,NA,NA,NA,NA,NA,NA,NA,467.301,NA,537.9,537.9,22,11,NA,2032,n,1628.15,0.8,11,NA,NA,NA,3.02686372931772,NA,NA,NA,11,21.75,Domesticated,NA,broadleaved,NA,C3,NA,compound,NA,NA,NA
470,Gupta,2008,n,Vigna_mungo,1065954,904024,y,Vigna_mungo,ott1065954,ott904024,Terrestrial,n,n,Eukaryota,Archaeplastida,Plants,Eudicots,Angiosperms,Superrosids,Superrosids,Fabids,Eudicots,Eudicots,Fabales,Fabales,Fabaceae,Fabaceae,NA,NA,NA,NA,NA,NA,NA,NA,NA,537.9,537.9,22,11,104,428,n,865.1,2,11,NA,NA,NA,1.60829150399703,NA,NA,NA,11,21.6,Domesticated,NA,broadleaved,NA,C3,NA,compound,NA,NA,NA
471,Wang,2016,n,Vigna_radiata,806245,904024,y,Vigna_radiata,ott806245,ott904024,Terrestrial,n,n,Eukaryota,Archaeplastida,Plants,Eudicots,Angiosperms,Superrosids,Superrosids,Fabids,Eudicots,Eudicots,Fabales,Fabales,Fabaceae,Fabaceae,NA,NA,NA,NA,NA,NA,NA,463.638,1.3,894.87,894.87,22,11,NA,560,n,732.9,1.3,11,NA,0.584,0.584,0.819001642696705,NA,NA,NA,11,22.09,Domesticated,herb,broadleaved,NA,C3,non-woody,compound,NA,NA,NA
472,Ahmad,2016,n,Vigna_subterranea,853659,904024,y,Vigna_subterranea,ott853659,ott904024,Terrestrial,n,n,Eukaryota,Archaeplastida,Plants,Eudicots,Angiosperms,Superrosids,Superrosids,Fabids,Eudicots,Eudicots,Fabales,Fabales,Fabaceae,Fabaceae,NA,NA,NA,NA,NA,NA,NA,NA,NA,880.2,880.2,22,11,NA,238,n,608.3,NA,21,NA,NA,NA,0.691092933424222,NA,NA,NA,NA,NA,NA,herb,broadleaved,NA,C3,non-woody,compound,NA,NA,NA
473,Kongjaimun,2012,n,Vigna_unguiculata,1065941,904024,y,Vigna_unguiculata,ott1065941,ott904024,Terrestrial,n,n,Eukaryota,Archaeplastida,Plants,Eudicots,Angiosperms,Superrosids,Superrosids,Fabids,Eudicots,Eudicots,Fabales,Fabales,Fabaceae,Fabaceae,NA,NA,NA,NA,hermaphrodite,NA,NA,695.046,NA,586.8,586.8,22,11,NA,226,n,852.4,3.96,11,NA,NA,NA,1.45262440354465,NA,SC,NA,NA,NA,NA,herb,broadleaved,NA,C3,non-woody,compound,NA,NA,NA
474,Marubodee,2015,n,Vigna_vexillata,581960,904024,y,Vigna_vexillata,ott581960,ott904024,Terrestrial,n,n,Eukaryota,Archaeplastida,Plants,Eudicots,Angiosperms,Superrosids,Superrosids,Fabids,Eudicots,Eudicots,Fabales,Fabales,Fabaceae,Fabaceae,NA,NA,NA,NA,NA,NA,NA,NA,NA,567.24,567.24,22,11,300,559,n,973.9,1.8,11,NA,NA,NA,1.71690994993301,NA,NA,NA,NA,NA,NA,herb,broadleaved,NA,C3,non-woody,compound,NA,NA,NA
475,Liu,2013,n,Vitis_amurensis,805071,329893,y,Vitis_amurensis,ott805071,ott329893,Terrestrial,n,n,Eukaryota,Archaeplastida,Plants,Eudicots,Angiosperms,Superrosids,Superrosids,Rosids,Eudicots,Eudicots,Vitales,Vitales,Vitaceae,Vitaceae,NA,NA,NA,NA,polygamodioecy,NA,NA,NA,NA,489,489,38,19,94,228,n,1123,4.5,21,NA,NA,NA,2.29652351738241,NA,NA,NA,NA,NA,NA,NA,NA,NA,NA,NA,NA,65,28,insects
476,Zhang,2009,n,Vitis_cinerea,314458,329893,y,Vitis_cinerea,ott314458,ott329893,Terrestrial,n,n,Eukaryota,Archaeplastida,Plants,Eudicots,Angiosperms,Superrosids,Superrosids,Rosids,Eudicots,Eudicots,Vitales,Vitales,Vitaceae,Vitaceae,NA,NA,NA,NA,polygamodioecy,NA,NA,NA,NA,489,489,38,19,NA,235,n,1155.98,4.8,19,NA,NA,NA,2.3639672801636,NA,NA,NA,NA,NA,NA,shrub,broadleaved,NA,NA,woody,simple,65,28,insects
477,Guo,2015,n,Vitis_vinifera,756728,329893,y,Vitis_vinifera,ott756728,ott329893,Terrestrial,n,n,Eukaryota,Archaeplastida,Plants,Eudicots,Angiosperms,Superrosids,Superrosids,Rosids,Eudicots,Eudicots,Vitales,Vitales,Vitaceae,Vitaceae,NA,NA,NA,NA,polygamodioecy,NA,NA,486.197,0.485685071574642,446.946,446.946,38,19,NA,7199,n,1929.13,0.28,19,NA,0.822,0.822,4.31624849534396,NA,NA,NA,19,NA,Domesticated,shrub,broadleaved,NA,C3,woody,simple,65,28,insects
478,Wells,2011,n,Xenopus_tropicalis,940184,940175,y,Xenopus_tropicalis,ott940184,ott940175,Terrestrial,n,n,Eukaryota,Opisthokonta ,Animals,Vert,Amphibia,Amphibia.Reptile,Amphibia.Reptile,Amphibia.Reptile,Amphibia.Reptile,Amphibia,Anura,Anura,Pipidae,OtherAR,NA,NA,NA,NA,gonochorous,H,NA,1440.4,NA,1440.4,1440.4,20,10,NA,2886,n,1668,0.5,10,NA,NA,NA,1.15801166342683,n,NA,NA,NA,NA,NA,NA,NA,NA,NA,NA,NA,NA,NA,NA
479,Amores,2014,n,Xiphophorus_maculatus,416852,416851,y,Xiphophorus_maculatus,ott416852,ott416851,Aquatic,n,n,Eukaryota,Opisthokonta ,Animals,Vert,Fishes,Fishes,Fishes,Fishes,Fishes,Actinopterygii,Cyprinodontiformes,Cyprinodontiformes,Poeciliidae,Poeciliidae,NA,NA,NA,NA,gonochorous,XY,MH,729.664,0.99,885.09,885.09,48,24,267,16114,n,1328.3,NA,24,NA,NA,NA,1.50075133602233,n,NA,NA,NA,NA,NA,NA,NA,NA,NA,NA,NA,NA,NA,NA
480,Corbet-Detig,2015,y,Zea_mays,605194,605186,y,Zea_mays,ott605194,ott605186,Terrestrial,n,n,Eukaryota,Archaeplastida,Plants,Monocots,Angiosperms,Commelinid,Commelinid,Commelinid,Monocots,Monocots,Poales,Poales,Poaceae,Poaceae,NA,NA,NA,NA,monoecious,NA,NA,2067.62,2.7299591002045,2669.9,2669.9,20,10,NA,1012,n,1399.3,1.38270750988142,NA,NA,0.691854109712248,0.67,0.52410202629312,NA,NA,NA,10,18,Domesticated,graminoid,broadleaved,NA,C4,non-woody,simple,NA,NA,NA
481,Zhou,2016,n,Zea_mays,605194,605186,y,Zea_mays,ott605194,ott605186,Terrestrial,n,n,Eukaryota,Archaeplastida,Plants,Monocots,Angiosperms,Commelinid,Commelinid,Commelinid,Monocots,Monocots,Poales,Poales,Poaceae,Poaceae,NA,NA,NA,NA,monoecious,NA,NA,2067.62,2.7299591002045,2669.9,2669.9,20,10,314,4183,n,1545.65,0.37,10,NA,0.67,0.67,0.578916813363796,NA,NA,NA,10,18,Domesticated,graminoid,broadleaved,NA,C4,non-woody,simple,NA,NA,NA
482,Mano,2012,n,Zea_nicaraguensis,908705,605186,y,Zea_nicaraguensis,ott908705,ott605186,Terrestrial,n,n,Eukaryota,Archaeplastida,Plants,Monocots,Angiosperms,Commelinid,Commelinid,Commelinid,Monocots,Monocots,Poales,Poales,Poaceae,Poaceae,NA,NA,NA,NA,NA,NA,NA,NA,NA,NA,NA,20,10,NA,236,n,793.5,NA,10,NA,NA,NA,#VALUE!,NA,NA,NA,NA,NA,NA,NA,NA,NA,NA,NA,NA,NA,NA,NA
483,Zhang,2016,n,Ziziphus_jujuba,73483,359799,y,Ziziphus_jujuba,ott73483,ott359799,Terrestrial,n,n,Eukaryota,Archaeplastida,Plants,Eudicots,Angiosperms,Superrosids,Superrosids,Fabids,Eudicots,Eudicots,Rosales,Rosales,Rhamnaceae,OtherEudicots,NA,NA,NA,NA,NA,NA,NA,437.754,NA,437.754,437.754,24,12,145,2540,n,1456.53,0.88,12,NA,NA,NA,3.32727970503982,NA,NA,NA,NA,NA,NA,shrub/tree,broadleaved,deciduous,C3,woody,simple,NA,NA,NA
484,Wang,2015,n,Zoysia_japonica,586007,205634,y,Zoysia_japonica,ott586007,ott205634,Terrestrial,n,n,Eukaryota,Archaeplastida,Plants,Monocots,Angiosperms,Commelinid,Commelinid,Commelinid,Monocots,Monocots,Poales,Poales,Poaceae,Poaceae,NA,NA,NA,NA,NA,NA,NA,334.384,NA,420.54,420.54,40,20,60,2408,n,1337.2,0.6,21,NA,NA,NA,3.17972131069577,NA,NA,NA,NA,NA,NA,graminoid,broadleaved,NA,C4,non-woody,simple,NA,NA,NA
485,Huang,2016,n,Zoysia_matrella,205630,205634,y,Zoysia_matrella,ott205630,ott205634,Terrestrial,n,n,Eukaryota,Archaeplastida,Plants,Monocots,Angiosperms,Commelinid,Commelinid,Commelinid,Monocots,Monocots,Poales,Poales,Poaceae,Poaceae,NA,NA,NA,NA,NA,NA,NA,563.439,NA,563.439,563.439,40,20,NA,2563,n,1824.95,0.52,20,NA,NA,NA,3.23894867057481,NA,NA,NA,NA,NA,NA,graminoid,broadleaved,NA,C4,non-woody,simple,NA,NA,NA
486,Lendenmann,2014,n,Zymoseptoria_tritici,906425,754738,y,Zymoseptoria_tritici,ott906425,ott754738,Plants,y,n,Eukaryota,Opisthokonta ,Fungi,Fungi,Ascomycota,Fungi,Fungi,Fungi,Fungi,Dothideomycetes,Capnodiales,OtherFungi,Mycosphaerellaceae,OtherAsco.,NA,NA,NA,NA,NA,H,NA,39.6863,NA,39.6863,39.6863,42,21,263,9745,n,4255.4,0.44,21,NA,NA,NA,107.22591927189,NA,NA,NA,NA,NA,NA,NA,NA,NA,NA,NA,NA,NA,NA,NA
